--
-- PostgreSQL database dump
--

SET statement_timeout = 0;
SET lock_timeout = 0;
SET client_encoding = 'UTF8';
SET standard_conforming_strings = on;
SET check_function_bodies = false;
SET client_min_messages = warning;

--
-- Name: plpgsql; Type: EXTENSION; Schema: -; Owner: 
--

CREATE EXTENSION IF NOT EXISTS plpgsql WITH SCHEMA pg_catalog;


--
-- Name: EXTENSION plpgsql; Type: COMMENT; Schema: -; Owner: 
--

COMMENT ON EXTENSION plpgsql IS 'PL/pgSQL procedural language';


SET search_path = public, pg_catalog;

SET default_tablespace = '';

SET default_with_oids = false;

--
-- Name: account_group; Type: TABLE; Schema: public; Owner: postgres; Tablespace: 
--

CREATE TABLE account_group (
    id integer NOT NULL,
    account_id character varying(254),
    group_id integer NOT NULL,
    created_at timestamp(6) with time zone,
    updated_at timestamp(6) with time zone,
    employee_id bigint NOT NULL
);


ALTER TABLE account_group OWNER TO postgres;

--
-- Name: account_group_id_seq; Type: SEQUENCE; Schema: public; Owner: postgres
--

CREATE SEQUENCE account_group_id_seq
    START WITH 9
    INCREMENT BY 1
    NO MINVALUE
    NO MAXVALUE
    CACHE 1;


ALTER TABLE account_group_id_seq OWNER TO postgres;

--
-- Name: account_group_id_seq; Type: SEQUENCE OWNED BY; Schema: public; Owner: postgres
--

ALTER SEQUENCE account_group_id_seq OWNED BY account_group.id;


--
-- Name: account_infos; Type: TABLE; Schema: public; Owner: postgres; Tablespace: 
--

CREATE TABLE account_infos (
    id integer NOT NULL,
    uid character varying NOT NULL,
    created_at timestamp(6) without time zone NOT NULL,
    early_access boolean DEFAULT false NOT NULL,
    pro_features boolean DEFAULT false NOT NULL,
    workbench_id bigint,
    lang character varying(255),
    nickname character varying(255),
    country character varying(255),
    phone character varying(255)
);


ALTER TABLE account_infos OWNER TO postgres;

--
-- Name: account_infos_id_seq; Type: SEQUENCE; Schema: public; Owner: postgres
--

CREATE SEQUENCE account_infos_id_seq
    START WITH 16
    INCREMENT BY 1
    NO MINVALUE
    NO MAXVALUE
    CACHE 1;


ALTER TABLE account_infos_id_seq OWNER TO postgres;

--
-- Name: account_infos_id_seq; Type: SEQUENCE OWNED BY; Schema: public; Owner: postgres
--

ALTER SEQUENCE account_infos_id_seq OWNED BY account_infos.id;


--
-- Name: account_loggers; Type: TABLE; Schema: public; Owner: postgres; Tablespace: 
--

CREATE TABLE account_loggers (
    id integer NOT NULL,
    ip character varying(254) NOT NULL,
    user_agent character varying(254) NOT NULL,
    email character varying(254),
    date timestamp(6) with time zone NOT NULL
);


ALTER TABLE account_loggers OWNER TO postgres;

--
-- Name: account_loggers_id_seq; Type: SEQUENCE; Schema: public; Owner: postgres
--

CREATE SEQUENCE account_loggers_id_seq
    START WITH 796
    INCREMENT BY 1
    NO MINVALUE
    NO MAXVALUE
    CACHE 1;


ALTER TABLE account_loggers_id_seq OWNER TO postgres;

--
-- Name: account_loggers_id_seq; Type: SEQUENCE OWNED BY; Schema: public; Owner: postgres
--

ALTER SEQUENCE account_loggers_id_seq OWNED BY account_loggers.id;


--
-- Name: account_plan_history_id_seq; Type: SEQUENCE; Schema: public; Owner: postgres
--

CREATE SEQUENCE account_plan_history_id_seq
    START WITH 1
    INCREMENT BY 1
    NO MINVALUE
    NO MAXVALUE
    CACHE 1;


ALTER TABLE account_plan_history_id_seq OWNER TO postgres;

--
-- Name: account_plan_history; Type: TABLE; Schema: public; Owner: postgres; Tablespace: 
--

CREATE TABLE account_plan_history (
    id integer DEFAULT nextval('account_plan_history_id_seq'::regclass) NOT NULL,
    account_plan_id integer NOT NULL,
    limit_diff integer NOT NULL,
    plan_diff integer NOT NULL,
    bill_id integer NOT NULL
);


ALTER TABLE account_plan_history OWNER TO postgres;

--
-- Name: account_plans; Type: TABLE; Schema: public; Owner: postgres; Tablespace: 
--

CREATE TABLE account_plans (
    id integer NOT NULL,
    business_id integer NOT NULL,
    master_acc character varying(254) NOT NULL,
    plan_id integer NOT NULL,
    expired_at timestamp(6) with time zone NOT NULL,
    active boolean NOT NULL,
    "limit" integer NOT NULL
);


ALTER TABLE account_plans OWNER TO postgres;

--
-- Name: account_plans_id_seq; Type: SEQUENCE; Schema: public; Owner: postgres
--

CREATE SEQUENCE account_plans_id_seq
    START WITH 27
    INCREMENT BY 1
    NO MINVALUE
    NO MAXVALUE
    CACHE 1;


ALTER TABLE account_plans_id_seq OWNER TO postgres;

--
-- Name: account_plans_id_seq; Type: SEQUENCE OWNED BY; Schema: public; Owner: postgres
--

ALTER SEQUENCE account_plans_id_seq OWNED BY account_plans.id;


--
-- Name: accounts; Type: TABLE; Schema: public; Owner: postgres; Tablespace: 
--

CREATE TABLE accounts (
    "providerId" character varying(254) NOT NULL,
    "userId" character varying(254) NOT NULL,
    "firstName" character varying(254),
    "lastName" character varying(254),
    "fullName" character varying(254),
    email character varying(254),
    "avatarUrl" character varying(254),
    "authMethod" character varying(254) NOT NULL,
    token character varying(254),
    secret character varying(254),
    "accessToken" character varying(254),
    "tokenType" character varying(254),
    "expiresIn" integer,
    "refreshToken" character varying(254),
    hasher character varying(254) NOT NULL,
    password character varying(254) NOT NULL,
    salt character varying(254),
    lang character varying(254) NOT NULL,
    country character varying(254),
    phone character varying(254),
    nickname character varying(254),
    created_at timestamp(6) with time zone
);


ALTER TABLE accounts OWNER TO postgres;

--
-- Name: action_act_results; Type: TABLE; Schema: public; Owner: postgres; Tablespace: 
--

CREATE TABLE action_act_results (
    id bigint NOT NULL,
    "in" boolean NOT NULL,
    "out" boolean NOT NULL,
    base boolean NOT NULL,
    content character varying NOT NULL,
    act_id bigint NOT NULL,
    created_at timestamp without time zone,
    updated_at timestamp without time zone
);


ALTER TABLE action_act_results OWNER TO postgres;

--
-- Name: action_act_results_id_seq; Type: SEQUENCE; Schema: public; Owner: postgres
--

CREATE SEQUENCE action_act_results_id_seq
    START WITH 1
    INCREMENT BY 1
    NO MINVALUE
    NO MAXVALUE
    CACHE 1;


ALTER TABLE action_act_results_id_seq OWNER TO postgres;

--
-- Name: action_act_results_id_seq; Type: SEQUENCE OWNED BY; Schema: public; Owner: postgres
--

ALTER SEQUENCE action_act_results_id_seq OWNED BY action_act_results.id;


--
-- Name: action_acts; Type: TABLE; Schema: public; Owner: postgres; Tablespace: 
--

CREATE TABLE action_acts (
    id bigint NOT NULL,
    uid character varying NOT NULL,
    session_id integer NOT NULL,
    reaction integer NOT NULL,
    created_at timestamp without time zone,
    updated_at timestamp without time zone
);


ALTER TABLE action_acts OWNER TO postgres;

--
-- Name: action_acts_id_seq; Type: SEQUENCE; Schema: public; Owner: postgres
--

CREATE SEQUENCE action_acts_id_seq
    START WITH 1
    INCREMENT BY 1
    NO MINVALUE
    NO MAXVALUE
    CACHE 1;


ALTER TABLE action_acts_id_seq OWNER TO postgres;

--
-- Name: action_acts_id_seq; Type: SEQUENCE OWNED BY; Schema: public; Owner: postgres
--

ALTER SEQUENCE action_acts_id_seq OWNED BY action_acts.id;


--
-- Name: action_statuses; Type: TABLE; Schema: public; Owner: postgres; Tablespace: 
--

CREATE TABLE action_statuses (
    id bigint NOT NULL,
    content character varying NOT NULL,
    act_id bigint NOT NULL,
    created_at timestamp without time zone,
    updated_at timestamp without time zone
);


ALTER TABLE action_statuses OWNER TO postgres;

--
-- Name: billing_infos; Type: TABLE; Schema: public; Owner: postgres; Tablespace: 
--

CREATE TABLE billing_infos (
    id integer NOT NULL,
    business_id integer NOT NULL,
    firstname character varying(254) NOT NULL,
    lastname character varying(254) NOT NULL,
    address character varying(254) NOT NULL,
    zipcode character varying(254) NOT NULL,
    created_at timestamp(6) with time zone NOT NULL,
    updated_at timestamp(6) with time zone NOT NULL
);


ALTER TABLE billing_infos OWNER TO postgres;

--
-- Name: billing_infos_id_seq; Type: SEQUENCE; Schema: public; Owner: postgres
--

CREATE SEQUENCE billing_infos_id_seq
    START WITH 1
    INCREMENT BY 1
    NO MINVALUE
    NO MAXVALUE
    CACHE 1;


ALTER TABLE billing_infos_id_seq OWNER TO postgres;

--
-- Name: billing_infos_id_seq; Type: SEQUENCE OWNED BY; Schema: public; Owner: postgres
--

ALTER SEQUENCE billing_infos_id_seq OWNED BY billing_infos.id;


--
-- Name: bills; Type: TABLE; Schema: public; Owner: postgres; Tablespace: 
--

CREATE TABLE bills (
    id integer NOT NULL,
    title character varying(254) NOT NULL,
    master_acc character varying(254) NOT NULL,
    assigned timestamp(6) with time zone NOT NULL,
    approved boolean NOT NULL,
    expired timestamp(6) with time zone NOT NULL,
    sum numeric(21,2) NOT NULL,
    workbench_id bigint NOT NULL
);


ALTER TABLE bills OWNER TO postgres;

--
-- Name: bills_id_seq; Type: SEQUENCE; Schema: public; Owner: postgres
--

CREATE SEQUENCE bills_id_seq
    START WITH 1
    INCREMENT BY 1
    NO MINVALUE
    NO MAXVALUE
    CACHE 1;


ALTER TABLE bills_id_seq OWNER TO postgres;

--
-- Name: bills_id_seq; Type: SEQUENCE OWNED BY; Schema: public; Owner: postgres
--

ALTER SEQUENCE bills_id_seq OWNED BY bills.id;


--
-- Name: bploggers; Type: TABLE; Schema: public; Owner: postgres; Tablespace: 
--

CREATE TABLE bploggers (
    id integer NOT NULL,
    process_id integer NOT NULL,
    proc_element_id integer,
    space_element_id integer,
    "order" integer NOT NULL,
    space_id integer,
    station_id integer NOT NULL,
    invoked boolean NOT NULL,
    expanded boolean NOT NULL,
    container boolean NOT NULL,
    date timestamp(6) with time zone NOT NULL,
    step integer NOT NULL
);


ALTER TABLE bploggers OWNER TO postgres;

--
-- Name: bploggers_id_seq; Type: SEQUENCE; Schema: public; Owner: postgres
--

CREATE SEQUENCE bploggers_id_seq
    START WITH 1139
    INCREMENT BY 1
    NO MINVALUE
    NO MAXVALUE
    CACHE 1;


ALTER TABLE bploggers_id_seq OWNER TO postgres;

--
-- Name: bploggers_id_seq; Type: SEQUENCE OWNED BY; Schema: public; Owner: postgres
--

ALTER SEQUENCE bploggers_id_seq OWNED BY bploggers.id;


--
-- Name: bprocesses; Type: TABLE; Schema: public; Owner: postgres; Tablespace: 
--

CREATE TABLE bprocesses (
    id integer NOT NULL,
    title character varying(254) NOT NULL,
    service_id integer NOT NULL,
    business_id integer NOT NULL,
    created_at timestamp(6) with time zone,
    updated_at timestamp(6) with time zone,
    version bigint DEFAULT 1 NOT NULL,
    state_machine_type character varying(40) DEFAULT 'base'::character varying NOT NULL
);


ALTER TABLE bprocesses OWNER TO postgres;

--
-- Name: bprocesses_id_seq; Type: SEQUENCE; Schema: public; Owner: postgres
--

CREATE SEQUENCE bprocesses_id_seq
    START WITH 71
    INCREMENT BY 1
    NO MINVALUE
    NO MAXVALUE
    CACHE 1;


ALTER TABLE bprocesses_id_seq OWNER TO postgres;

--
-- Name: bprocesses_id_seq; Type: SEQUENCE OWNED BY; Schema: public; Owner: postgres
--

ALTER SEQUENCE bprocesses_id_seq OWNED BY bprocesses.id;


--
-- Name: bpsessions; Type: TABLE; Schema: public; Owner: postgres; Tablespace: 
--

CREATE TABLE bpsessions (
    id integer NOT NULL,
    process_id integer NOT NULL,
    created_at timestamp(6) with time zone,
    updated_at timestamp(6) with time zone,
    active_listed boolean DEFAULT false NOT NULL
);


ALTER TABLE bpsessions OWNER TO postgres;

--
-- Name: bpsessions_id_seq; Type: SEQUENCE; Schema: public; Owner: postgres
--

CREATE SEQUENCE bpsessions_id_seq
    START WITH 152
    INCREMENT BY 1
    NO MINVALUE
    NO MAXVALUE
    CACHE 1;


ALTER TABLE bpsessions_id_seq OWNER TO postgres;

--
-- Name: bpsessions_id_seq; Type: SEQUENCE OWNED BY; Schema: public; Owner: postgres
--

ALTER SEQUENCE bpsessions_id_seq OWNED BY bpsessions.id;


--
-- Name: bpspaces; Type: TABLE; Schema: public; Owner: postgres; Tablespace: 
--

CREATE TABLE bpspaces (
    id integer NOT NULL,
    process_id integer NOT NULL,
    index integer NOT NULL,
    container boolean DEFAULT false NOT NULL,
    subbrick boolean DEFAULT false NOT NULL,
    brick_front_id integer,
    brick_nested_id integer,
    nesting_level integer NOT NULL,
    created_at timestamp(6) with time zone,
    updated_at timestamp(6) with time zone
);


ALTER TABLE bpspaces OWNER TO postgres;

--
-- Name: bpspaces_id_seq; Type: SEQUENCE; Schema: public; Owner: postgres
--

CREATE SEQUENCE bpspaces_id_seq
    START WITH 87
    INCREMENT BY 1
    NO MINVALUE
    NO MAXVALUE
    CACHE 1;


ALTER TABLE bpspaces_id_seq OWNER TO postgres;

--
-- Name: bpspaces_id_seq; Type: SEQUENCE OWNED BY; Schema: public; Owner: postgres
--

ALTER SEQUENCE bpspaces_id_seq OWNED BY bpspaces.id;


--
-- Name: bpstaterefs; Type: TABLE; Schema: public; Owner: postgres; Tablespace: 
--

CREATE TABLE bpstaterefs (
    id integer NOT NULL,
    bprocess_id integer NOT NULL,
    switch_type character varying(254) NOT NULL,
    priority integer DEFAULT 2 NOT NULL,
    state_id integer NOT NULL,
    session_state integer,
    created_at timestamp(6) with time zone,
    updated_at timestamp(6) with time zone
);


ALTER TABLE bpstaterefs OWNER TO postgres;

--
-- Name: bpstaterefs_id_seq; Type: SEQUENCE; Schema: public; Owner: postgres
--

CREATE SEQUENCE bpstaterefs_id_seq
    START WITH 1
    INCREMENT BY 1
    NO MINVALUE
    NO MAXVALUE
    CACHE 1;


ALTER TABLE bpstaterefs_id_seq OWNER TO postgres;

--
-- Name: bpstaterefs_id_seq; Type: SEQUENCE OWNED BY; Schema: public; Owner: postgres
--

ALTER SEQUENCE bpstaterefs_id_seq OWNED BY bpstaterefs.id;


--
-- Name: bpstates; Type: TABLE; Schema: public; Owner: postgres; Tablespace: 
--

CREATE TABLE bpstates (
    id integer NOT NULL,
    process_id integer NOT NULL,
    title character varying(254) NOT NULL,
    neutral character varying(254) NOT NULL,
    is_process_state boolean DEFAULT false NOT NULL,
    front_elem_id integer,
    space_elem_id integer,
    created_at timestamp(6) with time zone,
    updated_at timestamp(6) with time zone,
    lang character varying(254) DEFAULT 'en'::character varying NOT NULL,
    space_id integer,
    "on" boolean DEFAULT false NOT NULL,
    on_rate integer DEFAULT 0 NOT NULL,
    middle character varying(254) DEFAULT ''::character varying,
    middleable boolean DEFAULT false,
    oposite character varying(254) DEFAULT ''::character varying NOT NULL,
    opositable boolean DEFAULT false NOT NULL
);


ALTER TABLE bpstates OWNER TO postgres;

--
-- Name: bpstates_id_seq; Type: SEQUENCE; Schema: public; Owner: postgres
--

CREATE SEQUENCE bpstates_id_seq
    START WITH 346
    INCREMENT BY 1
    NO MINVALUE
    NO MAXVALUE
    CACHE 1;


ALTER TABLE bpstates_id_seq OWNER TO postgres;

--
-- Name: bpstates_id_seq; Type: SEQUENCE OWNED BY; Schema: public; Owner: postgres
--

ALTER SEQUENCE bpstates_id_seq OWNED BY bpstates.id;


--
-- Name: bpstation_loggers; Type: TABLE; Schema: public; Owner: postgres; Tablespace: 
--

CREATE TABLE bpstation_loggers (
    id integer NOT NULL,
    station_id integer NOT NULL,
    process_id integer NOT NULL,
    sygnal character varying(254) NOT NULL,
    date timestamp(6) with time zone NOT NULL,
    state boolean NOT NULL,
    step integer NOT NULL,
    space integer NOT NULL,
    container_step integer[] NOT NULL,
    expand_step integer[] NOT NULL,
    spaces_ids integer[] NOT NULL,
    started boolean NOT NULL,
    finished boolean NOT NULL,
    inspace boolean NOT NULL,
    incontainer boolean NOT NULL,
    inexpands boolean NOT NULL,
    paused boolean NOT NULL
);


ALTER TABLE bpstation_loggers OWNER TO postgres;

--
-- Name: bpstation_loggers_id_seq; Type: SEQUENCE; Schema: public; Owner: postgres
--

CREATE SEQUENCE bpstation_loggers_id_seq
    START WITH 3150
    INCREMENT BY 1
    NO MINVALUE
    NO MAXVALUE
    CACHE 1;


ALTER TABLE bpstation_loggers_id_seq OWNER TO postgres;

--
-- Name: bpstation_loggers_id_seq; Type: SEQUENCE OWNED BY; Schema: public; Owner: postgres
--

ALTER SEQUENCE bpstation_loggers_id_seq OWNED BY bpstation_loggers.id;


--
-- Name: bpstations; Type: TABLE; Schema: public; Owner: postgres; Tablespace: 
--

CREATE TABLE bpstations (
    id integer NOT NULL,
    process_id integer NOT NULL,
    state boolean NOT NULL,
    step integer NOT NULL,
    space integer NOT NULL,
    container_step integer[] NOT NULL,
    expand_step integer[] NOT NULL,
    spaces_ids integer[] NOT NULL,
    started boolean NOT NULL,
    finished boolean NOT NULL,
    inspace boolean NOT NULL,
    incontainer boolean NOT NULL,
    inexpands boolean NOT NULL,
    paused boolean NOT NULL,
    note character varying(254),
    created_at timestamp(6) with time zone,
    updated_at timestamp(6) with time zone,
    canceled boolean DEFAULT false NOT NULL,
    session_id integer NOT NULL,
    front boolean
);


ALTER TABLE bpstations OWNER TO postgres;

--
-- Name: bpstations_id_seq; Type: SEQUENCE; Schema: public; Owner: postgres
--

CREATE SEQUENCE bpstations_id_seq
    START WITH 274
    INCREMENT BY 1
    NO MINVALUE
    NO MAXVALUE
    CACHE 1;


ALTER TABLE bpstations_id_seq OWNER TO postgres;

--
-- Name: bpstations_id_seq; Type: SEQUENCE OWNED BY; Schema: public; Owner: postgres
--

ALTER SEQUENCE bpstations_id_seq OWNED BY bpstations.id;


--
-- Name: bpswitchers; Type: TABLE; Schema: public; Owner: postgres; Tablespace: 
--

CREATE TABLE bpswitchers (
    id integer NOT NULL,
    bprocess_id integer NOT NULL,
    switch_type character varying(254) NOT NULL,
    priority integer DEFAULT 2 NOT NULL,
    state_id integer NOT NULL,
    session_state integer,
    fn character varying(254) NOT NULL,
    target character varying(254) NOT NULL,
    created_at timestamp(6) with time zone,
    updated_at timestamp(6) with time zone,
    override_group integer DEFAULT 0 NOT NULL
);


ALTER TABLE bpswitchers OWNER TO postgres;

--
-- Name: bpswitchers_id_seq; Type: SEQUENCE; Schema: public; Owner: postgres
--

CREATE SEQUENCE bpswitchers_id_seq
    START WITH 190
    INCREMENT BY 1
    NO MINVALUE
    NO MAXVALUE
    CACHE 1;


ALTER TABLE bpswitchers_id_seq OWNER TO postgres;

--
-- Name: bpswitchers_id_seq; Type: SEQUENCE OWNED BY; Schema: public; Owner: postgres
--

ALTER SEQUENCE bpswitchers_id_seq OWNED BY bpswitchers.id;


--
-- Name: business_services; Type: TABLE; Schema: public; Owner: postgres; Tablespace: 
--

CREATE TABLE business_services (
    id integer NOT NULL,
    title character varying(254) NOT NULL,
    business_id integer NOT NULL,
    master_acc character varying(254) NOT NULL
);


ALTER TABLE business_services OWNER TO postgres;

--
-- Name: business_services_id_seq; Type: SEQUENCE; Schema: public; Owner: postgres
--

CREATE SEQUENCE business_services_id_seq
    START WITH 46
    INCREMENT BY 1
    NO MINVALUE
    NO MAXVALUE
    CACHE 1;


ALTER TABLE business_services_id_seq OWNER TO postgres;

--
-- Name: business_services_id_seq; Type: SEQUENCE OWNED BY; Schema: public; Owner: postgres
--

ALTER SEQUENCE business_services_id_seq OWNED BY business_services.id;


--
-- Name: businesses; Type: TABLE; Schema: public; Owner: postgres; Tablespace: 
--

CREATE TABLE businesses (
    id integer NOT NULL,
    title character varying(254) NOT NULL,
    phone character varying(254),
    website character varying(254),
    country character varying(254) NOT NULL,
    city character varying(254) NOT NULL,
    address character varying(254),
    walkthrough boolean NOT NULL,
    created_at timestamp(6) with time zone,
    updated_at timestamp(6) with time zone,
    nickname character varying(254),
    org boolean DEFAULT false
);


ALTER TABLE businesses OWNER TO postgres;

--
-- Name: businesses_id_seq; Type: SEQUENCE; Schema: public; Owner: postgres
--

CREATE SEQUENCE businesses_id_seq
    START WITH 28
    INCREMENT BY 1
    NO MINVALUE
    NO MAXVALUE
    CACHE 1;


ALTER TABLE businesses_id_seq OWNER TO postgres;

--
-- Name: businesses_id_seq; Type: SEQUENCE OWNED BY; Schema: public; Owner: postgres
--

ALTER SEQUENCE businesses_id_seq OWNED BY businesses.id;


--
-- Name: cached_removed_resources; Type: TABLE; Schema: public; Owner: postgres; Tablespace: 
--

CREATE TABLE cached_removed_resources (
    id integer NOT NULL,
    scope character varying NOT NULL,
    scope_type character varying NOT NULL,
    action character varying NOT NULL,
    what character varying NOT NULL,
    what_id character varying NOT NULL,
    date timestamp(6) without time zone NOT NULL,
    "updatedAttributes" character varying NOT NULL
);


ALTER TABLE cached_removed_resources OWNER TO postgres;

--
-- Name: cached_removed_resources_id_seq; Type: SEQUENCE; Schema: public; Owner: postgres
--

CREATE SEQUENCE cached_removed_resources_id_seq
    START WITH 1
    INCREMENT BY 1
    NO MINVALUE
    NO MAXVALUE
    CACHE 1;


ALTER TABLE cached_removed_resources_id_seq OWNER TO postgres;

--
-- Name: cached_removed_resources_id_seq; Type: SEQUENCE OWNED BY; Schema: public; Owner: postgres
--

ALTER SEQUENCE cached_removed_resources_id_seq OWNED BY cached_removed_resources.id;


--
-- Name: client_observers; Type: TABLE; Schema: public; Owner: postgres; Tablespace: 
--

CREATE TABLE client_observers (
    id integer NOT NULL,
    uid character varying(254) NOT NULL
);


ALTER TABLE client_observers OWNER TO postgres;

--
-- Name: client_observers_id_seq; Type: SEQUENCE; Schema: public; Owner: postgres
--

CREATE SEQUENCE client_observers_id_seq
    START WITH 1
    INCREMENT BY 1
    NO MINVALUE
    NO MAXVALUE
    CACHE 1;


ALTER TABLE client_observers_id_seq OWNER TO postgres;

--
-- Name: client_observers_id_seq; Type: SEQUENCE OWNED BY; Schema: public; Owner: postgres
--

ALTER SEQUENCE client_observers_id_seq OWNED BY client_observers.id;


--
-- Name: comments; Type: TABLE; Schema: public; Owner: postgres; Tablespace: 
--

CREATE TABLE comments (
    id bigint NOT NULL,
    author character varying NOT NULL,
    body character varying NOT NULL,
    created_at timestamp without time zone,
    updated_at timestamp without time zone
);


ALTER TABLE comments OWNER TO postgres;

--
-- Name: comments_id_seq; Type: SEQUENCE; Schema: public; Owner: postgres
--

CREATE SEQUENCE comments_id_seq
    START WITH 1
    INCREMENT BY 1
    NO MINVALUE
    NO MAXVALUE
    CACHE 1;


ALTER TABLE comments_id_seq OWNER TO postgres;

--
-- Name: comments_id_seq; Type: SEQUENCE OWNED BY; Schema: public; Owner: postgres
--

ALTER SEQUENCE comments_id_seq OWNED BY comments.id;


--
-- Name: elem_topologs; Type: TABLE; Schema: public; Owner: postgres; Tablespace: 
--

CREATE TABLE elem_topologs (
    id integer NOT NULL,
    process_id integer NOT NULL,
    front_elem_id integer,
    space_elem_id integer,
    hash character varying(254) NOT NULL,
    created_at timestamp(6) with time zone,
    updated_at timestamp(6) with time zone,
    space_id integer
);


ALTER TABLE elem_topologs OWNER TO postgres;

--
-- Name: elem_topologs_id_seq; Type: SEQUENCE; Schema: public; Owner: postgres
--

CREATE SEQUENCE elem_topologs_id_seq
    START WITH 134
    INCREMENT BY 1
    NO MINVALUE
    NO MAXVALUE
    CACHE 1;


ALTER TABLE elem_topologs_id_seq OWNER TO postgres;

--
-- Name: elem_topologs_id_seq; Type: SEQUENCE OWNED BY; Schema: public; Owner: postgres
--

ALTER SEQUENCE elem_topologs_id_seq OWNED BY elem_topologs.id;


--
-- Name: element_resources; Type: TABLE; Schema: public; Owner: postgres; Tablespace: 
--

CREATE TABLE element_resources (
    id integer NOT NULL,
    element_id integer NOT NULL,
    process_id integer NOT NULL,
    resource_id integer NOT NULL,
    entities character varying DEFAULT ''::character varying NOT NULL,
    created_at timestamp with time zone,
    updated_at timestamp with time zone
);


ALTER TABLE element_resources OWNER TO postgres;

--
-- Name: element_resources_id_seq; Type: SEQUENCE; Schema: public; Owner: postgres
--

CREATE SEQUENCE element_resources_id_seq
    START WITH 1
    INCREMENT BY 1
    NO MINVALUE
    NO MAXVALUE
    CACHE 1;


ALTER TABLE element_resources_id_seq OWNER TO postgres;

--
-- Name: element_resources_id_seq; Type: SEQUENCE OWNED BY; Schema: public; Owner: postgres
--

ALTER SEQUENCE element_resources_id_seq OWNED BY element_resources.id;


--
-- Name: employees; Type: TABLE; Schema: public; Owner: postgres; Tablespace: 
--

CREATE TABLE employees (
    id bigint NOT NULL,
    uid character varying(254) NOT NULL,
    master_acc character varying(254) NOT NULL,
    "position" character varying(254),
    manager boolean NOT NULL,
    workbench_id bigint DEFAULT 0 NOT NULL
);


ALTER TABLE employees OWNER TO postgres;

--
-- Name: employees_businesses; Type: TABLE; Schema: public; Owner: postgres; Tablespace: 
--

CREATE TABLE employees_businesses (
    employee_id integer NOT NULL,
    business_id integer NOT NULL
);


ALTER TABLE employees_businesses OWNER TO postgres;

--
-- Name: employees_id_seq; Type: SEQUENCE; Schema: public; Owner: postgres
--

CREATE SEQUENCE employees_id_seq
    START WITH 37
    INCREMENT BY 1
    NO MINVALUE
    NO MAXVALUE
    CACHE 1;


ALTER TABLE employees_id_seq OWNER TO postgres;

--
-- Name: employees_id_seq; Type: SEQUENCE OWNED BY; Schema: public; Owner: postgres
--

ALTER SEQUENCE employees_id_seq OWNED BY employees.id;


--
-- Name: files; Type: TABLE; Schema: public; Owner: postgres; Tablespace: 
--

CREATE TABLE files (
    id bigint NOT NULL,
    workbench integer NOT NULL,
    file_name character varying NOT NULL,
    "azureId" character varying NOT NULL,
    description character varying NOT NULL,
    external boolean NOT NULL,
    external_url character varying,
    created_at timestamp without time zone,
    updated_at timestamp without time zone
);


ALTER TABLE files OWNER TO postgres;

--
-- Name: files_id_seq; Type: SEQUENCE; Schema: public; Owner: postgres
--

CREATE SEQUENCE files_id_seq
    START WITH 1
    INCREMENT BY 1
    NO MINVALUE
    NO MAXVALUE
    CACHE 1;


ALTER TABLE files_id_seq OWNER TO postgres;

--
-- Name: files_id_seq; Type: SEQUENCE OWNED BY; Schema: public; Owner: postgres
--

ALTER SEQUENCE files_id_seq OWNED BY files.id;


--
-- Name: groups; Type: TABLE; Schema: public; Owner: postgres; Tablespace: 
--

CREATE TABLE groups (
    id integer NOT NULL,
    title character varying(254) NOT NULL,
    created_at timestamp(6) with time zone,
    updated_at timestamp(6) with time zone NOT NULL,
    business_id integer NOT NULL
);


ALTER TABLE groups OWNER TO postgres;

--
-- Name: groups_id_seq; Type: SEQUENCE; Schema: public; Owner: postgres
--

CREATE SEQUENCE groups_id_seq
    START WITH 24
    INCREMENT BY 1
    NO MINVALUE
    NO MAXVALUE
    CACHE 1;


ALTER TABLE groups_id_seq OWNER TO postgres;

--
-- Name: groups_id_seq; Type: SEQUENCE OWNED BY; Schema: public; Owner: postgres
--

ALTER SEQUENCE groups_id_seq OWNED BY groups.id;


--
-- Name: input_id_seq; Type: SEQUENCE; Schema: public; Owner: postgres
--

CREATE SEQUENCE input_id_seq
    START WITH 264
    INCREMENT BY 1
    NO MINVALUE
    NO MAXVALUE
    CACHE 1;


ALTER TABLE input_id_seq OWNER TO postgres;

--
-- Name: input_loggers; Type: TABLE; Schema: public; Owner: postgres; Tablespace: 
--

CREATE TABLE input_loggers (
    id integer NOT NULL,
    uid character varying(254),
    action character varying(254) NOT NULL,
    arguments text[] NOT NULL,
    reaction_id integer NOT NULL,
    input integer DEFAULT nextval('input_id_seq'::regclass) NOT NULL,
    date timestamp(6) with time zone NOT NULL,
    session_id integer NOT NULL,
    input_id integer DEFAULT nextval('input_id_seq'::regclass)
);


ALTER TABLE input_loggers OWNER TO postgres;

--
-- Name: input_loggers_id_seq; Type: SEQUENCE; Schema: public; Owner: postgres
--

CREATE SEQUENCE input_loggers_id_seq
    START WITH 144
    INCREMENT BY 1
    NO MINVALUE
    NO MAXVALUE
    CACHE 1;


ALTER TABLE input_loggers_id_seq OWNER TO postgres;

--
-- Name: input_loggers_id_seq; Type: SEQUENCE OWNED BY; Schema: public; Owner: postgres
--

ALTER SEQUENCE input_loggers_id_seq OWNED BY input_loggers.id;


--
-- Name: launch_counters; Type: TABLE; Schema: public; Owner: postgres; Tablespace: 
--

CREATE TABLE launch_counters (
    id bigint NOT NULL,
    process_id integer NOT NULL,
    count bigint NOT NULL,
    created_at timestamp without time zone,
    updated_at timestamp without time zone
);


ALTER TABLE launch_counters OWNER TO postgres;

--
-- Name: launch_counters_id_seq; Type: SEQUENCE; Schema: public; Owner: postgres
--

CREATE SEQUENCE launch_counters_id_seq
    START WITH 1
    INCREMENT BY 1
    NO MINVALUE
    NO MAXVALUE
    CACHE 1;


ALTER TABLE launch_counters_id_seq OWNER TO postgres;

--
-- Name: launch_counters_id_seq; Type: SEQUENCE OWNED BY; Schema: public; Owner: postgres
--

ALTER SEQUENCE launch_counters_id_seq OWNED BY launch_counters.id;


--
-- Name: launch_files; Type: TABLE; Schema: public; Owner: postgres; Tablespace: 
--

CREATE TABLE launch_files (
    id bigint NOT NULL,
    file_id bigint NOT NULL,
    launch_id integer NOT NULL,
    element_id integer,
    created_at timestamp without time zone,
    updated_at timestamp without time zone
);


ALTER TABLE launch_files OWNER TO postgres;

--
-- Name: launch_files_id_seq; Type: SEQUENCE; Schema: public; Owner: postgres
--

CREATE SEQUENCE launch_files_id_seq
    START WITH 1
    INCREMENT BY 1
    NO MINVALUE
    NO MAXVALUE
    CACHE 1;


ALTER TABLE launch_files_id_seq OWNER TO postgres;

--
-- Name: launch_files_id_seq; Type: SEQUENCE OWNED BY; Schema: public; Owner: postgres
--

ALTER SEQUENCE launch_files_id_seq OWNED BY launch_files.id;


--
-- Name: launch_middlewares; Type: TABLE; Schema: public; Owner: postgres; Tablespace: 
--

CREATE TABLE launch_middlewares (
    id bigint NOT NULL,
    session_id integer NOT NULL,
    ident character varying NOT NULL,
    iface_ident character varying NOT NULL,
    reaction_id integer NOT NULL,
    created_at timestamp without time zone,
    updated_at timestamp without time zone,
    title character varying(30) DEFAULT ''::character varying NOT NULL
);


ALTER TABLE launch_middlewares OWNER TO postgres;

--
-- Name: launch_middlewares_id_seq; Type: SEQUENCE; Schema: public; Owner: postgres
--

CREATE SEQUENCE launch_middlewares_id_seq
    START WITH 1
    INCREMENT BY 1
    NO MINVALUE
    NO MAXVALUE
    CACHE 1;


ALTER TABLE launch_middlewares_id_seq OWNER TO postgres;

--
-- Name: launch_middlewares_id_seq; Type: SEQUENCE OWNED BY; Schema: public; Owner: postgres
--

ALTER SEQUENCE launch_middlewares_id_seq OWNED BY launch_middlewares.id;


--
-- Name: launch_shares; Type: TABLE; Schema: public; Owner: postgres; Tablespace: 
--

CREATE TABLE launch_shares (
    id bigint NOT NULL,
    title integer NOT NULL,
    price integer NOT NULL,
    description character varying NOT NULL
);


ALTER TABLE launch_shares OWNER TO postgres;

--
-- Name: launch_shares_id_seq; Type: SEQUENCE; Schema: public; Owner: postgres
--

CREATE SEQUENCE launch_shares_id_seq
    START WITH 1
    INCREMENT BY 1
    NO MINVALUE
    NO MAXVALUE
    CACHE 1;


ALTER TABLE launch_shares_id_seq OWNER TO postgres;

--
-- Name: launch_shares_id_seq; Type: SEQUENCE OWNED BY; Schema: public; Owner: postgres
--

ALTER SEQUENCE launch_shares_id_seq OWNED BY launch_shares.id;


--
-- Name: launch_strategies; Type: TABLE; Schema: public; Owner: postgres; Tablespace: 
--

CREATE TABLE launch_strategies (
    id bigint NOT NULL,
    session_id integer NOT NULL,
    ident character varying NOT NULL,
    middleware_id bigint NOT NULL,
    is_null_strategy boolean NOT NULL,
    created_at timestamp without time zone,
    updated_at timestamp without time zone
);


ALTER TABLE launch_strategies OWNER TO postgres;

--
-- Name: launch_strategies_id_seq; Type: SEQUENCE; Schema: public; Owner: postgres
--

CREATE SEQUENCE launch_strategies_id_seq
    START WITH 1
    INCREMENT BY 1
    NO MINVALUE
    NO MAXVALUE
    CACHE 1;


ALTER TABLE launch_strategies_id_seq OWNER TO postgres;

--
-- Name: launch_strategies_id_seq; Type: SEQUENCE OWNED BY; Schema: public; Owner: postgres
--

ALTER SEQUENCE launch_strategies_id_seq OWNED BY launch_strategies.id;


--
-- Name: launch_strategy_bases; Type: TABLE; Schema: public; Owner: postgres; Tablespace: 
--

CREATE TABLE launch_strategy_bases (
    id bigint NOT NULL,
    strategy_id bigint NOT NULL,
    key character varying NOT NULL,
    base_type character varying NOT NULL,
    value_type character varying NOT NULL,
    value_content character varying NOT NULL,
    validation_scheme character varying,
    validation_pattern character varying,
    created_at timestamp without time zone,
    updated_at timestamp without time zone
);


ALTER TABLE launch_strategy_bases OWNER TO postgres;

--
-- Name: launch_strategy_bases_id_seq; Type: SEQUENCE; Schema: public; Owner: postgres
--

CREATE SEQUENCE launch_strategy_bases_id_seq
    START WITH 1
    INCREMENT BY 1
    NO MINVALUE
    NO MAXVALUE
    CACHE 1;


ALTER TABLE launch_strategy_bases_id_seq OWNER TO postgres;

--
-- Name: launch_strategy_bases_id_seq; Type: SEQUENCE OWNED BY; Schema: public; Owner: postgres
--

ALTER SEQUENCE launch_strategy_bases_id_seq OWNED BY launch_strategy_bases.id;


--
-- Name: launch_strategy_inputs; Type: TABLE; Schema: public; Owner: postgres; Tablespace: 
--

CREATE TABLE launch_strategy_inputs (
    id bigint NOT NULL,
    strategy_id bigint NOT NULL,
    op character varying NOT NULL,
    title character varying NOT NULL,
    "desc" character varying,
    ident character varying NOT NULL,
    target_type character varying NOT NULL,
    created_at timestamp without time zone,
    updated_at timestamp without time zone
);


ALTER TABLE launch_strategy_inputs OWNER TO postgres;

--
-- Name: launch_strategy_inputs_id_seq; Type: SEQUENCE; Schema: public; Owner: postgres
--

CREATE SEQUENCE launch_strategy_inputs_id_seq
    START WITH 1
    INCREMENT BY 1
    NO MINVALUE
    NO MAXVALUE
    CACHE 1;


ALTER TABLE launch_strategy_inputs_id_seq OWNER TO postgres;

--
-- Name: launch_strategy_inputs_id_seq; Type: SEQUENCE OWNED BY; Schema: public; Owner: postgres
--

ALTER SEQUENCE launch_strategy_inputs_id_seq OWNED BY launch_strategy_inputs.id;


--
-- Name: launch_strategy_outputs; Type: TABLE; Schema: public; Owner: postgres; Tablespace: 
--

CREATE TABLE launch_strategy_outputs (
    id bigint NOT NULL,
    strategy_id bigint NOT NULL,
    op character varying NOT NULL,
    title character varying NOT NULL,
    "desc" character varying,
    ident character varying NOT NULL,
    target_type character varying NOT NULL,
    created_at timestamp without time zone,
    updated_at timestamp without time zone
);


ALTER TABLE launch_strategy_outputs OWNER TO postgres;

--
-- Name: launch_strategy_outputs_id_seq; Type: SEQUENCE; Schema: public; Owner: postgres
--

CREATE SEQUENCE launch_strategy_outputs_id_seq
    START WITH 1
    INCREMENT BY 1
    NO MINVALUE
    NO MAXVALUE
    CACHE 1;


ALTER TABLE launch_strategy_outputs_id_seq OWNER TO postgres;

--
-- Name: launch_strategy_outputs_id_seq; Type: SEQUENCE OWNED BY; Schema: public; Owner: postgres
--

ALTER SEQUENCE launch_strategy_outputs_id_seq OWNED BY launch_strategy_outputs.id;


--
-- Name: launch_warps; Type: TABLE; Schema: public; Owner: postgres; Tablespace: 
--

CREATE TABLE launch_warps (
    id integer NOT NULL,
    launch_id integer NOT NULL,
    launch_element_id integer,
    board_id character varying NOT NULL,
    created_at timestamp without time zone,
    updated_at timestamp without time zone
);


ALTER TABLE launch_warps OWNER TO postgres;

--
-- Name: launch_warps_id_seq; Type: SEQUENCE; Schema: public; Owner: postgres
--

CREATE SEQUENCE launch_warps_id_seq
    START WITH 1
    INCREMENT BY 1
    NO MINVALUE
    NO MAXVALUE
    CACHE 1;


ALTER TABLE launch_warps_id_seq OWNER TO postgres;

--
-- Name: launch_warps_id_seq; Type: SEQUENCE OWNED BY; Schema: public; Owner: postgres
--

ALTER SEQUENCE launch_warps_id_seq OWNED BY launch_warps.id;


--
-- Name: launches_comments; Type: TABLE; Schema: public; Owner: postgres; Tablespace: 
--

CREATE TABLE launches_comments (
    id bigint NOT NULL,
    comment_id bigint NOT NULL,
    launch_id integer NOT NULL,
    created_at timestamp without time zone,
    updated_at timestamp without time zone
);


ALTER TABLE launches_comments OWNER TO postgres;

--
-- Name: launches_comments_id_seq; Type: SEQUENCE; Schema: public; Owner: postgres
--

CREATE SEQUENCE launches_comments_id_seq
    START WITH 1
    INCREMENT BY 1
    NO MINVALUE
    NO MAXVALUE
    CACHE 1;


ALTER TABLE launches_comments_id_seq OWNER TO postgres;

--
-- Name: launches_comments_id_seq; Type: SEQUENCE OWNED BY; Schema: public; Owner: postgres
--

ALTER SEQUENCE launches_comments_id_seq OWNED BY launches_comments.id;


--
-- Name: logininfo; Type: TABLE; Schema: public; Owner: postgres; Tablespace: 
--

CREATE TABLE logininfo (
    id bigint NOT NULL,
    "providerID" character varying NOT NULL,
    "providerKey" character varying NOT NULL
);


ALTER TABLE logininfo OWNER TO postgres;

--
-- Name: logininfo_id_seq; Type: SEQUENCE; Schema: public; Owner: postgres
--

CREATE SEQUENCE logininfo_id_seq
    START WITH 1
    INCREMENT BY 1
    NO MINVALUE
    NO MAXVALUE
    CACHE 1;


ALTER TABLE logininfo_id_seq OWNER TO postgres;

--
-- Name: logininfo_id_seq; Type: SEQUENCE OWNED BY; Schema: public; Owner: postgres
--

ALTER SEQUENCE logininfo_id_seq OWNED BY logininfo.id;


--
-- Name: middleware_refs; Type: TABLE; Schema: public; Owner: postgres; Tablespace: 
--

CREATE TABLE middleware_refs (
    id bigint NOT NULL,
    title character varying NOT NULL,
    ident character varying NOT NULL,
    iface_ident character varying NOT NULL,
    reflection_id integer NOT NULL,
    reaction_id integer NOT NULL,
    created_at timestamp without time zone,
    updated_at timestamp without time zone
);


ALTER TABLE middleware_refs OWNER TO postgres;

--
-- Name: middleware_refs_id_seq; Type: SEQUENCE; Schema: public; Owner: postgres
--

CREATE SEQUENCE middleware_refs_id_seq
    START WITH 1
    INCREMENT BY 1
    NO MINVALUE
    NO MAXVALUE
    CACHE 1;


ALTER TABLE middleware_refs_id_seq OWNER TO postgres;

--
-- Name: middleware_refs_id_seq; Type: SEQUENCE OWNED BY; Schema: public; Owner: postgres
--

ALTER SEQUENCE middleware_refs_id_seq OWNED BY middleware_refs.id;


--
-- Name: middleware_statuses_id_seq; Type: SEQUENCE; Schema: public; Owner: postgres
--

CREATE SEQUENCE middleware_statuses_id_seq
    START WITH 1
    INCREMENT BY 1
    NO MINVALUE
    NO MAXVALUE
    CACHE 1;


ALTER TABLE middleware_statuses_id_seq OWNER TO postgres;

--
-- Name: middleware_statuses_id_seq; Type: SEQUENCE OWNED BY; Schema: public; Owner: postgres
--

ALTER SEQUENCE middleware_statuses_id_seq OWNED BY action_statuses.id;


--
-- Name: middlewares; Type: TABLE; Schema: public; Owner: postgres; Tablespace: 
--

CREATE TABLE middlewares (
    id bigint NOT NULL,
    ident character varying NOT NULL,
    iface_ident character varying NOT NULL,
    reaction_id integer NOT NULL,
    created_at timestamp without time zone,
    updated_at timestamp without time zone,
    title character varying(30) DEFAULT ''::character varying NOT NULL
);


ALTER TABLE middlewares OWNER TO postgres;

--
-- Name: middlewares_id_seq; Type: SEQUENCE; Schema: public; Owner: postgres
--

CREATE SEQUENCE middlewares_id_seq
    START WITH 1
    INCREMENT BY 1
    NO MINVALUE
    NO MAXVALUE
    CACHE 1;


ALTER TABLE middlewares_id_seq OWNER TO postgres;

--
-- Name: middlewares_id_seq; Type: SEQUENCE OWNED BY; Schema: public; Owner: postgres
--

ALTER SEQUENCE middlewares_id_seq OWNED BY middlewares.id;


--
-- Name: oauth1info; Type: TABLE; Schema: public; Owner: postgres; Tablespace: 
--

CREATE TABLE oauth1info (
    id bigint NOT NULL,
    token character varying NOT NULL,
    secret character varying NOT NULL,
    "loginInfoId" bigint NOT NULL
);


ALTER TABLE oauth1info OWNER TO postgres;

--
-- Name: oauth1info_id_seq; Type: SEQUENCE; Schema: public; Owner: postgres
--

CREATE SEQUENCE oauth1info_id_seq
    START WITH 1
    INCREMENT BY 1
    NO MINVALUE
    NO MAXVALUE
    CACHE 1;


ALTER TABLE oauth1info_id_seq OWNER TO postgres;

--
-- Name: oauth1info_id_seq; Type: SEQUENCE OWNED BY; Schema: public; Owner: postgres
--

ALTER SEQUENCE oauth1info_id_seq OWNED BY oauth1info.id;


--
-- Name: oauth2info; Type: TABLE; Schema: public; Owner: postgres; Tablespace: 
--

CREATE TABLE oauth2info (
    id bigint NOT NULL,
    accesstoken character varying NOT NULL,
    tokentype character varying,
    expiresin integer,
    refreshtoken character varying,
    logininfoid bigint NOT NULL
);


ALTER TABLE oauth2info OWNER TO postgres;

--
-- Name: oauth2info_id_seq; Type: SEQUENCE; Schema: public; Owner: postgres
--

CREATE SEQUENCE oauth2info_id_seq
    START WITH 1
    INCREMENT BY 1
    NO MINVALUE
    NO MAXVALUE
    CACHE 1;


ALTER TABLE oauth2info_id_seq OWNER TO postgres;

--
-- Name: oauth2info_id_seq; Type: SEQUENCE OWNED BY; Schema: public; Owner: postgres
--

ALTER SEQUENCE oauth2info_id_seq OWNED BY oauth2info.id;


--
-- Name: observers; Type: TABLE; Schema: public; Owner: postgres; Tablespace: 
--

CREATE TABLE observers (
    id integer NOT NULL,
    station_id integer NOT NULL,
    bprocess_id integer NOT NULL,
    hash_code character varying(254),
    "fullName" character varying(254) NOT NULL,
    created_at timestamp(6) with time zone
);


ALTER TABLE observers OWNER TO postgres;

--
-- Name: observers_id_seq; Type: SEQUENCE; Schema: public; Owner: postgres
--

CREATE SEQUENCE observers_id_seq
    START WITH 1
    INCREMENT BY 1
    NO MINVALUE
    NO MAXVALUE
    CACHE 1;


ALTER TABLE observers_id_seq OWNER TO postgres;

--
-- Name: observers_id_seq; Type: SEQUENCE OWNED BY; Schema: public; Owner: postgres
--

ALTER SEQUENCE observers_id_seq OWNED BY observers.id;


--
-- Name: openidattributes; Type: TABLE; Schema: public; Owner: postgres; Tablespace: 
--

CREATE TABLE openidattributes (
    id character varying NOT NULL,
    key character varying NOT NULL,
    value character varying NOT NULL
);


ALTER TABLE openidattributes OWNER TO postgres;

--
-- Name: openidinfo; Type: TABLE; Schema: public; Owner: postgres; Tablespace: 
--

CREATE TABLE openidinfo (
    id character varying NOT NULL,
    logininfoid bigint NOT NULL
);


ALTER TABLE openidinfo OWNER TO postgres;

--
-- Name: passwordinfo; Type: TABLE; Schema: public; Owner: postgres; Tablespace: 
--

CREATE TABLE passwordinfo (
    hasher character varying NOT NULL,
    password character varying NOT NULL,
    salt character varying,
    "loginInfoId" bigint NOT NULL
);


ALTER TABLE passwordinfo OWNER TO postgres;

--
-- Name: plans; Type: TABLE; Schema: public; Owner: postgres; Tablespace: 
--

CREATE TABLE plans (
    id integer NOT NULL,
    title character varying(254) NOT NULL,
    price numeric(21,2) NOT NULL,
    description character varying,
    slot_included integer DEFAULT 5 NOT NULL,
    "order" integer DEFAULT 1 NOT NULL,
    hidden boolean DEFAULT false NOT NULL
);


ALTER TABLE plans OWNER TO postgres;

--
-- Name: plans_id_seq; Type: SEQUENCE; Schema: public; Owner: postgres
--

CREATE SEQUENCE plans_id_seq
    START WITH 3
    INCREMENT BY 1
    NO MINVALUE
    NO MAXVALUE
    CACHE 1;


ALTER TABLE plans_id_seq OWNER TO postgres;

--
-- Name: plans_id_seq; Type: SEQUENCE OWNED BY; Schema: public; Owner: postgres
--

ALTER SEQUENCE plans_id_seq OWNED BY plans.id;


--
-- Name: proc_element_reflections; Type: TABLE; Schema: public; Owner: postgres; Tablespace: 
--

CREATE TABLE proc_element_reflections (
    id integer NOT NULL,
    reflection_id integer NOT NULL,
    title character varying(254) NOT NULL,
    "desc" character varying(254) NOT NULL,
    b_type character varying(254) NOT NULL,
    type_title character varying(254) NOT NULL,
    ref_space_id integer,
    "order" integer NOT NULL,
    created_at timestamp(6) with time zone,
    updated_at timestamp(6) with time zone
);


ALTER TABLE proc_element_reflections OWNER TO postgres;

--
-- Name: proc_element_reflections_id_seq; Type: SEQUENCE; Schema: public; Owner: postgres
--

CREATE SEQUENCE proc_element_reflections_id_seq
    START WITH 25
    INCREMENT BY 1
    NO MINVALUE
    NO MAXVALUE
    CACHE 1;


ALTER TABLE proc_element_reflections_id_seq OWNER TO postgres;

--
-- Name: proc_element_reflections_id_seq; Type: SEQUENCE OWNED BY; Schema: public; Owner: postgres
--

ALTER SEQUENCE proc_element_reflections_id_seq OWNED BY proc_element_reflections.id;


--
-- Name: proc_elements; Type: TABLE; Schema: public; Owner: postgres; Tablespace: 
--

CREATE TABLE proc_elements (
    id integer NOT NULL,
    title character varying(254) NOT NULL,
    "desc" character varying(254) NOT NULL,
    business_id integer NOT NULL,
    bprocess_id integer NOT NULL,
    b_type character varying(254) NOT NULL,
    type_title character varying(254) NOT NULL,
    space_id integer,
    "order" integer NOT NULL,
    created_at timestamp(6) with time zone,
    updated_at timestamp(6) with time zone
);


ALTER TABLE proc_elements OWNER TO postgres;

--
-- Name: proc_elements_id_seq; Type: SEQUENCE; Schema: public; Owner: postgres
--

CREATE SEQUENCE proc_elements_id_seq
    START WITH 248
    INCREMENT BY 1
    NO MINVALUE
    NO MAXVALUE
    CACHE 1;


ALTER TABLE proc_elements_id_seq OWNER TO postgres;

--
-- Name: proc_elements_id_seq; Type: SEQUENCE OWNED BY; Schema: public; Owner: postgres
--

ALTER SEQUENCE proc_elements_id_seq OWNED BY proc_elements.id;


--
-- Name: process_histories; Type: TABLE; Schema: public; Owner: postgres; Tablespace: 
--

CREATE TABLE process_histories (
    id integer NOT NULL,
    master_acc character varying NOT NULL,
    action character varying NOT NULL,
    process_id integer,
    what character varying,
    what_id integer,
    date timestamp(6) with time zone NOT NULL
);


ALTER TABLE process_histories OWNER TO postgres;

--
-- Name: process_histories_id_seq; Type: SEQUENCE; Schema: public; Owner: postgres
--

CREATE SEQUENCE process_histories_id_seq
    START WITH 14
    INCREMENT BY 1
    NO MINVALUE
    NO MAXVALUE
    CACHE 1;


ALTER TABLE process_histories_id_seq OWNER TO postgres;

--
-- Name: process_histories_id_seq; Type: SEQUENCE OWNED BY; Schema: public; Owner: postgres
--

ALTER SEQUENCE process_histories_id_seq OWNED BY process_histories.id;


--
-- Name: process_permissions; Type: TABLE; Schema: public; Owner: postgres; Tablespace: 
--

CREATE TABLE process_permissions (
    id integer NOT NULL,
    uid character varying(254),
    group_id integer,
    bprocess integer NOT NULL,
    front_elem_id integer,
    space_elem_id integer,
    reaction_id integer,
    role character varying(254) NOT NULL
);


ALTER TABLE process_permissions OWNER TO postgres;

--
-- Name: process_permissions_id_seq; Type: SEQUENCE; Schema: public; Owner: postgres
--

CREATE SEQUENCE process_permissions_id_seq
    START WITH 20
    INCREMENT BY 1
    NO MINVALUE
    NO MAXVALUE
    CACHE 1;


ALTER TABLE process_permissions_id_seq OWNER TO postgres;

--
-- Name: process_permissions_id_seq; Type: SEQUENCE OWNED BY; Schema: public; Owner: postgres
--

ALTER SEQUENCE process_permissions_id_seq OWNED BY process_permissions.id;


--
-- Name: reaction_refs; Type: TABLE; Schema: public; Owner: postgres; Tablespace: 
--

CREATE TABLE reaction_refs (
    id integer NOT NULL,
    reflection_id integer NOT NULL,
    autostart boolean NOT NULL,
    element_id integer NOT NULL,
    state_ref_id integer,
    created_at timestamp(6) with time zone,
    updated_at timestamp(6) with time zone NOT NULL,
    title character varying(254) NOT NULL
);


ALTER TABLE reaction_refs OWNER TO postgres;

--
-- Name: reaction_refs_id_seq; Type: SEQUENCE; Schema: public; Owner: postgres
--

CREATE SEQUENCE reaction_refs_id_seq
    START WITH 4
    INCREMENT BY 1
    NO MINVALUE
    NO MAXVALUE
    CACHE 1;


ALTER TABLE reaction_refs_id_seq OWNER TO postgres;

--
-- Name: reaction_refs_id_seq; Type: SEQUENCE OWNED BY; Schema: public; Owner: postgres
--

ALTER SEQUENCE reaction_refs_id_seq OWNED BY reaction_refs.id;


--
-- Name: reaction_state_out_refs; Type: TABLE; Schema: public; Owner: postgres; Tablespace: 
--

CREATE TABLE reaction_state_out_refs (
    id integer NOT NULL,
    reaction_id integer NOT NULL,
    state_ref integer NOT NULL,
    "on" boolean NOT NULL,
    on_rate integer NOT NULL,
    created_at timestamp(6) with time zone,
    updated_at timestamp(6) with time zone,
    input boolean DEFAULT false NOT NULL
);


ALTER TABLE reaction_state_out_refs OWNER TO postgres;

--
-- Name: reaction_state_out_refs_id_seq; Type: SEQUENCE; Schema: public; Owner: postgres
--

CREATE SEQUENCE reaction_state_out_refs_id_seq
    START WITH 4
    INCREMENT BY 1
    NO MINVALUE
    NO MAXVALUE
    CACHE 1;


ALTER TABLE reaction_state_out_refs_id_seq OWNER TO postgres;

--
-- Name: reaction_state_out_refs_id_seq; Type: SEQUENCE OWNED BY; Schema: public; Owner: postgres
--

ALTER SEQUENCE reaction_state_out_refs_id_seq OWNED BY reaction_state_out_refs.id;


--
-- Name: reaction_state_outs; Type: TABLE; Schema: public; Owner: postgres; Tablespace: 
--

CREATE TABLE reaction_state_outs (
    id integer NOT NULL,
    reaction_id integer NOT NULL,
    state_id integer NOT NULL,
    "on" boolean NOT NULL,
    on_rate integer NOT NULL,
    created_at timestamp(6) with time zone,
    updated_at timestamp(6) with time zone,
    input boolean DEFAULT false NOT NULL
);


ALTER TABLE reaction_state_outs OWNER TO postgres;

--
-- Name: reaction_state_outs_id_seq; Type: SEQUENCE; Schema: public; Owner: postgres
--

CREATE SEQUENCE reaction_state_outs_id_seq
    START WITH 32
    INCREMENT BY 1
    NO MINVALUE
    NO MAXVALUE
    CACHE 1;


ALTER TABLE reaction_state_outs_id_seq OWNER TO postgres;

--
-- Name: reaction_state_outs_id_seq; Type: SEQUENCE OWNED BY; Schema: public; Owner: postgres
--

ALTER SEQUENCE reaction_state_outs_id_seq OWNED BY reaction_state_outs.id;


--
-- Name: reactions; Type: TABLE; Schema: public; Owner: postgres; Tablespace: 
--

CREATE TABLE reactions (
    id integer NOT NULL,
    bprocess_id integer NOT NULL,
    autostart boolean NOT NULL,
    element_id integer NOT NULL,
    state_ref_id integer,
    created_at timestamp(6) with time zone,
    updated_at timestamp(6) with time zone NOT NULL,
    title character varying(254) NOT NULL
);


ALTER TABLE reactions OWNER TO postgres;

--
-- Name: reactions_id_seq; Type: SEQUENCE; Schema: public; Owner: postgres
--

CREATE SEQUENCE reactions_id_seq
    START WITH 41
    INCREMENT BY 1
    NO MINVALUE
    NO MAXVALUE
    CACHE 1;


ALTER TABLE reactions_id_seq OWNER TO postgres;

--
-- Name: reactions_id_seq; Type: SEQUENCE OWNED BY; Schema: public; Owner: postgres
--

ALTER SEQUENCE reactions_id_seq OWNED BY reactions.id;


--
-- Name: reflect_action_mappings; Type: TABLE; Schema: public; Owner: postgres; Tablespace: 
--

CREATE TABLE reflect_action_mappings (
    id integer NOT NULL,
    reflection_id integer NOT NULL,
    ref_action integer,
    element_action integer NOT NULL,
    created_at timestamp without time zone,
    updated_at timestamp without time zone
);


ALTER TABLE reflect_action_mappings OWNER TO postgres;

--
-- Name: reflect_action_mappings_id_seq; Type: SEQUENCE; Schema: public; Owner: postgres
--

CREATE SEQUENCE reflect_action_mappings_id_seq
    START WITH 1
    INCREMENT BY 1
    NO MINVALUE
    NO MAXVALUE
    CACHE 1;


ALTER TABLE reflect_action_mappings_id_seq OWNER TO postgres;

--
-- Name: reflect_action_mappings_id_seq; Type: SEQUENCE OWNED BY; Schema: public; Owner: postgres
--

ALTER SEQUENCE reflect_action_mappings_id_seq OWNED BY reflect_action_mappings.id;


--
-- Name: reflect_element_mappings; Type: TABLE; Schema: public; Owner: postgres; Tablespace: 
--

CREATE TABLE reflect_element_mappings (
    id integer NOT NULL,
    reflection_id integer NOT NULL,
    topology_element_id integer NOT NULL,
    ref_topo_element integer,
    created_at timestamp without time zone,
    updated_at timestamp without time zone
);


ALTER TABLE reflect_element_mappings OWNER TO postgres;

--
-- Name: reflect_element_mappings_id_seq; Type: SEQUENCE; Schema: public; Owner: postgres
--

CREATE SEQUENCE reflect_element_mappings_id_seq
    START WITH 1
    INCREMENT BY 1
    NO MINVALUE
    NO MAXVALUE
    CACHE 1;


ALTER TABLE reflect_element_mappings_id_seq OWNER TO postgres;

--
-- Name: reflect_element_mappings_id_seq; Type: SEQUENCE OWNED BY; Schema: public; Owner: postgres
--

ALTER SEQUENCE reflect_element_mappings_id_seq OWNED BY reflect_element_mappings.id;


--
-- Name: reflected_elem_topologs; Type: TABLE; Schema: public; Owner: postgres; Tablespace: 
--

CREATE TABLE reflected_elem_topologs (
    id integer NOT NULL,
    reflection_id integer NOT NULL,
    front_elem_id integer,
    space_elem_id integer,
    hash character varying(254) NOT NULL,
    created_at timestamp(6) with time zone,
    updated_at timestamp(6) with time zone,
    space_id integer
);


ALTER TABLE reflected_elem_topologs OWNER TO postgres;

--
-- Name: reflected_elem_topologs_id_seq; Type: SEQUENCE; Schema: public; Owner: postgres
--

CREATE SEQUENCE reflected_elem_topologs_id_seq
    START WITH 22
    INCREMENT BY 1
    NO MINVALUE
    NO MAXVALUE
    CACHE 1;


ALTER TABLE reflected_elem_topologs_id_seq OWNER TO postgres;

--
-- Name: reflected_elem_topologs_id_seq; Type: SEQUENCE OWNED BY; Schema: public; Owner: postgres
--

ALTER SEQUENCE reflected_elem_topologs_id_seq OWNED BY reflected_elem_topologs.id;


--
-- Name: refs; Type: TABLE; Schema: public; Owner: postgres; Tablespace: 
--

CREATE TABLE refs (
    id integer NOT NULL,
    title character varying(254) NOT NULL,
    host character varying(254) NOT NULL,
    created_at timestamp(6) with time zone,
    updated_at timestamp(6) with time zone,
    "desc" character varying(254),
    category character varying(254) DEFAULT 'Common'::character varying NOT NULL,
    hidden boolean DEFAULT false NOT NULL
);


ALTER TABLE refs OWNER TO postgres;

--
-- Name: refs_id_seq; Type: SEQUENCE; Schema: public; Owner: postgres
--

CREATE SEQUENCE refs_id_seq
    START WITH 27
    INCREMENT BY 1
    NO MINVALUE
    NO MAXVALUE
    CACHE 1;


ALTER TABLE refs_id_seq OWNER TO postgres;

--
-- Name: refs_id_seq; Type: SEQUENCE OWNED BY; Schema: public; Owner: postgres
--

ALTER SEQUENCE refs_id_seq OWNED BY refs.id;


--
-- Name: resources; Type: TABLE; Schema: public; Owner: postgres; Tablespace: 
--

CREATE TABLE resources (
    id integer NOT NULL,
    title character varying NOT NULL,
    business_id integer NOT NULL,
    created_at timestamp with time zone,
    updated_at timestamp with time zone
);


ALTER TABLE resources OWNER TO postgres;

--
-- Name: resources_id_seq; Type: SEQUENCE; Schema: public; Owner: postgres
--

CREATE SEQUENCE resources_id_seq
    START WITH 1
    INCREMENT BY 1
    NO MINVALUE
    NO MAXVALUE
    CACHE 1;


ALTER TABLE resources_id_seq OWNER TO postgres;

--
-- Name: resources_id_seq; Type: SEQUENCE OWNED BY; Schema: public; Owner: postgres
--

ALTER SEQUENCE resources_id_seq OWNED BY resources.id;


--
-- Name: session_elem_topologs; Type: TABLE; Schema: public; Owner: postgres; Tablespace: 
--

CREATE TABLE session_elem_topologs (
    id integer NOT NULL,
    process_id integer NOT NULL,
    session_id integer NOT NULL,
    front_elem_id integer,
    space_elem_id integer,
    hash character varying NOT NULL,
    created_at timestamp with time zone,
    updated_at timestamp with time zone,
    space_id integer
);


ALTER TABLE session_elem_topologs OWNER TO postgres;

--
-- Name: session_elem_topologs_id_seq; Type: SEQUENCE; Schema: public; Owner: postgres
--

CREATE SEQUENCE session_elem_topologs_id_seq
    START WITH 1
    INCREMENT BY 1
    NO MINVALUE
    NO MAXVALUE
    CACHE 1;


ALTER TABLE session_elem_topologs_id_seq OWNER TO postgres;

--
-- Name: session_elem_topologs_id_seq; Type: SEQUENCE OWNED BY; Schema: public; Owner: postgres
--

ALTER SEQUENCE session_elem_topologs_id_seq OWNED BY session_elem_topologs.id;


--
-- Name: session_element_resources; Type: TABLE; Schema: public; Owner: postgres; Tablespace: 
--

CREATE TABLE session_element_resources (
    id integer NOT NULL,
    session_element_id integer NOT NULL,
    process_id integer NOT NULL,
    session_id integer NOT NULL,
    resource_id integer NOT NULL,
    entities character varying DEFAULT ''::character varying NOT NULL,
    created_at timestamp with time zone,
    updated_at timestamp with time zone
);


ALTER TABLE session_element_resources OWNER TO postgres;

--
-- Name: session_element_resources_id_seq; Type: SEQUENCE; Schema: public; Owner: postgres
--

CREATE SEQUENCE session_element_resources_id_seq
    START WITH 1
    INCREMENT BY 1
    NO MINVALUE
    NO MAXVALUE
    CACHE 1;


ALTER TABLE session_element_resources_id_seq OWNER TO postgres;

--
-- Name: session_element_resources_id_seq; Type: SEQUENCE OWNED BY; Schema: public; Owner: postgres
--

ALTER SEQUENCE session_element_resources_id_seq OWNED BY session_element_resources.id;


--
-- Name: session_initial_states; Type: TABLE; Schema: public; Owner: postgres; Tablespace: 
--

CREATE TABLE session_initial_states (
    id integer NOT NULL,
    process_id integer NOT NULL,
    session_id integer NOT NULL,
    title character varying NOT NULL,
    neutral character varying NOT NULL,
    is_process_state boolean DEFAULT false NOT NULL,
    "on" boolean DEFAULT false NOT NULL,
    on_rate integer DEFAULT 0 NOT NULL,
    ses_front_elem_id integer,
    ses_space_elem_id integer,
    ses_space_id integer,
    created_at timestamp with time zone,
    updated_at timestamp with time zone,
    lang character varying DEFAULT 'en'::character varying NOT NULL,
    middle character varying DEFAULT ''::character varying NOT NULL,
    middleable boolean DEFAULT false NOT NULL,
    oposite character varying DEFAULT ''::character varying NOT NULL,
    opositable boolean DEFAULT false NOT NULL
);


ALTER TABLE session_initial_states OWNER TO postgres;

--
-- Name: session_initial_states_id_seq; Type: SEQUENCE; Schema: public; Owner: postgres
--

CREATE SEQUENCE session_initial_states_id_seq
    START WITH 1
    INCREMENT BY 1
    NO MINVALUE
    NO MAXVALUE
    CACHE 1;


ALTER TABLE session_initial_states_id_seq OWNER TO postgres;

--
-- Name: session_initial_states_id_seq; Type: SEQUENCE OWNED BY; Schema: public; Owner: postgres
--

ALTER SEQUENCE session_initial_states_id_seq OWNED BY session_initial_states.id;


--
-- Name: session_proc_elements; Type: TABLE; Schema: public; Owner: postgres; Tablespace: 
--

CREATE TABLE session_proc_elements (
    id integer NOT NULL,
    title character varying NOT NULL,
    "desc" character varying NOT NULL,
    business_id integer NOT NULL,
    bprocess_id integer NOT NULL,
    session_id integer NOT NULL,
    b_type character varying NOT NULL,
    type_title character varying NOT NULL,
    space_id integer,
    "order" integer NOT NULL,
    created_at timestamp with time zone,
    updated_at timestamp with time zone
);


ALTER TABLE session_proc_elements OWNER TO postgres;

--
-- Name: session_proc_elements_id_seq; Type: SEQUENCE; Schema: public; Owner: postgres
--

CREATE SEQUENCE session_proc_elements_id_seq
    START WITH 1
    INCREMENT BY 1
    NO MINVALUE
    NO MAXVALUE
    CACHE 1;


ALTER TABLE session_proc_elements_id_seq OWNER TO postgres;

--
-- Name: session_proc_elements_id_seq; Type: SEQUENCE OWNED BY; Schema: public; Owner: postgres
--

ALTER SEQUENCE session_proc_elements_id_seq OWNED BY session_proc_elements.id;


--
-- Name: session_reaction_state_outs; Type: TABLE; Schema: public; Owner: postgres; Tablespace: 
--

CREATE TABLE session_reaction_state_outs (
    id integer NOT NULL,
    session_state_id integer NOT NULL,
    reaction_id integer NOT NULL,
    "on" boolean NOT NULL,
    on_rate integer NOT NULL,
    created_at timestamp with time zone,
    updated_at timestamp with time zone,
    input boolean DEFAULT false NOT NULL
);


ALTER TABLE session_reaction_state_outs OWNER TO postgres;

--
-- Name: session_reaction_state_outs_id_seq; Type: SEQUENCE; Schema: public; Owner: postgres
--

CREATE SEQUENCE session_reaction_state_outs_id_seq
    START WITH 1
    INCREMENT BY 1
    NO MINVALUE
    NO MAXVALUE
    CACHE 1;


ALTER TABLE session_reaction_state_outs_id_seq OWNER TO postgres;

--
-- Name: session_reaction_state_outs_id_seq; Type: SEQUENCE OWNED BY; Schema: public; Owner: postgres
--

ALTER SEQUENCE session_reaction_state_outs_id_seq OWNED BY session_reaction_state_outs.id;


--
-- Name: session_reactions; Type: TABLE; Schema: public; Owner: postgres; Tablespace: 
--

CREATE TABLE session_reactions (
    id integer NOT NULL,
    bprocess_id integer NOT NULL,
    session_id integer NOT NULL,
    autostart boolean NOT NULL,
    element_id integer NOT NULL,
    state_ref_id integer,
    title character varying NOT NULL,
    created_at timestamp with time zone,
    updated_at timestamp with time zone
);


ALTER TABLE session_reactions OWNER TO postgres;

--
-- Name: session_reactions_id_seq; Type: SEQUENCE; Schema: public; Owner: postgres
--

CREATE SEQUENCE session_reactions_id_seq
    START WITH 1
    INCREMENT BY 1
    NO MINVALUE
    NO MAXVALUE
    CACHE 1;


ALTER TABLE session_reactions_id_seq OWNER TO postgres;

--
-- Name: session_reactions_id_seq; Type: SEQUENCE OWNED BY; Schema: public; Owner: postgres
--

ALTER SEQUENCE session_reactions_id_seq OWNED BY session_reactions.id;


--
-- Name: session_space_elements; Type: TABLE; Schema: public; Owner: postgres; Tablespace: 
--

CREATE TABLE session_space_elements (
    id integer NOT NULL,
    title character varying NOT NULL,
    "desc" character varying NOT NULL,
    business_id integer NOT NULL,
    bprocess_id integer NOT NULL,
    session_id integer NOT NULL,
    b_type character varying NOT NULL,
    type_title character varying NOT NULL,
    own_space_id integer,
    owned_space_id integer NOT NULL,
    space_role character varying,
    "order" integer NOT NULL,
    created_at timestamp with time zone,
    updated_at timestamp with time zone
);


ALTER TABLE session_space_elements OWNER TO postgres;

--
-- Name: session_space_elements_id_seq; Type: SEQUENCE; Schema: public; Owner: postgres
--

CREATE SEQUENCE session_space_elements_id_seq
    START WITH 1
    INCREMENT BY 1
    NO MINVALUE
    NO MAXVALUE
    CACHE 1;


ALTER TABLE session_space_elements_id_seq OWNER TO postgres;

--
-- Name: session_space_elements_id_seq; Type: SEQUENCE OWNED BY; Schema: public; Owner: postgres
--

ALTER SEQUENCE session_space_elements_id_seq OWNED BY session_space_elements.id;


--
-- Name: session_spaces; Type: TABLE; Schema: public; Owner: postgres; Tablespace: 
--

CREATE TABLE session_spaces (
    id integer NOT NULL,
    process_id integer NOT NULL,
    session_id integer NOT NULL,
    index integer NOT NULL,
    container boolean DEFAULT false NOT NULL,
    subbrick boolean DEFAULT false NOT NULL,
    brick_front_id integer,
    brick_nested_id integer,
    nesting_level integer NOT NULL,
    created_at timestamp with time zone,
    updated_at timestamp with time zone
);


ALTER TABLE session_spaces OWNER TO postgres;

--
-- Name: session_spaces_id_seq; Type: SEQUENCE; Schema: public; Owner: postgres
--

CREATE SEQUENCE session_spaces_id_seq
    START WITH 1
    INCREMENT BY 1
    NO MINVALUE
    NO MAXVALUE
    CACHE 1;


ALTER TABLE session_spaces_id_seq OWNER TO postgres;

--
-- Name: session_spaces_id_seq; Type: SEQUENCE OWNED BY; Schema: public; Owner: postgres
--

ALTER SEQUENCE session_spaces_id_seq OWNED BY session_spaces.id;


--
-- Name: session_state_logs; Type: TABLE; Schema: public; Owner: postgres; Tablespace: 
--

CREATE TABLE session_state_logs (
    id integer NOT NULL,
    session_id integer NOT NULL,
    "on" boolean DEFAULT false NOT NULL,
    on_rate integer DEFAULT 0 NOT NULL,
    reason character varying(254) NOT NULL,
    created_at timestamp(6) with time zone,
    updated_at timestamp(6) with time zone NOT NULL,
    state_id integer NOT NULL
);


ALTER TABLE session_state_logs OWNER TO postgres;

--
-- Name: session_state_logs_id_seq; Type: SEQUENCE; Schema: public; Owner: postgres
--

CREATE SEQUENCE session_state_logs_id_seq
    START WITH 816
    INCREMENT BY 1
    NO MINVALUE
    NO MAXVALUE
    CACHE 1;


ALTER TABLE session_state_logs_id_seq OWNER TO postgres;

--
-- Name: session_state_logs_id_seq; Type: SEQUENCE OWNED BY; Schema: public; Owner: postgres
--

ALTER SEQUENCE session_state_logs_id_seq OWNED BY session_state_logs.id;


--
-- Name: session_switchers; Type: TABLE; Schema: public; Owner: postgres; Tablespace: 
--

CREATE TABLE session_switchers (
    id integer NOT NULL,
    bprocess_id integer NOT NULL,
    session_id integer NOT NULL,
    switch_type character varying NOT NULL,
    priority integer DEFAULT 2 NOT NULL,
    session_state_ref_id integer NOT NULL,
    session_state_id integer,
    fn character varying NOT NULL,
    target character varying NOT NULL,
    override_group integer DEFAULT 0 NOT NULL,
    created_at timestamp with time zone,
    updated_at timestamp with time zone
);


ALTER TABLE session_switchers OWNER TO postgres;

--
-- Name: session_switchers_id_seq; Type: SEQUENCE; Schema: public; Owner: postgres
--

CREATE SEQUENCE session_switchers_id_seq
    START WITH 1
    INCREMENT BY 1
    NO MINVALUE
    NO MAXVALUE
    CACHE 1;


ALTER TABLE session_switchers_id_seq OWNER TO postgres;

--
-- Name: session_switchers_id_seq; Type: SEQUENCE OWNED BY; Schema: public; Owner: postgres
--

ALTER SEQUENCE session_switchers_id_seq OWNED BY session_switchers.id;


--
-- Name: sessionstates; Type: TABLE; Schema: public; Owner: postgres; Tablespace: 
--

CREATE TABLE sessionstates (
    id integer NOT NULL,
    process_id integer NOT NULL,
    session_id integer NOT NULL,
    title character varying(254) NOT NULL,
    neutral character varying(254) NOT NULL,
    is_process_state boolean DEFAULT false NOT NULL,
    front_elem_id integer,
    space_elem_id integer,
    created_at timestamp(6) with time zone,
    updated_at timestamp(6) with time zone,
    lang character varying(254) DEFAULT 'en'::character varying NOT NULL,
    space_id integer,
    "on" boolean DEFAULT false NOT NULL,
    on_rate integer DEFAULT 0 NOT NULL,
    origin_state_id integer,
    middle character varying(253) DEFAULT ''::character varying NOT NULL,
    middleable boolean DEFAULT false NOT NULL,
    oposite character varying(254) DEFAULT ''::character varying NOT NULL,
    opositable boolean DEFAULT false NOT NULL,
    session_front_elem_id integer,
    session_space_id integer,
    session_space_elem_id integer
);


ALTER TABLE sessionstates OWNER TO postgres;

--
-- Name: sessionstates_id_seq; Type: SEQUENCE; Schema: public; Owner: postgres
--

CREATE SEQUENCE sessionstates_id_seq
    START WITH 1332
    INCREMENT BY 1
    NO MINVALUE
    NO MAXVALUE
    CACHE 1;


ALTER TABLE sessionstates_id_seq OWNER TO postgres;

--
-- Name: sessionstates_id_seq; Type: SEQUENCE OWNED BY; Schema: public; Owner: postgres
--

ALTER SEQUENCE sessionstates_id_seq OWNED BY sessionstates.id;


--
-- Name: space_element_reflections; Type: TABLE; Schema: public; Owner: postgres; Tablespace: 
--

CREATE TABLE space_element_reflections (
    id integer NOT NULL,
    reflection_id integer NOT NULL,
    title character varying(254) NOT NULL,
    "desc" character varying(254) NOT NULL,
    b_type character varying(254) NOT NULL,
    type_title character varying(254) NOT NULL,
    ref_space_id integer,
    ref_space_owned_id integer NOT NULL,
    space_role character varying(254),
    "order" integer NOT NULL,
    created_at timestamp(6) with time zone,
    updated_at timestamp(6) with time zone
);


ALTER TABLE space_element_reflections OWNER TO postgres;

--
-- Name: space_element_reflections_id_seq; Type: SEQUENCE; Schema: public; Owner: postgres
--

CREATE SEQUENCE space_element_reflections_id_seq
    START WITH 3
    INCREMENT BY 1
    NO MINVALUE
    NO MAXVALUE
    CACHE 1;


ALTER TABLE space_element_reflections_id_seq OWNER TO postgres;

--
-- Name: space_element_reflections_id_seq; Type: SEQUENCE OWNED BY; Schema: public; Owner: postgres
--

ALTER SEQUENCE space_element_reflections_id_seq OWNED BY space_element_reflections.id;


--
-- Name: space_elements; Type: TABLE; Schema: public; Owner: postgres; Tablespace: 
--

CREATE TABLE space_elements (
    id integer NOT NULL,
    title character varying(254) NOT NULL,
    "desc" character varying(254) NOT NULL,
    business_id integer NOT NULL,
    bprocess_id integer NOT NULL,
    b_type character varying(254) NOT NULL,
    type_title character varying(254) NOT NULL,
    own_space_id integer,
    owned_space_id integer NOT NULL,
    space_role character varying(254),
    "order" integer NOT NULL,
    created_at timestamp(6) with time zone,
    updated_at timestamp(6) with time zone
);


ALTER TABLE space_elements OWNER TO postgres;

--
-- Name: space_elements_id_seq; Type: SEQUENCE; Schema: public; Owner: postgres
--

CREATE SEQUENCE space_elements_id_seq
    START WITH 56
    INCREMENT BY 1
    NO MINVALUE
    NO MAXVALUE
    CACHE 1;


ALTER TABLE space_elements_id_seq OWNER TO postgres;

--
-- Name: space_elements_id_seq; Type: SEQUENCE OWNED BY; Schema: public; Owner: postgres
--

ALTER SEQUENCE space_elements_id_seq OWNED BY space_elements.id;


--
-- Name: space_refs; Type: TABLE; Schema: public; Owner: postgres; Tablespace: 
--

CREATE TABLE space_refs (
    id integer NOT NULL,
    reflection_id integer NOT NULL,
    index integer NOT NULL,
    container boolean NOT NULL,
    subbrick boolean NOT NULL,
    brick_front integer,
    brick_nested integer,
    "nestingLevel" integer NOT NULL,
    created_at timestamp(6) with time zone,
    updated_at timestamp(6) with time zone
);


ALTER TABLE space_refs OWNER TO postgres;

--
-- Name: space_refs_id_seq; Type: SEQUENCE; Schema: public; Owner: postgres
--

CREATE SEQUENCE space_refs_id_seq
    START WITH 3
    INCREMENT BY 1
    NO MINVALUE
    NO MAXVALUE
    CACHE 1;


ALTER TABLE space_refs_id_seq OWNER TO postgres;

--
-- Name: space_refs_id_seq; Type: SEQUENCE OWNED BY; Schema: public; Owner: postgres
--

ALTER SEQUENCE space_refs_id_seq OWNED BY space_refs.id;


--
-- Name: state_refs; Type: TABLE; Schema: public; Owner: postgres; Tablespace: 
--

CREATE TABLE state_refs (
    id integer NOT NULL,
    reflection_id integer NOT NULL,
    title character varying(254) NOT NULL,
    neutral character varying(254) NOT NULL,
    process_state boolean DEFAULT false NOT NULL,
    "on" boolean DEFAULT false NOT NULL,
    on_rate integer DEFAULT 0 NOT NULL,
    ref_front_elem_id integer,
    ref_space_elem_id integer,
    created_at timestamp(6) with time zone,
    updated_at timestamp(6) with time zone,
    lang character varying(254) DEFAULT 'en'::character varying NOT NULL,
    ref_space_id integer,
    middle character varying(254) DEFAULT ''::character varying,
    middleable boolean DEFAULT false,
    oposite character varying(254) DEFAULT ''::character varying NOT NULL,
    opositable boolean DEFAULT false NOT NULL
);


ALTER TABLE state_refs OWNER TO postgres;

--
-- Name: state_refs_id_seq; Type: SEQUENCE; Schema: public; Owner: postgres
--

CREATE SEQUENCE state_refs_id_seq
    START WITH 26
    INCREMENT BY 1
    NO MINVALUE
    NO MAXVALUE
    CACHE 1;


ALTER TABLE state_refs_id_seq OWNER TO postgres;

--
-- Name: state_refs_id_seq; Type: SEQUENCE OWNED BY; Schema: public; Owner: postgres
--

ALTER SEQUENCE state_refs_id_seq OWNED BY state_refs.id;


--
-- Name: strategies; Type: TABLE; Schema: public; Owner: postgres; Tablespace: 
--

CREATE TABLE strategies (
    id bigint NOT NULL,
    ident character varying NOT NULL,
    middleware_id bigint NOT NULL,
    is_null_strategy boolean NOT NULL,
    created_at timestamp without time zone,
    updated_at timestamp without time zone
);


ALTER TABLE strategies OWNER TO postgres;

--
-- Name: strategies_id_seq; Type: SEQUENCE; Schema: public; Owner: postgres
--

CREATE SEQUENCE strategies_id_seq
    START WITH 1
    INCREMENT BY 1
    NO MINVALUE
    NO MAXVALUE
    CACHE 1;


ALTER TABLE strategies_id_seq OWNER TO postgres;

--
-- Name: strategies_id_seq; Type: SEQUENCE OWNED BY; Schema: public; Owner: postgres
--

ALTER SEQUENCE strategies_id_seq OWNED BY strategies.id;


--
-- Name: strategy_base_refs; Type: TABLE; Schema: public; Owner: postgres; Tablespace: 
--

CREATE TABLE strategy_base_refs (
    id bigint NOT NULL,
    strategy_id bigint NOT NULL,
    key character varying NOT NULL,
    base_type character varying NOT NULL,
    value_type character varying NOT NULL,
    value_content character varying NOT NULL,
    validation_scheme character varying,
    validation_pattern character varying,
    created_at timestamp without time zone,
    updated_at timestamp without time zone
);


ALTER TABLE strategy_base_refs OWNER TO postgres;

--
-- Name: strategy_base_refs_id_seq; Type: SEQUENCE; Schema: public; Owner: postgres
--

CREATE SEQUENCE strategy_base_refs_id_seq
    START WITH 1
    INCREMENT BY 1
    NO MINVALUE
    NO MAXVALUE
    CACHE 1;


ALTER TABLE strategy_base_refs_id_seq OWNER TO postgres;

--
-- Name: strategy_base_refs_id_seq; Type: SEQUENCE OWNED BY; Schema: public; Owner: postgres
--

ALTER SEQUENCE strategy_base_refs_id_seq OWNED BY strategy_base_refs.id;


--
-- Name: strategy_bases; Type: TABLE; Schema: public; Owner: postgres; Tablespace: 
--

CREATE TABLE strategy_bases (
    id bigint NOT NULL,
    strategy_id bigint NOT NULL,
    key character varying NOT NULL,
    base_type character varying NOT NULL,
    value_type character varying NOT NULL,
    value_content character varying NOT NULL,
    validation_scheme character varying,
    validation_pattern character varying,
    created_at timestamp without time zone,
    updated_at timestamp without time zone
);


ALTER TABLE strategy_bases OWNER TO postgres;

--
-- Name: strategy_bases_id_seq; Type: SEQUENCE; Schema: public; Owner: postgres
--

CREATE SEQUENCE strategy_bases_id_seq
    START WITH 1
    INCREMENT BY 1
    NO MINVALUE
    NO MAXVALUE
    CACHE 1;


ALTER TABLE strategy_bases_id_seq OWNER TO postgres;

--
-- Name: strategy_bases_id_seq; Type: SEQUENCE OWNED BY; Schema: public; Owner: postgres
--

ALTER SEQUENCE strategy_bases_id_seq OWNED BY strategy_bases.id;


--
-- Name: strategy_input_refs; Type: TABLE; Schema: public; Owner: postgres; Tablespace: 
--

CREATE TABLE strategy_input_refs (
    id bigint NOT NULL,
    strategy_id bigint NOT NULL,
    op character varying NOT NULL,
    title character varying NOT NULL,
    "desc" character varying,
    ident character varying NOT NULL,
    target_type character varying NOT NULL,
    created_at timestamp without time zone,
    updated_at timestamp without time zone
);


ALTER TABLE strategy_input_refs OWNER TO postgres;

--
-- Name: strategy_input_refs_id_seq; Type: SEQUENCE; Schema: public; Owner: postgres
--

CREATE SEQUENCE strategy_input_refs_id_seq
    START WITH 1
    INCREMENT BY 1
    NO MINVALUE
    NO MAXVALUE
    CACHE 1;


ALTER TABLE strategy_input_refs_id_seq OWNER TO postgres;

--
-- Name: strategy_input_refs_id_seq; Type: SEQUENCE OWNED BY; Schema: public; Owner: postgres
--

ALTER SEQUENCE strategy_input_refs_id_seq OWNED BY strategy_input_refs.id;


--
-- Name: strategy_inputs; Type: TABLE; Schema: public; Owner: postgres; Tablespace: 
--

CREATE TABLE strategy_inputs (
    id bigint NOT NULL,
    strategy_id bigint NOT NULL,
    op character varying NOT NULL,
    title character varying NOT NULL,
    "desc" character varying,
    ident character varying NOT NULL,
    target_type character varying NOT NULL,
    created_at timestamp without time zone,
    updated_at timestamp without time zone
);


ALTER TABLE strategy_inputs OWNER TO postgres;

--
-- Name: strategy_inputs_id_seq; Type: SEQUENCE; Schema: public; Owner: postgres
--

CREATE SEQUENCE strategy_inputs_id_seq
    START WITH 1
    INCREMENT BY 1
    NO MINVALUE
    NO MAXVALUE
    CACHE 1;


ALTER TABLE strategy_inputs_id_seq OWNER TO postgres;

--
-- Name: strategy_inputs_id_seq; Type: SEQUENCE OWNED BY; Schema: public; Owner: postgres
--

ALTER SEQUENCE strategy_inputs_id_seq OWNED BY strategy_inputs.id;


--
-- Name: strategy_output_refs; Type: TABLE; Schema: public; Owner: postgres; Tablespace: 
--

CREATE TABLE strategy_output_refs (
    id bigint NOT NULL,
    strategy_id bigint NOT NULL,
    op character varying NOT NULL,
    title character varying NOT NULL,
    "desc" character varying,
    ident character varying NOT NULL,
    target_type character varying NOT NULL,
    created_at timestamp without time zone,
    updated_at timestamp without time zone
);


ALTER TABLE strategy_output_refs OWNER TO postgres;

--
-- Name: strategy_output_refs_id_seq; Type: SEQUENCE; Schema: public; Owner: postgres
--

CREATE SEQUENCE strategy_output_refs_id_seq
    START WITH 1
    INCREMENT BY 1
    NO MINVALUE
    NO MAXVALUE
    CACHE 1;


ALTER TABLE strategy_output_refs_id_seq OWNER TO postgres;

--
-- Name: strategy_output_refs_id_seq; Type: SEQUENCE OWNED BY; Schema: public; Owner: postgres
--

ALTER SEQUENCE strategy_output_refs_id_seq OWNED BY strategy_output_refs.id;


--
-- Name: strategy_outputs; Type: TABLE; Schema: public; Owner: postgres; Tablespace: 
--

CREATE TABLE strategy_outputs (
    id bigint NOT NULL,
    strategy_id bigint NOT NULL,
    op character varying NOT NULL,
    title character varying NOT NULL,
    "desc" character varying,
    ident character varying NOT NULL,
    target_type character varying NOT NULL,
    created_at timestamp without time zone,
    updated_at timestamp without time zone
);


ALTER TABLE strategy_outputs OWNER TO postgres;

--
-- Name: strategy_outputs_id_seq; Type: SEQUENCE; Schema: public; Owner: postgres
--

CREATE SEQUENCE strategy_outputs_id_seq
    START WITH 1
    INCREMENT BY 1
    NO MINVALUE
    NO MAXVALUE
    CACHE 1;


ALTER TABLE strategy_outputs_id_seq OWNER TO postgres;

--
-- Name: strategy_outputs_id_seq; Type: SEQUENCE OWNED BY; Schema: public; Owner: postgres
--

ALTER SEQUENCE strategy_outputs_id_seq OWNED BY strategy_outputs.id;


--
-- Name: strategy_refs; Type: TABLE; Schema: public; Owner: postgres; Tablespace: 
--

CREATE TABLE strategy_refs (
    id bigint NOT NULL,
    ident character varying NOT NULL,
    reflection_id integer NOT NULL,
    middleware_id bigint NOT NULL,
    is_null_strategy boolean NOT NULL,
    created_at timestamp without time zone,
    updated_at timestamp without time zone
);


ALTER TABLE strategy_refs OWNER TO postgres;

--
-- Name: strategy_refs_id_seq; Type: SEQUENCE; Schema: public; Owner: postgres
--

CREATE SEQUENCE strategy_refs_id_seq
    START WITH 1
    INCREMENT BY 1
    NO MINVALUE
    NO MAXVALUE
    CACHE 1;


ALTER TABLE strategy_refs_id_seq OWNER TO postgres;

--
-- Name: strategy_refs_id_seq; Type: SEQUENCE OWNED BY; Schema: public; Owner: postgres
--

ALTER SEQUENCE strategy_refs_id_seq OWNED BY strategy_refs.id;


--
-- Name: switcher_refs; Type: TABLE; Schema: public; Owner: postgres; Tablespace: 
--

CREATE TABLE switcher_refs (
    id integer NOT NULL,
    reflection_id integer NOT NULL,
    switch_type character varying(254) NOT NULL,
    priority integer DEFAULT 2 NOT NULL,
    state_ref_id integer NOT NULL,
    fn character varying(254) NOT NULL,
    target character varying(254) NOT NULL,
    created_at timestamp(6) with time zone,
    updated_at timestamp(6) with time zone,
    override_group integer DEFAULT 0 NOT NULL
);


ALTER TABLE switcher_refs OWNER TO postgres;

--
-- Name: switcher_refs_id_seq; Type: SEQUENCE; Schema: public; Owner: postgres
--

CREATE SEQUENCE switcher_refs_id_seq
    START WITH 15
    INCREMENT BY 1
    NO MINVALUE
    NO MAXVALUE
    CACHE 1;


ALTER TABLE switcher_refs_id_seq OWNER TO postgres;

--
-- Name: switcher_refs_id_seq; Type: SEQUENCE OWNED BY; Schema: public; Owner: postgres
--

ALTER SEQUENCE switcher_refs_id_seq OWNED BY switcher_refs.id;


--
-- Name: tokens; Type: TABLE; Schema: public; Owner: postgres; Tablespace: 
--

CREATE TABLE tokens (
    uuid character varying(254) NOT NULL,
    email character varying(254) NOT NULL,
    "creationTime" timestamp(6) without time zone NOT NULL,
    "expirationTime" timestamp(6) without time zone NOT NULL,
    "isSignUp" boolean NOT NULL
);


ALTER TABLE tokens OWNER TO postgres;

--
-- Name: user; Type: TABLE; Schema: public; Owner: postgres; Tablespace: 
--

CREATE TABLE "user" (
    "userID" character varying NOT NULL,
    "firstName" character varying,
    "lastName" character varying,
    "fullName" character varying,
    email character varying,
    "avatarURL" character varying
);


ALTER TABLE "user" OWNER TO postgres;

--
-- Name: userlogininfo; Type: TABLE; Schema: public; Owner: postgres; Tablespace: 
--

CREATE TABLE userlogininfo (
    "userID" character varying NOT NULL,
    "loginInfoId" bigint NOT NULL
);


ALTER TABLE userlogininfo OWNER TO postgres;

--
-- Name: id; Type: DEFAULT; Schema: public; Owner: postgres
--

ALTER TABLE ONLY account_group ALTER COLUMN id SET DEFAULT nextval('account_group_id_seq'::regclass);


--
-- Name: id; Type: DEFAULT; Schema: public; Owner: postgres
--

ALTER TABLE ONLY account_infos ALTER COLUMN id SET DEFAULT nextval('account_infos_id_seq'::regclass);


--
-- Name: id; Type: DEFAULT; Schema: public; Owner: postgres
--

ALTER TABLE ONLY account_loggers ALTER COLUMN id SET DEFAULT nextval('account_loggers_id_seq'::regclass);


--
-- Name: id; Type: DEFAULT; Schema: public; Owner: postgres
--

ALTER TABLE ONLY account_plans ALTER COLUMN id SET DEFAULT nextval('account_plans_id_seq'::regclass);


--
-- Name: id; Type: DEFAULT; Schema: public; Owner: postgres
--

ALTER TABLE ONLY action_act_results ALTER COLUMN id SET DEFAULT nextval('action_act_results_id_seq'::regclass);


--
-- Name: id; Type: DEFAULT; Schema: public; Owner: postgres
--

ALTER TABLE ONLY action_acts ALTER COLUMN id SET DEFAULT nextval('action_acts_id_seq'::regclass);


--
-- Name: id; Type: DEFAULT; Schema: public; Owner: postgres
--

ALTER TABLE ONLY action_statuses ALTER COLUMN id SET DEFAULT nextval('middleware_statuses_id_seq'::regclass);


--
-- Name: id; Type: DEFAULT; Schema: public; Owner: postgres
--

ALTER TABLE ONLY billing_infos ALTER COLUMN id SET DEFAULT nextval('billing_infos_id_seq'::regclass);


--
-- Name: id; Type: DEFAULT; Schema: public; Owner: postgres
--

ALTER TABLE ONLY bills ALTER COLUMN id SET DEFAULT nextval('bills_id_seq'::regclass);


--
-- Name: id; Type: DEFAULT; Schema: public; Owner: postgres
--

ALTER TABLE ONLY bploggers ALTER COLUMN id SET DEFAULT nextval('bploggers_id_seq'::regclass);


--
-- Name: id; Type: DEFAULT; Schema: public; Owner: postgres
--

ALTER TABLE ONLY bprocesses ALTER COLUMN id SET DEFAULT nextval('bprocesses_id_seq'::regclass);


--
-- Name: id; Type: DEFAULT; Schema: public; Owner: postgres
--

ALTER TABLE ONLY bpsessions ALTER COLUMN id SET DEFAULT nextval('bpsessions_id_seq'::regclass);


--
-- Name: id; Type: DEFAULT; Schema: public; Owner: postgres
--

ALTER TABLE ONLY bpspaces ALTER COLUMN id SET DEFAULT nextval('bpspaces_id_seq'::regclass);


--
-- Name: id; Type: DEFAULT; Schema: public; Owner: postgres
--

ALTER TABLE ONLY bpstaterefs ALTER COLUMN id SET DEFAULT nextval('bpstaterefs_id_seq'::regclass);


--
-- Name: id; Type: DEFAULT; Schema: public; Owner: postgres
--

ALTER TABLE ONLY bpstates ALTER COLUMN id SET DEFAULT nextval('bpstates_id_seq'::regclass);


--
-- Name: id; Type: DEFAULT; Schema: public; Owner: postgres
--

ALTER TABLE ONLY bpstation_loggers ALTER COLUMN id SET DEFAULT nextval('bpstation_loggers_id_seq'::regclass);


--
-- Name: id; Type: DEFAULT; Schema: public; Owner: postgres
--

ALTER TABLE ONLY bpstations ALTER COLUMN id SET DEFAULT nextval('bpstations_id_seq'::regclass);


--
-- Name: id; Type: DEFAULT; Schema: public; Owner: postgres
--

ALTER TABLE ONLY bpswitchers ALTER COLUMN id SET DEFAULT nextval('bpswitchers_id_seq'::regclass);


--
-- Name: id; Type: DEFAULT; Schema: public; Owner: postgres
--

ALTER TABLE ONLY business_services ALTER COLUMN id SET DEFAULT nextval('business_services_id_seq'::regclass);


--
-- Name: id; Type: DEFAULT; Schema: public; Owner: postgres
--

ALTER TABLE ONLY businesses ALTER COLUMN id SET DEFAULT nextval('businesses_id_seq'::regclass);


--
-- Name: id; Type: DEFAULT; Schema: public; Owner: postgres
--

ALTER TABLE ONLY cached_removed_resources ALTER COLUMN id SET DEFAULT nextval('cached_removed_resources_id_seq'::regclass);


--
-- Name: id; Type: DEFAULT; Schema: public; Owner: postgres
--

ALTER TABLE ONLY client_observers ALTER COLUMN id SET DEFAULT nextval('client_observers_id_seq'::regclass);


--
-- Name: id; Type: DEFAULT; Schema: public; Owner: postgres
--

ALTER TABLE ONLY comments ALTER COLUMN id SET DEFAULT nextval('comments_id_seq'::regclass);


--
-- Name: id; Type: DEFAULT; Schema: public; Owner: postgres
--

ALTER TABLE ONLY elem_topologs ALTER COLUMN id SET DEFAULT nextval('elem_topologs_id_seq'::regclass);


--
-- Name: id; Type: DEFAULT; Schema: public; Owner: postgres
--

ALTER TABLE ONLY element_resources ALTER COLUMN id SET DEFAULT nextval('element_resources_id_seq'::regclass);


--
-- Name: id; Type: DEFAULT; Schema: public; Owner: postgres
--

ALTER TABLE ONLY employees ALTER COLUMN id SET DEFAULT nextval('employees_id_seq'::regclass);


--
-- Name: id; Type: DEFAULT; Schema: public; Owner: postgres
--

ALTER TABLE ONLY files ALTER COLUMN id SET DEFAULT nextval('files_id_seq'::regclass);


--
-- Name: id; Type: DEFAULT; Schema: public; Owner: postgres
--

ALTER TABLE ONLY groups ALTER COLUMN id SET DEFAULT nextval('groups_id_seq'::regclass);


--
-- Name: id; Type: DEFAULT; Schema: public; Owner: postgres
--

ALTER TABLE ONLY input_loggers ALTER COLUMN id SET DEFAULT nextval('input_loggers_id_seq'::regclass);


--
-- Name: id; Type: DEFAULT; Schema: public; Owner: postgres
--

ALTER TABLE ONLY launch_counters ALTER COLUMN id SET DEFAULT nextval('launch_counters_id_seq'::regclass);


--
-- Name: id; Type: DEFAULT; Schema: public; Owner: postgres
--

ALTER TABLE ONLY launch_files ALTER COLUMN id SET DEFAULT nextval('launch_files_id_seq'::regclass);


--
-- Name: id; Type: DEFAULT; Schema: public; Owner: postgres
--

ALTER TABLE ONLY launch_middlewares ALTER COLUMN id SET DEFAULT nextval('launch_middlewares_id_seq'::regclass);


--
-- Name: id; Type: DEFAULT; Schema: public; Owner: postgres
--

ALTER TABLE ONLY launch_shares ALTER COLUMN id SET DEFAULT nextval('launch_shares_id_seq'::regclass);


--
-- Name: id; Type: DEFAULT; Schema: public; Owner: postgres
--

ALTER TABLE ONLY launch_strategies ALTER COLUMN id SET DEFAULT nextval('launch_strategies_id_seq'::regclass);


--
-- Name: id; Type: DEFAULT; Schema: public; Owner: postgres
--

ALTER TABLE ONLY launch_strategy_bases ALTER COLUMN id SET DEFAULT nextval('launch_strategy_bases_id_seq'::regclass);


--
-- Name: id; Type: DEFAULT; Schema: public; Owner: postgres
--

ALTER TABLE ONLY launch_strategy_inputs ALTER COLUMN id SET DEFAULT nextval('launch_strategy_inputs_id_seq'::regclass);


--
-- Name: id; Type: DEFAULT; Schema: public; Owner: postgres
--

ALTER TABLE ONLY launch_strategy_outputs ALTER COLUMN id SET DEFAULT nextval('launch_strategy_outputs_id_seq'::regclass);


--
-- Name: id; Type: DEFAULT; Schema: public; Owner: postgres
--

ALTER TABLE ONLY launch_warps ALTER COLUMN id SET DEFAULT nextval('launch_warps_id_seq'::regclass);


--
-- Name: id; Type: DEFAULT; Schema: public; Owner: postgres
--

ALTER TABLE ONLY launches_comments ALTER COLUMN id SET DEFAULT nextval('launches_comments_id_seq'::regclass);


--
-- Name: id; Type: DEFAULT; Schema: public; Owner: postgres
--

ALTER TABLE ONLY logininfo ALTER COLUMN id SET DEFAULT nextval('logininfo_id_seq'::regclass);


--
-- Name: id; Type: DEFAULT; Schema: public; Owner: postgres
--

ALTER TABLE ONLY middleware_refs ALTER COLUMN id SET DEFAULT nextval('middleware_refs_id_seq'::regclass);


--
-- Name: id; Type: DEFAULT; Schema: public; Owner: postgres
--

ALTER TABLE ONLY middlewares ALTER COLUMN id SET DEFAULT nextval('middlewares_id_seq'::regclass);


--
-- Name: id; Type: DEFAULT; Schema: public; Owner: postgres
--

ALTER TABLE ONLY oauth1info ALTER COLUMN id SET DEFAULT nextval('oauth1info_id_seq'::regclass);


--
-- Name: id; Type: DEFAULT; Schema: public; Owner: postgres
--

ALTER TABLE ONLY oauth2info ALTER COLUMN id SET DEFAULT nextval('oauth2info_id_seq'::regclass);


--
-- Name: id; Type: DEFAULT; Schema: public; Owner: postgres
--

ALTER TABLE ONLY observers ALTER COLUMN id SET DEFAULT nextval('observers_id_seq'::regclass);


--
-- Name: id; Type: DEFAULT; Schema: public; Owner: postgres
--

ALTER TABLE ONLY plans ALTER COLUMN id SET DEFAULT nextval('plans_id_seq'::regclass);


--
-- Name: id; Type: DEFAULT; Schema: public; Owner: postgres
--

ALTER TABLE ONLY proc_element_reflections ALTER COLUMN id SET DEFAULT nextval('proc_element_reflections_id_seq'::regclass);


--
-- Name: id; Type: DEFAULT; Schema: public; Owner: postgres
--

ALTER TABLE ONLY proc_elements ALTER COLUMN id SET DEFAULT nextval('proc_elements_id_seq'::regclass);


--
-- Name: id; Type: DEFAULT; Schema: public; Owner: postgres
--

ALTER TABLE ONLY process_histories ALTER COLUMN id SET DEFAULT nextval('process_histories_id_seq'::regclass);


--
-- Name: id; Type: DEFAULT; Schema: public; Owner: postgres
--

ALTER TABLE ONLY process_permissions ALTER COLUMN id SET DEFAULT nextval('process_permissions_id_seq'::regclass);


--
-- Name: id; Type: DEFAULT; Schema: public; Owner: postgres
--

ALTER TABLE ONLY reaction_refs ALTER COLUMN id SET DEFAULT nextval('reaction_refs_id_seq'::regclass);


--
-- Name: id; Type: DEFAULT; Schema: public; Owner: postgres
--

ALTER TABLE ONLY reaction_state_out_refs ALTER COLUMN id SET DEFAULT nextval('reaction_state_out_refs_id_seq'::regclass);


--
-- Name: id; Type: DEFAULT; Schema: public; Owner: postgres
--

ALTER TABLE ONLY reaction_state_outs ALTER COLUMN id SET DEFAULT nextval('reaction_state_outs_id_seq'::regclass);


--
-- Name: id; Type: DEFAULT; Schema: public; Owner: postgres
--

ALTER TABLE ONLY reactions ALTER COLUMN id SET DEFAULT nextval('reactions_id_seq'::regclass);


--
-- Name: id; Type: DEFAULT; Schema: public; Owner: postgres
--

ALTER TABLE ONLY reflect_action_mappings ALTER COLUMN id SET DEFAULT nextval('reflect_action_mappings_id_seq'::regclass);


--
-- Name: id; Type: DEFAULT; Schema: public; Owner: postgres
--

ALTER TABLE ONLY reflect_element_mappings ALTER COLUMN id SET DEFAULT nextval('reflect_element_mappings_id_seq'::regclass);


--
-- Name: id; Type: DEFAULT; Schema: public; Owner: postgres
--

ALTER TABLE ONLY reflected_elem_topologs ALTER COLUMN id SET DEFAULT nextval('reflected_elem_topologs_id_seq'::regclass);


--
-- Name: id; Type: DEFAULT; Schema: public; Owner: postgres
--

ALTER TABLE ONLY refs ALTER COLUMN id SET DEFAULT nextval('refs_id_seq'::regclass);


--
-- Name: id; Type: DEFAULT; Schema: public; Owner: postgres
--

ALTER TABLE ONLY resources ALTER COLUMN id SET DEFAULT nextval('resources_id_seq'::regclass);


--
-- Name: id; Type: DEFAULT; Schema: public; Owner: postgres
--

ALTER TABLE ONLY session_elem_topologs ALTER COLUMN id SET DEFAULT nextval('session_elem_topologs_id_seq'::regclass);


--
-- Name: id; Type: DEFAULT; Schema: public; Owner: postgres
--

ALTER TABLE ONLY session_element_resources ALTER COLUMN id SET DEFAULT nextval('session_element_resources_id_seq'::regclass);


--
-- Name: id; Type: DEFAULT; Schema: public; Owner: postgres
--

ALTER TABLE ONLY session_initial_states ALTER COLUMN id SET DEFAULT nextval('session_initial_states_id_seq'::regclass);


--
-- Name: id; Type: DEFAULT; Schema: public; Owner: postgres
--

ALTER TABLE ONLY session_proc_elements ALTER COLUMN id SET DEFAULT nextval('session_proc_elements_id_seq'::regclass);


--
-- Name: id; Type: DEFAULT; Schema: public; Owner: postgres
--

ALTER TABLE ONLY session_reaction_state_outs ALTER COLUMN id SET DEFAULT nextval('session_reaction_state_outs_id_seq'::regclass);


--
-- Name: id; Type: DEFAULT; Schema: public; Owner: postgres
--

ALTER TABLE ONLY session_reactions ALTER COLUMN id SET DEFAULT nextval('session_reactions_id_seq'::regclass);


--
-- Name: id; Type: DEFAULT; Schema: public; Owner: postgres
--

ALTER TABLE ONLY session_space_elements ALTER COLUMN id SET DEFAULT nextval('session_space_elements_id_seq'::regclass);


--
-- Name: id; Type: DEFAULT; Schema: public; Owner: postgres
--

ALTER TABLE ONLY session_spaces ALTER COLUMN id SET DEFAULT nextval('session_spaces_id_seq'::regclass);


--
-- Name: id; Type: DEFAULT; Schema: public; Owner: postgres
--

ALTER TABLE ONLY session_state_logs ALTER COLUMN id SET DEFAULT nextval('session_state_logs_id_seq'::regclass);


--
-- Name: id; Type: DEFAULT; Schema: public; Owner: postgres
--

ALTER TABLE ONLY session_switchers ALTER COLUMN id SET DEFAULT nextval('session_switchers_id_seq'::regclass);


--
-- Name: id; Type: DEFAULT; Schema: public; Owner: postgres
--

ALTER TABLE ONLY sessionstates ALTER COLUMN id SET DEFAULT nextval('sessionstates_id_seq'::regclass);


--
-- Name: id; Type: DEFAULT; Schema: public; Owner: postgres
--

ALTER TABLE ONLY space_element_reflections ALTER COLUMN id SET DEFAULT nextval('space_element_reflections_id_seq'::regclass);


--
-- Name: id; Type: DEFAULT; Schema: public; Owner: postgres
--

ALTER TABLE ONLY space_elements ALTER COLUMN id SET DEFAULT nextval('space_elements_id_seq'::regclass);


--
-- Name: id; Type: DEFAULT; Schema: public; Owner: postgres
--

ALTER TABLE ONLY space_refs ALTER COLUMN id SET DEFAULT nextval('space_refs_id_seq'::regclass);


--
-- Name: id; Type: DEFAULT; Schema: public; Owner: postgres
--

ALTER TABLE ONLY state_refs ALTER COLUMN id SET DEFAULT nextval('state_refs_id_seq'::regclass);


--
-- Name: id; Type: DEFAULT; Schema: public; Owner: postgres
--

ALTER TABLE ONLY strategies ALTER COLUMN id SET DEFAULT nextval('strategies_id_seq'::regclass);


--
-- Name: id; Type: DEFAULT; Schema: public; Owner: postgres
--

ALTER TABLE ONLY strategy_base_refs ALTER COLUMN id SET DEFAULT nextval('strategy_base_refs_id_seq'::regclass);


--
-- Name: id; Type: DEFAULT; Schema: public; Owner: postgres
--

ALTER TABLE ONLY strategy_bases ALTER COLUMN id SET DEFAULT nextval('strategy_bases_id_seq'::regclass);


--
-- Name: id; Type: DEFAULT; Schema: public; Owner: postgres
--

ALTER TABLE ONLY strategy_input_refs ALTER COLUMN id SET DEFAULT nextval('strategy_input_refs_id_seq'::regclass);


--
-- Name: id; Type: DEFAULT; Schema: public; Owner: postgres
--

ALTER TABLE ONLY strategy_inputs ALTER COLUMN id SET DEFAULT nextval('strategy_inputs_id_seq'::regclass);


--
-- Name: id; Type: DEFAULT; Schema: public; Owner: postgres
--

ALTER TABLE ONLY strategy_output_refs ALTER COLUMN id SET DEFAULT nextval('strategy_output_refs_id_seq'::regclass);


--
-- Name: id; Type: DEFAULT; Schema: public; Owner: postgres
--

ALTER TABLE ONLY strategy_outputs ALTER COLUMN id SET DEFAULT nextval('strategy_outputs_id_seq'::regclass);


--
-- Name: id; Type: DEFAULT; Schema: public; Owner: postgres
--

ALTER TABLE ONLY strategy_refs ALTER COLUMN id SET DEFAULT nextval('strategy_refs_id_seq'::regclass);


--
-- Name: id; Type: DEFAULT; Schema: public; Owner: postgres
--

ALTER TABLE ONLY switcher_refs ALTER COLUMN id SET DEFAULT nextval('switcher_refs_id_seq'::regclass);


--
-- Data for Name: account_group; Type: TABLE DATA; Schema: public; Owner: postgres
--

COPY account_group (id, account_id, group_id, created_at, updated_at, employee_id) FROM stdin;
4	testing@minorityapp.com	8	2015-08-27 14:57:30.287+05	2015-08-27 14:57:30.287+05	1
5	test1@minorityapp.com	8	2015-08-27 14:58:12.214+05	2015-08-27 14:58:12.214+05	15
\.


--
-- Name: account_group_id_seq; Type: SEQUENCE SET; Schema: public; Owner: postgres
--

SELECT pg_catalog.setval('account_group_id_seq', 9, true);


--
-- Data for Name: account_infos; Type: TABLE DATA; Schema: public; Owner: postgres
--

COPY account_infos (id, uid, created_at, early_access, pro_features, workbench_id, lang, nickname, country, phone) FROM stdin;
16	test666@minorityapp.com	2015-09-22 06:59:33.149	f	f	28	\N	\N	\N	\N
18	tbrodeen@gmail.com	2015-12-06 19:42:53.43	f	f	30	\N	\N	\N	\N
1	totes@mmom.ru	2015-08-28 11:26:19	f	f	13	\N	\N	\N	\N
2	tetwwe@tttt.ru	2015-08-28 11:27:30.908	f	f	14	\N	\N	\N	\N
3	tototot@ttt.ru	2015-08-28 14:27:55.804	f	f	15	\N	\N	\N	\N
4	fasffasfaa@fasfa.ru	2015-08-28 14:31:23.728	f	f	16	\N	\N	\N	\N
5	a91acde59745@yahoo.com	2015-08-28 14:32:57.561	f	f	17	\N	\N	\N	\N
6	xxxxx@cccc.co	2015-08-28 14:34:26.656	f	f	18	\N	\N	\N	\N
7	cascada@scada.ly	2015-08-28 14:41:40.863	f	f	19	\N	\N	\N	\N
10	e2ac3d5b310a@lycos.ly	2015-08-28 15:15:19.796	f	f	22	\N	\N	\N	\N
8	0fd0fd0fd@yahoo.com	2015-08-28 14:43:13.849	f	f	20	\N	\N	\N	\N
9	bezmen@ijst.ju	2015-08-28 15:10:32.225	f	f	21	\N	\N	\N	\N
12	benzel@google.com	2015-08-28 16:07:10.619	f	f	24	\N	\N	\N	\N
11	htte@guok.tw	2015-08-28 15:28:34.836	f	f	23	\N	\N	\N	\N
13	another_one@minorityapp.com	2015-09-05 10:32:13.88	f	f	25	\N	\N	\N	\N
14	see@guol.in	2015-09-07 08:53:57.918	f	f	26	\N	\N	\N	\N
20	testing@minorityapp.com	2015-12-17 12:26:48.606	f	f	2	\N	\N	\N	\N
21	flytoe@gmail.com	2016-01-02 10:52:42.679	t	f	\N	\N	\N	\N	\N
22	niko@nnyman.com	2016-01-04 07:51:42.506	f	f	\N	\N	\N	\N	\N
19	ufijuice@yahoo.com	2015-12-17 05:09:25.908	f	f	12	\N	\N	\N	\N
17	iamjacke@gmail.com	2015-09-27 08:09:38.633	f	f	12	\N	\N	\N	\N
23	eugene.timo@gmail.com	2016-02-11 07:20:48.678	f	f	\N	\N	\N	\N	\N
24	somyam@lexcis.com	2016-02-24 10:26:52.47	f	f	\N	\N	\N	\N	\N
25	nenad.jelovac@saturized.com	2016-03-02 13:46:59.277	f	f	\N	\N	\N	\N	\N
26	arthur.bilalov@swishd.com	2016-03-03 14:18:23.15	t	f	\N	\N	\N	\N	\N
27	thebrycelew@gmail.com	2016-03-15 21:24:38.181	f	f	\N	\N	\N	\N	\N
28	r.gorbunou@gmail.com	2016-03-25 17:05:00.536	f	f	\N	\N	\N	\N	\N
29	alah@babah.com	2016-04-13 03:52:14.857	f	f	31	\N	\N	\N	\N
30	paul@minorityapp.com	2016-04-13 09:07:24.692	f	f	32	\N	\N	\N	\N
31	ffc.fabricio@gmail.com	2016-04-16 05:15:39.079	f	f	33	\N	\N	\N	\N
32	bbart@mailinator.com	2016-04-18 06:23:44.773	f	f	34	\N	\N	\N	\N
33	4244@fasaas.ru	2016-07-24 04:48:57.198	f	f	35	\N	\N	\N	\N
\.


--
-- Name: account_infos_id_seq; Type: SEQUENCE SET; Schema: public; Owner: postgres
--

SELECT pg_catalog.setval('account_infos_id_seq', 33, true);


--
-- Data for Name: account_loggers; Type: TABLE DATA; Schema: public; Owner: postgres
--

COPY account_loggers (id, ip, user_agent, email, date) FROM stdin;
1	37.113.169.15	Mozilla/5.0 (Windows NT 6.1; WOW64) AppleWebKit/537.36 (KHTML, like Gecko) Chrome/39.0.2171.95 Safari/537.36	\N	2014-12-14 17:22:01.561+05
2	37.113.169.15	Mozilla/5.0 (Windows NT 6.1; WOW64) AppleWebKit/537.36 (KHTML, like Gecko) Chrome/39.0.2171.95 Safari/537.36	iamjacke@gmail.com	2014-12-14 17:22:01.877+05
3	37.113.169.15	Mozilla/5.0 (Windows NT 6.1; WOW64) AppleWebKit/537.36 (KHTML, like Gecko) Chrome/39.0.2171.95 Safari/537.36	\N	2014-12-15 01:27:38.299+05
4	37.113.169.15	Mozilla/5.0 (Windows NT 6.1; WOW64) AppleWebKit/537.36 (KHTML, like Gecko) Chrome/39.0.2171.95 Safari/537.36	iamjacke@gmail.com	2014-12-15 01:27:39.338+05
5	37.113.169.15	Mozilla/5.0 (Windows NT 6.1; WOW64) AppleWebKit/537.36 (KHTML, like Gecko) Chrome/39.0.2171.95 Safari/537.36	\N	2014-12-15 02:24:02.355+05
6	37.113.169.15	Mozilla/5.0 (Windows NT 6.1; WOW64) AppleWebKit/537.36 (KHTML, like Gecko) Chrome/39.0.2171.95 Safari/537.36	iamjacke@gmail.com	2014-12-15 02:24:04.361+05
7	37.113.169.15	Mozilla/5.0 (Windows NT 6.1; WOW64) AppleWebKit/537.36 (KHTML, like Gecko) Chrome/39.0.2171.95 Safari/537.36	\N	2014-12-15 02:24:40.037+05
8	37.113.169.15	Mozilla/5.0 (Windows NT 6.1; WOW64) AppleWebKit/537.36 (KHTML, like Gecko) Chrome/39.0.2171.95 Safari/537.36	iamjacke@gmail.com	2014-12-15 02:24:40.306+05
9	31.207.166.23	Mozilla/5.0 (Windows NT 6.1) AppleWebKit/537.36 (KHTML, like Gecko) Chrome/39.0.2171.65 Safari/537.36 OPR/26.0.1656.32	\N	2014-12-15 16:28:06.815+05
10	37.113.169.15	Mozilla/5.0 (Windows NT 6.1; WOW64) AppleWebKit/537.36 (KHTML, like Gecko) Chrome/39.0.2171.95 Safari/537.36	\N	2014-12-15 18:42:31.011+05
11	37.113.169.15	Mozilla/5.0 (Windows NT 6.1; WOW64) AppleWebKit/537.36 (KHTML, like Gecko) Chrome/39.0.2171.95 Safari/537.36	iamjacke@gmail.com	2014-12-15 18:42:31.153+05
12	31.207.166.150	Mozilla/5.0 (Windows NT 6.1) AppleWebKit/537.36 (KHTML, like Gecko) Chrome/39.0.2171.65 Safari/537.36 OPR/26.0.1656.32	\N	2014-12-16 04:18:10.761+05
13	31.207.166.150	Mozilla/5.0 (Windows NT 6.1) AppleWebKit/537.36 (KHTML, like Gecko) Chrome/39.0.2171.65 Safari/537.36 OPR/26.0.1656.32	juices.woo@gmail.com	2014-12-16 04:18:11.045+05
14	31.207.166.150	Mozilla/5.0 (Windows NT 6.1) AppleWebKit/537.36 (KHTML, like Gecko) Chrome/39.0.2171.65 Safari/537.36 OPR/26.0.1656.32	\N	2014-12-16 04:18:12.183+05
15	31.207.166.150	Mozilla/5.0 (Windows NT 6.1) AppleWebKit/537.36 (KHTML, like Gecko) Chrome/39.0.2171.65 Safari/537.36 OPR/26.0.1656.32	juices.woo@gmail.com	2014-12-16 04:18:12.222+05
16	37.113.169.15	Mozilla/5.0 (Windows NT 6.1; WOW64) AppleWebKit/537.36 (KHTML, like Gecko) Chrome/39.0.2171.95 Safari/537.36	\N	2014-12-17 01:05:26.465+05
17	37.113.169.15	Mozilla/5.0 (Windows NT 6.1; WOW64) AppleWebKit/537.36 (KHTML, like Gecko) Chrome/39.0.2171.95 Safari/537.36	iamjacke@gmail.com	2014-12-17 01:05:26.714+05
18	37.113.169.15	Mozilla/5.0 (Windows NT 6.1; WOW64) AppleWebKit/537.36 (KHTML, like Gecko) Chrome/39.0.2171.95 Safari/537.36	\N	2014-12-17 01:16:14.897+05
19	37.113.169.15	Mozilla/5.0 (Windows NT 6.1; WOW64) AppleWebKit/537.36 (KHTML, like Gecko) Chrome/39.0.2171.95 Safari/537.36	iamjacke@gmail.com	2014-12-17 01:16:15.114+05
20	37.113.169.15	Mozilla/5.0 (Windows NT 6.1; WOW64) AppleWebKit/537.36 (KHTML, like Gecko) Chrome/39.0.2171.95 Safari/537.36	\N	2014-12-17 20:01:44.594+05
21	37.113.169.15	Mozilla/5.0 (Windows NT 6.1; WOW64) AppleWebKit/537.36 (KHTML, like Gecko) Chrome/39.0.2171.95 Safari/537.36	iamjacke@gmail.com	2014-12-17 20:01:44.839+05
22	37.113.169.15	Mozilla/5.0 (Windows NT 6.1; WOW64) AppleWebKit/537.36 (KHTML, like Gecko) Chrome/39.0.2171.95 Safari/537.36	\N	2014-12-17 21:09:18.334+05
23	37.113.169.15	Mozilla/5.0 (Windows NT 6.1; WOW64) AppleWebKit/537.36 (KHTML, like Gecko) Chrome/39.0.2171.95 Safari/537.36	iamjacke@gmail.com	2014-12-17 21:09:18.579+05
24	37.113.169.15	Mozilla/5.0 (Windows NT 6.1; WOW64) AppleWebKit/537.36 (KHTML, like Gecko) Chrome/39.0.2171.95 Safari/537.36	\N	2014-12-17 21:31:06.868+05
25	37.113.169.15	Mozilla/5.0 (Windows NT 6.1; WOW64) AppleWebKit/537.36 (KHTML, like Gecko) Chrome/39.0.2171.95 Safari/537.36	iamjacke@gmail.com	2014-12-17 21:31:07.13+05
26	37.113.169.15	Mozilla/5.0 (Windows NT 6.1; WOW64) AppleWebKit/537.36 (KHTML, like Gecko) Chrome/39.0.2171.95 Safari/537.36	\N	2014-12-17 21:33:59.958+05
27	37.113.169.15	Mozilla/5.0 (Windows NT 6.1; WOW64) AppleWebKit/537.36 (KHTML, like Gecko) Chrome/39.0.2171.95 Safari/537.36	iamjacke@gmail.com	2014-12-17 21:34:00.242+05
28	37.113.169.15	Mozilla/5.0 (Windows NT 6.1; WOW64) AppleWebKit/537.36 (KHTML, like Gecko) Chrome/39.0.2171.95 Safari/537.36	\N	2014-12-17 21:39:56.997+05
29	37.113.169.15	Mozilla/5.0 (Windows NT 6.1; WOW64) AppleWebKit/537.36 (KHTML, like Gecko) Chrome/39.0.2171.95 Safari/537.36	iamjacke@gmail.com	2014-12-17 21:39:57.294+05
30	37.113.169.15	Mozilla/5.0 (Windows NT 6.1; WOW64) AppleWebKit/537.36 (KHTML, like Gecko) Chrome/39.0.2171.95 Safari/537.36	\N	2014-12-17 21:44:09.553+05
31	37.113.169.15	Mozilla/5.0 (Windows NT 6.1; WOW64) AppleWebKit/537.36 (KHTML, like Gecko) Chrome/39.0.2171.95 Safari/537.36	iamjacke@gmail.com	2014-12-17 21:44:09.822+05
32	37.113.169.15	Mozilla/5.0 (Windows NT 6.1; WOW64) AppleWebKit/537.36 (KHTML, like Gecko) Chrome/39.0.2171.95 Safari/537.36	\N	2014-12-17 21:54:14.845+05
33	37.113.169.15	Mozilla/5.0 (Windows NT 6.1; WOW64) AppleWebKit/537.36 (KHTML, like Gecko) Chrome/39.0.2171.95 Safari/537.36	iamjacke@gmail.com	2014-12-17 21:54:15.098+05
34	37.113.169.15	Mozilla/5.0 (Windows NT 6.1; WOW64) AppleWebKit/537.36 (KHTML, like Gecko) Chrome/39.0.2171.95 Safari/537.36	\N	2014-12-18 04:57:57.544+05
35	37.113.169.15	Mozilla/5.0 (Windows NT 6.1; WOW64) AppleWebKit/537.36 (KHTML, like Gecko) Chrome/39.0.2171.95 Safari/537.36	iamjacke@gmail.com	2014-12-18 04:57:57.772+05
36	31.207.168.4	Mozilla/5.0 (Windows NT 6.1) AppleWebKit/537.36 (KHTML, like Gecko) Chrome/39.0.2171.95 Safari/537.36 OPR/26.0.1656.60	\N	2014-12-18 13:54:34.33+05
37	31.207.168.4	Mozilla/5.0 (Windows NT 6.1) AppleWebKit/537.36 (KHTML, like Gecko) Chrome/39.0.2171.95 Safari/537.36 OPR/26.0.1656.60	\N	2014-12-18 13:54:34.505+05
38	31.207.168.4	Mozilla/5.0 (Windows NT 6.1) AppleWebKit/537.36 (KHTML, like Gecko) Chrome/39.0.2171.95 Safari/537.36 OPR/26.0.1656.60	juices.woo@gmail.com	2014-12-18 13:54:34.697+05
39	31.207.168.4	Mozilla/5.0 (Windows NT 6.1) AppleWebKit/537.36 (KHTML, like Gecko) Chrome/39.0.2171.95 Safari/537.36 OPR/26.0.1656.60	juices.woo@gmail.com	2014-12-18 13:54:34.731+05
40	37.113.169.15	Mozilla/5.0 (Windows NT 6.1; WOW64) AppleWebKit/537.36 (KHTML, like Gecko) Chrome/39.0.2171.95 Safari/537.36	\N	2014-12-19 05:32:14.251+05
41	37.113.169.15	Mozilla/5.0 (Windows NT 6.1; WOW64) AppleWebKit/537.36 (KHTML, like Gecko) Chrome/39.0.2171.95 Safari/537.36	iamjacke@gmail.com	2014-12-19 05:32:14.524+05
42	37.113.169.15	Mozilla/5.0 (Windows NT 6.1; WOW64) AppleWebKit/537.36 (KHTML, like Gecko) Chrome/39.0.2171.95 Safari/537.36	\N	2014-12-19 05:37:57.766+05
43	37.113.169.15	Mozilla/5.0 (Windows NT 6.1; WOW64) AppleWebKit/537.36 (KHTML, like Gecko) Chrome/39.0.2171.95 Safari/537.36	iamjacke@gmail.com	2014-12-19 05:37:58.041+05
44	37.113.169.15	Mozilla/5.0 (Windows NT 6.1; WOW64) AppleWebKit/537.36 (KHTML, like Gecko) Chrome/39.0.2171.95 Safari/537.36	\N	2014-12-19 06:48:07.093+05
45	37.113.169.15	Mozilla/5.0 (Windows NT 6.1; WOW64) AppleWebKit/537.36 (KHTML, like Gecko) Chrome/39.0.2171.95 Safari/537.36	iamjacke@gmail.com	2014-12-19 06:48:07.308+05
46	37.113.169.15	Mozilla/5.0 (Windows NT 6.1; WOW64) AppleWebKit/537.36 (KHTML, like Gecko) Chrome/39.0.2171.95 Safari/537.36	\N	2014-12-20 06:34:05.951+05
47	37.113.169.15	Mozilla/5.0 (Windows NT 6.1; WOW64) AppleWebKit/537.36 (KHTML, like Gecko) Chrome/39.0.2171.95 Safari/537.36	iamjacke@gmail.com	2014-12-20 06:34:06.265+05
48	31.207.170.198	Mozilla/5.0 (Windows NT 6.1) AppleWebKit/537.36 (KHTML, like Gecko) Chrome/39.0.2171.95 Safari/537.36 OPR/26.0.1656.60	\N	2014-12-20 15:28:55.433+05
49	31.207.170.198	Mozilla/5.0 (Windows NT 6.1) AppleWebKit/537.36 (KHTML, like Gecko) Chrome/39.0.2171.95 Safari/537.36 OPR/26.0.1656.60	juices.woo@gmail.com	2014-12-20 15:28:55.606+05
50	31.207.170.198	Mozilla/5.0 (Windows NT 6.1) AppleWebKit/537.36 (KHTML, like Gecko) Chrome/39.0.2171.95 Safari/537.36 OPR/26.0.1656.60	\N	2014-12-20 20:40:10.747+05
51	31.207.170.198	Mozilla/5.0 (Windows NT 6.1) AppleWebKit/537.36 (KHTML, like Gecko) Chrome/39.0.2171.95 Safari/537.36 OPR/26.0.1656.60	juices.woo@gmail.com	2014-12-20 20:40:10.921+05
52	37.113.169.15	Mozilla/5.0 (Windows NT 6.1; WOW64) AppleWebKit/537.36 (KHTML, like Gecko) Chrome/39.0.2171.95 Safari/537.36	\N	2014-12-20 20:43:14.385+05
53	37.113.169.15	Mozilla/5.0 (Windows NT 6.1; WOW64) AppleWebKit/537.36 (KHTML, like Gecko) Chrome/39.0.2171.95 Safari/537.36	iamjacke@gmail.com	2014-12-20 20:43:14.52+05
54	37.113.169.15	Mozilla/5.0 (Windows NT 6.1; WOW64) AppleWebKit/537.36 (KHTML, like Gecko) Chrome/39.0.2171.95 Safari/537.36	\N	2014-12-21 04:27:42.119+05
55	37.113.169.15	Mozilla/5.0 (Windows NT 6.1; WOW64) AppleWebKit/537.36 (KHTML, like Gecko) Chrome/39.0.2171.95 Safari/537.36	iamjacke@gmail.com	2014-12-21 04:27:42.409+05
56	37.113.169.15	Mozilla/5.0 (Windows NT 6.1; WOW64) AppleWebKit/537.36 (KHTML, like Gecko) Chrome/39.0.2171.95 Safari/537.36	\N	2014-12-21 05:26:48.652+05
57	37.113.169.15	Mozilla/5.0 (Windows NT 6.1; WOW64) AppleWebKit/537.36 (KHTML, like Gecko) Chrome/39.0.2171.95 Safari/537.36	iamjacke@gmail.com	2014-12-21 05:26:48.861+05
58	37.113.169.15	Mozilla/5.0 (Windows NT 6.1; WOW64) AppleWebKit/537.36 (KHTML, like Gecko) Chrome/39.0.2171.95 Safari/537.36	\N	2014-12-21 09:08:29.57+05
59	37.113.169.15	Mozilla/5.0 (Windows NT 6.1; WOW64) AppleWebKit/537.36 (KHTML, like Gecko) Chrome/39.0.2171.95 Safari/537.36	iamjacke@gmail.com	2014-12-21 09:08:29.851+05
60	37.113.169.15	Mozilla/5.0 (Windows NT 6.1; WOW64) AppleWebKit/537.36 (KHTML, like Gecko) Chrome/39.0.2171.95 Safari/537.36	\N	2014-12-21 09:10:30.232+05
61	37.113.169.15	Mozilla/5.0 (Windows NT 6.1; WOW64) AppleWebKit/537.36 (KHTML, like Gecko) Chrome/39.0.2171.95 Safari/537.36	iamjacke@gmail.com	2014-12-21 09:10:30.498+05
62	31.207.172.97	Mozilla/5.0 (Windows NT 6.1) AppleWebKit/537.36 (KHTML, like Gecko) Chrome/39.0.2171.95 Safari/537.36 OPR/26.0.1656.60	\N	2014-12-21 09:17:42.265+05
63	31.207.172.97	Mozilla/5.0 (Windows NT 6.1) AppleWebKit/537.36 (KHTML, like Gecko) Chrome/39.0.2171.95 Safari/537.36 OPR/26.0.1656.60	juices.woo@gmail.com	2014-12-21 09:17:42.446+05
64	31.207.172.97	Mozilla/5.0 (Windows NT 6.1) AppleWebKit/537.36 (KHTML, like Gecko) Chrome/39.0.2171.95 Safari/537.36 OPR/26.0.1656.60	\N	2014-12-21 20:28:04.132+05
65	31.207.172.97	Mozilla/5.0 (Windows NT 6.1) AppleWebKit/537.36 (KHTML, like Gecko) Chrome/39.0.2171.95 Safari/537.36 OPR/26.0.1656.60	juices.woo@gmail.com	2014-12-21 20:28:04.338+05
66	37.113.169.15	Mozilla/5.0 (Windows NT 6.1; WOW64) AppleWebKit/537.36 (KHTML, like Gecko) Chrome/39.0.2171.95 Safari/537.36	\N	2014-12-21 21:03:43.208+05
67	37.113.169.15	Mozilla/5.0 (Windows NT 6.1; WOW64) AppleWebKit/537.36 (KHTML, like Gecko) Chrome/39.0.2171.95 Safari/537.36	iamjacke@gmail.com	2014-12-21 21:03:43.436+05
68	31.207.172.97	Mozilla/5.0 (Windows NT 6.1) AppleWebKit/537.36 (KHTML, like Gecko) Chrome/39.0.2171.95 Safari/537.36 OPR/26.0.1656.60	\N	2014-12-21 21:07:13.541+05
69	31.207.172.97	Mozilla/5.0 (Windows NT 6.1) AppleWebKit/537.36 (KHTML, like Gecko) Chrome/39.0.2171.95 Safari/537.36 OPR/26.0.1656.60	juices.woo@gmail.com	2014-12-21 21:07:13.716+05
70	94.181.5.84	Mozilla/5.0 (Windows NT 6.1; WOW64) AppleWebKit/537.36 (KHTML, like Gecko) Chrome/39.0.2171.95 Safari/537.36	\N	2014-12-22 02:50:35.776+05
71	94.181.5.84	Mozilla/5.0 (Windows NT 6.1; WOW64) AppleWebKit/537.36 (KHTML, like Gecko) Chrome/39.0.2171.95 Safari/537.36	iamjacke@gmail.com	2014-12-22 02:50:36.068+05
72	94.181.4.250	Mozilla/5.0 (Windows NT 6.1; WOW64) AppleWebKit/537.36 (KHTML, like Gecko) Chrome/39.0.2171.95 Safari/537.36	\N	2014-12-22 05:11:24.723+05
73	94.181.4.250	Mozilla/5.0 (Windows NT 6.1; WOW64) AppleWebKit/537.36 (KHTML, like Gecko) Chrome/39.0.2171.95 Safari/537.36	iamjacke@gmail.com	2014-12-22 05:11:24.979+05
74	94.181.4.250	Mozilla/5.0 (Windows NT 6.1; WOW64) AppleWebKit/537.36 (KHTML, like Gecko) Chrome/39.0.2171.95 Safari/537.36	\N	2014-12-22 05:49:55.418+05
75	94.181.4.250	Mozilla/5.0 (Windows NT 6.1; WOW64) AppleWebKit/537.36 (KHTML, like Gecko) Chrome/39.0.2171.95 Safari/537.36	iamjacke@gmail.com	2014-12-22 05:49:55.642+05
76	94.181.4.250	Mozilla/5.0 (Windows NT 6.1; WOW64) AppleWebKit/537.36 (KHTML, like Gecko) Chrome/39.0.2171.95 Safari/537.36	\N	2014-12-22 06:08:55.088+05
77	94.181.4.250	Mozilla/5.0 (Windows NT 6.1; WOW64) AppleWebKit/537.36 (KHTML, like Gecko) Chrome/39.0.2171.95 Safari/537.36	juices.woo@gmail.com	2014-12-22 06:08:55.325+05
78	94.181.4.250	Mozilla/5.0 (Windows NT 6.1; WOW64) AppleWebKit/537.36 (KHTML, like Gecko) Chrome/39.0.2171.95 Safari/537.36	\N	2014-12-23 06:15:19.395+05
79	94.181.4.250	Mozilla/5.0 (Windows NT 6.1; WOW64) AppleWebKit/537.36 (KHTML, like Gecko) Chrome/39.0.2171.95 Safari/537.36	iamjacke@gmail.com	2014-12-23 06:15:19.627+05
80	94.181.4.250	Mozilla/5.0 (Windows NT 6.1; WOW64) AppleWebKit/537.36 (KHTML, like Gecko) Chrome/39.0.2171.95 Safari/537.36	\N	2014-12-23 06:54:24.361+05
81	94.181.4.250	Mozilla/5.0 (Windows NT 6.1; WOW64) AppleWebKit/537.36 (KHTML, like Gecko) Chrome/39.0.2171.95 Safari/537.36	iamjacke@gmail.com	2014-12-23 06:54:24.58+05
82	94.181.4.250	Mozilla/5.0 (Windows NT 6.1; WOW64) AppleWebKit/537.36 (KHTML, like Gecko) Chrome/39.0.2171.95 Safari/537.36	\N	2014-12-23 07:02:04.516+05
83	94.181.4.250	Mozilla/5.0 (Windows NT 6.1; WOW64) AppleWebKit/537.36 (KHTML, like Gecko) Chrome/39.0.2171.95 Safari/537.36	iamjacke@gmail.com	2014-12-23 07:02:04.777+05
84	94.181.4.250	Mozilla/5.0 (Windows NT 6.1; WOW64) AppleWebKit/537.36 (KHTML, like Gecko) Chrome/39.0.2171.95 Safari/537.36	\N	2014-12-23 07:08:07.762+05
85	94.181.4.250	Mozilla/5.0 (Windows NT 6.1; WOW64) AppleWebKit/537.36 (KHTML, like Gecko) Chrome/39.0.2171.95 Safari/537.36	iamjacke@gmail.com	2014-12-23 07:08:08.024+05
86	94.181.4.250	Mozilla/5.0 (Windows NT 6.1; WOW64) AppleWebKit/537.36 (KHTML, like Gecko) Chrome/39.0.2171.95 Safari/537.36	\N	2014-12-23 07:17:28.438+05
87	94.181.4.250	Mozilla/5.0 (Windows NT 6.1; WOW64) AppleWebKit/537.36 (KHTML, like Gecko) Chrome/39.0.2171.95 Safari/537.36	iamjacke@gmail.com	2014-12-23 07:17:28.651+05
88	109.191.115.9	Mozilla/5.0 (Windows NT 6.1) AppleWebKit/537.36 (KHTML, like Gecko) Chrome/39.0.2171.95 Safari/537.36 OPR/26.0.1656.60	\N	2014-12-24 00:05:44.396+05
89	109.191.115.9	Mozilla/5.0 (Windows NT 6.1) AppleWebKit/537.36 (KHTML, like Gecko) Chrome/39.0.2171.95 Safari/537.36 OPR/26.0.1656.60	juices.woo@gmail.com	2014-12-24 00:05:44.703+05
90	37.113.146.252	Mozilla/5.0 (Windows NT 6.1; WOW64) AppleWebKit/537.36 (KHTML, like Gecko) Chrome/39.0.2171.95 Safari/537.36	\N	2014-12-24 14:01:23.503+05
91	37.113.146.252	Mozilla/5.0 (Windows NT 6.1; WOW64) AppleWebKit/537.36 (KHTML, like Gecko) Chrome/39.0.2171.95 Safari/537.36	iamjacke@gmail.com	2014-12-24 14:01:23.753+05
328	127.0.0.1		S.Ypps@example.com	2015-04-20 10:52:15.949+05
92	37.113.146.252	Mozilla/5.0 (Windows NT 6.1; WOW64) AppleWebKit/537.36 (KHTML, like Gecko) Chrome/39.0.2171.95 Safari/537.36	\N	2014-12-25 06:30:08.096+05
93	37.113.146.252	Mozilla/5.0 (Windows NT 6.1; WOW64) AppleWebKit/537.36 (KHTML, like Gecko) Chrome/39.0.2171.95 Safari/537.36	iamjacke@gmail.com	2014-12-25 06:30:08.253+05
94	37.113.146.252	Mozilla/5.0 (Windows NT 6.1; WOW64) AppleWebKit/537.36 (KHTML, like Gecko) Chrome/39.0.2171.95 Safari/537.36	\N	2014-12-25 06:34:18.71+05
95	37.113.146.252	Mozilla/5.0 (Windows NT 6.1; WOW64) AppleWebKit/537.36 (KHTML, like Gecko) Chrome/39.0.2171.95 Safari/537.36	iamjacke@gmail.com	2014-12-25 06:34:18.882+05
96	37.113.146.252	Mozilla/5.0 (Windows NT 6.1; WOW64) AppleWebKit/537.36 (KHTML, like Gecko) Chrome/39.0.2171.95 Safari/537.36	\N	2014-12-25 06:51:06.877+05
97	37.113.146.252	Mozilla/5.0 (Windows NT 6.1; WOW64) AppleWebKit/537.36 (KHTML, like Gecko) Chrome/39.0.2171.95 Safari/537.36	iamjacke@gmail.com	2014-12-25 06:51:07.307+05
98	37.113.171.51	Mozilla/5.0 (Windows NT 6.1; WOW64) AppleWebKit/537.36 (KHTML, like Gecko) Chrome/39.0.2171.95 Safari/537.36	\N	2014-12-26 12:12:47.856+05
99	37.113.171.51	Mozilla/5.0 (Windows NT 6.1; WOW64) AppleWebKit/537.36 (KHTML, like Gecko) Chrome/39.0.2171.95 Safari/537.36	iamjacke@gmail.com	2014-12-26 12:12:48.224+05
100	37.113.171.51	Mozilla/5.0 (Windows NT 6.1; WOW64) AppleWebKit/537.36 (KHTML, like Gecko) Chrome/39.0.2171.95 Safari/537.36	\N	2014-12-26 12:14:11.394+05
101	37.113.171.51	Mozilla/5.0 (Windows NT 6.1; WOW64) AppleWebKit/537.36 (KHTML, like Gecko) Chrome/39.0.2171.95 Safari/537.36	iamjacke@gmail.com	2014-12-26 12:14:11.575+05
102	37.113.171.51	Mozilla/5.0 (Windows NT 6.1; WOW64) AppleWebKit/537.36 (KHTML, like Gecko) Chrome/39.0.2171.95 Safari/537.36	\N	2014-12-26 13:36:04.732+05
103	37.113.171.51	Mozilla/5.0 (Windows NT 6.1; WOW64) AppleWebKit/537.36 (KHTML, like Gecko) Chrome/39.0.2171.95 Safari/537.36	iamjacke@gmail.com	2014-12-26 13:36:05.03+05
104	37.113.171.51	Mozilla/5.0 (Windows NT 6.1; WOW64) AppleWebKit/537.36 (KHTML, like Gecko) Chrome/39.0.2171.95 Safari/537.36	\N	2014-12-26 13:48:05.664+05
105	37.113.171.51	Mozilla/5.0 (Windows NT 6.1; WOW64) AppleWebKit/537.36 (KHTML, like Gecko) Chrome/39.0.2171.95 Safari/537.36	iamjacke@gmail.com	2014-12-26 13:48:05.923+05
106	37.113.171.51	Mozilla/5.0 (Windows NT 6.1; WOW64) AppleWebKit/537.36 (KHTML, like Gecko) Chrome/39.0.2171.95 Safari/537.36	\N	2014-12-26 16:58:07.848+05
107	37.113.171.51	Mozilla/5.0 (Windows NT 6.1; WOW64) AppleWebKit/537.36 (KHTML, like Gecko) Chrome/39.0.2171.95 Safari/537.36	iamjacke@gmail.com	2014-12-26 16:58:08.419+05
108	37.113.171.51	Mozilla/5.0 (Windows NT 6.1; WOW64) AppleWebKit/537.36 (KHTML, like Gecko) Chrome/39.0.2171.95 Safari/537.36	\N	2014-12-26 17:09:22.268+05
109	37.113.171.51	Mozilla/5.0 (Windows NT 6.1; WOW64) AppleWebKit/537.36 (KHTML, like Gecko) Chrome/39.0.2171.95 Safari/537.36	iamjacke@gmail.com	2014-12-26 17:09:22.886+05
110	109.191.115.199	Mozilla/5.0 (Windows NT 6.1) AppleWebKit/537.36 (KHTML, like Gecko) Chrome/39.0.2171.95 Safari/537.36 OPR/26.0.1656.60	\N	2014-12-26 17:45:09.167+05
111	109.191.115.199	Mozilla/5.0 (Windows NT 6.1) AppleWebKit/537.36 (KHTML, like Gecko) Chrome/39.0.2171.95 Safari/537.36 OPR/26.0.1656.60	juices.woo@gmail.com	2014-12-26 17:45:09.419+05
112	31.207.164.190	Mozilla/5.0 (Windows NT 6.1) AppleWebKit/537.36 (KHTML, like Gecko) Chrome/39.0.2171.95 Safari/537.36 OPR/26.0.1656.60	\N	2014-12-27 01:57:23.367+05
113	31.207.164.190	Mozilla/5.0 (Windows NT 6.1) AppleWebKit/537.36 (KHTML, like Gecko) Chrome/39.0.2171.95 Safari/537.36 OPR/26.0.1656.60	juices.woo@gmail.com	2014-12-27 01:57:23.804+05
114	37.113.171.51	Mozilla/5.0 (Windows NT 6.1; WOW64) AppleWebKit/537.36 (KHTML, like Gecko) Chrome/39.0.2171.95 Safari/537.36	\N	2014-12-27 22:33:38.659+05
115	37.113.171.51	Mozilla/5.0 (Windows NT 6.1; WOW64) AppleWebKit/537.36 (KHTML, like Gecko) Chrome/39.0.2171.95 Safari/537.36	iamjacke@gmail.com	2014-12-27 22:33:39.063+05
116	37.113.171.51	Mozilla/5.0 (Windows NT 6.1; WOW64) AppleWebKit/537.36 (KHTML, like Gecko) Chrome/39.0.2171.95 Safari/537.36	\N	2014-12-28 01:01:23.85+05
117	37.113.171.51	Mozilla/5.0 (Windows NT 6.1; WOW64) AppleWebKit/537.36 (KHTML, like Gecko) Chrome/39.0.2171.95 Safari/537.36	iamjacke@gmail.com	2014-12-28 01:01:24.202+05
118	37.113.171.51	Mozilla/5.0 (Windows NT 6.1; WOW64) AppleWebKit/537.36 (KHTML, like Gecko) Chrome/39.0.2171.95 Safari/537.36	\N	2014-12-28 01:04:53.691+05
119	37.113.171.51	Mozilla/5.0 (Windows NT 6.1; WOW64) AppleWebKit/537.36 (KHTML, like Gecko) Chrome/39.0.2171.95 Safari/537.36	iamjacke@gmail.com	2014-12-28 01:04:53.939+05
120	37.113.171.51	Mozilla/5.0 (Windows NT 6.1; WOW64) AppleWebKit/537.36 (KHTML, like Gecko) Chrome/39.0.2171.95 Safari/537.36	\N	2014-12-28 02:33:40.681+05
121	37.113.171.51	Mozilla/5.0 (Windows NT 6.1; WOW64) AppleWebKit/537.36 (KHTML, like Gecko) Chrome/39.0.2171.95 Safari/537.36	iamjacke@gmail.com	2014-12-28 02:33:40.976+05
122	37.113.171.51	Mozilla/5.0 (Windows NT 6.1; WOW64) AppleWebKit/537.36 (KHTML, like Gecko) Chrome/39.0.2171.95 Safari/537.36	\N	2014-12-28 02:43:25.029+05
123	37.113.171.51	Mozilla/5.0 (Windows NT 6.1; WOW64) AppleWebKit/537.36 (KHTML, like Gecko) Chrome/39.0.2171.95 Safari/537.36	iamjacke@gmail.com	2014-12-28 02:43:25.425+05
124	37.113.171.51	Mozilla/5.0 (Windows NT 6.1; WOW64) AppleWebKit/537.36 (KHTML, like Gecko) Chrome/39.0.2171.95 Safari/537.36	\N	2014-12-28 02:48:30.065+05
125	37.113.171.51	Mozilla/5.0 (Windows NT 6.1; WOW64) AppleWebKit/537.36 (KHTML, like Gecko) Chrome/39.0.2171.95 Safari/537.36	iamjacke@gmail.com	2014-12-28 02:48:30.424+05
126	37.113.171.51	Mozilla/5.0 (Windows NT 6.1; WOW64) AppleWebKit/537.36 (KHTML, like Gecko) Chrome/39.0.2171.95 Safari/537.36	\N	2014-12-28 02:53:27.682+05
127	37.113.171.51	Mozilla/5.0 (Windows NT 6.1; WOW64) AppleWebKit/537.36 (KHTML, like Gecko) Chrome/39.0.2171.95 Safari/537.36	iamjacke@gmail.com	2014-12-28 02:53:28.031+05
128	37.113.171.51	Mozilla/5.0 (Windows NT 6.1; WOW64) AppleWebKit/537.36 (KHTML, like Gecko) Chrome/39.0.2171.95 Safari/537.36	\N	2014-12-28 03:05:38.746+05
129	37.113.171.51	Mozilla/5.0 (Windows NT 6.1; WOW64) AppleWebKit/537.36 (KHTML, like Gecko) Chrome/39.0.2171.95 Safari/537.36	iamjacke@gmail.com	2014-12-28 03:05:39.14+05
130	37.113.171.51	Mozilla/5.0 (Windows NT 6.1; WOW64) AppleWebKit/537.36 (KHTML, like Gecko) Chrome/39.0.2171.95 Safari/537.36	\N	2014-12-28 03:10:59.947+05
131	37.113.171.51	Mozilla/5.0 (Windows NT 6.1; WOW64) AppleWebKit/537.36 (KHTML, like Gecko) Chrome/39.0.2171.95 Safari/537.36	iamjacke@gmail.com	2014-12-28 03:11:00.329+05
132	37.113.171.51	Mozilla/5.0 (Windows NT 6.1; WOW64) AppleWebKit/537.36 (KHTML, like Gecko) Chrome/39.0.2171.95 Safari/537.36	\N	2014-12-28 03:53:19.867+05
133	37.113.171.51	Mozilla/5.0 (Windows NT 6.1; WOW64) AppleWebKit/537.36 (KHTML, like Gecko) Chrome/39.0.2171.95 Safari/537.36	iamjacke@gmail.com	2014-12-28 03:53:20.233+05
134	37.113.171.51	Mozilla/5.0 (Windows NT 6.1; WOW64) AppleWebKit/537.36 (KHTML, like Gecko) Chrome/39.0.2171.95 Safari/537.36	\N	2014-12-28 03:53:20.277+05
135	37.113.171.51	Mozilla/5.0 (Windows NT 6.1; WOW64) AppleWebKit/537.36 (KHTML, like Gecko) Chrome/39.0.2171.95 Safari/537.36	iamjacke@gmail.com	2014-12-28 03:53:20.637+05
136	37.113.171.51	Mozilla/5.0 (Windows NT 6.1; WOW64) AppleWebKit/537.36 (KHTML, like Gecko) Chrome/39.0.2171.95 Safari/537.36	\N	2014-12-28 04:50:50.891+05
137	37.113.171.51	Mozilla/5.0 (Windows NT 6.1; WOW64) AppleWebKit/537.36 (KHTML, like Gecko) Chrome/39.0.2171.95 Safari/537.36	iamjacke@gmail.com	2014-12-28 04:50:51.22+05
138	37.113.171.51	Mozilla/5.0 (Windows NT 6.1; WOW64) AppleWebKit/537.36 (KHTML, like Gecko) Chrome/39.0.2171.95 Safari/537.36	\N	2014-12-28 05:06:25.449+05
139	37.113.171.51	Mozilla/5.0 (Windows NT 6.1; WOW64) AppleWebKit/537.36 (KHTML, like Gecko) Chrome/39.0.2171.95 Safari/537.36	iamjacke@gmail.com	2014-12-28 05:06:25.799+05
140	109.191.122.45	Mozilla/5.0 (Windows NT 6.1) AppleWebKit/537.36 (KHTML, like Gecko) Chrome/39.0.2171.95 Safari/537.36 OPR/26.0.1656.60	\N	2014-12-28 11:03:14.096+05
141	109.191.122.45	Mozilla/5.0 (Windows NT 6.1) AppleWebKit/537.36 (KHTML, like Gecko) Chrome/39.0.2171.95 Safari/537.36 OPR/26.0.1656.60	juices.woo@gmail.com	2014-12-28 11:03:14.295+05
142	37.113.145.109	Mozilla/5.0 (Windows NT 6.1; WOW64) AppleWebKit/537.36 (KHTML, like Gecko) Chrome/39.0.2171.95 Safari/537.36	\N	2015-01-07 06:20:12.633+05
143	37.113.145.109	Mozilla/5.0 (Windows NT 6.1; WOW64) AppleWebKit/537.36 (KHTML, like Gecko) Chrome/39.0.2171.95 Safari/537.36	iamjacke@gmail.com	2015-01-07 06:20:13.101+05
144	94.181.26.62	Mozilla/5.0 (Windows NT 6.1; WOW64) AppleWebKit/537.36 (KHTML, like Gecko) Chrome/39.0.2171.95 Safari/537.36	\N	2015-01-10 04:49:07.788+05
145	94.181.26.62	Mozilla/5.0 (Windows NT 6.1; WOW64) AppleWebKit/537.36 (KHTML, like Gecko) Chrome/39.0.2171.95 Safari/537.36	iamjacke@gmail.com	2015-01-10 04:49:08.074+05
146	94.181.26.62	Mozilla/5.0 (Windows NT 6.1; WOW64) AppleWebKit/537.36 (KHTML, like Gecko) Chrome/39.0.2171.95 Safari/537.36	\N	2015-01-11 03:00:49.833+05
147	94.181.26.62	Mozilla/5.0 (Windows NT 6.1; WOW64) AppleWebKit/537.36 (KHTML, like Gecko) Chrome/39.0.2171.95 Safari/537.36	iamjacke@gmail.com	2015-01-11 03:00:50.214+05
148	94.181.26.62	Mozilla/5.0 (Windows NT 6.1; WOW64) AppleWebKit/537.36 (KHTML, like Gecko) Chrome/39.0.2171.95 Safari/537.36	\N	2015-01-11 07:42:57.698+05
149	94.181.26.62	Mozilla/5.0 (Windows NT 6.1; WOW64) AppleWebKit/537.36 (KHTML, like Gecko) Chrome/39.0.2171.95 Safari/537.36	iamjacke@gmail.com	2015-01-11 07:42:58.04+05
150	94.181.26.62	Mozilla/5.0 (Windows NT 6.1; WOW64) AppleWebKit/537.36 (KHTML, like Gecko) Chrome/39.0.2171.95 Safari/537.36	\N	2015-01-11 07:48:44.647+05
151	94.181.26.62	Mozilla/5.0 (Windows NT 6.1; WOW64) AppleWebKit/537.36 (KHTML, like Gecko) Chrome/39.0.2171.95 Safari/537.36	iamjacke@gmail.com	2015-01-11 07:48:45.042+05
152	94.181.26.62	Mozilla/5.0 (Windows NT 6.1; WOW64) AppleWebKit/537.36 (KHTML, like Gecko) Chrome/39.0.2171.95 Safari/537.36	\N	2015-01-11 07:48:45.763+05
153	94.181.26.62	Mozilla/5.0 (Windows NT 6.1; WOW64) AppleWebKit/537.36 (KHTML, like Gecko) Chrome/39.0.2171.95 Safari/537.36	iamjacke@gmail.com	2015-01-11 07:48:45.819+05
154	94.181.26.62	Mozilla/5.0 (Windows NT 6.1; WOW64) AppleWebKit/537.36 (KHTML, like Gecko) Chrome/39.0.2171.95 Safari/537.36	\N	2015-01-11 07:50:26.774+05
155	94.181.26.62	Mozilla/5.0 (Windows NT 6.1; WOW64) AppleWebKit/537.36 (KHTML, like Gecko) Chrome/39.0.2171.95 Safari/537.36	iamjacke@gmail.com	2015-01-11 07:50:27.143+05
156	94.181.26.62	Mozilla/5.0 (Windows NT 6.1; WOW64) AppleWebKit/537.36 (KHTML, like Gecko) Chrome/39.0.2171.95 Safari/537.36	\N	2015-01-11 07:50:43.559+05
157	94.181.26.62	Mozilla/5.0 (Windows NT 6.1; WOW64) AppleWebKit/537.36 (KHTML, like Gecko) Chrome/39.0.2171.95 Safari/537.36	iamjacke@gmail.com	2015-01-11 07:50:43.939+05
158	94.181.26.62	Mozilla/5.0 (Windows NT 6.1; WOW64) AppleWebKit/537.36 (KHTML, like Gecko) Chrome/39.0.2171.95 Safari/537.36	\N	2015-01-13 05:23:04.042+05
159	94.181.26.62	Mozilla/5.0 (Windows NT 6.1; WOW64) AppleWebKit/537.36 (KHTML, like Gecko) Chrome/39.0.2171.95 Safari/537.36	iamjacke@gmail.com	2015-01-13 05:23:04.408+05
160	94.181.26.62	Mozilla/5.0 (Windows NT 6.1; WOW64) AppleWebKit/537.36 (KHTML, like Gecko) Chrome/39.0.2171.95 Safari/537.36	\N	2015-01-13 06:15:23.018+05
161	94.181.26.62	Mozilla/5.0 (Windows NT 6.1; WOW64) AppleWebKit/537.36 (KHTML, like Gecko) Chrome/39.0.2171.95 Safari/537.36	iamjacke@gmail.com	2015-01-13 06:15:23.388+05
162	94.181.26.62	Mozilla/5.0 (Windows NT 6.1; WOW64) AppleWebKit/537.36 (KHTML, like Gecko) Chrome/39.0.2171.95 Safari/537.36	\N	2015-01-13 06:17:45.872+05
163	94.181.26.62	Mozilla/5.0 (Windows NT 6.1; WOW64) AppleWebKit/537.36 (KHTML, like Gecko) Chrome/39.0.2171.95 Safari/537.36	iamjacke@gmail.com	2015-01-13 06:17:46.24+05
164	94.181.26.62	Mozilla/5.0 (Windows NT 6.1; WOW64) AppleWebKit/537.36 (KHTML, like Gecko) Chrome/39.0.2171.95 Safari/537.36	\N	2015-01-13 06:24:47.849+05
165	94.181.26.62	Mozilla/5.0 (Windows NT 6.1; WOW64) AppleWebKit/537.36 (KHTML, like Gecko) Chrome/39.0.2171.95 Safari/537.36	iamjacke@gmail.com	2015-01-13 06:24:48.174+05
166	94.181.38.138	Mozilla/5.0 (Windows NT 6.1; WOW64) AppleWebKit/537.36 (KHTML, like Gecko) Chrome/39.0.2171.99 Safari/537.36	\N	2015-01-21 05:55:40.328+05
167	94.181.38.138	Mozilla/5.0 (Windows NT 6.1; WOW64) AppleWebKit/537.36 (KHTML, like Gecko) Chrome/39.0.2171.99 Safari/537.36	iamjacke@gmail.com	2015-01-21 05:55:40.668+05
168	94.181.38.138	Mozilla/5.0 (Windows NT 6.1; WOW64) AppleWebKit/537.36 (KHTML, like Gecko) Chrome/39.0.2171.99 Safari/537.36	\N	2015-01-21 06:12:54.596+05
169	94.181.38.138	Mozilla/5.0 (Windows NT 6.1; WOW64) AppleWebKit/537.36 (KHTML, like Gecko) Chrome/39.0.2171.99 Safari/537.36	iamjacke@gmail.com	2015-01-21 06:12:55.003+05
170	37.113.138.185	Mozilla/5.0 (Windows NT 6.1; WOW64) AppleWebKit/537.36 (KHTML, like Gecko) Chrome/39.0.2171.99 Safari/537.36	\N	2015-01-22 15:36:18.234+05
171	37.113.138.185	Mozilla/5.0 (Windows NT 6.1; WOW64) AppleWebKit/537.36 (KHTML, like Gecko) Chrome/39.0.2171.99 Safari/537.36	iamjacke@gmail.com	2015-01-22 15:36:18.581+05
172	127.0.0.1	Mozilla/5.0 (Windows NT 6.1; WOW64) AppleWebKit/537.36 (KHTML, like Gecko) Chrome/40.0.2214.93 Safari/537.36	\N	2015-01-29 06:46:46.449+05
173	127.0.0.1	Mozilla/5.0 (Windows NT 6.1; WOW64) AppleWebKit/537.36 (KHTML, like Gecko) Chrome/40.0.2214.93 Safari/537.36	iamjacke@gmail.com	2015-01-29 06:46:47.816+05
174	127.0.0.1	Mozilla/5.0 (Windows NT 6.1; WOW64) AppleWebKit/537.36 (KHTML, like Gecko) Chrome/40.0.2214.93 Safari/537.36	\N	2015-01-30 04:56:38.481+05
175	127.0.0.1	Mozilla/5.0 (Windows NT 6.1; WOW64) AppleWebKit/537.36 (KHTML, like Gecko) Chrome/40.0.2214.93 Safari/537.36	iamjacke@gmail.com	2015-01-30 04:56:40.547+05
176	127.0.0.1	Mozilla/5.0 (Windows NT 6.1; WOW64) AppleWebKit/537.36 (KHTML, like Gecko) Chrome/40.0.2214.111 Safari/537.36	\N	2015-02-11 05:50:47.772+05
177	127.0.0.1	Mozilla/5.0 (Windows NT 6.1; WOW64) AppleWebKit/537.36 (KHTML, like Gecko) Chrome/40.0.2214.111 Safari/537.36	\N	2015-02-11 05:50:53.085+05
178	127.0.0.1	Mozilla/5.0 (Windows NT 6.1; WOW64) AppleWebKit/537.36 (KHTML, like Gecko) Chrome/40.0.2214.111 Safari/537.36	\N	2015-02-11 05:51:08.403+05
179	127.0.0.1	Mozilla/5.0 (Windows NT 6.1; WOW64) AppleWebKit/537.36 (KHTML, like Gecko) Chrome/40.0.2214.111 Safari/537.36	iamjacke@gmail.com	2015-02-11 05:51:10.26+05
180	127.0.0.1	Mozilla/5.0 (Windows NT 6.1; WOW64) AppleWebKit/537.36 (KHTML, like Gecko) Chrome/40.0.2214.94 Safari/537.36 OPR/27.0.1689.66	\N	2015-02-11 06:06:34.135+05
181	127.0.0.1	Mozilla/5.0 (Windows NT 6.1; WOW64) AppleWebKit/537.36 (KHTML, like Gecko) Chrome/40.0.2214.94 Safari/537.36 OPR/27.0.1689.66	iamjacke@gmail.com	2015-02-11 06:06:34.725+05
182	127.0.0.1	Mozilla/5.0 (Windows NT 6.1; WOW64) AppleWebKit/537.36 (KHTML, like Gecko) Chrome/40.0.2214.111 Safari/537.36	\N	2015-02-11 06:19:56.655+05
183	127.0.0.1	Mozilla/5.0 (Windows NT 6.1; WOW64) AppleWebKit/537.36 (KHTML, like Gecko) Chrome/40.0.2214.111 Safari/537.36	iamjacke@gmail.com	2015-02-11 06:19:57.351+05
329	127.0.0.1		\N	2015-04-20 10:55:48.897+05
184	127.0.0.1	Mozilla/5.0 (Windows NT 6.1; WOW64) AppleWebKit/537.36 (KHTML, like Gecko) Chrome/40.0.2214.111 Safari/537.36	\N	2015-02-11 06:22:49.559+05
185	127.0.0.1	Mozilla/5.0 (Windows NT 6.1; WOW64) AppleWebKit/537.36 (KHTML, like Gecko) Chrome/40.0.2214.111 Safari/537.36	iamjacke@gmail.com	2015-02-11 06:22:50.297+05
186	127.0.0.1	Mozilla/5.0 (Windows NT 6.1; WOW64) AppleWebKit/537.36 (KHTML, like Gecko) Chrome/40.0.2214.111 Safari/537.36	\N	2015-02-11 06:24:55.899+05
187	127.0.0.1	Mozilla/5.0 (Windows NT 6.1; WOW64) AppleWebKit/537.36 (KHTML, like Gecko) Chrome/40.0.2214.111 Safari/537.36	iamjacke@gmail.com	2015-02-11 06:24:56.599+05
188	127.0.0.1	Mozilla/5.0 (Windows NT 6.1; WOW64) AppleWebKit/537.36 (KHTML, like Gecko) Chrome/40.0.2214.115 Safari/537.36	\N	2015-02-23 05:13:26.82+05
189	127.0.0.1	Mozilla/5.0 (Windows NT 6.1; WOW64) AppleWebKit/537.36 (KHTML, like Gecko) Chrome/40.0.2214.115 Safari/537.36	\N	2015-02-23 05:13:26.906+05
190	127.0.0.1	Mozilla/5.0 (Windows NT 6.1; WOW64) AppleWebKit/537.36 (KHTML, like Gecko) Chrome/40.0.2214.115 Safari/537.36	iamjacke@gmail.com	2015-02-23 05:13:28.374+05
191	127.0.0.1	Mozilla/5.0 (Windows NT 6.1; WOW64) AppleWebKit/537.36 (KHTML, like Gecko) Chrome/40.0.2214.115 Safari/537.36	iamjacke@gmail.com	2015-02-23 05:13:28.596+05
192	127.0.0.1	Mozilla/5.0 (Windows NT 6.1; WOW64) AppleWebKit/537.36 (KHTML, like Gecko) Chrome/40.0.2214.115 Safari/537.36	\N	2015-02-27 05:33:14.208+05
193	127.0.0.1	Mozilla/5.0 (Windows NT 6.1; WOW64) AppleWebKit/537.36 (KHTML, like Gecko) Chrome/40.0.2214.115 Safari/537.36	iamjacke@gmail.com	2015-02-27 05:33:15.204+05
194	127.0.0.1	Mozilla/5.0 (Windows NT 6.1; WOW64) AppleWebKit/537.36 (KHTML, like Gecko) Chrome/40.0.2214.115 Safari/537.36	\N	2015-03-12 18:33:49.475+05
195	127.0.0.1	Mozilla/5.0 (Windows NT 6.1; WOW64) AppleWebKit/537.36 (KHTML, like Gecko) Chrome/40.0.2214.115 Safari/537.36	\N	2015-03-12 18:33:49.546+05
196	127.0.0.1	Mozilla/5.0 (Windows NT 6.1; WOW64) AppleWebKit/537.36 (KHTML, like Gecko) Chrome/40.0.2214.115 Safari/537.36	iamjacke@gmail.com	2015-03-12 18:33:51.492+05
197	127.0.0.1	Mozilla/5.0 (Windows NT 6.1; WOW64) AppleWebKit/537.36 (KHTML, like Gecko) Chrome/40.0.2214.115 Safari/537.36	iamjacke@gmail.com	2015-03-12 18:33:51.585+05
198	127.0.0.1	Mozilla/5.0 (Windows NT 6.1; WOW64) AppleWebKit/537.36 (KHTML, like Gecko) Chrome/40.0.2214.115 Safari/537.36	\N	2015-03-12 19:47:01.884+05
199	127.0.0.1	Mozilla/5.0 (Windows NT 6.1; WOW64) AppleWebKit/537.36 (KHTML, like Gecko) Chrome/40.0.2214.115 Safari/537.36	iamjacke@gmail.com	2015-03-12 19:47:03.621+05
200	127.0.0.1	Mozilla/5.0 (Windows NT 6.1; WOW64) AppleWebKit/537.36 (KHTML, like Gecko) Chrome/40.0.2214.115 Safari/537.36	\N	2015-03-12 19:51:40.858+05
201	127.0.0.1	Mozilla/5.0 (Windows NT 6.1; WOW64) AppleWebKit/537.36 (KHTML, like Gecko) Chrome/40.0.2214.115 Safari/537.36	iamjacke@gmail.com	2015-03-12 19:51:42.197+05
202	127.0.0.1	Mozilla/5.0 (Windows NT 6.1; WOW64) AppleWebKit/537.36 (KHTML, like Gecko) Chrome/40.0.2214.115 Safari/537.36	\N	2015-03-12 19:55:14.644+05
203	127.0.0.1	Mozilla/5.0 (Windows NT 6.1; WOW64) AppleWebKit/537.36 (KHTML, like Gecko) Chrome/40.0.2214.115 Safari/537.36	iamjacke@gmail.com	2015-03-12 19:55:16.054+05
204	127.0.0.1	Mozilla/5.0 (Windows NT 6.1; WOW64) AppleWebKit/537.36 (KHTML, like Gecko) Chrome/40.0.2214.115 Safari/537.36	\N	2015-03-12 20:00:03.875+05
205	127.0.0.1	Mozilla/5.0 (Windows NT 6.1; WOW64) AppleWebKit/537.36 (KHTML, like Gecko) Chrome/40.0.2214.115 Safari/537.36	iamjacke@gmail.com	2015-03-12 20:00:04.887+05
206	127.0.0.1	Mozilla/5.0 (Windows NT 6.1; WOW64) AppleWebKit/537.36 (KHTML, like Gecko) Chrome/40.0.2214.115 Safari/537.36	\N	2015-03-12 20:42:52.867+05
207	127.0.0.1	Mozilla/5.0 (Windows NT 6.1; WOW64) AppleWebKit/537.36 (KHTML, like Gecko) Chrome/40.0.2214.115 Safari/537.36	iamjacke@gmail.com	2015-03-12 20:42:53.665+05
208	127.0.0.1	Mozilla/5.0 (Windows NT 6.1; WOW64) AppleWebKit/537.36 (KHTML, like Gecko) Chrome/40.0.2214.115 Safari/537.36	\N	2015-03-14 02:40:45.547+05
209	127.0.0.1	Mozilla/5.0 (Windows NT 6.1; WOW64) AppleWebKit/537.36 (KHTML, like Gecko) Chrome/40.0.2214.115 Safari/537.36	iamjacke@gmail.com	2015-03-14 02:40:47.401+05
210	127.0.0.1	Mozilla/5.0 (Windows NT 6.1; WOW64) AppleWebKit/537.36 (KHTML, like Gecko) Chrome/40.0.2214.115 Safari/537.36	\N	2015-03-14 02:43:14.96+05
211	127.0.0.1	Mozilla/5.0 (Windows NT 6.1; WOW64) AppleWebKit/537.36 (KHTML, like Gecko) Chrome/40.0.2214.115 Safari/537.36	iamjacke@gmail.com	2015-03-14 02:43:15.689+05
212	127.0.0.1	Mozilla/5.0 (Windows NT 6.1; WOW64) AppleWebKit/537.36 (KHTML, like Gecko) Chrome/40.0.2214.115 Safari/537.36	\N	2015-03-14 03:39:27.755+05
213	127.0.0.1	Mozilla/5.0 (Windows NT 6.1; WOW64) AppleWebKit/537.36 (KHTML, like Gecko) Chrome/40.0.2214.115 Safari/537.36	iamjacke@gmail.com	2015-03-14 03:39:28.8+05
214	127.0.0.1	Mozilla/5.0 (Windows NT 6.1; WOW64) AppleWebKit/537.36 (KHTML, like Gecko) Chrome/40.0.2214.115 Safari/537.36	\N	2015-03-14 03:42:41.173+05
215	127.0.0.1	Mozilla/5.0 (Windows NT 6.1; WOW64) AppleWebKit/537.36 (KHTML, like Gecko) Chrome/40.0.2214.115 Safari/537.36	iamjacke@gmail.com	2015-03-14 03:42:41.821+05
216	127.0.0.1	Mozilla/5.0 (Windows NT 6.1; WOW64) AppleWebKit/537.36 (KHTML, like Gecko) Chrome/40.0.2214.115 Safari/537.36	\N	2015-03-14 04:10:30.441+05
217	127.0.0.1	Mozilla/5.0 (Windows NT 6.1; WOW64) AppleWebKit/537.36 (KHTML, like Gecko) Chrome/40.0.2214.115 Safari/537.36	iamjacke@gmail.com	2015-03-14 04:10:31.349+05
218	127.0.0.1	Mozilla/5.0 (Windows NT 6.1; WOW64) AppleWebKit/537.36 (KHTML, like Gecko) Chrome/40.0.2214.115 Safari/537.36	\N	2015-03-14 09:08:37.129+05
219	127.0.0.1	Mozilla/5.0 (Windows NT 6.1; WOW64) AppleWebKit/537.36 (KHTML, like Gecko) Chrome/40.0.2214.115 Safari/537.36	iamjacke@gmail.com	2015-03-14 09:08:38.128+05
220	0:0:0:0:0:0:0:1	Mozilla/5.0 (Windows NT 6.1; WOW64) AppleWebKit/537.36 (KHTML, like Gecko) Chrome/41.0.2272.89 Safari/537.36	\N	2015-03-21 15:23:04.27+05
221	0:0:0:0:0:0:0:1	Mozilla/5.0 (Windows NT 6.1; WOW64) AppleWebKit/537.36 (KHTML, like Gecko) Chrome/41.0.2272.89 Safari/537.36	iamjacke@gmail.com	2015-03-21 15:23:06.627+05
222	127.0.0.1	Mozilla/5.0 (Windows NT 6.1; WOW64) AppleWebKit/537.36 (KHTML, like Gecko) Chrome/41.0.2272.89 Safari/537.36	\N	2015-03-21 22:54:52.077+05
223	127.0.0.1	Mozilla/5.0 (Windows NT 6.1; WOW64) AppleWebKit/537.36 (KHTML, like Gecko) Chrome/41.0.2272.89 Safari/537.36	iamjacke@gmail.com	2015-03-21 22:54:53.31+05
224	127.0.0.1	Mozilla/5.0 (Windows NT 6.1; WOW64) AppleWebKit/537.36 (KHTML, like Gecko) Chrome/41.0.2272.89 Safari/537.36	\N	2015-03-21 23:34:19.644+05
225	127.0.0.1	Mozilla/5.0 (Windows NT 6.1; WOW64) AppleWebKit/537.36 (KHTML, like Gecko) Chrome/41.0.2272.89 Safari/537.36	iamjacke@gmail.com	2015-03-21 23:34:20.422+05
226	127.0.0.1	Mozilla/5.0 (Windows NT 6.1; WOW64) AppleWebKit/537.36 (KHTML, like Gecko) Chrome/41.0.2272.89 Safari/537.36	\N	2015-03-22 01:22:43.378+05
227	127.0.0.1	Mozilla/5.0 (Windows NT 6.1; WOW64) AppleWebKit/537.36 (KHTML, like Gecko) Chrome/41.0.2272.89 Safari/537.36	iamjacke@gmail.com	2015-03-22 01:22:44.935+05
228	127.0.0.1	Mozilla/5.0 (Windows NT 6.1; WOW64) AppleWebKit/537.36 (KHTML, like Gecko) Chrome/41.0.2272.89 Safari/537.36	\N	2015-03-22 02:55:11.015+05
229	127.0.0.1	Mozilla/5.0 (Windows NT 6.1; WOW64) AppleWebKit/537.36 (KHTML, like Gecko) Chrome/41.0.2272.89 Safari/537.36	iamjacke@gmail.com	2015-03-22 02:55:12.331+05
230	127.0.0.1	Mozilla/5.0 (Windows NT 6.1; WOW64) AppleWebKit/537.36 (KHTML, like Gecko) Chrome/41.0.2272.101 Safari/537.36	\N	2015-03-22 19:02:11.31+05
382	127.0.0.1		\N	2015-04-28 19:50:22.105+05
231	127.0.0.1	Mozilla/5.0 (Windows NT 6.1; WOW64) AppleWebKit/537.36 (KHTML, like Gecko) Chrome/41.0.2272.101 Safari/537.36	\N	2015-03-22 19:02:11.304+05
232	127.0.0.1	Mozilla/5.0 (Windows NT 6.1; WOW64) AppleWebKit/537.36 (KHTML, like Gecko) Chrome/41.0.2272.101 Safari/537.36	iamjacke@gmail.com	2015-03-22 19:02:12.34+05
233	127.0.0.1	Mozilla/5.0 (Windows NT 6.1; WOW64) AppleWebKit/537.36 (KHTML, like Gecko) Chrome/41.0.2272.101 Safari/537.36	iamjacke@gmail.com	2015-03-22 19:02:12.444+05
234	127.0.0.1	Mozilla/5.0 (Windows NT 6.1; WOW64) AppleWebKit/537.36 (KHTML, like Gecko) Chrome/41.0.2272.101 Safari/537.36	\N	2015-03-22 19:59:50.573+05
235	127.0.0.1	Mozilla/5.0 (Windows NT 6.1; WOW64) AppleWebKit/537.36 (KHTML, like Gecko) Chrome/41.0.2272.101 Safari/537.36	iamjacke@gmail.com	2015-03-22 19:59:51.623+05
236	127.0.0.1	Mozilla/5.0 (Windows NT 6.1; WOW64) AppleWebKit/537.36 (KHTML, like Gecko) Chrome/41.0.2272.101 Safari/537.36	\N	2015-03-22 20:06:12.149+05
237	127.0.0.1	Mozilla/5.0 (Windows NT 6.1; WOW64) AppleWebKit/537.36 (KHTML, like Gecko) Chrome/41.0.2272.101 Safari/537.36	iamjacke@gmail.com	2015-03-22 20:06:13.049+05
238	127.0.0.1	Mozilla/5.0 (Windows NT 6.1; WOW64) AppleWebKit/537.36 (KHTML, like Gecko) Chrome/41.0.2272.101 Safari/537.36	\N	2015-03-23 07:05:10.736+05
239	127.0.0.1	Mozilla/5.0 (Windows NT 6.1; WOW64) AppleWebKit/537.36 (KHTML, like Gecko) Chrome/41.0.2272.101 Safari/537.36	iamjacke@gmail.com	2015-03-23 07:05:12.595+05
240	127.0.0.1	Mozilla/5.0 (Windows NT 6.1; WOW64) AppleWebKit/537.36 (KHTML, like Gecko) Chrome/41.0.2272.101 Safari/537.36	\N	2015-03-25 01:22:03.723+05
241	127.0.0.1	Mozilla/5.0 (Windows NT 6.1; WOW64) AppleWebKit/537.36 (KHTML, like Gecko) Chrome/41.0.2272.101 Safari/537.36	iamjacke@gmail.com	2015-03-25 01:22:10.057+05
242	127.0.0.1	Mozilla/5.0 (Windows NT 6.1; WOW64) AppleWebKit/537.36 (KHTML, like Gecko) Chrome/41.0.2272.101 Safari/537.36	\N	2015-03-26 03:34:09.702+05
243	127.0.0.1	Mozilla/5.0 (Windows NT 6.1; WOW64) AppleWebKit/537.36 (KHTML, like Gecko) Chrome/41.0.2272.101 Safari/537.36	iamjacke@gmail.com	2015-03-26 03:34:12.989+05
244	127.0.0.1	Mozilla/5.0 (Windows NT 6.1; WOW64) AppleWebKit/537.36 (KHTML, like Gecko) Chrome/41.0.2272.101 Safari/537.36	\N	2015-03-31 10:49:11.122+05
245	127.0.0.1	Mozilla/5.0 (Windows NT 6.1; WOW64) AppleWebKit/537.36 (KHTML, like Gecko) Chrome/41.0.2272.101 Safari/537.36	iamjacke@gmail.com	2015-03-31 10:49:12.515+05
246	127.0.0.1	Mozilla/5.0 (Windows NT 6.1; WOW64) AppleWebKit/537.36 (KHTML, like Gecko) Chrome/41.0.2272.101 Safari/537.36	\N	2015-03-31 10:54:59.107+05
247	127.0.0.1	Mozilla/5.0 (Windows NT 6.1; WOW64) AppleWebKit/537.36 (KHTML, like Gecko) Chrome/41.0.2272.101 Safari/537.36	iamjacke@gmail.com	2015-03-31 10:54:59.902+05
248	127.0.0.1	Mozilla/5.0 (Windows NT 6.1; WOW64) AppleWebKit/537.36 (KHTML, like Gecko) Chrome/41.0.2272.101 Safari/537.36	\N	2015-03-31 10:58:55.317+05
249	127.0.0.1	Mozilla/5.0 (Windows NT 6.1; WOW64) AppleWebKit/537.36 (KHTML, like Gecko) Chrome/41.0.2272.101 Safari/537.36	iamjacke@gmail.com	2015-03-31 10:58:56.149+05
250	127.0.0.1	Mozilla/5.0 (Windows NT 6.1; WOW64) AppleWebKit/537.36 (KHTML, like Gecko) Chrome/41.0.2272.101 Safari/537.36	\N	2015-03-31 12:25:47.436+05
251	127.0.0.1	Mozilla/5.0 (Windows NT 6.1; WOW64) AppleWebKit/537.36 (KHTML, like Gecko) Chrome/41.0.2272.101 Safari/537.36	iamjacke@gmail.com	2015-03-31 12:25:48.653+05
252	127.0.0.1	Mozilla/5.0 (Windows NT 6.1; WOW64) AppleWebKit/537.36 (KHTML, like Gecko) Chrome/41.0.2272.101 Safari/537.36	\N	2015-03-31 13:11:39.795+05
253	127.0.0.1	Mozilla/5.0 (Windows NT 6.1; WOW64) AppleWebKit/537.36 (KHTML, like Gecko) Chrome/41.0.2272.101 Safari/537.36	iamjacke@gmail.com	2015-03-31 13:11:40.607+05
254	127.0.0.1	Mozilla/5.0 (Windows NT 6.1; WOW64) AppleWebKit/537.36 (KHTML, like Gecko) Chrome/41.0.2272.101 Safari/537.36	\N	2015-03-31 15:23:39.942+05
255	127.0.0.1	Mozilla/5.0 (Windows NT 6.1; WOW64) AppleWebKit/537.36 (KHTML, like Gecko) Chrome/41.0.2272.101 Safari/537.36	iamjacke@gmail.com	2015-03-31 15:23:41.034+05
256	127.0.0.1	Mozilla/5.0 (Windows NT 6.1; WOW64) AppleWebKit/537.36 (KHTML, like Gecko) Chrome/41.0.2272.101 Safari/537.36	\N	2015-03-31 15:40:50.746+05
257	127.0.0.1	Mozilla/5.0 (Windows NT 6.1; WOW64) AppleWebKit/537.36 (KHTML, like Gecko) Chrome/41.0.2272.101 Safari/537.36	iamjacke@gmail.com	2015-03-31 15:40:51.613+05
258	127.0.0.1	Mozilla/5.0 (Windows NT 6.1; WOW64) AppleWebKit/537.36 (KHTML, like Gecko) Chrome/41.0.2272.101 Safari/537.36	\N	2015-04-01 02:28:30.464+05
259	127.0.0.1	Mozilla/5.0 (Windows NT 6.1; WOW64) AppleWebKit/537.36 (KHTML, like Gecko) Chrome/41.0.2272.101 Safari/537.36	iamjacke@gmail.com	2015-04-01 02:28:31.807+05
260	127.0.0.1	Mozilla/5.0 (Windows NT 6.1; WOW64) AppleWebKit/537.36 (KHTML, like Gecko) Chrome/41.0.2272.101 Safari/537.36	\N	2015-04-01 02:43:11.423+05
261	127.0.0.1	Mozilla/5.0 (Windows NT 6.1; WOW64) AppleWebKit/537.36 (KHTML, like Gecko) Chrome/41.0.2272.101 Safari/537.36	iamjacke@gmail.com	2015-04-01 02:43:13.557+05
262	127.0.0.1	Mozilla/5.0 (Windows NT 6.1; WOW64) AppleWebKit/537.36 (KHTML, like Gecko) Chrome/41.0.2272.101 Safari/537.36	\N	2015-04-03 18:38:24.398+05
263	127.0.0.1	Mozilla/5.0 (Windows NT 6.1; WOW64) AppleWebKit/537.36 (KHTML, like Gecko) Chrome/41.0.2272.101 Safari/537.36	iamjacke@gmail.com	2015-04-03 18:38:25.318+05
264	127.0.0.1	Mozilla/5.0 (Windows NT 6.1; WOW64) AppleWebKit/537.36 (KHTML, like Gecko) Chrome/41.0.2272.101 Safari/537.36	\N	2015-04-03 18:43:01.139+05
265	127.0.0.1	Mozilla/5.0 (Windows NT 6.1; WOW64) AppleWebKit/537.36 (KHTML, like Gecko) Chrome/41.0.2272.101 Safari/537.36	iamjacke@gmail.com	2015-04-03 18:43:01.931+05
266	127.0.0.1	Mozilla/5.0 (Windows NT 6.1; WOW64) AppleWebKit/537.36 (KHTML, like Gecko) Chrome/41.0.2272.118 Safari/537.36	\N	2015-04-10 05:50:48.162+05
267	127.0.0.1	Mozilla/5.0 (Windows NT 6.1; WOW64) AppleWebKit/537.36 (KHTML, like Gecko) Chrome/41.0.2272.118 Safari/537.36	iamjacke@gmail.com	2015-04-10 05:50:49.372+05
268	127.0.0.1	Mozilla/5.0 (Windows NT 6.1; WOW64) AppleWebKit/537.36 (KHTML, like Gecko) Chrome/41.0.2272.118 Safari/537.36	\N	2015-04-13 17:40:12.371+05
269	127.0.0.1	Mozilla/5.0 (Windows NT 6.1; WOW64) AppleWebKit/537.36 (KHTML, like Gecko) Chrome/41.0.2272.118 Safari/537.36	iamjacke@gmail.com	2015-04-13 17:40:13.313+05
270	127.0.0.1	Mozilla/5.0 (Windows NT 6.1; WOW64) AppleWebKit/537.36 (KHTML, like Gecko) Chrome/41.0.2272.118 Safari/537.36	\N	2015-04-15 03:18:19.193+05
271	127.0.0.1	Mozilla/5.0 (Windows NT 6.1; WOW64) AppleWebKit/537.36 (KHTML, like Gecko) Chrome/41.0.2272.118 Safari/537.36	iamjacke@gmail.com	2015-04-15 03:18:20.11+05
272	127.0.0.1	Mozilla/5.0 (Windows NT 6.1; WOW64) AppleWebKit/537.36 (KHTML, like Gecko) Chrome/41.0.2272.118 Safari/537.36	\N	2015-04-15 03:34:51.304+05
273	127.0.0.1	Mozilla/5.0 (Windows NT 6.1; WOW64) AppleWebKit/537.36 (KHTML, like Gecko) Chrome/41.0.2272.118 Safari/537.36	iamjacke@gmail.com	2015-04-15 03:34:51.777+05
274	127.0.0.1	Mozilla/5.0 (Windows NT 6.1; WOW64) AppleWebKit/537.36 (KHTML, like Gecko) Chrome/41.0.2272.118 Safari/537.36	\N	2015-04-15 03:45:24.441+05
275	127.0.0.1	Mozilla/5.0 (Windows NT 6.1; WOW64) AppleWebKit/537.36 (KHTML, like Gecko) Chrome/41.0.2272.118 Safari/537.36	iamjacke@gmail.com	2015-04-15 03:45:25.046+05
276	127.0.0.1	Mozilla/5.0 (Windows NT 6.1; WOW64) AppleWebKit/537.36 (KHTML, like Gecko) Chrome/41.0.2272.118 Safari/537.36	\N	2015-04-16 02:38:08.003+05
277	127.0.0.1	Mozilla/5.0 (Windows NT 6.1; WOW64) AppleWebKit/537.36 (KHTML, like Gecko) Chrome/41.0.2272.118 Safari/537.36	iamjacke@gmail.com	2015-04-16 02:38:09.756+05
278	127.0.0.1	Mozilla/5.0 (Windows NT 6.1; WOW64) AppleWebKit/537.36 (KHTML, like Gecko) Chrome/41.0.2272.118 Safari/537.36	\N	2015-04-16 02:57:02.249+05
279	127.0.0.1	Mozilla/5.0 (Windows NT 6.1; WOW64) AppleWebKit/537.36 (KHTML, like Gecko) Chrome/41.0.2272.118 Safari/537.36	iamjacke@gmail.com	2015-04-16 02:57:04.587+05
280	127.0.0.1	Mozilla/5.0 (Windows NT 6.1; WOW64) AppleWebKit/537.36 (KHTML, like Gecko) Chrome/41.0.2272.118 Safari/537.36	\N	2015-04-16 03:30:10.09+05
281	127.0.0.1	Mozilla/5.0 (Windows NT 6.1; WOW64) AppleWebKit/537.36 (KHTML, like Gecko) Chrome/41.0.2272.118 Safari/537.36	iamjacke@gmail.com	2015-04-16 03:30:11.129+05
282	127.0.0.1	Mozilla/5.0 (Windows NT 6.1; WOW64) AppleWebKit/537.36 (KHTML, like Gecko) Chrome/41.0.2272.118 Safari/537.36	\N	2015-04-16 04:56:11.643+05
283	127.0.0.1	Mozilla/5.0 (Windows NT 6.1; WOW64) AppleWebKit/537.36 (KHTML, like Gecko) Chrome/41.0.2272.118 Safari/537.36	iamjacke@gmail.com	2015-04-16 04:56:14.871+05
284	127.0.0.1	Mozilla/5.0 (Windows NT 6.1; WOW64) AppleWebKit/537.36 (KHTML, like Gecko) Chrome/41.0.2272.118 Safari/537.36	\N	2015-04-16 05:20:49.082+05
285	127.0.0.1	Mozilla/5.0 (Windows NT 6.1; WOW64) AppleWebKit/537.36 (KHTML, like Gecko) Chrome/41.0.2272.118 Safari/537.36	iamjacke@gmail.com	2015-04-16 05:20:49.875+05
286	127.0.0.1	Mozilla/5.0 (Windows NT 6.1; WOW64) AppleWebKit/537.36 (KHTML, like Gecko) Chrome/41.0.2272.118 Safari/537.36	\N	2015-04-16 05:26:55.878+05
287	127.0.0.1	Mozilla/5.0 (Windows NT 6.1; WOW64) AppleWebKit/537.36 (KHTML, like Gecko) Chrome/41.0.2272.118 Safari/537.36	iamjacke@gmail.com	2015-04-16 05:26:56.753+05
288	127.0.0.1	Mozilla/5.0 (Windows NT 6.1; WOW64) AppleWebKit/537.36 (KHTML, like Gecko) Chrome/41.0.2272.118 Safari/537.36	\N	2015-04-16 05:53:33.788+05
289	127.0.0.1	Mozilla/5.0 (Windows NT 6.1; WOW64) AppleWebKit/537.36 (KHTML, like Gecko) Chrome/41.0.2272.118 Safari/537.36	iamjacke@gmail.com	2015-04-16 05:53:34.339+05
290	127.0.0.1	Mozilla/5.0 (Windows NT 6.1; WOW64) AppleWebKit/537.36 (KHTML, like Gecko) Chrome/41.0.2272.118 Safari/537.36	\N	2015-04-16 05:55:22.624+05
291	127.0.0.1	Mozilla/5.0 (Windows NT 6.1; WOW64) AppleWebKit/537.36 (KHTML, like Gecko) Chrome/41.0.2272.118 Safari/537.36	iamjacke@gmail.com	2015-04-16 05:55:23.269+05
292	127.0.0.1	Mozilla/5.0 (Windows NT 6.1; WOW64) AppleWebKit/537.36 (KHTML, like Gecko) Chrome/41.0.2272.118 Safari/537.36	\N	2015-04-16 10:36:45.599+05
293	127.0.0.1	Mozilla/5.0 (Windows NT 6.1; WOW64) AppleWebKit/537.36 (KHTML, like Gecko) Chrome/41.0.2272.118 Safari/537.36	iamjacke@gmail.com	2015-04-16 10:36:46.363+05
294	127.0.0.1	Mozilla/5.0 (Windows NT 6.1; WOW64) AppleWebKit/537.36 (KHTML, like Gecko) Chrome/41.0.2272.118 Safari/537.36	\N	2015-04-16 10:56:23.356+05
295	127.0.0.1	Mozilla/5.0 (Windows NT 6.1; WOW64) AppleWebKit/537.36 (KHTML, like Gecko) Chrome/41.0.2272.118 Safari/537.36	iamjacke@gmail.com	2015-04-16 10:56:23.966+05
296	127.0.0.1	Mozilla/5.0 (Windows NT 6.1; WOW64) AppleWebKit/537.36 (KHTML, like Gecko) Chrome/41.0.2272.118 Safari/537.36	\N	2015-04-17 04:59:38.616+05
297	127.0.0.1	Mozilla/5.0 (Windows NT 6.1; WOW64) AppleWebKit/537.36 (KHTML, like Gecko) Chrome/41.0.2272.118 Safari/537.36	iamjacke@gmail.com	2015-04-17 04:59:39.746+05
298	127.0.0.1	Mozilla/5.0 (Windows NT 6.1; WOW64) AppleWebKit/537.36 (KHTML, like Gecko) Chrome/41.0.2272.118 Safari/537.36	\N	2015-04-18 03:46:07.62+05
299	127.0.0.1	Mozilla/5.0 (Windows NT 6.1; WOW64) AppleWebKit/537.36 (KHTML, like Gecko) Chrome/41.0.2272.118 Safari/537.36	iamjacke@gmail.com	2015-04-18 03:46:08.834+05
300	127.0.0.1	Mozilla/5.0 (Windows NT 6.1; WOW64) AppleWebKit/537.36 (KHTML, like Gecko) Chrome/41.0.2272.118 Safari/537.36	\N	2015-04-18 04:02:06.787+05
301	127.0.0.1	Mozilla/5.0 (Windows NT 6.1; WOW64) AppleWebKit/537.36 (KHTML, like Gecko) Chrome/41.0.2272.118 Safari/537.36	iamjacke@gmail.com	2015-04-18 04:02:07.431+05
302	127.0.0.1	Mozilla/5.0 (Windows NT 6.1; WOW64) AppleWebKit/537.36 (KHTML, like Gecko) Chrome/41.0.2272.118 Safari/537.36	\N	2015-04-18 04:07:57.025+05
303	127.0.0.1	Mozilla/5.0 (Windows NT 6.1; WOW64) AppleWebKit/537.36 (KHTML, like Gecko) Chrome/41.0.2272.118 Safari/537.36	iamjacke@gmail.com	2015-04-18 04:07:57.651+05
304	127.0.0.1	Mozilla/5.0 (Windows NT 6.1; WOW64) AppleWebKit/537.36 (KHTML, like Gecko) Chrome/41.0.2272.118 Safari/537.36	\N	2015-04-18 04:25:23.087+05
305	127.0.0.1	Mozilla/5.0 (Windows NT 6.1; WOW64) AppleWebKit/537.36 (KHTML, like Gecko) Chrome/41.0.2272.118 Safari/537.36	iamjacke@gmail.com	2015-04-18 04:25:23.812+05
306	127.0.0.1	Mozilla/5.0 (Windows NT 6.1; WOW64) AppleWebKit/537.36 (KHTML, like Gecko) Chrome/41.0.2272.118 Safari/537.36	\N	2015-04-18 04:29:27.272+05
307	127.0.0.1	Mozilla/5.0 (Windows NT 6.1; WOW64) AppleWebKit/537.36 (KHTML, like Gecko) Chrome/41.0.2272.118 Safari/537.36	iamjacke@gmail.com	2015-04-18 04:29:28.102+05
308	127.0.0.1	Mozilla/5.0 (Windows NT 6.1; WOW64) AppleWebKit/537.36 (KHTML, like Gecko) Chrome/41.0.2272.118 Safari/537.36	\N	2015-04-18 04:31:50.886+05
309	127.0.0.1	Mozilla/5.0 (Windows NT 6.1; WOW64) AppleWebKit/537.36 (KHTML, like Gecko) Chrome/41.0.2272.118 Safari/537.36	iamjacke@gmail.com	2015-04-18 04:31:51.877+05
310	127.0.0.1	Mozilla/5.0 (Windows NT 6.1; WOW64) AppleWebKit/537.36 (KHTML, like Gecko) Chrome/41.0.2272.118 Safari/537.36	\N	2015-04-18 04:34:10.356+05
311	127.0.0.1	Mozilla/5.0 (Windows NT 6.1; WOW64) AppleWebKit/537.36 (KHTML, like Gecko) Chrome/41.0.2272.118 Safari/537.36	iamjacke@gmail.com	2015-04-18 04:34:11.03+05
312	127.0.0.1	Mozilla/5.0 (Windows NT 6.1; WOW64) AppleWebKit/537.36 (KHTML, like Gecko) Chrome/41.0.2272.118 Safari/537.36	\N	2015-04-18 04:36:08.964+05
313	127.0.0.1	Mozilla/5.0 (Windows NT 6.1; WOW64) AppleWebKit/537.36 (KHTML, like Gecko) Chrome/41.0.2272.118 Safari/537.36	iamjacke@gmail.com	2015-04-18 04:36:09.676+05
314	127.0.0.1	Mozilla/5.0 (Windows NT 6.1; WOW64) AppleWebKit/537.36 (KHTML, like Gecko) Chrome/41.0.2272.118 Safari/537.36	\N	2015-04-18 05:18:39.941+05
315	127.0.0.1	Mozilla/5.0 (Windows NT 6.1; WOW64) AppleWebKit/537.36 (KHTML, like Gecko) Chrome/41.0.2272.118 Safari/537.36	iamjacke@gmail.com	2015-04-18 05:18:41.255+05
316	127.0.0.1	Mozilla/5.0 (Windows NT 6.1; WOW64) AppleWebKit/537.36 (KHTML, like Gecko) Chrome/41.0.2272.118 Safari/537.36	\N	2015-04-18 05:30:25.148+05
317	127.0.0.1	Mozilla/5.0 (Windows NT 6.1; WOW64) AppleWebKit/537.36 (KHTML, like Gecko) Chrome/41.0.2272.118 Safari/537.36	iamjacke@gmail.com	2015-04-18 05:30:25.975+05
318	127.0.0.1	Mozilla/5.0 (Windows NT 6.1; WOW64) AppleWebKit/537.36 (KHTML, like Gecko) Chrome/41.0.2272.118 Safari/537.36	\N	2015-04-18 05:33:15.073+05
319	127.0.0.1	Mozilla/5.0 (Windows NT 6.1; WOW64) AppleWebKit/537.36 (KHTML, like Gecko) Chrome/41.0.2272.118 Safari/537.36	iamjacke@gmail.com	2015-04-18 05:33:15.68+05
320	127.0.0.1	Mozilla/5.0 (Windows NT 6.1; WOW64) AppleWebKit/537.36 (KHTML, like Gecko) Chrome/41.0.2272.118 Safari/537.36	\N	2015-04-18 05:42:15.465+05
321	127.0.0.1	Mozilla/5.0 (Windows NT 6.1; WOW64) AppleWebKit/537.36 (KHTML, like Gecko) Chrome/41.0.2272.118 Safari/537.36	iamjacke@gmail.com	2015-04-18 05:42:16.796+05
322	127.0.0.1	Mozilla/5.0 (Windows NT 6.1; WOW64) AppleWebKit/537.36 (KHTML, like Gecko) Chrome/41.0.2272.118 Safari/537.36	\N	2015-04-19 05:15:03.357+05
323	127.0.0.1	Mozilla/5.0 (Windows NT 6.1; WOW64) AppleWebKit/537.36 (KHTML, like Gecko) Chrome/41.0.2272.118 Safari/537.36	iamjacke@gmail.com	2015-04-19 05:15:07.936+05
324	127.0.0.1		\N	2015-04-19 21:12:27.376+05
325	127.0.0.1		\N	2015-04-20 08:47:54.186+05
326	127.0.0.1		S.Vkd@example.com	2015-04-20 08:47:54.841+05
327	127.0.0.1		\N	2015-04-20 10:52:05.697+05
330	127.0.0.1		V.Ybjpkdkorao@example.com	2015-04-20 10:55:50.036+05
331	127.0.0.1		\N	2015-04-20 11:07:25.48+05
332	127.0.0.1		J.Tuvrwjltww@example.com	2015-04-20 11:07:26.262+05
333	127.0.0.1		\N	2015-04-20 21:21:28.917+05
334	127.0.0.1		D.Zm@example.com	2015-04-20 21:21:30.787+05
335	127.0.0.1		\N	2015-04-20 21:49:08.522+05
336	127.0.0.1		E.Jzlwvi@example.com	2015-04-20 21:49:10.35+05
337	127.0.0.1	Mozilla/5.0 (Windows NT 6.1; WOW64) AppleWebKit/537.36 (KHTML, like Gecko) Chrome/41.0.2272.118 Safari/537.36	\N	2015-04-22 08:17:02.64+05
338	127.0.0.1	Mozilla/5.0 (Windows NT 6.1; WOW64) AppleWebKit/537.36 (KHTML, like Gecko) Chrome/41.0.2272.118 Safari/537.36	iamjacke@gmail.com	2015-04-22 08:17:06.958+05
339	127.0.0.1	Mozilla/5.0 (Windows NT 6.1; WOW64) AppleWebKit/537.36 (KHTML, like Gecko) Chrome/41.0.2272.118 Safari/537.36	\N	2015-04-22 09:26:19.51+05
340	127.0.0.1	Mozilla/5.0 (Windows NT 6.1; WOW64) AppleWebKit/537.36 (KHTML, like Gecko) Chrome/41.0.2272.118 Safari/537.36	iamjacke@gmail.com	2015-04-22 09:26:23.261+05
341	127.0.0.1	Mozilla/5.0 (Windows NT 6.1; WOW64) AppleWebKit/537.36 (KHTML, like Gecko) Chrome/41.0.2272.118 Safari/537.36	\N	2015-04-22 11:24:11.635+05
342	127.0.0.1	Mozilla/5.0 (Windows NT 6.1; WOW64) AppleWebKit/537.36 (KHTML, like Gecko) Chrome/41.0.2272.118 Safari/537.36	iamjacke@gmail.com	2015-04-22 11:24:14.229+05
343	127.0.0.1	Mozilla/5.0 (Windows NT 6.1; WOW64) AppleWebKit/537.36 (KHTML, like Gecko) Chrome/41.0.2272.118 Safari/537.36	\N	2015-04-22 11:28:52.712+05
344	127.0.0.1	Mozilla/5.0 (Windows NT 6.1; WOW64) AppleWebKit/537.36 (KHTML, like Gecko) Chrome/41.0.2272.118 Safari/537.36	iamjacke@gmail.com	2015-04-22 11:28:53.646+05
345	127.0.0.1	Mozilla/5.0 (Windows NT 6.1; WOW64) AppleWebKit/537.36 (KHTML, like Gecko) Chrome/41.0.2272.118 Safari/537.36	\N	2015-04-22 11:30:11.895+05
346	127.0.0.1	Mozilla/5.0 (Windows NT 6.1; WOW64) AppleWebKit/537.36 (KHTML, like Gecko) Chrome/41.0.2272.118 Safari/537.36	iamjacke@gmail.com	2015-04-22 11:30:12.666+05
347	127.0.0.1	Mozilla/5.0 (Windows NT 6.1; WOW64) AppleWebKit/537.36 (KHTML, like Gecko) Chrome/41.0.2272.118 Safari/537.36	\N	2015-04-22 12:03:26.343+05
348	127.0.0.1	Mozilla/5.0 (Windows NT 6.1; WOW64) AppleWebKit/537.36 (KHTML, like Gecko) Chrome/41.0.2272.118 Safari/537.36	iamjacke@gmail.com	2015-04-22 12:03:30.694+05
349	127.0.0.1	Mozilla/5.0 (Windows NT 6.1; WOW64) AppleWebKit/537.36 (KHTML, like Gecko) Chrome/41.0.2272.118 Safari/537.36	\N	2015-04-22 12:23:01.915+05
350	127.0.0.1	Mozilla/5.0 (Windows NT 6.1; WOW64) AppleWebKit/537.36 (KHTML, like Gecko) Chrome/41.0.2272.118 Safari/537.36	iamjacke@gmail.com	2015-04-22 12:23:05.658+05
351	127.0.0.1	Mozilla/5.0 (Windows NT 6.1; WOW64) AppleWebKit/537.36 (KHTML, like Gecko) Chrome/41.0.2272.118 Safari/537.36	\N	2015-04-22 13:47:32.801+05
352	127.0.0.1	Mozilla/5.0 (Windows NT 6.1; WOW64) AppleWebKit/537.36 (KHTML, like Gecko) Chrome/41.0.2272.118 Safari/537.36	iamjacke@gmail.com	2015-04-22 13:47:34.254+05
353	127.0.0.1	Mozilla/5.0 (Windows NT 6.1; WOW64) AppleWebKit/537.36 (KHTML, like Gecko) Chrome/41.0.2272.118 Safari/537.36	\N	2015-04-22 19:09:17.416+05
354	127.0.0.1	Mozilla/5.0 (Windows NT 6.1; WOW64) AppleWebKit/537.36 (KHTML, like Gecko) Chrome/41.0.2272.118 Safari/537.36	iamjacke@gmail.com	2015-04-22 19:09:21.917+05
355	127.0.0.1	Mozilla/5.0 (Windows NT 6.1; WOW64) AppleWebKit/537.36 (KHTML, like Gecko) Chrome/41.0.2272.118 Safari/537.36	\N	2015-04-23 13:21:37.154+05
356	127.0.0.1	Mozilla/5.0 (Windows NT 6.1; WOW64) AppleWebKit/537.36 (KHTML, like Gecko) Chrome/41.0.2272.118 Safari/537.36	iamjacke@gmail.com	2015-04-23 13:21:38.465+05
357	127.0.0.1	Mozilla/5.0 (Windows NT 6.1; WOW64) AppleWebKit/537.36 (KHTML, like Gecko) Chrome/41.0.2272.118 Safari/537.36	\N	2015-04-23 17:53:18.098+05
358	127.0.0.1	Mozilla/5.0 (Windows NT 6.1; WOW64) AppleWebKit/537.36 (KHTML, like Gecko) Chrome/41.0.2272.118 Safari/537.36	iamjacke@gmail.com	2015-04-23 17:53:20.141+05
359	0:0:0:0:0:0:0:1	Mozilla/5.0 (Windows NT 6.1; WOW64) AppleWebKit/537.36 (KHTML, like Gecko) Chrome/41.0.2272.118 Safari/537.36	\N	2015-04-23 19:09:44.555+05
360	0:0:0:0:0:0:0:1	Mozilla/5.0 (Windows NT 6.1; WOW64) AppleWebKit/537.36 (KHTML, like Gecko) Chrome/41.0.2272.118 Safari/537.36	iamjacke@gmail.com	2015-04-23 19:09:45.55+05
361	0:0:0:0:0:0:0:1	Mozilla/5.0 (Windows NT 6.1; WOW64) AppleWebKit/537.36 (KHTML, like Gecko) Chrome/41.0.2272.118 Safari/537.36	\N	2015-04-23 19:20:25.53+05
362	0:0:0:0:0:0:0:1	Mozilla/5.0 (Windows NT 6.1; WOW64) AppleWebKit/537.36 (KHTML, like Gecko) Chrome/41.0.2272.118 Safari/537.36	iamjacke@gmail.com	2015-04-23 19:20:26.6+05
363	0:0:0:0:0:0:0:1	Mozilla/5.0 (Windows NT 6.1; WOW64) AppleWebKit/537.36 (KHTML, like Gecko) Chrome/41.0.2272.118 Safari/537.36	\N	2015-04-23 19:37:08.689+05
364	0:0:0:0:0:0:0:1	Mozilla/5.0 (Windows NT 6.1; WOW64) AppleWebKit/537.36 (KHTML, like Gecko) Chrome/41.0.2272.118 Safari/537.36	iamjacke@gmail.com	2015-04-23 19:37:09.327+05
365	0:0:0:0:0:0:0:1	Mozilla/5.0 (Windows NT 6.1; WOW64) AppleWebKit/537.36 (KHTML, like Gecko) Chrome/42.0.2311.90 Safari/537.36	\N	2015-04-23 22:38:47.286+05
366	0:0:0:0:0:0:0:1	Mozilla/5.0 (Windows NT 6.1; WOW64) AppleWebKit/537.36 (KHTML, like Gecko) Chrome/42.0.2311.90 Safari/537.36	iamjacke@gmail.com	2015-04-23 22:38:48.498+05
367	0:0:0:0:0:0:0:1	Mozilla/5.0 (Windows NT 6.1; WOW64) AppleWebKit/537.36 (KHTML, like Gecko) Chrome/42.0.2311.90 Safari/537.36	\N	2015-04-24 22:43:48.661+05
368	0:0:0:0:0:0:0:1	Mozilla/5.0 (Windows NT 6.1; WOW64) AppleWebKit/537.36 (KHTML, like Gecko) Chrome/42.0.2311.90 Safari/537.36	iamjacke@gmail.com	2015-04-24 22:43:49.95+05
369	0:0:0:0:0:0:0:1	Mozilla/5.0 (Windows NT 6.1; WOW64) AppleWebKit/537.36 (KHTML, like Gecko) Chrome/42.0.2311.90 Safari/537.36	\N	2015-04-25 02:00:06.733+05
370	0:0:0:0:0:0:0:1	Mozilla/5.0 (Windows NT 6.1; WOW64) AppleWebKit/537.36 (KHTML, like Gecko) Chrome/42.0.2311.90 Safari/537.36	iamjacke@gmail.com	2015-04-25 02:00:07.986+05
371	0:0:0:0:0:0:0:1	Mozilla/5.0 (Windows NT 6.1; WOW64) AppleWebKit/537.36 (KHTML, like Gecko) Chrome/42.0.2311.90 Safari/537.36	\N	2015-04-26 02:59:30.073+05
372	0:0:0:0:0:0:0:1	Mozilla/5.0 (Windows NT 6.1; WOW64) AppleWebKit/537.36 (KHTML, like Gecko) Chrome/42.0.2311.90 Safari/537.36	iamjacke@gmail.com	2015-04-26 02:59:31.909+05
373	0:0:0:0:0:0:0:1	Mozilla/5.0 (Windows NT 6.1; WOW64) AppleWebKit/537.36 (KHTML, like Gecko) Chrome/42.0.2311.90 Safari/537.36	\N	2015-04-26 15:24:32.817+05
374	0:0:0:0:0:0:0:1	Mozilla/5.0 (Windows NT 6.1; WOW64) AppleWebKit/537.36 (KHTML, like Gecko) Chrome/42.0.2311.90 Safari/537.36	iamjacke@gmail.com	2015-04-26 15:24:33.827+05
375	0:0:0:0:0:0:0:1	Mozilla/5.0 (Windows NT 6.1; WOW64) AppleWebKit/537.36 (KHTML, like Gecko) Chrome/42.0.2311.90 Safari/537.36	\N	2015-04-26 17:38:08.198+05
376	0:0:0:0:0:0:0:1	Mozilla/5.0 (Windows NT 6.1; WOW64) AppleWebKit/537.36 (KHTML, like Gecko) Chrome/42.0.2311.90 Safari/537.36	\N	2015-04-26 17:38:36.092+05
377	0:0:0:0:0:0:0:1	Mozilla/5.0 (Windows NT 6.1; WOW64) AppleWebKit/537.36 (KHTML, like Gecko) Chrome/42.0.2311.90 Safari/537.36	iamjacke@gmail.com	2015-04-26 17:38:36.991+05
378	127.0.0.1		\N	2015-04-28 02:29:54.426+05
379	127.0.0.1		B.Ph@example.com	2015-04-28 02:29:56.345+05
380	0:0:0:0:0:0:0:1	Mozilla/5.0 (Windows NT 6.1; WOW64) AppleWebKit/537.36 (KHTML, like Gecko) Chrome/42.0.2311.90 Safari/537.36	\N	2015-04-28 02:45:38.889+05
381	0:0:0:0:0:0:0:1	Mozilla/5.0 (Windows NT 6.1; WOW64) AppleWebKit/537.36 (KHTML, like Gecko) Chrome/42.0.2311.90 Safari/537.36	iamjacke@gmail.com	2015-04-28 02:45:40.581+05
383	127.0.0.1		W.Mzxfzod@example.com	2015-04-28 19:50:23.642+05
384	127.0.0.1		\N	2015-04-28 19:55:04.25+05
385	127.0.0.1		L.Btucabz@example.com	2015-04-28 19:55:05.376+05
386	127.0.0.1		\N	2015-04-28 19:57:29.61+05
387	127.0.0.1		H.Ci@example.com	2015-04-28 19:57:31.658+05
388	127.0.0.1		\N	2015-04-28 20:08:50.94+05
389	127.0.0.1		K.La@example.com	2015-04-28 20:09:00+05
390	127.0.0.1		\N	2015-04-28 20:12:16.901+05
391	127.0.0.1		Z.Cnzjxooh@example.com	2015-04-28 20:12:20.951+05
392	127.0.0.1		\N	2015-04-28 20:14:54.668+05
393	127.0.0.1		G.Izuymc@example.com	2015-04-28 20:14:58.132+05
394	127.0.0.1		\N	2015-04-28 20:27:03.931+05
395	127.0.0.1		W.Ffk@example.com	2015-04-28 20:27:06.356+05
396	127.0.0.1		\N	2015-04-28 20:38:03.88+05
397	127.0.0.1		R.Peht@example.com	2015-04-28 20:38:04.709+05
398	127.0.0.1		\N	2015-04-28 20:46:30.023+05
399	127.0.0.1		N.As@example.com	2015-04-28 20:46:32.117+05
400	127.0.0.1		\N	2015-04-28 21:14:31.688+05
401	127.0.0.1		B.Olxxo@example.com	2015-04-28 21:14:33.841+05
402	127.0.0.1		\N	2015-04-28 21:25:14.113+05
403	127.0.0.1		O.Qekwxza@example.com	2015-04-28 21:25:15.097+05
404	127.0.0.1		\N	2015-04-28 21:29:12.759+05
405	127.0.0.1		X.Rrwydyywt@example.com	2015-04-28 21:29:13.545+05
406	127.0.0.1		\N	2015-04-28 21:31:07.256+05
407	127.0.0.1		A.Vbmgt@example.com	2015-04-28 21:31:07.888+05
408	127.0.0.1		\N	2015-04-28 21:41:21.025+05
409	127.0.0.1		D.Eaochlbaw@example.com	2015-04-28 21:41:22.062+05
410	0:0:0:0:0:0:0:1	Mozilla/5.0 (Windows NT 6.1; WOW64) AppleWebKit/537.36 (KHTML, like Gecko) Chrome/42.0.2311.90 Safari/537.36	\N	2015-04-28 23:13:58.962+05
411	0:0:0:0:0:0:0:1	Mozilla/5.0 (Windows NT 6.1; WOW64) AppleWebKit/537.36 (KHTML, like Gecko) Chrome/42.0.2311.90 Safari/537.36	iamjacke@gmail.com	2015-04-28 23:14:00.216+05
412	127.0.0.1	Mozilla/5.0 (Windows NT 6.1; WOW64) AppleWebKit/537.36 (KHTML, like Gecko) Chrome/42.0.2311.90 Safari/537.36	\N	2015-05-03 05:49:17.122+05
413	127.0.0.1	Mozilla/5.0 (Windows NT 6.1; WOW64) AppleWebKit/537.36 (KHTML, like Gecko) Chrome/42.0.2311.90 Safari/537.36	iamjacke@gmail.com	2015-05-03 05:49:20.083+05
414	0:0:0:0:0:0:0:1	Mozilla/5.0 (Windows NT 6.1; WOW64) AppleWebKit/537.36 (KHTML, like Gecko) Chrome/42.0.2311.90 Safari/537.36	\N	2015-05-03 05:59:49.81+05
415	0:0:0:0:0:0:0:1	Mozilla/5.0 (Windows NT 6.1; WOW64) AppleWebKit/537.36 (KHTML, like Gecko) Chrome/42.0.2311.90 Safari/537.36	iamjacke@gmail.com	2015-05-03 05:59:50.85+05
416	0:0:0:0:0:0:0:1	Mozilla/5.0 (Windows NT 6.1; WOW64) AppleWebKit/537.36 (KHTML, like Gecko) Chrome/42.0.2311.90 Safari/537.36	\N	2015-05-03 06:02:45.154+05
417	0:0:0:0:0:0:0:1	Mozilla/5.0 (Windows NT 6.1; WOW64) AppleWebKit/537.36 (KHTML, like Gecko) Chrome/42.0.2311.90 Safari/537.36	iamjacke@gmail.com	2015-05-03 06:02:46.424+05
418	127.0.0.1	Mozilla/5.0 (Windows NT 6.1; WOW64) AppleWebKit/537.36 (KHTML, like Gecko) Chrome/42.0.2311.90 Safari/537.36	\N	2015-05-04 02:36:04.371+05
419	127.0.0.1	Mozilla/5.0 (Windows NT 6.1; WOW64) AppleWebKit/537.36 (KHTML, like Gecko) Chrome/42.0.2311.90 Safari/537.36	iamjacke@gmail.com	2015-05-04 02:36:07.106+05
420	0:0:0:0:0:0:0:1	Mozilla/5.0 (Windows NT 6.1; WOW64) AppleWebKit/537.36 (KHTML, like Gecko) Chrome/42.0.2311.90 Safari/537.36	\N	2015-05-04 02:52:27.22+05
421	0:0:0:0:0:0:0:1	Mozilla/5.0 (Windows NT 6.1; WOW64) AppleWebKit/537.36 (KHTML, like Gecko) Chrome/42.0.2311.90 Safari/537.36	iamjacke@gmail.com	2015-05-04 02:52:29.529+05
422	0:0:0:0:0:0:0:1	Mozilla/5.0 (Windows NT 6.1; WOW64) AppleWebKit/537.36 (KHTML, like Gecko) Chrome/42.0.2311.135 Safari/537.36	\N	2015-05-04 14:08:15.282+05
423	0:0:0:0:0:0:0:1	Mozilla/5.0 (Windows NT 6.1; WOW64) AppleWebKit/537.36 (KHTML, like Gecko) Chrome/42.0.2311.135 Safari/537.36	iamjacke@gmail.com	2015-05-04 14:08:17.462+05
424	0:0:0:0:0:0:0:1	Mozilla/5.0 (Windows NT 6.1; WOW64) AppleWebKit/537.36 (KHTML, like Gecko) Chrome/42.0.2311.135 Safari/537.36	\N	2015-05-06 19:16:38.408+05
425	0:0:0:0:0:0:0:1	Mozilla/5.0 (Windows NT 6.1; WOW64) AppleWebKit/537.36 (KHTML, like Gecko) Chrome/42.0.2311.135 Safari/537.36	iamjacke@gmail.com	2015-05-06 19:16:39.91+05
426	127.0.0.1	Mozilla/5.0 (Windows NT 6.1; WOW64) AppleWebKit/537.36 (KHTML, like Gecko) Chrome/42.0.2311.135 Safari/537.36	\N	2015-05-06 20:13:42.535+05
427	127.0.0.1	Mozilla/5.0 (Windows NT 6.1; WOW64) AppleWebKit/537.36 (KHTML, like Gecko) Chrome/42.0.2311.135 Safari/537.36	iamjacke@gmail.com	2015-05-06 20:13:43.827+05
428	127.0.0.1	Mozilla/5.0 (Windows NT 6.1; WOW64) AppleWebKit/537.36 (KHTML, like Gecko) Chrome/42.0.2311.135 Safari/537.36	\N	2015-05-07 14:39:02.441+05
429	127.0.0.1	Mozilla/5.0 (Windows NT 6.1; WOW64) AppleWebKit/537.36 (KHTML, like Gecko) Chrome/42.0.2311.135 Safari/537.36	iamjacke@gmail.com	2015-05-07 14:39:04.208+05
430	127.0.0.1	Mozilla/5.0 (Windows NT 6.1; WOW64) AppleWebKit/537.36 (KHTML, like Gecko) Chrome/42.0.2311.135 Safari/537.36	\N	2015-05-08 12:29:05.467+05
431	127.0.0.1	Mozilla/5.0 (Windows NT 6.1; WOW64) AppleWebKit/537.36 (KHTML, like Gecko) Chrome/42.0.2311.135 Safari/537.36	iamjacke@gmail.com	2015-05-08 12:29:07.418+05
432	127.0.0.1	Mozilla/5.0 (Windows NT 6.1; WOW64) AppleWebKit/537.36 (KHTML, like Gecko) Chrome/42.0.2311.135 Safari/537.36	\N	2015-05-09 03:10:37.582+05
433	127.0.0.1	Mozilla/5.0 (Windows NT 6.1; WOW64) AppleWebKit/537.36 (KHTML, like Gecko) Chrome/42.0.2311.135 Safari/537.36	iamjacke@gmail.com	2015-05-09 03:10:38.849+05
434	0:0:0:0:0:0:0:1	Mozilla/5.0 (Windows NT 6.1; WOW64) AppleWebKit/537.36 (KHTML, like Gecko) Chrome/42.0.2311.135 Safari/537.36	\N	2015-05-09 08:14:09.596+05
435	0:0:0:0:0:0:0:1	Mozilla/5.0 (Windows NT 6.1; WOW64) AppleWebKit/537.36 (KHTML, like Gecko) Chrome/42.0.2311.135 Safari/537.36	iamjacke@gmail.com	2015-05-09 08:14:10.761+05
436	127.0.0.1	Mozilla/5.0 (Windows NT 6.1; WOW64) AppleWebKit/537.36 (KHTML, like Gecko) Chrome/42.0.2311.135 Safari/537.36	\N	2015-05-09 22:11:09.081+05
437	127.0.0.1	Mozilla/5.0 (Windows NT 6.1; WOW64) AppleWebKit/537.36 (KHTML, like Gecko) Chrome/42.0.2311.135 Safari/537.36	iamjacke@gmail.com	2015-05-09 22:11:16.951+05
438	0:0:0:0:0:0:0:1	Mozilla/5.0 (Windows NT 6.1; WOW64) AppleWebKit/537.36 (KHTML, like Gecko) Chrome/42.0.2311.135 Safari/537.36	\N	2015-05-09 22:14:22.292+05
439	0:0:0:0:0:0:0:1	Mozilla/5.0 (Windows NT 6.1; WOW64) AppleWebKit/537.36 (KHTML, like Gecko) Chrome/42.0.2311.135 Safari/537.36	iamjacke@gmail.com	2015-05-09 22:14:24.778+05
440	127.0.0.1	Mozilla/5.0 (Windows NT 6.1; WOW64) AppleWebKit/537.36 (KHTML, like Gecko) Chrome/42.0.2311.135 Safari/537.36	\N	2015-05-10 01:22:28.73+05
441	127.0.0.1	Mozilla/5.0 (Windows NT 6.1; WOW64) AppleWebKit/537.36 (KHTML, like Gecko) Chrome/42.0.2311.135 Safari/537.36	iamjacke@gmail.com	2015-05-10 01:22:33.342+05
442	0:0:0:0:0:0:0:1	Mozilla/5.0 (Windows NT 6.1; WOW64) AppleWebKit/537.36 (KHTML, like Gecko) Chrome/42.0.2311.135 Safari/537.36	\N	2015-05-10 02:20:02.16+05
443	0:0:0:0:0:0:0:1	Mozilla/5.0 (Windows NT 6.1; WOW64) AppleWebKit/537.36 (KHTML, like Gecko) Chrome/42.0.2311.135 Safari/537.36	iamjacke@gmail.com	2015-05-10 02:20:08.36+05
444	127.0.0.1	Mozilla/5.0 (Windows NT 6.1; WOW64) AppleWebKit/537.36 (KHTML, like Gecko) Chrome/42.0.2311.135 Safari/537.36	\N	2015-05-10 04:27:42.437+05
445	127.0.0.1	Mozilla/5.0 (Windows NT 6.1; WOW64) AppleWebKit/537.36 (KHTML, like Gecko) Chrome/42.0.2311.135 Safari/537.36	iamjacke@gmail.com	2015-05-10 04:27:47.538+05
446	127.0.0.1	Mozilla/5.0 (Windows NT 6.1; WOW64) AppleWebKit/537.36 (KHTML, like Gecko) Chrome/42.0.2311.135 Safari/537.36	\N	2015-05-10 20:06:48.452+05
447	127.0.0.1	Mozilla/5.0 (Windows NT 6.1; WOW64) AppleWebKit/537.36 (KHTML, like Gecko) Chrome/42.0.2311.135 Safari/537.36	iamjacke@gmail.com	2015-05-10 20:07:00.466+05
448	0:0:0:0:0:0:0:1	Mozilla/5.0 (Windows NT 6.1; WOW64) AppleWebKit/537.36 (KHTML, like Gecko) Chrome/42.0.2311.135 Safari/537.36	\N	2015-05-10 20:12:29.724+05
449	0:0:0:0:0:0:0:1	Mozilla/5.0 (Windows NT 6.1; WOW64) AppleWebKit/537.36 (KHTML, like Gecko) Chrome/42.0.2311.135 Safari/537.36	iamjacke@gmail.com	2015-05-10 20:12:35.559+05
450	0:0:0:0:0:0:0:1	Mozilla/5.0 (Windows NT 6.1; WOW64) AppleWebKit/537.36 (KHTML, like Gecko) Chrome/42.0.2311.135 Safari/537.36	\N	2015-05-12 14:37:08.236+05
451	0:0:0:0:0:0:0:1	Mozilla/5.0 (Windows NT 6.1; WOW64) AppleWebKit/537.36 (KHTML, like Gecko) Chrome/42.0.2311.135 Safari/537.36	iamjacke@gmail.com	2015-05-12 14:37:09.436+05
452	0:0:0:0:0:0:0:1	Mozilla/5.0 (Windows NT 6.1; WOW64) AppleWebKit/537.36 (KHTML, like Gecko) Chrome/42.0.2311.135 Safari/537.36	\N	2015-05-12 15:00:25.873+05
453	0:0:0:0:0:0:0:1	Mozilla/5.0 (Windows NT 6.1; WOW64) AppleWebKit/537.36 (KHTML, like Gecko) Chrome/42.0.2311.135 Safari/537.36	iamjacke@gmail.com	2015-05-12 15:00:27.151+05
454	127.0.0.1	Mozilla/5.0 (Windows NT 6.1; WOW64) AppleWebKit/537.36 (KHTML, like Gecko) Chrome/42.0.2311.135 Safari/537.36	\N	2015-05-12 18:08:47.417+05
455	127.0.0.1	Mozilla/5.0 (Windows NT 6.1; WOW64) AppleWebKit/537.36 (KHTML, like Gecko) Chrome/42.0.2311.135 Safari/537.36	iamjacke@gmail.com	2015-05-12 18:08:48.568+05
456	0:0:0:0:0:0:0:1	Mozilla/5.0 (Windows NT 6.1; WOW64) AppleWebKit/537.36 (KHTML, like Gecko) Chrome/42.0.2311.135 Safari/537.36	\N	2015-05-12 18:47:07.873+05
457	0:0:0:0:0:0:0:1	Mozilla/5.0 (Windows NT 6.1; WOW64) AppleWebKit/537.36 (KHTML, like Gecko) Chrome/42.0.2311.135 Safari/537.36	iamjacke@gmail.com	2015-05-12 18:47:08.773+05
458	0:0:0:0:0:0:0:1	Mozilla/5.0 (Windows NT 6.1; WOW64) AppleWebKit/537.36 (KHTML, like Gecko) Chrome/42.0.2311.135 Safari/537.36	\N	2015-05-13 17:22:24.032+05
459	0:0:0:0:0:0:0:1	Mozilla/5.0 (Windows NT 6.1; WOW64) AppleWebKit/537.36 (KHTML, like Gecko) Chrome/42.0.2311.135 Safari/537.36	iamjacke@gmail.com	2015-05-13 17:22:30.5+05
460	0:0:0:0:0:0:0:1	Mozilla/5.0 (Windows NT 6.1; WOW64) AppleWebKit/537.36 (KHTML, like Gecko) Chrome/42.0.2311.135 Safari/537.36	\N	2015-05-13 17:23:40.609+05
461	0:0:0:0:0:0:0:1	Mozilla/5.0 (Windows NT 6.1; WOW64) AppleWebKit/537.36 (KHTML, like Gecko) Chrome/42.0.2311.135 Safari/537.36	iamjacke@gmail.com	2015-05-13 17:23:41.279+05
462	0:0:0:0:0:0:0:1	Mozilla/5.0 (Windows NT 6.1; WOW64) AppleWebKit/537.36 (KHTML, like Gecko) Chrome/42.0.2311.135 Safari/537.36	\N	2015-05-13 17:24:09.837+05
463	0:0:0:0:0:0:0:1	Mozilla/5.0 (Windows NT 6.1; WOW64) AppleWebKit/537.36 (KHTML, like Gecko) Chrome/42.0.2311.135 Safari/537.36	iamjacke@gmail.com	2015-05-13 17:24:10.47+05
464	0:0:0:0:0:0:0:1	Mozilla/5.0 (Windows NT 6.1; WOW64) AppleWebKit/537.36 (KHTML, like Gecko) Chrome/42.0.2311.135 Safari/537.36	\N	2015-05-13 17:26:11.917+05
465	0:0:0:0:0:0:0:1	Mozilla/5.0 (Windows NT 6.1; WOW64) AppleWebKit/537.36 (KHTML, like Gecko) Chrome/42.0.2311.135 Safari/537.36	iamjacke@gmail.com	2015-05-13 17:26:12.647+05
466	0:0:0:0:0:0:0:1	Mozilla/5.0 (Windows NT 6.1; WOW64) AppleWebKit/537.36 (KHTML, like Gecko) Chrome/42.0.2311.135 Safari/537.36	\N	2015-05-13 17:27:02.753+05
467	0:0:0:0:0:0:0:1	Mozilla/5.0 (Windows NT 6.1; WOW64) AppleWebKit/537.36 (KHTML, like Gecko) Chrome/42.0.2311.135 Safari/537.36	iamjacke@gmail.com	2015-05-13 17:27:03.186+05
468	0:0:0:0:0:0:0:1	Mozilla/5.0 (Windows NT 6.1; WOW64) AppleWebKit/537.36 (KHTML, like Gecko) Chrome/42.0.2311.135 Safari/537.36	\N	2015-05-13 17:46:24.611+05
469	0:0:0:0:0:0:0:1	Mozilla/5.0 (Windows NT 6.1; WOW64) AppleWebKit/537.36 (KHTML, like Gecko) Chrome/42.0.2311.135 Safari/537.36	iamjacke@gmail.com	2015-05-13 17:46:25.404+05
470	0:0:0:0:0:0:0:1	Mozilla/5.0 (Windows NT 6.1; WOW64) AppleWebKit/537.36 (KHTML, like Gecko) Chrome/42.0.2311.135 Safari/537.36	\N	2015-05-13 18:06:15.324+05
471	0:0:0:0:0:0:0:1	Mozilla/5.0 (Windows NT 6.1; WOW64) AppleWebKit/537.36 (KHTML, like Gecko) Chrome/42.0.2311.135 Safari/537.36	iamjacke@gmail.com	2015-05-13 18:06:16.888+05
472	0:0:0:0:0:0:0:1	Mozilla/5.0 (Windows NT 6.1; WOW64) AppleWebKit/537.36 (KHTML, like Gecko) Chrome/42.0.2311.135 Safari/537.36	\N	2015-05-14 07:08:11.332+05
473	0:0:0:0:0:0:0:1	Mozilla/5.0 (Windows NT 6.1; WOW64) AppleWebKit/537.36 (KHTML, like Gecko) Chrome/42.0.2311.135 Safari/537.36	iamjacke@gmail.com	2015-05-14 07:08:12.817+05
474	0:0:0:0:0:0:0:1	Mozilla/5.0 (Windows NT 6.1; WOW64) AppleWebKit/537.36 (KHTML, like Gecko) Chrome/42.0.2311.135 Safari/537.36	\N	2015-05-14 21:50:29.389+05
475	0:0:0:0:0:0:0:1	Mozilla/5.0 (Windows NT 6.1; WOW64) AppleWebKit/537.36 (KHTML, like Gecko) Chrome/42.0.2311.135 Safari/537.36	iamjacke@gmail.com	2015-05-14 21:50:31.047+05
476	0:0:0:0:0:0:0:1	Mozilla/5.0 (Windows NT 6.1; WOW64) AppleWebKit/537.36 (KHTML, like Gecko) Chrome/42.0.2311.135 Safari/537.36	\N	2015-05-15 13:05:40.624+05
477	0:0:0:0:0:0:0:1	Mozilla/5.0 (Windows NT 6.1; WOW64) AppleWebKit/537.36 (KHTML, like Gecko) Chrome/42.0.2311.135 Safari/537.36	iamjacke@gmail.com	2015-05-15 13:05:41.975+05
478	0:0:0:0:0:0:0:1	Mozilla/5.0 (Windows NT 6.1; WOW64) AppleWebKit/537.36 (KHTML, like Gecko) Chrome/42.0.2311.135 Safari/537.36	\N	2015-05-16 05:30:52.723+05
479	0:0:0:0:0:0:0:1	Mozilla/5.0 (Windows NT 6.1; WOW64) AppleWebKit/537.36 (KHTML, like Gecko) Chrome/42.0.2311.135 Safari/537.36	iamjacke@gmail.com	2015-05-16 05:30:54.11+05
480	0:0:0:0:0:0:0:1	Mozilla/5.0 (Windows NT 6.1; WOW64) AppleWebKit/537.36 (KHTML, like Gecko) Chrome/42.0.2311.135 Safari/537.36	\N	2015-05-16 23:27:00.424+05
481	0:0:0:0:0:0:0:1	Mozilla/5.0 (Windows NT 6.1; WOW64) AppleWebKit/537.36 (KHTML, like Gecko) Chrome/42.0.2311.135 Safari/537.36	iamjacke@gmail.com	2015-05-16 23:27:02.965+05
482	0:0:0:0:0:0:0:1	Mozilla/5.0 (Windows NT 6.1; WOW64) AppleWebKit/537.36 (KHTML, like Gecko) Chrome/42.0.2311.135 Safari/537.36	\N	2015-05-17 13:49:01.082+05
483	0:0:0:0:0:0:0:1	Mozilla/5.0 (Windows NT 6.1; WOW64) AppleWebKit/537.36 (KHTML, like Gecko) Chrome/42.0.2311.135 Safari/537.36	iamjacke@gmail.com	2015-05-17 13:49:02.299+05
484	0:0:0:0:0:0:0:1	Mozilla/5.0 (Windows NT 6.1; WOW64) AppleWebKit/537.36 (KHTML, like Gecko) Chrome/42.0.2311.135 Safari/537.36	\N	2015-05-18 05:20:24.65+05
485	0:0:0:0:0:0:0:1	Mozilla/5.0 (Windows NT 6.1; WOW64) AppleWebKit/537.36 (KHTML, like Gecko) Chrome/42.0.2311.135 Safari/537.36	iamjacke@gmail.com	2015-05-18 05:20:26.158+05
486	0:0:0:0:0:0:0:1	Mozilla/5.0 (Windows NT 6.1; WOW64) AppleWebKit/537.36 (KHTML, like Gecko) Chrome/42.0.2311.152 Safari/537.36	\N	2015-05-18 16:53:43.46+05
487	0:0:0:0:0:0:0:1	Mozilla/5.0 (Windows NT 6.1; WOW64) AppleWebKit/537.36 (KHTML, like Gecko) Chrome/42.0.2311.152 Safari/537.36	iamjacke@gmail.com	2015-05-18 16:53:44.839+05
488	127.0.0.1	Mozilla/5.0 (Windows NT 6.1; WOW64) AppleWebKit/537.36 (KHTML, like Gecko) Chrome/42.0.2311.152 Safari/537.36	\N	2015-05-20 02:45:03.056+05
489	127.0.0.1	Mozilla/5.0 (Windows NT 6.1; WOW64) AppleWebKit/537.36 (KHTML, like Gecko) Chrome/42.0.2311.152 Safari/537.36	iamjacke@gmail.com	2015-05-20 02:45:04.886+05
490	127.0.0.1	Mozilla/5.0 (Windows NT 6.1; WOW64) AppleWebKit/537.36 (KHTML, like Gecko) Chrome/42.0.2311.152 Safari/537.36	\N	2015-05-20 03:30:29.479+05
491	127.0.0.1	Mozilla/5.0 (Windows NT 6.1; WOW64) AppleWebKit/537.36 (KHTML, like Gecko) Chrome/42.0.2311.152 Safari/537.36	iamjacke@gmail.com	2015-05-20 03:30:31.243+05
492	127.0.0.1	Mozilla/5.0 (Windows NT 6.1; WOW64) AppleWebKit/537.36 (KHTML, like Gecko) Chrome/42.0.2311.152 Safari/537.36	\N	2015-05-20 03:48:24.401+05
493	127.0.0.1	Mozilla/5.0 (Windows NT 6.1; WOW64) AppleWebKit/537.36 (KHTML, like Gecko) Chrome/42.0.2311.152 Safari/537.36	iamjacke@gmail.com	2015-05-20 03:48:26.139+05
494	127.0.0.1	Mozilla/5.0 (Windows NT 6.1; WOW64) AppleWebKit/537.36 (KHTML, like Gecko) Chrome/42.0.2311.152 Safari/537.36	\N	2015-05-20 05:30:35.606+05
495	127.0.0.1	Mozilla/5.0 (Windows NT 6.1; WOW64) AppleWebKit/537.36 (KHTML, like Gecko) Chrome/42.0.2311.152 Safari/537.36	iamjacke@gmail.com	2015-05-20 05:30:37.043+05
496	127.0.0.1	Mozilla/5.0 (Windows NT 6.1; WOW64) AppleWebKit/537.36 (KHTML, like Gecko) Chrome/42.0.2311.152 Safari/537.36	\N	2015-05-20 13:09:59.105+05
497	127.0.0.1	Mozilla/5.0 (Windows NT 6.1; WOW64) AppleWebKit/537.36 (KHTML, like Gecko) Chrome/42.0.2311.152 Safari/537.36	iamjacke@gmail.com	2015-05-20 13:10:00.596+05
498	0:0:0:0:0:0:0:1	Mozilla/5.0 (Windows NT 6.1; WOW64) AppleWebKit/537.36 (KHTML, like Gecko) Chrome/42.0.2311.152 Safari/537.36	\N	2015-05-20 17:16:59.454+05
499	0:0:0:0:0:0:0:1	Mozilla/5.0 (Windows NT 6.1; WOW64) AppleWebKit/537.36 (KHTML, like Gecko) Chrome/42.0.2311.152 Safari/537.36	iamjacke@gmail.com	2015-05-20 17:17:01.142+05
500	127.0.0.1	Mozilla/5.0 (Windows NT 6.1; WOW64) AppleWebKit/537.36 (KHTML, like Gecko) Chrome/42.0.2311.152 Safari/537.36	\N	2015-05-20 20:52:37.823+05
501	127.0.0.1	Mozilla/5.0 (Windows NT 6.1; WOW64) AppleWebKit/537.36 (KHTML, like Gecko) Chrome/42.0.2311.152 Safari/537.36	iamjacke@gmail.com	2015-05-20 20:52:39.874+05
502	127.0.0.1	Mozilla/5.0 (Windows NT 6.1; WOW64) AppleWebKit/537.36 (KHTML, like Gecko) Chrome/42.0.2311.152 Safari/537.36	\N	2015-05-21 11:56:08.525+05
503	127.0.0.1	Mozilla/5.0 (Windows NT 6.1; WOW64) AppleWebKit/537.36 (KHTML, like Gecko) Chrome/42.0.2311.152 Safari/537.36	iamjacke@gmail.com	2015-05-21 11:56:10.355+05
504	127.0.0.1	Mozilla/5.0 (Windows NT 6.1; WOW64) AppleWebKit/537.36 (KHTML, like Gecko) Chrome/42.0.2311.152 Safari/537.36	\N	2015-05-22 16:00:17.097+05
505	127.0.0.1	Mozilla/5.0 (Windows NT 6.1; WOW64) AppleWebKit/537.36 (KHTML, like Gecko) Chrome/42.0.2311.152 Safari/537.36	iamjacke@gmail.com	2015-05-22 16:00:19.487+05
506	127.0.0.1	Mozilla/5.0 (Windows NT 6.1; WOW64) AppleWebKit/537.36 (KHTML, like Gecko) Chrome/42.0.2311.152 Safari/537.36	\N	2015-05-23 09:55:24.18+05
507	127.0.0.1	Mozilla/5.0 (Windows NT 6.1; WOW64) AppleWebKit/537.36 (KHTML, like Gecko) Chrome/42.0.2311.152 Safari/537.36	iamjacke@gmail.com	2015-05-23 09:55:26.924+05
508	127.0.0.1	Mozilla/5.0 (Windows NT 6.1; WOW64) AppleWebKit/537.36 (KHTML, like Gecko) Chrome/42.0.2311.152 Safari/537.36	\N	2015-05-23 12:41:51.81+05
509	127.0.0.1	Mozilla/5.0 (Windows NT 6.1; WOW64) AppleWebKit/537.36 (KHTML, like Gecko) Chrome/42.0.2311.152 Safari/537.36	iamjacke@gmail.com	2015-05-23 12:41:58.619+05
510	127.0.0.1	Mozilla/5.0 (Windows NT 6.1; WOW64) AppleWebKit/537.36 (KHTML, like Gecko) Chrome/42.0.2311.152 Safari/537.36	\N	2015-05-25 22:49:35.274+05
511	127.0.0.1	Mozilla/5.0 (Windows NT 6.1; WOW64) AppleWebKit/537.36 (KHTML, like Gecko) Chrome/42.0.2311.152 Safari/537.36	iamjacke@gmail.com	2015-05-25 22:49:37.923+05
512	127.0.0.1	Mozilla/5.0 (Windows NT 6.1; WOW64) AppleWebKit/537.36 (KHTML, like Gecko) Chrome/42.0.2311.152 Safari/537.36	\N	2015-05-28 09:30:47.919+05
513	127.0.0.1	Mozilla/5.0 (Windows NT 6.1; WOW64) AppleWebKit/537.36 (KHTML, like Gecko) Chrome/42.0.2311.152 Safari/537.36	iamjacke@gmail.com	2015-05-28 09:30:49.595+05
514	127.0.0.1	Mozilla/5.0 (Windows NT 6.1; WOW64) AppleWebKit/537.36 (KHTML, like Gecko) Chrome/42.0.2311.152 Safari/537.36	\N	2015-05-29 07:15:15.856+05
515	127.0.0.1	Mozilla/5.0 (Windows NT 6.1; WOW64) AppleWebKit/537.36 (KHTML, like Gecko) Chrome/42.0.2311.152 Safari/537.36	iamjacke@gmail.com	2015-05-29 07:15:17.699+05
516	127.0.0.1	Mozilla/5.0 (Windows NT 6.1; WOW64) AppleWebKit/537.36 (KHTML, like Gecko) Chrome/42.0.2311.152 Safari/537.36	\N	2015-05-29 08:24:26.269+05
517	127.0.0.1	Mozilla/5.0 (Windows NT 6.1; WOW64) AppleWebKit/537.36 (KHTML, like Gecko) Chrome/42.0.2311.152 Safari/537.36	test1@minorityapp.com	2015-05-29 08:24:27.584+05
518	127.0.0.1	Mozilla/5.0 (Windows NT 6.1; WOW64) AppleWebKit/537.36 (KHTML, like Gecko) Chrome/42.0.2311.152 Safari/537.36	\N	2015-05-29 11:06:29.989+05
519	127.0.0.1	Mozilla/5.0 (Windows NT 6.1; WOW64) AppleWebKit/537.36 (KHTML, like Gecko) Chrome/42.0.2311.152 Safari/537.36	test1@minorityapp.com	2015-05-29 11:06:31.651+05
520	127.0.0.1	Mozilla/5.0 (Windows NT 6.1; WOW64) AppleWebKit/537.36 (KHTML, like Gecko) Chrome/42.0.2311.152 Safari/537.36	\N	2015-05-29 11:16:08.409+05
521	127.0.0.1	Mozilla/5.0 (Windows NT 6.1; WOW64) AppleWebKit/537.36 (KHTML, like Gecko) Chrome/42.0.2311.152 Safari/537.36	test1@minorityapp.com	2015-05-29 11:16:09.631+05
522	127.0.0.1	Mozilla/5.0 (Windows NT 6.1; WOW64) AppleWebKit/537.36 (KHTML, like Gecko) Chrome/43.0.2357.81 Safari/537.36	\N	2015-05-29 14:12:00.498+05
523	127.0.0.1	Mozilla/5.0 (Windows NT 6.1; WOW64) AppleWebKit/537.36 (KHTML, like Gecko) Chrome/43.0.2357.81 Safari/537.36	iamjacke@gmail.com	2015-05-29 14:12:02.591+05
524	127.0.0.1	Mozilla/5.0 (Windows NT 6.1; WOW64) AppleWebKit/537.36 (KHTML, like Gecko) Chrome/43.0.2357.81 Safari/537.36	\N	2015-05-29 15:56:21.706+05
525	127.0.0.1	Mozilla/5.0 (Windows NT 6.1; WOW64) AppleWebKit/537.36 (KHTML, like Gecko) Chrome/43.0.2357.81 Safari/537.36	test1@minorityapp.com	2015-05-29 15:56:23.005+05
526	192.168.1.102	Mozilla/5.0 (Macintosh; Intel Mac OS X 10_10_1) AppleWebKit/537.36 (KHTML, like Gecko) Chrome/39.0.2171.71 Safari/537.36	\N	2015-05-29 16:32:15.801+05
527	192.168.1.102	Mozilla/5.0 (Macintosh; Intel Mac OS X 10_10_1) AppleWebKit/537.36 (KHTML, like Gecko) Chrome/39.0.2171.71 Safari/537.36	iamjacke@gmail.com	2015-05-29 16:32:17.98+05
528	192.168.1.102	Mozilla/5.0 (Macintosh; Intel Mac OS X 10_10_1) AppleWebKit/537.36 (KHTML, like Gecko) Chrome/39.0.2171.71 Safari/537.36	\N	2015-05-29 16:34:51.939+05
529	192.168.1.102	Mozilla/5.0 (Macintosh; Intel Mac OS X 10_10_1) AppleWebKit/537.36 (KHTML, like Gecko) Chrome/39.0.2171.71 Safari/537.36	iamjacke@gmail.com	2015-05-29 16:34:52.396+05
530	192.168.1.101	Mozilla/5.0 (Macintosh; Intel Mac OS X 10_10_1) AppleWebKit/537.36 (KHTML, like Gecko) Chrome/39.0.2171.71 Safari/537.36	\N	2015-05-29 16:42:40.722+05
531	192.168.1.101	Mozilla/5.0 (Macintosh; Intel Mac OS X 10_10_1) AppleWebKit/537.36 (KHTML, like Gecko) Chrome/39.0.2171.71 Safari/537.36	\N	2015-05-29 16:42:40.899+05
532	192.168.1.101	Mozilla/5.0 (Macintosh; Intel Mac OS X 10_10_1) AppleWebKit/537.36 (KHTML, like Gecko) Chrome/39.0.2171.71 Safari/537.36	\N	2015-05-29 16:42:44.89+05
533	192.168.1.101	Mozilla/5.0 (Macintosh; Intel Mac OS X 10_10_1) AppleWebKit/537.36 (KHTML, like Gecko) Chrome/39.0.2171.71 Safari/537.36	iamjacke@gmail.com	2015-05-29 16:42:45.492+05
534	192.168.1.101	Mozilla/5.0 (Windows NT 6.1; WOW64) AppleWebKit/537.36 (KHTML, like Gecko) Chrome/43.0.2357.81 Safari/537.36	\N	2015-05-29 16:49:44.238+05
535	192.168.1.101	Mozilla/5.0 (Windows NT 6.1; WOW64) AppleWebKit/537.36 (KHTML, like Gecko) Chrome/43.0.2357.81 Safari/537.36	test1@minorityapp.com	2015-05-29 16:49:44.914+05
536	192.168.1.101	Mozilla/5.0 (Windows NT 6.1; WOW64) AppleWebKit/537.36 (KHTML, like Gecko) Chrome/43.0.2357.81 Safari/537.36	\N	2015-05-29 16:56:44.675+05
537	192.168.1.101	Mozilla/5.0 (Windows NT 6.1; WOW64) AppleWebKit/537.36 (KHTML, like Gecko) Chrome/43.0.2357.81 Safari/537.36	iamjacke@gmail.com	2015-05-29 16:56:45.276+05
538	192.168.1.100	Mozilla/5.0 (Windows NT 6.1; WOW64) AppleWebKit/537.36 (KHTML, like Gecko) Chrome/43.0.2357.81 Safari/537.36	\N	2015-05-29 19:40:51.257+05
539	192.168.1.100	Mozilla/5.0 (Windows NT 6.1; WOW64) AppleWebKit/537.36 (KHTML, like Gecko) Chrome/43.0.2357.81 Safari/537.36	iamjacke@gmail.com	2015-05-29 19:40:53.283+05
540	192.168.1.100	Mozilla/5.0 (Windows NT 6.1; WOW64) AppleWebKit/537.36 (KHTML, like Gecko) Chrome/43.0.2357.81 Safari/537.36	\N	2015-05-29 19:55:04.802+05
541	192.168.1.100	Mozilla/5.0 (Windows NT 6.1; WOW64) AppleWebKit/537.36 (KHTML, like Gecko) Chrome/43.0.2357.81 Safari/537.36	iamjacke@gmail.com	2015-05-29 19:55:06.743+05
542	192.168.1.100	Mozilla/5.0 (Windows NT 6.1; WOW64) AppleWebKit/537.36 (KHTML, like Gecko) Chrome/43.0.2357.81 Safari/537.36	\N	2015-05-30 12:04:35.575+05
543	192.168.1.100	Mozilla/5.0 (Windows NT 6.1; WOW64) AppleWebKit/537.36 (KHTML, like Gecko) Chrome/43.0.2357.81 Safari/537.36	iamjacke@gmail.com	2015-05-30 12:04:37.501+05
544	192.168.1.100	Mozilla/5.0 (Windows NT 6.1; WOW64) AppleWebKit/537.36 (KHTML, like Gecko) Chrome/43.0.2357.81 Safari/537.36	\N	2015-05-31 02:33:02.417+05
545	192.168.1.100	Mozilla/5.0 (Windows NT 6.1; WOW64) AppleWebKit/537.36 (KHTML, like Gecko) Chrome/43.0.2357.81 Safari/537.36	iamjacke@gmail.com	2015-05-31 02:33:05.13+05
546	192.168.1.100	Mozilla/5.0 (Windows NT 6.1; WOW64) AppleWebKit/537.36 (KHTML, like Gecko) Chrome/43.0.2357.81 Safari/537.36	\N	2015-05-31 21:55:52.155+05
547	192.168.1.100	Mozilla/5.0 (Windows NT 6.1; WOW64) AppleWebKit/537.36 (KHTML, like Gecko) Chrome/43.0.2357.81 Safari/537.36	iamjacke@gmail.com	2015-05-31 21:55:54.711+05
548	192.168.1.100	Mozilla/5.0 (Windows NT 6.1; WOW64) AppleWebKit/537.36 (KHTML, like Gecko) Chrome/43.0.2357.81 Safari/537.36	\N	2015-06-01 12:19:30.055+05
549	192.168.1.100	Mozilla/5.0 (Windows NT 6.1; WOW64) AppleWebKit/537.36 (KHTML, like Gecko) Chrome/43.0.2357.81 Safari/537.36	iamjacke@gmail.com	2015-06-01 12:19:32.552+05
550	192.168.1.100	Mozilla/5.0 (Windows NT 6.1; WOW64) AppleWebKit/537.36 (KHTML, like Gecko) Chrome/43.0.2357.81 Safari/537.36	\N	2015-06-02 01:01:49.875+05
551	192.168.1.100	Mozilla/5.0 (Windows NT 6.1; WOW64) AppleWebKit/537.36 (KHTML, like Gecko) Chrome/43.0.2357.81 Safari/537.36	iamjacke@gmail.com	2015-06-02 01:01:51.623+05
552	192.168.1.100	Mozilla/5.0 (Windows NT 6.1; WOW64) AppleWebKit/537.36 (KHTML, like Gecko) Chrome/43.0.2357.81 Safari/537.36	\N	2015-06-03 12:53:35.194+05
553	192.168.1.100	Mozilla/5.0 (Windows NT 6.1; WOW64) AppleWebKit/537.36 (KHTML, like Gecko) Chrome/43.0.2357.81 Safari/537.36	iamjacke@gmail.com	2015-06-03 12:53:37.648+05
554	192.168.1.100	Mozilla/5.0 (Windows NT 6.1; WOW64) AppleWebKit/537.36 (KHTML, like Gecko) Chrome/43.0.2357.81 Safari/537.36	\N	2015-06-05 07:05:14.831+05
555	192.168.1.100	Mozilla/5.0 (Windows NT 6.1; WOW64) AppleWebKit/537.36 (KHTML, like Gecko) Chrome/43.0.2357.81 Safari/537.36	iamjacke@gmail.com	2015-06-05 07:05:19.119+05
556	192.168.1.100	Mozilla/5.0 (Windows NT 6.1; WOW64) AppleWebKit/537.36 (KHTML, like Gecko) Chrome/43.0.2357.81 Safari/537.36	\N	2015-06-05 08:56:05.788+05
557	192.168.1.100	Mozilla/5.0 (Windows NT 6.1; WOW64) AppleWebKit/537.36 (KHTML, like Gecko) Chrome/43.0.2357.81 Safari/537.36	iamjacke@gmail.com	2015-06-05 08:56:08.132+05
558	192.168.1.100	Mozilla/5.0 (Windows NT 6.1; WOW64) AppleWebKit/537.36 (KHTML, like Gecko) Chrome/43.0.2357.81 Safari/537.36	\N	2015-06-05 21:36:42.68+05
559	192.168.1.100	Mozilla/5.0 (Windows NT 6.1; WOW64) AppleWebKit/537.36 (KHTML, like Gecko) Chrome/43.0.2357.81 Safari/537.36	iamjacke@gmail.com	2015-06-05 21:36:47.847+05
560	192.168.1.100	Mozilla/5.0 (Windows NT 6.1; WOW64) AppleWebKit/537.36 (KHTML, like Gecko) Chrome/43.0.2357.81 Safari/537.36	\N	2015-06-06 05:20:00.223+05
561	192.168.1.100	Mozilla/5.0 (Windows NT 6.1; WOW64) AppleWebKit/537.36 (KHTML, like Gecko) Chrome/43.0.2357.81 Safari/537.36	iamjacke@gmail.com	2015-06-06 05:20:02.545+05
562	192.168.1.100	Mozilla/5.0 (Windows NT 6.1; WOW64) AppleWebKit/537.36 (KHTML, like Gecko) Chrome/43.0.2357.81 Safari/537.36	\N	2015-06-06 05:29:27.349+05
563	192.168.1.100	Mozilla/5.0 (Windows NT 6.1; WOW64) AppleWebKit/537.36 (KHTML, like Gecko) Chrome/43.0.2357.81 Safari/537.36	iamjacke@gmail.com	2015-06-06 05:29:29.43+05
564	192.168.1.100	Mozilla/5.0 (Windows NT 6.1; WOW64) AppleWebKit/537.36 (KHTML, like Gecko) Chrome/43.0.2357.81 Safari/537.36	\N	2015-06-06 05:31:18.126+05
565	192.168.1.100	Mozilla/5.0 (Windows NT 6.1; WOW64) AppleWebKit/537.36 (KHTML, like Gecko) Chrome/43.0.2357.81 Safari/537.36	iamjacke@gmail.com	2015-06-06 05:31:19.441+05
566	192.168.1.100	Mozilla/5.0 (Windows NT 6.1; WOW64) AppleWebKit/537.36 (KHTML, like Gecko) Chrome/43.0.2357.81 Safari/537.36	\N	2015-06-06 05:49:04.56+05
567	192.168.1.100	Mozilla/5.0 (Windows NT 6.1; WOW64) AppleWebKit/537.36 (KHTML, like Gecko) Chrome/43.0.2357.81 Safari/537.36	iamjacke@gmail.com	2015-06-06 05:49:07.453+05
568	37.113.173.127	Mozilla/5.0 (Windows NT 6.1; WOW64) AppleWebKit/537.36 (KHTML, like Gecko) Chrome/43.0.2357.81 Safari/537.36	\N	2015-06-11 07:11:34.87+05
569	37.113.173.127	Mozilla/5.0 (Windows NT 6.1; WOW64) AppleWebKit/537.36 (KHTML, like Gecko) Chrome/43.0.2357.81 Safari/537.36	iamjacke@gmail.com	2015-06-11 07:11:35.355+05
570	31.207.242.130	Mozilla/5.0 (Windows NT 6.1) AppleWebKit/537.36 (KHTML, like Gecko) Chrome/43.0.2357.81 Safari/537.36 OPR/30.0.1835.52	\N	2015-06-11 08:13:32.452+05
571	31.207.242.130	Mozilla/5.0 (Windows NT 6.1) AppleWebKit/537.36 (KHTML, like Gecko) Chrome/43.0.2357.81 Safari/537.36 OPR/30.0.1835.52	iamjacke@gmail.com	2015-06-11 08:13:32.695+05
572	37.113.173.127	Mozilla/5.0 (Windows NT 6.1; WOW64) AppleWebKit/537.36 (KHTML, like Gecko) Chrome/43.0.2357.124 Safari/537.36	\N	2015-06-11 19:15:23.942+05
573	37.113.173.127	Mozilla/5.0 (Windows NT 6.1; WOW64) AppleWebKit/537.36 (KHTML, like Gecko) Chrome/43.0.2357.124 Safari/537.36	iamjacke@gmail.com	2015-06-11 19:15:24.162+05
574	31.207.242.130	Mozilla/5.0 (Windows NT 6.1) AppleWebKit/537.36 (KHTML, like Gecko) Chrome/43.0.2357.81 Safari/537.36 OPR/30.0.1835.52	\N	2015-06-11 20:52:28.714+05
575	31.207.242.130	Mozilla/5.0 (Windows NT 6.1) AppleWebKit/537.36 (KHTML, like Gecko) Chrome/43.0.2357.81 Safari/537.36 OPR/30.0.1835.52	iamjacke@gmail.com	2015-06-11 20:52:28.926+05
576	31.207.242.130	Mozilla/5.0 (Windows NT 6.1) AppleWebKit/537.36 (KHTML, like Gecko) Chrome/43.0.2357.81 Safari/537.36 OPR/30.0.1835.52	\N	2015-06-11 21:08:44.129+05
577	31.207.242.130	Mozilla/5.0 (Windows NT 6.1) AppleWebKit/537.36 (KHTML, like Gecko) Chrome/43.0.2357.81 Safari/537.36 OPR/30.0.1835.52	testing@minorityapp.com	2015-06-11 21:08:44.669+05
578	37.113.173.127	Mozilla/5.0 (Windows NT 6.1; WOW64) AppleWebKit/537.36 (KHTML, like Gecko) Chrome/43.0.2357.124 Safari/537.36	\N	2015-06-11 21:13:39.849+05
579	37.113.173.127	Mozilla/5.0 (Windows NT 6.1; WOW64) AppleWebKit/537.36 (KHTML, like Gecko) Chrome/43.0.2357.124 Safari/537.36	testing@minorityapp.com	2015-06-11 21:13:40.227+05
580	37.113.173.127	Mozilla/5.0 (Windows NT 6.1; WOW64) AppleWebKit/537.36 (KHTML, like Gecko) Chrome/43.0.2357.124 Safari/537.36	\N	2015-06-17 10:19:34.716+05
581	37.113.173.127	Mozilla/5.0 (Windows NT 6.1; WOW64) AppleWebKit/537.36 (KHTML, like Gecko) Chrome/43.0.2357.124 Safari/537.36	testing@minorityapp.com	2015-06-17 10:19:35.253+05
582	31.207.197.120	Mozilla/5.0 (Windows NT 6.1) AppleWebKit/537.36 (KHTML, like Gecko) Chrome/43.0.2357.81 Safari/537.36 OPR/30.0.1835.59	\N	2015-06-18 02:55:53.826+05
583	31.207.197.120	Mozilla/5.0 (Windows NT 6.1) AppleWebKit/537.36 (KHTML, like Gecko) Chrome/43.0.2357.81 Safari/537.36 OPR/30.0.1835.59	testing@minorityapp.com	2015-06-18 02:55:54.283+05
584	31.207.249.243	Mozilla/5.0 (Windows NT 6.1) AppleWebKit/537.36 (KHTML, like Gecko) Chrome/43.0.2357.81 Safari/537.36 OPR/30.0.1835.59	\N	2015-06-18 22:15:11.703+05
585	31.207.249.243	Mozilla/5.0 (Windows NT 6.1) AppleWebKit/537.36 (KHTML, like Gecko) Chrome/43.0.2357.81 Safari/537.36 OPR/30.0.1835.59	testing@minorityapp.com	2015-06-18 22:15:12.163+05
586	37.113.173.127	Mozilla/5.0 (Windows NT 6.1; WOW64) AppleWebKit/537.36 (KHTML, like Gecko) Chrome/43.0.2357.124 Safari/537.36	\N	2015-06-20 04:15:45.723+05
587	37.113.173.127	Mozilla/5.0 (Windows NT 6.1; WOW64) AppleWebKit/537.36 (KHTML, like Gecko) Chrome/43.0.2357.124 Safari/537.36	testing@minorityapp.com	2015-06-20 04:15:46.195+05
588	46.17.251.38	Mozilla/5.0 (Windows NT 6.1; WOW64) AppleWebKit/537.36 (KHTML, like Gecko) Chrome/43.0.2357.81 Safari/537.36 OPR/30.0.1835.59	\N	2015-06-21 18:24:29.141+05
589	46.17.251.38	Mozilla/5.0 (Windows NT 6.1; WOW64) AppleWebKit/537.36 (KHTML, like Gecko) Chrome/43.0.2357.81 Safari/537.36 OPR/30.0.1835.59	testing@minorityapp.com	2015-06-21 18:24:29.668+05
590	31.207.214.103	Mozilla/5.0 (Windows NT 6.1) AppleWebKit/537.36 (KHTML, like Gecko) Chrome/43.0.2357.125 Safari/537.36 OPR/30.0.1835.88	\N	2015-07-08 15:11:21.81+05
591	31.207.214.103	Mozilla/5.0 (Windows NT 6.1) AppleWebKit/537.36 (KHTML, like Gecko) Chrome/43.0.2357.125 Safari/537.36 OPR/30.0.1835.88	testing@minorityapp.com	2015-07-08 15:11:22.298+05
592	103.224.184.4	Mozilla/5.0 (Windows NT 6.3) AppleWebKit/537.36 (KHTML, like Gecko) Chrome/43.0.2357.132 Safari/537.36	\N	2015-07-09 02:02:40.132+05
593	103.224.184.4	Mozilla/5.0 (Windows NT 6.3) AppleWebKit/537.36 (KHTML, like Gecko) Chrome/43.0.2357.132 Safari/537.36	testing@minorityapp.com	2015-07-09 02:02:40.454+05
594	31.207.200.75	Mozilla/5.0 (Windows NT 6.1) AppleWebKit/537.36 (KHTML, like Gecko) Chrome/43.0.2357.130 Safari/537.36 OPR/30.0.1835.125	\N	2015-07-22 20:24:38.699+05
595	31.207.200.75	Mozilla/5.0 (Windows NT 6.1) AppleWebKit/537.36 (KHTML, like Gecko) Chrome/43.0.2357.130 Safari/537.36 OPR/30.0.1835.125	testing@minorityapp.com	2015-07-22 20:24:39.273+05
596	31.207.251.1	Mozilla/5.0 (Windows NT 6.1) AppleWebKit/537.36 (KHTML, like Gecko) Chrome/43.0.2357.130 Safari/537.36 OPR/30.0.1835.125	\N	2015-07-23 09:30:49.446+05
597	31.207.251.1	Mozilla/5.0 (Windows NT 6.1) AppleWebKit/537.36 (KHTML, like Gecko) Chrome/43.0.2357.130 Safari/537.36 OPR/30.0.1835.125	testing@minorityapp.com	2015-07-23 09:30:49.788+05
598	31.207.251.1	Mozilla/5.0 (Windows NT 6.1) AppleWebKit/537.36 (KHTML, like Gecko) Chrome/43.0.2357.130 Safari/537.36 OPR/30.0.1835.125	\N	2015-07-23 09:33:00.135+05
599	31.207.251.1	Mozilla/5.0 (Windows NT 6.1) AppleWebKit/537.36 (KHTML, like Gecko) Chrome/43.0.2357.130 Safari/537.36 OPR/30.0.1835.125	testing@minorityapp.com	2015-07-23 09:33:00.57+05
600	67.169.98.47	Mozilla/5.0 (Macintosh; Intel Mac OS X 10_10_4) AppleWebKit/537.36 (KHTML, like Gecko) Chrome/43.0.2357.134 Safari/537.36	\N	2015-07-23 11:02:55.612+05
601	67.169.98.47	Mozilla/5.0 (Macintosh; Intel Mac OS X 10_10_4) AppleWebKit/537.36 (KHTML, like Gecko) Chrome/43.0.2357.134 Safari/537.36	testing@minorityapp.com	2015-07-23 11:02:56.144+05
602	67.169.98.47	Mozilla/5.0 (Macintosh; Intel Mac OS X 10_10_4) AppleWebKit/537.36 (KHTML, like Gecko) Chrome/43.0.2357.134 Safari/537.36	\N	2015-07-23 11:02:56.471+05
603	67.169.98.47	Mozilla/5.0 (Macintosh; Intel Mac OS X 10_10_4) AppleWebKit/537.36 (KHTML, like Gecko) Chrome/43.0.2357.134 Safari/537.36	testing@minorityapp.com	2015-07-23 11:02:56.86+05
604	31.207.197.235	Mozilla/5.0 (Windows NT 6.1) AppleWebKit/537.36 (KHTML, like Gecko) Chrome/43.0.2357.130 Safari/537.36 OPR/30.0.1835.125	\N	2015-07-24 09:27:43.873+05
605	31.207.197.235	Mozilla/5.0 (Windows NT 6.1) AppleWebKit/537.36 (KHTML, like Gecko) Chrome/43.0.2357.130 Safari/537.36 OPR/30.0.1835.125	testing@minorityapp.com	2015-07-24 09:27:44.363+05
606	31.207.197.235	Mozilla/5.0 (Windows NT 6.1) AppleWebKit/537.36 (KHTML, like Gecko) Chrome/43.0.2357.130 Safari/537.36 OPR/30.0.1835.125	\N	2015-07-24 18:24:32.27+05
607	31.207.197.235	Mozilla/5.0 (Windows NT 6.1) AppleWebKit/537.36 (KHTML, like Gecko) Chrome/43.0.2357.130 Safari/537.36 OPR/30.0.1835.125	testing@minorityapp.com	2015-07-24 18:24:32.62+05
608	31.207.197.235	Mozilla/5.0 (Windows NT 6.1) AppleWebKit/537.36 (KHTML, like Gecko) Chrome/43.0.2357.130 Safari/537.36 OPR/30.0.1835.125	\N	2015-07-24 20:05:41.853+05
609	31.207.197.235	Mozilla/5.0 (Windows NT 6.1) AppleWebKit/537.36 (KHTML, like Gecko) Chrome/43.0.2357.130 Safari/537.36 OPR/30.0.1835.125	testing@minorityapp.com	2015-07-24 20:05:42.169+05
610	31.207.220.209	Mozilla/5.0 (Windows NT 6.1) AppleWebKit/537.36 (KHTML, like Gecko) Chrome/43.0.2357.130 Safari/537.36 OPR/30.0.1835.125	\N	2015-07-25 05:28:42.964+05
611	31.207.220.209	Mozilla/5.0 (Windows NT 6.1) AppleWebKit/537.36 (KHTML, like Gecko) Chrome/43.0.2357.130 Safari/537.36 OPR/30.0.1835.125	testing@minorityapp.com	2015-07-25 05:28:43.357+05
612	31.207.230.80	Mozilla/5.0 (Windows NT 6.1) AppleWebKit/537.36 (KHTML, like Gecko) Chrome/43.0.2357.130 Safari/537.36 OPR/30.0.1835.125	\N	2015-07-25 09:49:16.463+05
613	31.207.230.80	Mozilla/5.0 (Windows NT 6.1) AppleWebKit/537.36 (KHTML, like Gecko) Chrome/43.0.2357.130 Safari/537.36 OPR/30.0.1835.125	testing@minorityapp.com	2015-07-25 09:49:16.791+05
614	31.207.230.80	Mozilla/5.0 (Windows NT 6.1) AppleWebKit/537.36 (KHTML, like Gecko) Chrome/43.0.2357.130 Safari/537.36 OPR/30.0.1835.125	\N	2015-07-25 20:46:37.603+05
615	31.207.230.80	Mozilla/5.0 (Windows NT 6.1) AppleWebKit/537.36 (KHTML, like Gecko) Chrome/43.0.2357.130 Safari/537.36 OPR/30.0.1835.125	testing@minorityapp.com	2015-07-25 20:46:37.901+05
616	67.169.98.47	Mozilla/5.0 (Macintosh; Intel Mac OS X 10_10_4) AppleWebKit/537.36 (KHTML, like Gecko) Chrome/43.0.2357.134 Safari/537.36	\N	2015-07-26 08:54:29.904+05
617	67.169.98.47	Mozilla/5.0 (Macintosh; Intel Mac OS X 10_10_4) AppleWebKit/537.36 (KHTML, like Gecko) Chrome/43.0.2357.134 Safari/537.36	testing@minorityapp.com	2015-07-26 08:54:30.233+05
618	31.207.212.110	Mozilla/5.0 (Windows NT 6.1) AppleWebKit/537.36 (KHTML, like Gecko) Chrome/43.0.2357.130 Safari/537.36 OPR/30.0.1835.125	\N	2015-07-26 09:40:15.479+05
619	31.207.212.110	Mozilla/5.0 (Windows NT 6.1) AppleWebKit/537.36 (KHTML, like Gecko) Chrome/43.0.2357.130 Safari/537.36 OPR/30.0.1835.125	testing@minorityapp.com	2015-07-26 09:40:15.88+05
620	37.113.139.155	Mozilla/5.0 (Windows NT 6.1; WOW64) AppleWebKit/537.36 (KHTML, like Gecko) Chrome/44.0.2403.89 Safari/537.36	\N	2015-07-26 13:47:54.348+05
621	37.113.139.155	Mozilla/5.0 (Windows NT 6.1; WOW64) AppleWebKit/537.36 (KHTML, like Gecko) Chrome/44.0.2403.89 Safari/537.36	testing@minorityapp.com	2015-07-26 13:47:55.174+05
622	31.207.248.167	Mozilla/5.0 (Windows NT 6.1) AppleWebKit/537.36 (KHTML, like Gecko) Chrome/43.0.2357.130 Safari/537.36 OPR/30.0.1835.125	\N	2015-07-27 10:54:32.897+05
623	31.207.248.167	Mozilla/5.0 (Windows NT 6.1) AppleWebKit/537.36 (KHTML, like Gecko) Chrome/43.0.2357.130 Safari/537.36 OPR/30.0.1835.125	testing@minorityapp.com	2015-07-27 10:54:33.393+05
624	31.207.227.6	Mozilla/5.0 (Windows NT 6.1) AppleWebKit/537.36 (KHTML, like Gecko) Chrome/43.0.2357.130 Safari/537.36 OPR/30.0.1835.125	\N	2015-07-28 10:01:00.206+05
625	31.207.227.6	Mozilla/5.0 (Windows NT 6.1) AppleWebKit/537.36 (KHTML, like Gecko) Chrome/43.0.2357.130 Safari/537.36 OPR/30.0.1835.125	testing@minorityapp.com	2015-07-28 10:01:00.535+05
626	31.207.227.6	Mozilla/5.0 (Windows NT 6.1) AppleWebKit/537.36 (KHTML, like Gecko) Chrome/43.0.2357.130 Safari/537.36 OPR/30.0.1835.125	\N	2015-07-28 18:42:25.187+05
627	31.207.227.6	Mozilla/5.0 (Windows NT 6.1) AppleWebKit/537.36 (KHTML, like Gecko) Chrome/43.0.2357.130 Safari/537.36 OPR/30.0.1835.125	testing@minorityapp.com	2015-07-28 18:42:25.504+05
628	31.207.227.6	Mozilla/5.0 (Windows NT 6.1) AppleWebKit/537.36 (KHTML, like Gecko) Chrome/43.0.2357.130 Safari/537.36 OPR/30.0.1835.125	\N	2015-07-29 01:50:54.443+05
629	31.207.227.6	Mozilla/5.0 (Windows NT 6.1) AppleWebKit/537.36 (KHTML, like Gecko) Chrome/43.0.2357.130 Safari/537.36 OPR/30.0.1835.125	testing@minorityapp.com	2015-07-29 01:50:54.772+05
630	37.113.137.158	Mozilla/5.0 (Windows NT 6.1; WOW64) AppleWebKit/537.36 (KHTML, like Gecko) Chrome/44.0.2403.107 Safari/537.36	\N	2015-07-29 04:57:56.769+05
631	37.113.137.158	Mozilla/5.0 (Windows NT 6.1; WOW64) AppleWebKit/537.36 (KHTML, like Gecko) Chrome/44.0.2403.107 Safari/537.36	testing@minorityapp.com	2015-07-29 04:57:57.242+05
632	31.207.230.179	Mozilla/5.0 (Windows NT 6.1) AppleWebKit/537.36 (KHTML, like Gecko) Chrome/43.0.2357.130 Safari/537.36 OPR/30.0.1835.125	\N	2015-07-29 08:54:12.495+05
633	31.207.230.179	Mozilla/5.0 (Windows NT 6.1) AppleWebKit/537.36 (KHTML, like Gecko) Chrome/43.0.2357.130 Safari/537.36 OPR/30.0.1835.125	testing@minorityapp.com	2015-07-29 08:54:12.836+05
634	31.207.230.179	Mozilla/5.0 (Windows NT 6.1) AppleWebKit/537.36 (KHTML, like Gecko) Chrome/43.0.2357.130 Safari/537.36 OPR/30.0.1835.125	\N	2015-07-29 21:32:55.703+05
635	31.207.230.179	Mozilla/5.0 (Windows NT 6.1) AppleWebKit/537.36 (KHTML, like Gecko) Chrome/43.0.2357.130 Safari/537.36 OPR/30.0.1835.125	testing@minorityapp.com	2015-07-29 21:32:56.03+05
636	31.207.206.64	Mozilla/5.0 (Windows NT 6.1) AppleWebKit/537.36 (KHTML, like Gecko) Chrome/43.0.2357.130 Safari/537.36 OPR/30.0.1835.125	\N	2015-07-30 11:03:24.429+05
637	31.207.206.64	Mozilla/5.0 (Windows NT 6.1) AppleWebKit/537.36 (KHTML, like Gecko) Chrome/43.0.2357.130 Safari/537.36 OPR/30.0.1835.125	testing@minorityapp.com	2015-07-30 11:03:24.766+05
638	31.207.206.64	Mozilla/5.0 (Windows NT 6.1) AppleWebKit/537.36 (KHTML, like Gecko) Chrome/43.0.2357.130 Safari/537.36 OPR/30.0.1835.125	\N	2015-07-30 12:16:00.183+05
639	31.207.206.64	Mozilla/5.0 (Windows NT 6.1) AppleWebKit/537.36 (KHTML, like Gecko) Chrome/43.0.2357.130 Safari/537.36 OPR/30.0.1835.125	testing@minorityapp.com	2015-07-30 12:16:00.559+05
640	31.207.206.64	Mozilla/5.0 (Windows NT 6.1) AppleWebKit/537.36 (KHTML, like Gecko) Chrome/43.0.2357.130 Safari/537.36 OPR/30.0.1835.125	\N	2015-07-30 16:07:38.615+05
641	31.207.206.64	Mozilla/5.0 (Windows NT 6.1) AppleWebKit/537.36 (KHTML, like Gecko) Chrome/43.0.2357.130 Safari/537.36 OPR/30.0.1835.125	testing@minorityapp.com	2015-07-30 16:07:38.923+05
642	31.207.206.64	Mozilla/5.0 (Windows NT 6.1) AppleWebKit/537.36 (KHTML, like Gecko) Chrome/43.0.2357.130 Safari/537.36 OPR/30.0.1835.125	\N	2015-07-30 18:40:06.431+05
643	31.207.206.64	Mozilla/5.0 (Windows NT 6.1) AppleWebKit/537.36 (KHTML, like Gecko) Chrome/43.0.2357.130 Safari/537.36 OPR/30.0.1835.125	testing@minorityapp.com	2015-07-30 18:40:06.749+05
644	31.207.225.140	Mozilla/5.0 (Windows NT 6.1) AppleWebKit/537.36 (KHTML, like Gecko) Chrome/43.0.2357.130 Safari/537.36 OPR/30.0.1835.125	\N	2015-07-31 13:38:01.383+05
645	31.207.225.140	Mozilla/5.0 (Windows NT 6.1) AppleWebKit/537.36 (KHTML, like Gecko) Chrome/43.0.2357.130 Safari/537.36 OPR/30.0.1835.125	testing@minorityapp.com	2015-07-31 13:38:01.83+05
646	31.207.247.210	Mozilla/5.0 (Windows NT 6.1) AppleWebKit/537.36 (KHTML, like Gecko) Chrome/43.0.2357.130 Safari/537.36 OPR/30.0.1835.125	\N	2015-08-02 14:55:46.922+05
647	31.207.247.210	Mozilla/5.0 (Windows NT 6.1) AppleWebKit/537.36 (KHTML, like Gecko) Chrome/43.0.2357.130 Safari/537.36 OPR/30.0.1835.125	testing@minorityapp.com	2015-08-02 14:55:47.49+05
648	94.181.12.15	Mozilla/5.0 (Windows NT 6.1; WOW64) AppleWebKit/537.36 (KHTML, like Gecko) Chrome/44.0.2403.107 Safari/537.36	\N	2015-08-02 15:17:09.48+05
649	94.181.12.15	Mozilla/5.0 (Windows NT 6.1; WOW64) AppleWebKit/537.36 (KHTML, like Gecko) Chrome/44.0.2403.107 Safari/537.36	testing@minorityapp.com	2015-08-02 15:17:09.842+05
650	31.207.214.114	Mozilla/5.0 (Windows NT 6.1) AppleWebKit/537.36 (KHTML, like Gecko) Chrome/43.0.2357.130 Safari/537.36 OPR/30.0.1835.125	\N	2015-08-03 13:07:17.052+05
651	31.207.214.114	Mozilla/5.0 (Windows NT 6.1) AppleWebKit/537.36 (KHTML, like Gecko) Chrome/43.0.2357.130 Safari/537.36 OPR/30.0.1835.125	testing@minorityapp.com	2015-08-03 13:07:17.403+05
652	31.207.244.177	Mozilla/5.0 (Windows NT 6.1) AppleWebKit/537.36 (KHTML, like Gecko) Chrome/43.0.2357.130 Safari/537.36 OPR/30.0.1835.125	\N	2015-08-04 20:42:26.63+05
653	31.207.244.177	Mozilla/5.0 (Windows NT 6.1) AppleWebKit/537.36 (KHTML, like Gecko) Chrome/43.0.2357.130 Safari/537.36 OPR/30.0.1835.125	testing@minorityapp.com	2015-08-04 20:42:26.947+05
654	31.207.244.177	Mozilla/5.0 (Windows NT 6.1) AppleWebKit/537.36 (KHTML, like Gecko) Chrome/43.0.2357.130 Safari/537.36 OPR/30.0.1835.125	\N	2015-08-05 00:07:07.621+05
655	31.207.244.177	Mozilla/5.0 (Windows NT 6.1) AppleWebKit/537.36 (KHTML, like Gecko) Chrome/43.0.2357.130 Safari/537.36 OPR/30.0.1835.125	testing@minorityapp.com	2015-08-05 00:07:08.164+05
656	94.181.12.15	Mozilla/5.0 (Windows NT 6.1; WOW64) AppleWebKit/537.36 (KHTML, like Gecko) Chrome/44.0.2403.107 Safari/537.36	\N	2015-08-05 00:21:30.137+05
657	94.181.12.15	Mozilla/5.0 (Windows NT 6.1; WOW64) AppleWebKit/537.36 (KHTML, like Gecko) Chrome/44.0.2403.107 Safari/537.36	testing@minorityapp.com	2015-08-05 00:21:30.681+05
658	31.207.244.177	Mozilla/5.0 (Windows NT 6.1) AppleWebKit/537.36 (KHTML, like Gecko) Chrome/43.0.2357.130 Safari/537.36 OPR/30.0.1835.125	\N	2015-08-05 00:33:53.468+05
659	31.207.244.177	Mozilla/5.0 (Windows NT 6.1) AppleWebKit/537.36 (KHTML, like Gecko) Chrome/43.0.2357.130 Safari/537.36 OPR/30.0.1835.125	testing@minorityapp.com	2015-08-05 00:33:53.852+05
660	31.207.217.104	Mozilla/5.0 (Windows NT 6.1) AppleWebKit/537.36 (KHTML, like Gecko) Chrome/44.0.2403.107 Safari/537.36 OPR/31.0.1889.99	\N	2015-08-07 12:32:12.745+05
661	31.207.217.104	Mozilla/5.0 (Windows NT 6.1) AppleWebKit/537.36 (KHTML, like Gecko) Chrome/44.0.2403.107 Safari/537.36 OPR/31.0.1889.99	testing@minorityapp.com	2015-08-07 12:32:13.055+05
662	37.113.143.50	Mozilla/5.0 (Windows NT 6.1; WOW64) AppleWebKit/537.36 (KHTML, like Gecko) Chrome/44.0.2403.107 Safari/537.36	\N	2015-08-07 12:46:21.705+05
663	37.113.143.50	Mozilla/5.0 (Windows NT 6.1; WOW64) AppleWebKit/537.36 (KHTML, like Gecko) Chrome/44.0.2403.107 Safari/537.36	testing@minorityapp.com	2015-08-07 12:46:22.19+05
664	31.207.217.104	Mozilla/5.0 (Windows NT 6.1) AppleWebKit/537.36 (KHTML, like Gecko) Chrome/44.0.2403.107 Safari/537.36 OPR/31.0.1889.99	\N	2015-08-07 15:46:16.421+05
665	31.207.217.104	Mozilla/5.0 (Windows NT 6.1) AppleWebKit/537.36 (KHTML, like Gecko) Chrome/44.0.2403.107 Safari/537.36 OPR/31.0.1889.99	testing@minorityapp.com	2015-08-07 15:46:16.869+05
666	31.207.217.104	Mozilla/5.0 (Windows NT 6.1) AppleWebKit/537.36 (KHTML, like Gecko) Chrome/44.0.2403.107 Safari/537.36 OPR/31.0.1889.99	\N	2015-08-07 15:46:17.313+05
667	31.207.217.104	Mozilla/5.0 (Windows NT 6.1) AppleWebKit/537.36 (KHTML, like Gecko) Chrome/44.0.2403.107 Safari/537.36 OPR/31.0.1889.99	testing@minorityapp.com	2015-08-07 15:46:17.626+05
668	31.207.225.10	Mozilla/5.0 (Windows NT 6.1) AppleWebKit/537.36 (KHTML, like Gecko) Chrome/44.0.2403.107 Safari/537.36 OPR/31.0.1889.99	\N	2015-08-09 10:22:25.63+05
669	31.207.225.10	Mozilla/5.0 (Windows NT 6.1) AppleWebKit/537.36 (KHTML, like Gecko) Chrome/44.0.2403.107 Safari/537.36 OPR/31.0.1889.99	testing@minorityapp.com	2015-08-09 10:22:26.075+05
670	31.207.225.10	Mozilla/5.0 (Windows NT 6.1) AppleWebKit/537.36 (KHTML, like Gecko) Chrome/44.0.2403.107 Safari/537.36 OPR/31.0.1889.99	\N	2015-08-09 17:08:05.849+05
671	31.207.225.10	Mozilla/5.0 (Windows NT 6.1) AppleWebKit/537.36 (KHTML, like Gecko) Chrome/44.0.2403.107 Safari/537.36 OPR/31.0.1889.99	testing@minorityapp.com	2015-08-09 17:08:06.437+05
672	31.207.243.18	Mozilla/5.0 (Windows NT 6.1) AppleWebKit/537.36 (KHTML, like Gecko) Chrome/44.0.2403.107 Safari/537.36 OPR/31.0.1889.99	\N	2015-08-10 10:43:49.059+05
673	31.207.243.18	Mozilla/5.0 (Windows NT 6.1) AppleWebKit/537.36 (KHTML, like Gecko) Chrome/44.0.2403.107 Safari/537.36 OPR/31.0.1889.99	testing@minorityapp.com	2015-08-10 10:43:49.481+05
674	31.207.243.18	Mozilla/5.0 (Windows NT 6.1) AppleWebKit/537.36 (KHTML, like Gecko) Chrome/44.0.2403.107 Safari/537.36 OPR/31.0.1889.99	\N	2015-08-10 10:47:00.779+05
675	31.207.243.18	Mozilla/5.0 (Windows NT 6.1) AppleWebKit/537.36 (KHTML, like Gecko) Chrome/44.0.2403.107 Safari/537.36 OPR/31.0.1889.99	testing@minorityapp.com	2015-08-10 10:47:01.239+05
676	31.207.243.18	Mozilla/5.0 (Windows NT 6.1) AppleWebKit/537.36 (KHTML, like Gecko) Chrome/44.0.2403.107 Safari/537.36 OPR/31.0.1889.99	\N	2015-08-10 12:54:38.048+05
677	31.207.243.18	Mozilla/5.0 (Windows NT 6.1) AppleWebKit/537.36 (KHTML, like Gecko) Chrome/44.0.2403.107 Safari/537.36 OPR/31.0.1889.99	testing@minorityapp.com	2015-08-10 12:54:38.502+05
678	31.207.243.18	Mozilla/5.0 (Windows NT 6.1) AppleWebKit/537.36 (KHTML, like Gecko) Chrome/44.0.2403.107 Safari/537.36 OPR/31.0.1889.99	\N	2015-08-10 21:07:10.454+05
679	31.207.243.18	Mozilla/5.0 (Windows NT 6.1) AppleWebKit/537.36 (KHTML, like Gecko) Chrome/44.0.2403.107 Safari/537.36 OPR/31.0.1889.99	testing@minorityapp.com	2015-08-10 21:07:10.773+05
680	31.207.207.39	Mozilla/5.0 (Windows NT 6.1) AppleWebKit/537.36 (KHTML, like Gecko) Chrome/44.0.2403.107 Safari/537.36 OPR/31.0.1889.99	\N	2015-08-13 15:12:06.985+05
681	31.207.207.39	Mozilla/5.0 (Windows NT 6.1) AppleWebKit/537.36 (KHTML, like Gecko) Chrome/44.0.2403.107 Safari/537.36 OPR/31.0.1889.99	testing@minorityapp.com	2015-08-13 15:12:07.437+05
682	31.207.227.151	Mozilla/5.0 (Windows NT 6.1) AppleWebKit/537.36 (KHTML, like Gecko) Chrome/44.0.2403.107 Safari/537.36 OPR/31.0.1889.99	\N	2015-08-15 12:39:10.962+05
683	31.207.227.151	Mozilla/5.0 (Windows NT 6.1) AppleWebKit/537.36 (KHTML, like Gecko) Chrome/44.0.2403.107 Safari/537.36 OPR/31.0.1889.99	testing@minorityapp.com	2015-08-15 12:39:11.534+05
684	31.207.232.69	Mozilla/5.0 (Windows NT 6.1) AppleWebKit/537.36 (KHTML, like Gecko) Chrome/44.0.2403.107 Safari/537.36 OPR/31.0.1889.99	\N	2015-08-16 17:19:14.671+05
685	31.207.232.69	Mozilla/5.0 (Windows NT 6.1) AppleWebKit/537.36 (KHTML, like Gecko) Chrome/44.0.2403.107 Safari/537.36 OPR/31.0.1889.99	testing@minorityapp.com	2015-08-16 17:19:15.102+05
686	31.207.207.3	Mozilla/5.0 (Windows NT 6.1) AppleWebKit/537.36 (KHTML, like Gecko) Chrome/44.0.2403.107 Safari/537.36 OPR/31.0.1889.99	\N	2015-08-19 14:28:04.854+05
687	31.207.207.3	Mozilla/5.0 (Windows NT 6.1) AppleWebKit/537.36 (KHTML, like Gecko) Chrome/44.0.2403.107 Safari/537.36 OPR/31.0.1889.99	testing@minorityapp.com	2015-08-19 14:28:05.198+05
688	31.207.207.3	Mozilla/5.0 (Windows NT 6.1) AppleWebKit/537.36 (KHTML, like Gecko) Chrome/44.0.2403.107 Safari/537.36 OPR/31.0.1889.99	\N	2015-08-19 20:35:14.823+05
689	31.207.207.3	Mozilla/5.0 (Windows NT 6.1) AppleWebKit/537.36 (KHTML, like Gecko) Chrome/44.0.2403.107 Safari/537.36 OPR/31.0.1889.99	testing@minorityapp.com	2015-08-19 20:35:15.312+05
690	31.207.207.3	Mozilla/5.0 (Windows NT 6.1) AppleWebKit/537.36 (KHTML, like Gecko) Chrome/44.0.2403.107 Safari/537.36 OPR/31.0.1889.99	\N	2015-08-20 01:58:09.675+05
691	31.207.207.3	Mozilla/5.0 (Windows NT 6.1) AppleWebKit/537.36 (KHTML, like Gecko) Chrome/44.0.2403.107 Safari/537.36 OPR/31.0.1889.99	testing@minorityapp.com	2015-08-20 01:58:10.139+05
692	37.113.138.93	Mozilla/5.0 (Windows NT 6.1; WOW64) AppleWebKit/537.36 (KHTML, like Gecko) Chrome/44.0.2403.130 Safari/537.36	\N	2015-08-20 10:36:59.78+05
693	37.113.138.93	Mozilla/5.0 (Windows NT 6.1; WOW64) AppleWebKit/537.36 (KHTML, like Gecko) Chrome/44.0.2403.130 Safari/537.36	testing@minorityapp.com	2015-08-20 10:37:00.109+05
694	31.207.219.214	Mozilla/5.0 (Windows NT 6.1) AppleWebKit/537.36 (KHTML, like Gecko) Chrome/44.0.2403.155 Safari/537.36 OPR/31.0.1889.174	\N	2015-08-20 17:32:11.068+05
695	31.207.219.214	Mozilla/5.0 (Windows NT 6.1) AppleWebKit/537.36 (KHTML, like Gecko) Chrome/44.0.2403.155 Safari/537.36 OPR/31.0.1889.174	testing@minorityapp.com	2015-08-20 17:32:11.654+05
696	31.207.219.214	Mozilla/5.0 (Windows NT 6.1) AppleWebKit/537.36 (KHTML, like Gecko) Chrome/44.0.2403.155 Safari/537.36 OPR/31.0.1889.174	\N	2015-08-21 00:23:45.436+05
697	31.207.219.214	Mozilla/5.0 (Windows NT 6.1) AppleWebKit/537.36 (KHTML, like Gecko) Chrome/44.0.2403.155 Safari/537.36 OPR/31.0.1889.174	testing@minorityapp.com	2015-08-21 00:23:45.764+05
698	37.113.134.231	Mozilla/5.0 (Macintosh; Intel Mac OS X 10_11_0) AppleWebKit/537.36 (KHTML, like Gecko) Chrome/44.0.2403.107 Safari/537.36	\N	2015-08-21 09:15:10.167+05
699	37.113.134.231	Mozilla/5.0 (Macintosh; Intel Mac OS X 10_11_0) AppleWebKit/537.36 (KHTML, like Gecko) Chrome/44.0.2403.107 Safari/537.36	testing@minorityapp.com	2015-08-21 09:15:10.877+05
700	31.207.203.119	Mozilla/5.0 (Windows NT 6.1) AppleWebKit/537.36 (KHTML, like Gecko) Chrome/44.0.2403.155 Safari/537.36 OPR/31.0.1889.174	\N	2015-08-21 09:32:18.86+05
701	31.207.203.119	Mozilla/5.0 (Windows NT 6.1) AppleWebKit/537.36 (KHTML, like Gecko) Chrome/44.0.2403.155 Safari/537.36 OPR/31.0.1889.174	testing@minorityapp.com	2015-08-21 09:32:19.187+05
702	31.207.221.125	Mozilla/5.0 (Windows NT 6.1) AppleWebKit/537.36 (KHTML, like Gecko) Chrome/44.0.2403.155 Safari/537.36 OPR/31.0.1889.174	\N	2015-08-22 08:41:19.305+05
703	31.207.221.125	Mozilla/5.0 (Windows NT 6.1) AppleWebKit/537.36 (KHTML, like Gecko) Chrome/44.0.2403.155 Safari/537.36 OPR/31.0.1889.174	testing@minorityapp.com	2015-08-22 08:41:19.841+05
704	37.113.136.61	Mozilla/5.0 (Windows NT 6.1; WOW64) AppleWebKit/537.36 (KHTML, like Gecko) Chrome/44.0.2403.130 Safari/537.36	\N	2015-08-22 21:11:33.862+05
705	37.113.136.61	Mozilla/5.0 (Windows NT 6.1; WOW64) AppleWebKit/537.36 (KHTML, like Gecko) Chrome/44.0.2403.130 Safari/537.36	testing@minorityapp.com	2015-08-22 21:11:34.295+05
706	31.207.221.125	Mozilla/5.0 (Windows NT 6.1) AppleWebKit/537.36 (KHTML, like Gecko) Chrome/44.0.2403.155 Safari/537.36 OPR/31.0.1889.174	\N	2015-08-22 22:44:14.753+05
707	31.207.221.125	Mozilla/5.0 (Windows NT 6.1) AppleWebKit/537.36 (KHTML, like Gecko) Chrome/44.0.2403.155 Safari/537.36 OPR/31.0.1889.174	testing@minorityapp.com	2015-08-22 22:44:15.224+05
708	31.207.237.140	Mozilla/5.0 (Windows NT 6.1) AppleWebKit/537.36 (KHTML, like Gecko) Chrome/44.0.2403.155 Safari/537.36 OPR/31.0.1889.174	\N	2015-08-23 14:13:31.647+05
709	31.207.237.140	Mozilla/5.0 (Windows NT 6.1) AppleWebKit/537.36 (KHTML, like Gecko) Chrome/44.0.2403.155 Safari/537.36 OPR/31.0.1889.174	testing@minorityapp.com	2015-08-23 14:13:32.488+05
710	37.113.136.61	Mozilla/5.0 (Windows NT 6.1; WOW64) AppleWebKit/537.36 (KHTML, like Gecko) Chrome/44.0.2403.130 Safari/537.36	\N	2015-08-24 04:06:15.049+05
711	37.113.136.61	Mozilla/5.0 (Windows NT 6.1; WOW64) AppleWebKit/537.36 (KHTML, like Gecko) Chrome/44.0.2403.130 Safari/537.36	testing@minorityapp.com	2015-08-24 04:06:15.541+05
712	31.207.237.140	Mozilla/5.0 (Windows NT 6.1) AppleWebKit/537.36 (KHTML, like Gecko) Chrome/44.0.2403.155 Safari/537.36 OPR/31.0.1889.174	\N	2015-08-24 04:24:29.905+05
713	31.207.237.140	Mozilla/5.0 (Windows NT 6.1) AppleWebKit/537.36 (KHTML, like Gecko) Chrome/44.0.2403.155 Safari/537.36 OPR/31.0.1889.174	testing@minorityapp.com	2015-08-24 04:24:30.455+05
714	31.207.245.67	Mozilla/5.0 (Windows NT 6.1) AppleWebKit/537.36 (KHTML, like Gecko) Chrome/44.0.2403.155 Safari/537.36 OPR/31.0.1889.174	\N	2015-08-25 14:00:46.417+05
715	31.207.245.67	Mozilla/5.0 (Windows NT 6.1) AppleWebKit/537.36 (KHTML, like Gecko) Chrome/44.0.2403.155 Safari/537.36 OPR/31.0.1889.174	testing@minorityapp.com	2015-08-25 14:00:46.992+05
716	31.207.245.67	Mozilla/5.0 (Windows NT 6.1) AppleWebKit/537.36 (KHTML, like Gecko) Chrome/44.0.2403.155 Safari/537.36 OPR/31.0.1889.174	\N	2015-08-26 03:49:09.477+05
717	31.207.245.67	Mozilla/5.0 (Windows NT 6.1) AppleWebKit/537.36 (KHTML, like Gecko) Chrome/44.0.2403.155 Safari/537.36 OPR/31.0.1889.174	testing@minorityapp.com	2015-08-26 03:49:10.303+05
718	37.113.136.61	Mozilla/5.0 (Windows NT 6.1; WOW64) AppleWebKit/537.36 (KHTML, like Gecko) Chrome/44.0.2403.130 Safari/537.36	\N	2015-08-26 14:23:23.173+05
719	37.113.136.61	Mozilla/5.0 (Windows NT 6.1; WOW64) AppleWebKit/537.36 (KHTML, like Gecko) Chrome/44.0.2403.130 Safari/537.36	testing@minorityapp.com	2015-08-26 14:23:23.73+05
720	31.207.162.180	Mozilla/5.0 (Windows NT 6.1) AppleWebKit/537.36 (KHTML, like Gecko) Chrome/44.0.2403.155 Safari/537.36 OPR/31.0.1889.174	\N	2015-08-26 14:24:12.533+05
721	31.207.162.180	Mozilla/5.0 (Windows NT 6.1) AppleWebKit/537.36 (KHTML, like Gecko) Chrome/44.0.2403.155 Safari/537.36 OPR/31.0.1889.174	testing@minorityapp.com	2015-08-26 14:24:12.879+05
722	37.113.136.61	Mozilla/5.0 (Windows NT 6.1; WOW64) AppleWebKit/537.36 (KHTML, like Gecko) Chrome/44.0.2403.130 Safari/537.36	\N	2015-08-26 15:45:37.092+05
723	37.113.136.61	Mozilla/5.0 (Windows NT 6.1; WOW64) AppleWebKit/537.36 (KHTML, like Gecko) Chrome/44.0.2403.130 Safari/537.36	testing@minorityapp.com	2015-08-26 15:45:37.718+05
724	31.207.162.180	Mozilla/5.0 (Windows NT 6.1) AppleWebKit/537.36 (KHTML, like Gecko) Chrome/44.0.2403.155 Safari/537.36 OPR/31.0.1889.174	\N	2015-08-26 22:28:59.295+05
725	31.207.162.180	Mozilla/5.0 (Windows NT 6.1) AppleWebKit/537.36 (KHTML, like Gecko) Chrome/44.0.2403.155 Safari/537.36 OPR/31.0.1889.174	\N	2015-08-26 22:29:40.237+05
726	31.207.162.180	Mozilla/5.0 (Windows NT 6.1) AppleWebKit/537.36 (KHTML, like Gecko) Chrome/44.0.2403.155 Safari/537.36 OPR/31.0.1889.174	\N	2015-08-26 22:55:26.243+05
727	31.207.162.180	Mozilla/5.0 (Windows NT 6.1) AppleWebKit/537.36 (KHTML, like Gecko) Chrome/44.0.2403.155 Safari/537.36 OPR/31.0.1889.174	ufijuice@yahoo.com	2015-08-26 22:55:26.654+05
728	31.207.209.5	Mozilla/5.0 (Windows NT 6.1) AppleWebKit/537.36 (KHTML, like Gecko) Chrome/44.0.2403.155 Safari/537.36 OPR/31.0.1889.174	\N	2015-08-27 14:44:25.413+05
729	31.207.209.5	Mozilla/5.0 (Windows NT 6.1) AppleWebKit/537.36 (KHTML, like Gecko) Chrome/44.0.2403.155 Safari/537.36 OPR/31.0.1889.174	testing@minorityapp.com	2015-08-27 14:44:26.027+05
730	31.133.92.12	Mozilla/5.0 (Windows NT 6.1; WOW64) AppleWebKit/537.36 (KHTML, like Gecko) Chrome/44.0.2403.157 Safari/537.36	\N	2015-08-27 14:45:03.675+05
731	31.133.92.12	Mozilla/5.0 (Windows NT 6.1; WOW64) AppleWebKit/537.36 (KHTML, like Gecko) Chrome/44.0.2403.157 Safari/537.36	testing@minorityapp.com	2015-08-27 14:45:04.056+05
732	31.207.209.5	Mozilla/5.0 (Windows NT 6.1) AppleWebKit/537.36 (KHTML, like Gecko) Chrome/44.0.2403.155 Safari/537.36 OPR/31.0.1889.174	\N	2015-08-27 23:48:56.044+05
733	31.207.209.5	Mozilla/5.0 (Windows NT 6.1) AppleWebKit/537.36 (KHTML, like Gecko) Chrome/44.0.2403.155 Safari/537.36 OPR/31.0.1889.174	ufijuice@yahoo.com	2015-08-27 23:48:56.389+05
734	31.207.209.5	Mozilla/5.0 (Windows NT 6.1) AppleWebKit/537.36 (KHTML, like Gecko) Chrome/44.0.2403.155 Safari/537.36 OPR/31.0.1889.174	\N	2015-08-27 23:57:30.307+05
735	31.207.209.5	Mozilla/5.0 (Windows NT 6.1) AppleWebKit/537.36 (KHTML, like Gecko) Chrome/44.0.2403.155 Safari/537.36 OPR/31.0.1889.174	ufijuice@yahoo.com	2015-08-27 23:57:30.653+05
736	31.207.178.96	Mozilla/5.0 (Windows NT 6.1) AppleWebKit/537.36 (KHTML, like Gecko) Chrome/44.0.2403.155 Safari/537.36 OPR/31.0.1889.174	\N	2015-08-28 16:22:37.369+05
737	31.207.178.96	Mozilla/5.0 (Windows NT 6.1) AppleWebKit/537.36 (KHTML, like Gecko) Chrome/44.0.2403.155 Safari/537.36 OPR/31.0.1889.174	ufijuice@yahoo.com	2015-08-28 16:22:38+05
738	5.189.137.157	Mozilla/5.0 (Windows NT 6.1; WOW64; rv:38.0) Gecko/20100101 Firefox/38.0	\N	2015-08-28 19:45:23.798+05
739	5.189.137.157	Mozilla/5.0 (Windows NT 6.1; WOW64; rv:38.0) Gecko/20100101 Firefox/38.0	0fd0fd0fd@yahoo.com	2015-08-28 19:45:24.196+05
740	31.207.178.96	Mozilla/5.0 (Windows NT 6.1) AppleWebKit/537.36 (KHTML, like Gecko) Chrome/44.0.2403.155 Safari/537.36 OPR/31.0.1889.174	\N	2015-08-28 19:49:00.237+05
741	31.207.178.96	Mozilla/5.0 (Windows NT 6.1) AppleWebKit/537.36 (KHTML, like Gecko) Chrome/44.0.2403.155 Safari/537.36 OPR/31.0.1889.174	ufijuice@yahoo.com	2015-08-28 19:49:00.757+05
742	31.207.178.96	Mozilla/5.0 (Windows NT 6.1) AppleWebKit/537.36 (KHTML, like Gecko) Chrome/44.0.2403.155 Safari/537.36 OPR/31.0.1889.174	\N	2015-08-28 21:02:36.604+05
743	31.207.178.96	Mozilla/5.0 (Windows NT 6.1) AppleWebKit/537.36 (KHTML, like Gecko) Chrome/44.0.2403.155 Safari/537.36 OPR/31.0.1889.174	ufijuice@yahoo.com	2015-08-28 21:02:37.009+05
744	37.113.142.157	Mozilla/5.0 (Windows NT 6.1; WOW64) AppleWebKit/537.36 (KHTML, like Gecko) Chrome/44.0.2403.130 Safari/537.36	\N	2015-08-28 21:28:57.459+05
745	37.113.142.157	Mozilla/5.0 (Windows NT 6.1; WOW64) AppleWebKit/537.36 (KHTML, like Gecko) Chrome/44.0.2403.130 Safari/537.36	testing@minorityapp.com	2015-08-28 21:28:57.895+05
746	31.207.223.8	Mozilla/5.0 (Windows NT 6.1) AppleWebKit/537.36 (KHTML, like Gecko) Chrome/44.0.2403.155 Safari/537.36 OPR/31.0.1889.174	\N	2015-08-29 13:23:32.639+05
747	31.207.223.8	Mozilla/5.0 (Windows NT 6.1) AppleWebKit/537.36 (KHTML, like Gecko) Chrome/44.0.2403.155 Safari/537.36 OPR/31.0.1889.174	ufijuice@yahoo.com	2015-08-29 13:23:33.403+05
748	31.207.184.209	Mozilla/5.0 (Windows NT 6.1) AppleWebKit/537.36 (KHTML, like Gecko) Chrome/44.0.2403.155 Safari/537.36 OPR/31.0.1889.174	\N	2015-08-31 14:38:39.037+05
749	31.207.184.209	Mozilla/5.0 (Windows NT 6.1) AppleWebKit/537.36 (KHTML, like Gecko) Chrome/44.0.2403.155 Safari/537.36 OPR/31.0.1889.174	ufijuice@yahoo.com	2015-08-31 14:38:39.432+05
750	31.207.213.66	Mozilla/5.0 (Windows NT 6.1) AppleWebKit/537.36 (KHTML, like Gecko) Chrome/44.0.2403.155 Safari/537.36 OPR/31.0.1889.174	\N	2015-09-01 11:11:48.881+05
751	31.207.213.66	Mozilla/5.0 (Windows NT 6.1) AppleWebKit/537.36 (KHTML, like Gecko) Chrome/44.0.2403.155 Safari/537.36 OPR/31.0.1889.174	ufijuice@yahoo.com	2015-09-01 11:11:49.385+05
752	31.207.213.66	Mozilla/5.0 (Windows NT 6.1) AppleWebKit/537.36 (KHTML, like Gecko) Chrome/44.0.2403.155 Safari/537.36 OPR/31.0.1889.174	\N	2015-09-02 00:58:43.062+05
753	31.207.213.66	Mozilla/5.0 (Windows NT 6.1) AppleWebKit/537.36 (KHTML, like Gecko) Chrome/44.0.2403.155 Safari/537.36 OPR/31.0.1889.174	ufijuice@yahoo.com	2015-09-02 00:58:43.683+05
754	37.113.168.209	Mozilla/5.0 (Windows NT 6.1; WOW64) AppleWebKit/537.36 (KHTML, like Gecko) Chrome/44.0.2403.157 Safari/537.36	\N	2015-09-02 16:17:28.65+05
755	37.113.168.209	Mozilla/5.0 (Windows NT 6.1; WOW64) AppleWebKit/537.36 (KHTML, like Gecko) Chrome/44.0.2403.157 Safari/537.36	testing@minorityapp.com	2015-09-02 16:17:29.27+05
756	31.207.241.88	Mozilla/5.0 (Windows NT 6.1) AppleWebKit/537.36 (KHTML, like Gecko) Chrome/44.0.2403.155 Safari/537.36 OPR/31.0.1889.174	\N	2015-09-02 23:17:50.237+05
757	31.207.241.88	Mozilla/5.0 (Windows NT 6.1) AppleWebKit/537.36 (KHTML, like Gecko) Chrome/44.0.2403.155 Safari/537.36 OPR/31.0.1889.174	ufijuice@yahoo.com	2015-09-02 23:17:50.656+05
758	31.207.241.88	Mozilla/5.0 (Windows NT 6.1) AppleWebKit/537.36 (KHTML, like Gecko) Chrome/44.0.2403.155 Safari/537.36 OPR/31.0.1889.174	\N	2015-09-03 03:50:04.985+05
759	31.207.241.88	Mozilla/5.0 (Windows NT 6.1) AppleWebKit/537.36 (KHTML, like Gecko) Chrome/44.0.2403.155 Safari/537.36 OPR/31.0.1889.174	ufijuice@yahoo.com	2015-09-03 03:50:05.317+05
760	31.207.216.231	Mozilla/5.0 (Windows NT 6.1) AppleWebKit/537.36 (KHTML, like Gecko) Chrome/44.0.2403.155 Safari/537.36 OPR/31.0.1889.174	\N	2015-09-04 15:55:47.506+05
761	31.207.216.231	Mozilla/5.0 (Windows NT 6.1) AppleWebKit/537.36 (KHTML, like Gecko) Chrome/44.0.2403.155 Safari/537.36 OPR/31.0.1889.174	ufijuice@yahoo.com	2015-09-04 15:55:48.006+05
762	37.113.168.209	Mozilla/5.0 (Windows NT 6.1; WOW64) AppleWebKit/537.36 (KHTML, like Gecko) Chrome/44.0.2403.157 Safari/537.36	\N	2015-09-05 02:19:51.461+05
763	37.113.168.209	Mozilla/5.0 (Windows NT 6.1; WOW64) AppleWebKit/537.36 (KHTML, like Gecko) Chrome/44.0.2403.157 Safari/537.36	testing@minorityapp.com	2015-09-05 02:19:52.166+05
764	31.207.199.8	Mozilla/5.0 (Windows NT 6.1) AppleWebKit/537.36 (KHTML, like Gecko) Chrome/44.0.2403.155 Safari/537.36 OPR/31.0.1889.174	\N	2015-09-06 17:48:17.778+05
765	31.207.199.8	Mozilla/5.0 (Windows NT 6.1) AppleWebKit/537.36 (KHTML, like Gecko) Chrome/44.0.2403.155 Safari/537.36 OPR/31.0.1889.174	ufijuice@yahoo.com	2015-09-06 17:48:18.215+05
766	31.207.244.204	Mozilla/5.0 (Windows NT 6.1) AppleWebKit/537.36 (KHTML, like Gecko) Chrome/44.0.2403.155 Safari/537.36 OPR/31.0.1889.174	\N	2015-09-07 07:53:24.095+05
767	31.207.244.204	Mozilla/5.0 (Windows NT 6.1) AppleWebKit/537.36 (KHTML, like Gecko) Chrome/44.0.2403.155 Safari/537.36 OPR/31.0.1889.174	testing@minorityapp.com	2015-09-07 07:53:24.472+05
768	31.207.201.5	Mozilla/5.0 (Windows NT 6.1) AppleWebKit/537.36 (KHTML, like Gecko) Chrome/44.0.2403.155 Safari/537.36 OPR/31.0.1889.174	\N	2015-09-10 03:12:18.768+05
769	31.207.201.5	Mozilla/5.0 (Windows NT 6.1) AppleWebKit/537.36 (KHTML, like Gecko) Chrome/44.0.2403.155 Safari/537.36 OPR/31.0.1889.174	ufijuice@yahoo.com	2015-09-10 03:12:19.286+05
770	31.207.209.219	Mozilla/5.0 (Windows NT 6.1) AppleWebKit/537.36 (KHTML, like Gecko) Chrome/44.0.2403.155 Safari/537.36 OPR/31.0.1889.174	\N	2015-09-12 04:02:04.588+05
771	31.207.209.219	Mozilla/5.0 (Windows NT 6.1) AppleWebKit/537.36 (KHTML, like Gecko) Chrome/44.0.2403.155 Safari/537.36 OPR/31.0.1889.174	ufijuice@yahoo.com	2015-09-12 04:02:05.052+05
772	31.207.180.177	Mozilla/5.0 (Windows NT 6.1) AppleWebKit/537.36 (KHTML, like Gecko) Chrome/44.0.2403.155 Safari/537.36 OPR/31.0.1889.174	\N	2015-09-13 06:38:50.598+05
773	31.207.180.177	Mozilla/5.0 (Windows NT 6.1) AppleWebKit/537.36 (KHTML, like Gecko) Chrome/44.0.2403.155 Safari/537.36 OPR/31.0.1889.174	ufijuice@yahoo.com	2015-09-13 06:38:50.996+05
774	38.140.26.42	Mozilla/5.0 (Macintosh; Intel Mac OS X 10_10_5) AppleWebKit/537.36 (KHTML, like Gecko) Chrome/45.0.2454.85 Safari/537.36	\N	2015-09-14 22:17:35.304+05
775	38.140.26.42	Mozilla/5.0 (Macintosh; Intel Mac OS X 10_10_5) AppleWebKit/537.36 (KHTML, like Gecko) Chrome/45.0.2454.85 Safari/537.36	testing@minorityapp.com	2015-09-14 22:17:36.387+05
776	185.12.12.10	Mozilla/5.0 (Linux; Android 5.0; Nexus 6 Build/LRX21O) AppleWebKit/537.36 (KHTML, like Gecko) Chrome/38.0.2125.509 Mobile Safari/537.36	\N	2015-09-16 23:20:50.233+05
777	185.12.12.10	Mozilla/5.0 (Linux; Android 5.0; Nexus 6 Build/LRX21O) AppleWebKit/537.36 (KHTML, like Gecko) Chrome/38.0.2125.509 Mobile Safari/537.36	testing@minorityapp.com	2015-09-16 23:20:51.542+05
778	185.44.129.184	Mozilla/5.0 (iPhone; CPU iPhone OS 8_3 like Mac OS X) AppleWebKit/600.1.4 (KHTML, like Gecko) Version/8.0 Mobile/12F69 Safari/600.1.4	\N	2015-09-16 23:31:19.395+05
779	185.44.129.184	Mozilla/5.0 (iPhone; CPU iPhone OS 8_3 like Mac OS X) AppleWebKit/600.1.4 (KHTML, like Gecko) Version/8.0 Mobile/12F69 Safari/600.1.4	\N	2015-09-16 23:31:32.43+05
780	185.44.129.184	Mozilla/5.0 (iPhone; CPU iPhone OS 8_3 like Mac OS X) AppleWebKit/600.1.4 (KHTML, like Gecko) Version/8.0 Mobile/12F69 Safari/600.1.4	testing@minorityapp.com	2015-09-16 23:31:33.004+05
781	185.44.131.65	Mozilla/5.0 (Macintosh; Intel Mac OS X 10_11_0) AppleWebKit/537.36 (KHTML, like Gecko) Chrome/47.0.2498.0 Safari/537.36	\N	2015-09-16 23:37:55.207+05
782	185.44.131.65	Mozilla/5.0 (Macintosh; Intel Mac OS X 10_11_0) AppleWebKit/537.36 (KHTML, like Gecko) Chrome/47.0.2498.0 Safari/537.36	testing@minorityapp.com	2015-09-16 23:37:55.706+05
783	37.113.151.193	Mozilla/5.0 (Windows NT 6.1; WOW64) AppleWebKit/537.36 (KHTML, like Gecko) Chrome/45.0.2454.85 Safari/537.36	\N	2015-09-18 14:14:48.583+05
784	37.113.151.193	Mozilla/5.0 (Windows NT 6.1; WOW64) AppleWebKit/537.36 (KHTML, like Gecko) Chrome/45.0.2454.85 Safari/537.36	testing@minorityapp.com	2015-09-18 14:14:49.042+05
785	37.113.151.193	Mozilla/5.0 (Windows NT 6.1; WOW64) AppleWebKit/537.36 (KHTML, like Gecko) Chrome/45.0.2454.85 Safari/537.36	\N	2015-09-18 14:42:10.744+05
786	37.113.151.193	Mozilla/5.0 (Windows NT 6.1; WOW64) AppleWebKit/537.36 (KHTML, like Gecko) Chrome/45.0.2454.85 Safari/537.36	testing@minorityapp.com	2015-09-18 14:42:11.248+05
787	212.186.179.47	Mozilla/5.0 (Macintosh; Intel Mac OS X 10_10_5) AppleWebKit/537.36 (KHTML, like Gecko) Chrome/45.0.2454.93 Safari/537.36	\N	2015-09-18 16:30:31.135+05
788	212.186.179.47	Mozilla/5.0 (Macintosh; Intel Mac OS X 10_10_5) AppleWebKit/537.36 (KHTML, like Gecko) Chrome/45.0.2454.93 Safari/537.36	testing@minorityapp.com	2015-09-18 16:30:31.607+05
789	94.181.48.205	Mozilla/5.0 (Windows NT 6.1; WOW64) AppleWebKit/537.36 (KHTML, like Gecko) Chrome/45.0.2454.93 Safari/537.36	\N	2015-09-22 11:37:59.725+05
790	94.181.48.205	Mozilla/5.0 (Windows NT 6.1; WOW64) AppleWebKit/537.36 (KHTML, like Gecko) Chrome/45.0.2454.93 Safari/537.36	testing@minorityapp.com	2015-09-22 11:38:00.687+05
791	31.207.254.148	Mozilla/5.0 (Windows NT 6.1) AppleWebKit/537.36 (KHTML, like Gecko) Chrome/45.0.2454.85 Safari/537.36 OPR/32.0.1948.25	\N	2015-09-22 11:38:30.391+05
792	31.207.254.148	Mozilla/5.0 (Windows NT 6.1) AppleWebKit/537.36 (KHTML, like Gecko) Chrome/45.0.2454.85 Safari/537.36 OPR/32.0.1948.25	ufijuice@yahoo.com	2015-09-22 11:38:30.906+05
793	94.181.48.205	Mozilla/5.0 (Windows NT 6.1; WOW64) AppleWebKit/537.36 (KHTML, like Gecko) Chrome/45.0.2454.93 Safari/537.36	\N	2015-09-22 11:54:36.154+05
794	94.181.48.205	Mozilla/5.0 (Windows NT 6.1; WOW64) AppleWebKit/537.36 (KHTML, like Gecko) Chrome/45.0.2454.93 Safari/537.36	testing@minorityapp.com	2015-09-22 11:54:36.633+05
795	94.181.48.205	Mozilla/5.0 (Windows NT 6.1; WOW64) AppleWebKit/537.36 (KHTML, like Gecko) Chrome/45.0.2454.93 Safari/537.36	\N	2015-09-22 11:58:53.076+05
796	94.181.48.205	Mozilla/5.0 (Windows NT 6.1; WOW64) AppleWebKit/537.36 (KHTML, like Gecko) Chrome/45.0.2454.93 Safari/537.36	testing@minorityapp.com	2015-09-22 11:58:53.457+05
797	94.181.48.205	Mozilla/5.0 (Windows NT 6.1; WOW64) AppleWebKit/537.36 (KHTML, like Gecko) Chrome/45.0.2454.93 Safari/537.36	\N	2015-09-22 12:49:14.689+05
798	94.181.48.205	Mozilla/5.0 (Windows NT 6.1; WOW64) AppleWebKit/537.36 (KHTML, like Gecko) Chrome/45.0.2454.93 Safari/537.36	testing@minorityapp.com	2015-09-22 12:49:15.371+05
799	94.181.48.205	Mozilla/5.0 (Windows NT 6.1; WOW64) AppleWebKit/537.36 (KHTML, like Gecko) Chrome/45.0.2454.93 Safari/537.36	\N	2015-09-22 12:53:55.694+05
800	94.181.48.205	Mozilla/5.0 (Windows NT 6.1; WOW64) AppleWebKit/537.36 (KHTML, like Gecko) Chrome/45.0.2454.93 Safari/537.36	test666@minorityapp.com	2015-09-22 12:53:56.095+05
801	31.207.254.148	Mozilla/5.0 (Windows NT 6.1) AppleWebKit/537.36 (KHTML, like Gecko) Chrome/45.0.2454.85 Safari/537.36 OPR/32.0.1948.25	\N	2015-09-22 17:24:58.228+05
802	31.207.254.148	Mozilla/5.0 (Windows NT 6.1) AppleWebKit/537.36 (KHTML, like Gecko) Chrome/45.0.2454.85 Safari/537.36 OPR/32.0.1948.25	ufijuice@yahoo.com	2015-09-22 17:24:58.688+05
803	94.181.48.205	Mozilla/5.0 (Windows NT 6.1; WOW64) AppleWebKit/537.36 (KHTML, like Gecko) Chrome/45.0.2454.93 Safari/537.36	\N	2015-09-22 17:25:42.62+05
804	94.181.48.205	Mozilla/5.0 (Windows NT 6.1; WOW64) AppleWebKit/537.36 (KHTML, like Gecko) Chrome/45.0.2454.93 Safari/537.36	testing@minorityapp.com	2015-09-22 17:25:43.033+05
805	94.181.43.97	Mozilla/5.0 (Windows NT 6.1; WOW64) AppleWebKit/537.36 (KHTML, like Gecko) Chrome/45.0.2454.93 Safari/537.36	\N	2015-09-23 14:15:23.124+05
806	94.181.43.97	Mozilla/5.0 (Windows NT 6.1; WOW64) AppleWebKit/537.36 (KHTML, like Gecko) Chrome/45.0.2454.93 Safari/537.36	testing@minorityapp.com	2015-09-23 14:15:25.796+05
807	31.207.192.147	Mozilla/5.0 (Windows NT 6.1) AppleWebKit/537.36 (KHTML, like Gecko) Chrome/45.0.2454.85 Safari/537.36 OPR/32.0.1948.25	\N	2015-09-23 18:41:17.595+05
808	31.207.192.147	Mozilla/5.0 (Windows NT 6.1) AppleWebKit/537.36 (KHTML, like Gecko) Chrome/45.0.2454.85 Safari/537.36 OPR/32.0.1948.25	ufijuice@yahoo.com	2015-09-23 18:41:18.186+05
809	31.207.232.54	Mozilla/5.0 (Windows NT 6.1) AppleWebKit/537.36 (KHTML, like Gecko) Chrome/45.0.2454.85 Safari/537.36 OPR/32.0.1948.25	\N	2015-09-24 20:15:29.78+05
810	31.207.232.54	Mozilla/5.0 (Windows NT 6.1) AppleWebKit/537.36 (KHTML, like Gecko) Chrome/45.0.2454.85 Safari/537.36 OPR/32.0.1948.25	ufijuice@yahoo.com	2015-09-24 20:15:30.447+05
811	37.113.167.40	Mozilla/5.0 (Windows NT 6.1; WOW64) AppleWebKit/537.36 (KHTML, like Gecko) Chrome/45.0.2454.99 Safari/537.36	\N	2015-09-25 12:02:07.483+05
812	37.113.167.40	Mozilla/5.0 (Windows NT 6.1; WOW64) AppleWebKit/537.36 (KHTML, like Gecko) Chrome/45.0.2454.99 Safari/537.36	testing@minorityapp.com	2015-09-25 12:02:07.921+05
813	37.113.167.40	Mozilla/5.0 (Windows NT 6.1; WOW64) AppleWebKit/537.36 (KHTML, like Gecko) Chrome/45.0.2454.99 Safari/537.36	\N	2015-09-25 12:03:29.298+05
814	37.113.167.40	Mozilla/5.0 (Windows NT 6.1; WOW64) AppleWebKit/537.36 (KHTML, like Gecko) Chrome/45.0.2454.99 Safari/537.36	testing@minorityapp.com	2015-09-25 12:03:29.742+05
815	37.113.167.40	Mozilla/5.0 (Windows NT 6.1; WOW64) AppleWebKit/537.36 (KHTML, like Gecko) Chrome/45.0.2454.99 Safari/537.36	\N	2015-09-25 12:13:02.576+05
816	37.113.167.40	Mozilla/5.0 (Windows NT 6.1; WOW64) AppleWebKit/537.36 (KHTML, like Gecko) Chrome/45.0.2454.99 Safari/537.36	testing@minorityapp.com	2015-09-25 12:13:03.19+05
817	31.207.238.161	Mozilla/5.0 (Windows NT 6.1) AppleWebKit/537.36 (KHTML, like Gecko) Chrome/45.0.2454.85 Safari/537.36 OPR/32.0.1948.25	\N	2015-09-26 19:34:53.442+05
818	31.207.238.161	Mozilla/5.0 (Windows NT 6.1) AppleWebKit/537.36 (KHTML, like Gecko) Chrome/45.0.2454.85 Safari/537.36 OPR/32.0.1948.25	ufijuice@yahoo.com	2015-09-26 19:34:54.034+05
819	37.113.161.227	Mozilla/5.0 (Windows NT 6.1; WOW64) AppleWebKit/537.36 (KHTML, like Gecko) Chrome/45.0.2454.99 Safari/537.36	\N	2015-09-28 04:33:46.307+05
820	37.113.161.227	Mozilla/5.0 (Windows NT 6.1; WOW64) AppleWebKit/537.36 (KHTML, like Gecko) Chrome/45.0.2454.99 Safari/537.36	iamjacke@gmail.com	2015-09-28 04:33:46.8+05
821	37.113.161.227	Mozilla/5.0 (Windows NT 6.1; WOW64) AppleWebKit/537.36 (KHTML, like Gecko) Chrome/45.0.2454.101 Safari/537.36	\N	2015-10-01 00:53:17.911+05
822	37.113.161.227	Mozilla/5.0 (Windows NT 6.1; WOW64) AppleWebKit/537.36 (KHTML, like Gecko) Chrome/45.0.2454.101 Safari/537.36	testing@minorityapp.com	2015-10-01 00:53:18.421+05
823	31.207.186.55	Mozilla/5.0 (Windows NT 6.1) AppleWebKit/537.36 (KHTML, like Gecko) Chrome/45.0.2454.93 Safari/537.36 OPR/32.0.1948.69	\N	2015-10-03 20:56:53.713+05
824	31.207.186.55	Mozilla/5.0 (Windows NT 6.1) AppleWebKit/537.36 (KHTML, like Gecko) Chrome/45.0.2454.93 Safari/537.36 OPR/32.0.1948.69	ufijuice@yahoo.com	2015-10-03 20:56:54.512+05
825	31.207.186.55	Mozilla/5.0 (Windows NT 6.1) AppleWebKit/537.36 (KHTML, like Gecko) Chrome/45.0.2454.93 Safari/537.36 OPR/32.0.1948.69	\N	2015-10-03 23:28:02.768+05
826	31.207.186.55	Mozilla/5.0 (Windows NT 6.1) AppleWebKit/537.36 (KHTML, like Gecko) Chrome/45.0.2454.93 Safari/537.36 OPR/32.0.1948.69	testing@minorityapp.com	2015-10-03 23:28:03.217+05
827	37.113.156.255	Mozilla/5.0 (Windows NT 6.1; WOW64) AppleWebKit/537.36 (KHTML, like Gecko) Chrome/45.0.2454.101 Safari/537.36	\N	2015-10-03 23:28:30.554+05
828	37.113.156.255	Mozilla/5.0 (Windows NT 6.1; WOW64) AppleWebKit/537.36 (KHTML, like Gecko) Chrome/45.0.2454.101 Safari/537.36	testing@minorityapp.com	2015-10-03 23:28:33.815+05
829	31.207.186.55	Mozilla/5.0 (Windows NT 6.1) AppleWebKit/537.36 (KHTML, like Gecko) Chrome/45.0.2454.93 Safari/537.36 OPR/32.0.1948.69	\N	2015-10-03 23:31:15.299+05
830	31.207.186.55	Mozilla/5.0 (Windows NT 6.1) AppleWebKit/537.36 (KHTML, like Gecko) Chrome/45.0.2454.93 Safari/537.36 OPR/32.0.1948.69	testing@minorityapp.com	2015-10-03 23:31:16.298+05
831	31.207.186.55	Mozilla/5.0 (Windows NT 6.1) AppleWebKit/537.36 (KHTML, like Gecko) Chrome/45.0.2454.93 Safari/537.36 OPR/32.0.1948.69	\N	2015-10-03 23:31:50.36+05
832	31.207.186.55	Mozilla/5.0 (Windows NT 6.1) AppleWebKit/537.36 (KHTML, like Gecko) Chrome/45.0.2454.93 Safari/537.36 OPR/32.0.1948.69	ufijuice@yahoo.com	2015-10-03 23:31:50.998+05
833	31.207.190.7	Mozilla/5.0 (Windows NT 6.1) AppleWebKit/537.36 (KHTML, like Gecko) Chrome/45.0.2454.93 Safari/537.36 OPR/32.0.1948.69	\N	2015-10-05 02:46:32.328+05
834	31.207.190.7	Mozilla/5.0 (Windows NT 6.1) AppleWebKit/537.36 (KHTML, like Gecko) Chrome/45.0.2454.93 Safari/537.36 OPR/32.0.1948.69	ufijuice@yahoo.com	2015-10-05 02:46:35.379+05
835	31.207.237.122	Mozilla/5.0 (Windows NT 6.1) AppleWebKit/537.36 (KHTML, like Gecko) Chrome/45.0.2454.93 Safari/537.36 OPR/32.0.1948.69	\N	2015-10-06 00:15:36.454+05
836	31.207.237.122	Mozilla/5.0 (Windows NT 6.1) AppleWebKit/537.36 (KHTML, like Gecko) Chrome/45.0.2454.93 Safari/537.36 OPR/32.0.1948.69	ufijuice@yahoo.com	2015-10-06 00:15:37.572+05
837	31.207.226.62	Mozilla/5.0 (Windows NT 6.1) AppleWebKit/537.36 (KHTML, like Gecko) Chrome/45.0.2454.93 Safari/537.36 OPR/32.0.1948.69	\N	2015-10-06 20:02:10.717+05
838	31.207.226.62	Mozilla/5.0 (Windows NT 6.1) AppleWebKit/537.36 (KHTML, like Gecko) Chrome/45.0.2454.93 Safari/537.36 OPR/32.0.1948.69	ufijuice@yahoo.com	2015-10-06 20:02:11.223+05
839	31.207.223.115	Mozilla/5.0 (Windows NT 6.1) AppleWebKit/537.36 (KHTML, like Gecko) Chrome/45.0.2454.93 Safari/537.36 OPR/32.0.1948.69	\N	2015-10-07 18:43:40.829+05
840	31.207.223.115	Mozilla/5.0 (Windows NT 6.1) AppleWebKit/537.36 (KHTML, like Gecko) Chrome/45.0.2454.93 Safari/537.36 OPR/32.0.1948.69	ufijuice@yahoo.com	2015-10-07 18:43:41.29+05
841	31.207.222.228	Mozilla/5.0 (Windows NT 6.1) AppleWebKit/537.36 (KHTML, like Gecko) Chrome/45.0.2454.93 Safari/537.36 OPR/32.0.1948.69	\N	2015-10-10 04:09:57.066+05
842	31.207.222.228	Mozilla/5.0 (Windows NT 6.1) AppleWebKit/537.36 (KHTML, like Gecko) Chrome/45.0.2454.93 Safari/537.36 OPR/32.0.1948.69	testing@minorityapp.com	2015-10-10 04:09:57.875+05
843	37.113.145.113	Mozilla/5.0 (Windows NT 6.1; WOW64) AppleWebKit/537.36 (KHTML, like Gecko) Chrome/45.0.2454.101 Safari/537.36	\N	2015-10-10 04:29:43.562+05
844	37.113.145.113	Mozilla/5.0 (Windows NT 6.1; WOW64) AppleWebKit/537.36 (KHTML, like Gecko) Chrome/45.0.2454.101 Safari/537.36	testing@minorityapp.com	2015-10-10 04:29:44.079+05
845	37.113.145.113	Mozilla/5.0 (Windows NT 6.1; WOW64) AppleWebKit/537.36 (KHTML, like Gecko) Chrome/45.0.2454.101 Safari/537.36	\N	2015-10-10 23:05:39.472+05
846	37.113.145.113	Mozilla/5.0 (Windows NT 6.1; WOW64) AppleWebKit/537.36 (KHTML, like Gecko) Chrome/45.0.2454.101 Safari/537.36	testing@minorityapp.com	2015-10-10 23:05:40.11+05
847	37.113.145.113	Mozilla/5.0 (Windows NT 6.1; WOW64) AppleWebKit/537.36 (KHTML, like Gecko) Chrome/45.0.2454.101 Safari/537.36	\N	2015-10-11 13:33:32.457+05
848	37.113.145.113	Mozilla/5.0 (Windows NT 6.1; WOW64) AppleWebKit/537.36 (KHTML, like Gecko) Chrome/45.0.2454.101 Safari/537.36	testing@minorityapp.com	2015-10-11 13:33:33.106+05
849	31.207.189.104	Mozilla/5.0 (Windows NT 6.1) AppleWebKit/537.36 (KHTML, like Gecko) Chrome/45.0.2454.93 Safari/537.36 OPR/32.0.1948.69	\N	2015-10-14 09:43:53.657+05
850	31.207.189.104	Mozilla/5.0 (Windows NT 6.1) AppleWebKit/537.36 (KHTML, like Gecko) Chrome/45.0.2454.93 Safari/537.36 OPR/32.0.1948.69	testing@minorityapp.com	2015-10-14 09:43:54.166+05
851	31.207.211.241	Mozilla/5.0 (Windows NT 6.1) AppleWebKit/537.36 (KHTML, like Gecko) Chrome/45.0.2454.93 Safari/537.36 OPR/32.0.1948.69	\N	2015-10-21 02:48:43.638+05
852	31.207.211.241	Mozilla/5.0 (Windows NT 6.1) AppleWebKit/537.36 (KHTML, like Gecko) Chrome/45.0.2454.93 Safari/537.36 OPR/32.0.1948.69	ufijuice@yahoo.com	2015-10-21 02:48:44.507+05
853	31.207.211.241	Mozilla/5.0 (Windows NT 6.1) AppleWebKit/537.36 (KHTML, like Gecko) Chrome/45.0.2454.93 Safari/537.36 OPR/32.0.1948.69	\N	2015-10-21 02:48:45.977+05
854	31.207.211.241	Mozilla/5.0 (Windows NT 6.1) AppleWebKit/537.36 (KHTML, like Gecko) Chrome/45.0.2454.93 Safari/537.36 OPR/32.0.1948.69	ufijuice@yahoo.com	2015-10-21 02:48:46.531+05
855	37.113.155.93	Mozilla/5.0 (Windows NT 6.1; WOW64) AppleWebKit/537.36 (KHTML, like Gecko) Chrome/46.0.2490.71 Safari/537.36	\N	2015-10-23 00:01:07.273+05
856	37.113.155.93	Mozilla/5.0 (Windows NT 6.1; WOW64) AppleWebKit/537.36 (KHTML, like Gecko) Chrome/46.0.2490.71 Safari/537.36	testing@minorityapp.com	2015-10-23 00:01:08.133+05
857	37.113.155.93	Mozilla/5.0 (Windows NT 6.1; WOW64) AppleWebKit/537.36 (KHTML, like Gecko) Chrome/46.0.2490.71 Safari/537.36	\N	2015-10-23 00:37:38.831+05
858	37.113.155.93	Mozilla/5.0 (Windows NT 6.1; WOW64) AppleWebKit/537.36 (KHTML, like Gecko) Chrome/46.0.2490.71 Safari/537.36	testing@minorityapp.com	2015-10-23 00:37:39.961+05
859	31.207.195.41	Mozilla/5.0 (Windows NT 6.1) AppleWebKit/537.36 (KHTML, like Gecko) Chrome/45.0.2454.93 Safari/537.36 OPR/32.0.1948.69	\N	2015-10-25 05:28:04.263+05
860	31.207.195.41	Mozilla/5.0 (Windows NT 6.1) AppleWebKit/537.36 (KHTML, like Gecko) Chrome/45.0.2454.93 Safari/537.36 OPR/32.0.1948.69	ufijuice@yahoo.com	2015-10-25 05:28:05.188+05
861	157.130.6.242	Mozilla/5.0 (Macintosh; Intel Mac OS X 10_11_0) AppleWebKit/537.36 (KHTML, like Gecko) Chrome/46.0.2490.80 Safari/537.36	\N	2015-10-28 06:00:49.524+05
862	157.130.6.242	Mozilla/5.0 (Macintosh; Intel Mac OS X 10_11_0) AppleWebKit/537.36 (KHTML, like Gecko) Chrome/46.0.2490.80 Safari/537.36	testing@minorityapp.com	2015-10-28 06:00:50.916+05
863	157.130.6.242	Mozilla/5.0 (Macintosh; Intel Mac OS X 10_10_1) AppleWebKit/537.36 (KHTML, like Gecko) Chrome/45.0.2454.101 Safari/537.36	\N	2015-10-28 06:01:33.578+05
864	157.130.6.242	Mozilla/5.0 (Macintosh; Intel Mac OS X 10_10_1) AppleWebKit/537.36 (KHTML, like Gecko) Chrome/45.0.2454.101 Safari/537.36	testing@minorityapp.com	2015-10-28 06:01:34.413+05
865	31.207.236.48	Mozilla/5.0 (Windows NT 6.1) AppleWebKit/537.36 (KHTML, like Gecko) Chrome/45.0.2454.93 Safari/537.36 OPR/32.0.1948.69	\N	2015-10-29 06:25:53.772+05
866	31.207.236.48	Mozilla/5.0 (Windows NT 6.1) AppleWebKit/537.36 (KHTML, like Gecko) Chrome/45.0.2454.93 Safari/537.36 OPR/32.0.1948.69	ufijuice@yahoo.com	2015-10-29 06:25:54.33+05
867	31.207.253.237	Mozilla/5.0 (Windows NT 6.1) AppleWebKit/537.36 (KHTML, like Gecko) Chrome/46.0.2490.71 Safari/537.36 OPR/33.0.1990.43	\N	2015-10-30 10:01:13.157+05
868	31.207.253.237	Mozilla/5.0 (Windows NT 6.1) AppleWebKit/537.36 (KHTML, like Gecko) Chrome/46.0.2490.71 Safari/537.36 OPR/33.0.1990.43	ufijuice@yahoo.com	2015-10-30 10:01:14.784+05
869	31.207.253.237	Mozilla/5.0 (Windows NT 6.1) AppleWebKit/537.36 (KHTML, like Gecko) Chrome/46.0.2490.71 Safari/537.36 OPR/33.0.1990.43	\N	2015-10-30 10:22:06.078+05
870	31.207.253.237	Mozilla/5.0 (Windows NT 6.1) AppleWebKit/537.36 (KHTML, like Gecko) Chrome/46.0.2490.71 Safari/537.36 OPR/33.0.1990.43	testing@minorityapp.com	2015-10-30 10:22:06.807+05
871	31.207.251.95	Mozilla/5.0 (Windows NT 6.1) AppleWebKit/537.36 (KHTML, like Gecko) Chrome/46.0.2490.71 Safari/537.36 OPR/33.0.1990.43	\N	2015-11-02 09:28:35.484+05
872	31.207.251.95	Mozilla/5.0 (Windows NT 6.1) AppleWebKit/537.36 (KHTML, like Gecko) Chrome/46.0.2490.71 Safari/537.36 OPR/33.0.1990.43	ufijuice@yahoo.com	2015-11-02 09:28:36.68+05
873	31.207.243.186	Mozilla/5.0 (Windows NT 6.1) AppleWebKit/537.36 (KHTML, like Gecko) Chrome/46.0.2490.71 Safari/537.36 OPR/33.0.1990.43	\N	2015-11-03 08:34:56.937+05
874	31.207.243.186	Mozilla/5.0 (Windows NT 6.1) AppleWebKit/537.36 (KHTML, like Gecko) Chrome/46.0.2490.71 Safari/537.36 OPR/33.0.1990.43	ufijuice@yahoo.com	2015-11-03 08:34:57.617+05
875	31.207.243.186	Mozilla/5.0 (Windows NT 6.1) AppleWebKit/537.36 (KHTML, like Gecko) Chrome/46.0.2490.71 Safari/537.36 OPR/33.0.1990.43	\N	2015-11-03 17:05:46.699+05
876	31.207.243.186	Mozilla/5.0 (Windows NT 6.1) AppleWebKit/537.36 (KHTML, like Gecko) Chrome/46.0.2490.71 Safari/537.36 OPR/33.0.1990.43	ufijuice@yahoo.com	2015-11-03 17:05:47.412+05
877	37.113.186.246	Mozilla/5.0 (Windows NT 6.1; WOW64) AppleWebKit/537.36 (KHTML, like Gecko) Chrome/46.0.2490.80 Safari/537.36	\N	2015-11-03 18:40:41.976+05
878	37.113.186.246	Mozilla/5.0 (Windows NT 6.1; WOW64) AppleWebKit/537.36 (KHTML, like Gecko) Chrome/46.0.2490.80 Safari/537.36	testing@minorityapp.com	2015-11-03 18:40:42.563+05
879	24.193.9.234	Mozilla/5.0 (Macintosh; Intel Mac OS X 10_11_1) AppleWebKit/537.36 (KHTML, like Gecko) Chrome/46.0.2490.80 Safari/537.36	\N	2015-11-04 06:28:12.721+05
880	24.193.9.234	Mozilla/5.0 (Macintosh; Intel Mac OS X 10_11_1) AppleWebKit/537.36 (KHTML, like Gecko) Chrome/46.0.2490.80 Safari/537.36	testing@minorityapp.com	2015-11-04 06:28:14.098+05
881	31.207.242.5	Mozilla/5.0 (Windows NT 6.1) AppleWebKit/537.36 (KHTML, like Gecko) Chrome/46.0.2490.71 Safari/537.36 OPR/33.0.1990.43	\N	2015-11-04 09:08:43.819+05
882	31.207.242.5	Mozilla/5.0 (Windows NT 6.1) AppleWebKit/537.36 (KHTML, like Gecko) Chrome/46.0.2490.71 Safari/537.36 OPR/33.0.1990.43	ufijuice@yahoo.com	2015-11-04 09:08:44.343+05
883	37.113.186.246	Mozilla/5.0 (Windows NT 6.1; WOW64) AppleWebKit/537.36 (KHTML, like Gecko) Chrome/46.0.2490.80 Safari/537.36	\N	2015-11-04 17:27:35.237+05
884	37.113.186.246	Mozilla/5.0 (Windows NT 6.1; WOW64) AppleWebKit/537.36 (KHTML, like Gecko) Chrome/46.0.2490.80 Safari/537.36	testing@minorityapp.com	2015-11-04 17:27:36.255+05
885	31.207.242.5	Mozilla/5.0 (Windows NT 6.1) AppleWebKit/537.36 (KHTML, like Gecko) Chrome/46.0.2490.71 Safari/537.36 OPR/33.0.1990.43	\N	2015-11-04 21:18:49.503+05
886	31.207.242.5	Mozilla/5.0 (Windows NT 6.1) AppleWebKit/537.36 (KHTML, like Gecko) Chrome/46.0.2490.71 Safari/537.36 OPR/33.0.1990.43	ufijuice@yahoo.com	2015-11-04 21:18:50.033+05
887	31.207.233.223	Mozilla/5.0 (Windows NT 6.1) AppleWebKit/537.36 (KHTML, like Gecko) Chrome/46.0.2490.71 Safari/537.36 OPR/33.0.1990.43	\N	2015-11-05 08:23:32.043+05
888	31.207.233.223	Mozilla/5.0 (Windows NT 6.1) AppleWebKit/537.36 (KHTML, like Gecko) Chrome/46.0.2490.71 Safari/537.36 OPR/33.0.1990.43	ufijuice@yahoo.com	2015-11-05 08:23:43.861+05
889	37.113.186.246	Mozilla/5.0 (Windows NT 6.1; WOW64) AppleWebKit/537.36 (KHTML, like Gecko) Chrome/46.0.2490.80 Safari/537.36	\N	2015-11-05 10:45:23.65+05
890	37.113.186.246	Mozilla/5.0 (Windows NT 6.1; WOW64) AppleWebKit/537.36 (KHTML, like Gecko) Chrome/46.0.2490.80 Safari/537.36	testing@minorityapp.com	2015-11-05 10:45:24.13+05
891	37.113.186.246	Mozilla/5.0 (Windows NT 6.1; WOW64) AppleWebKit/537.36 (KHTML, like Gecko) Chrome/46.0.2490.80 Safari/537.36	\N	2015-11-05 11:01:32.663+05
892	37.113.186.246	Mozilla/5.0 (Windows NT 6.1; WOW64) AppleWebKit/537.36 (KHTML, like Gecko) Chrome/46.0.2490.80 Safari/537.36	testing@minorityapp.com	2015-11-05 11:01:33.546+05
893	31.207.233.223	Mozilla/5.0 (Windows NT 6.1) AppleWebKit/537.36 (KHTML, like Gecko) Chrome/46.0.2490.71 Safari/537.36 OPR/33.0.1990.43	\N	2015-11-05 13:06:20.56+05
894	31.207.233.223	Mozilla/5.0 (Windows NT 6.1) AppleWebKit/537.36 (KHTML, like Gecko) Chrome/46.0.2490.71 Safari/537.36 OPR/33.0.1990.43	ufijuice@yahoo.com	2015-11-05 13:06:21.886+05
895	31.207.224.168	Mozilla/5.0 (Windows NT 6.1) AppleWebKit/537.36 (KHTML, like Gecko) Chrome/46.0.2490.71 Safari/537.36 OPR/33.0.1990.43	\N	2015-11-06 18:31:22.37+05
896	31.207.224.168	Mozilla/5.0 (Windows NT 6.1) AppleWebKit/537.36 (KHTML, like Gecko) Chrome/46.0.2490.71 Safari/537.36 OPR/33.0.1990.43	ufijuice@yahoo.com	2015-11-06 18:31:22.879+05
897	31.207.244.145	Mozilla/5.0 (Windows NT 6.1) AppleWebKit/537.36 (KHTML, like Gecko) Chrome/46.0.2490.80 Safari/537.36 OPR/33.0.1990.58	\N	2015-11-08 10:12:46.406+05
898	31.207.244.145	Mozilla/5.0 (Windows NT 6.1) AppleWebKit/537.36 (KHTML, like Gecko) Chrome/46.0.2490.80 Safari/537.36 OPR/33.0.1990.58	ufijuice@yahoo.com	2015-11-08 10:12:47.047+05
899	31.207.242.24	Mozilla/5.0 (Windows NT 6.1) AppleWebKit/537.36 (KHTML, like Gecko) Chrome/46.0.2490.80 Safari/537.36 OPR/33.0.1990.58	\N	2015-11-09 11:38:56.844+05
900	31.207.242.24	Mozilla/5.0 (Windows NT 6.1) AppleWebKit/537.36 (KHTML, like Gecko) Chrome/46.0.2490.80 Safari/537.36 OPR/33.0.1990.58	ufijuice@yahoo.com	2015-11-09 11:38:57.388+05
901	31.207.242.24	Mozilla/5.0 (Windows NT 6.1) AppleWebKit/537.36 (KHTML, like Gecko) Chrome/46.0.2490.80 Safari/537.36 OPR/33.0.1990.58	\N	2015-11-09 20:21:42.149+05
902	31.207.242.24	Mozilla/5.0 (Windows NT 6.1) AppleWebKit/537.36 (KHTML, like Gecko) Chrome/46.0.2490.80 Safari/537.36 OPR/33.0.1990.58	ufijuice@yahoo.com	2015-11-09 20:21:42.762+05
903	31.207.242.24	Mozilla/5.0 (Windows NT 6.1) AppleWebKit/537.36 (KHTML, like Gecko) Chrome/46.0.2490.80 Safari/537.36 OPR/33.0.1990.58	\N	2015-11-09 23:19:47.131+05
904	31.207.242.24	Mozilla/5.0 (Windows NT 6.1) AppleWebKit/537.36 (KHTML, like Gecko) Chrome/46.0.2490.80 Safari/537.36 OPR/33.0.1990.58	testing@minorityapp.com	2015-11-09 23:19:47.689+05
905	31.207.218.125	Mozilla/5.0 (Windows NT 6.1) AppleWebKit/537.36 (KHTML, like Gecko) Chrome/46.0.2490.80 Safari/537.36 OPR/33.0.1990.58	\N	2015-11-10 14:43:44.977+05
906	31.207.218.125	Mozilla/5.0 (Windows NT 6.1) AppleWebKit/537.36 (KHTML, like Gecko) Chrome/46.0.2490.80 Safari/537.36 OPR/33.0.1990.58	testing@minorityapp.com	2015-11-10 14:43:45.758+05
907	31.207.245.171	Mozilla/5.0 (Windows NT 6.1) AppleWebKit/537.36 (KHTML, like Gecko) Chrome/46.0.2490.80 Safari/537.36 OPR/33.0.1990.58	\N	2015-11-13 09:29:02.933+05
908	31.207.245.171	Mozilla/5.0 (Windows NT 6.1) AppleWebKit/537.36 (KHTML, like Gecko) Chrome/46.0.2490.80 Safari/537.36 OPR/33.0.1990.58	ufijuice@yahoo.com	2015-11-13 09:29:03.611+05
909	31.207.245.171	Mozilla/5.0 (Windows NT 6.1) AppleWebKit/537.36 (KHTML, like Gecko) Chrome/46.0.2490.80 Safari/537.36 OPR/33.0.1990.58	\N	2015-11-13 20:49:47.54+05
910	31.207.245.171	Mozilla/5.0 (Windows NT 6.1) AppleWebKit/537.36 (KHTML, like Gecko) Chrome/46.0.2490.80 Safari/537.36 OPR/33.0.1990.58	ufijuice@yahoo.com	2015-11-13 20:49:48.087+05
911	31.207.253.104	Mozilla/5.0 (Windows NT 6.1) AppleWebKit/537.36 (KHTML, like Gecko) Chrome/46.0.2490.80 Safari/537.36 OPR/33.0.1990.58	\N	2015-11-14 10:00:24.706+05
912	31.207.253.104	Mozilla/5.0 (Windows NT 6.1) AppleWebKit/537.36 (KHTML, like Gecko) Chrome/46.0.2490.80 Safari/537.36 OPR/33.0.1990.58	testing@minorityapp.com	2015-11-14 10:00:25.246+05
913	31.207.253.104	Mozilla/5.0 (Windows NT 6.1) AppleWebKit/537.36 (KHTML, like Gecko) Chrome/46.0.2490.80 Safari/537.36 OPR/33.0.1990.58	\N	2015-11-15 01:08:16.022+05
914	31.207.253.104	Mozilla/5.0 (Windows NT 6.1) AppleWebKit/537.36 (KHTML, like Gecko) Chrome/46.0.2490.80 Safari/537.36 OPR/33.0.1990.58	testing@minorityapp.com	2015-11-15 01:08:19.771+05
915	31.207.234.218	Mozilla/5.0 (Windows NT 6.1) AppleWebKit/537.36 (KHTML, like Gecko) Chrome/46.0.2490.80 Safari/537.36 OPR/33.0.1990.58	\N	2015-11-15 16:22:18.506+05
916	31.207.234.218	Mozilla/5.0 (Windows NT 6.1) AppleWebKit/537.36 (KHTML, like Gecko) Chrome/46.0.2490.80 Safari/537.36 OPR/33.0.1990.58	testing@minorityapp.com	2015-11-15 16:22:19.358+05
917	31.207.240.27	Mozilla/5.0 (Windows NT 6.1) AppleWebKit/537.36 (KHTML, like Gecko) Chrome/46.0.2490.80 Safari/537.36 OPR/33.0.1990.58	\N	2015-11-16 11:58:10.058+05
918	31.207.240.27	Mozilla/5.0 (Windows NT 6.1) AppleWebKit/537.36 (KHTML, like Gecko) Chrome/46.0.2490.80 Safari/537.36 OPR/33.0.1990.58	testing@minorityapp.com	2015-11-16 11:58:10.65+05
919	31.207.207.209	Mozilla/5.0 (Windows NT 6.1) AppleWebKit/537.36 (KHTML, like Gecko) Chrome/46.0.2490.80 Safari/537.36 OPR/33.0.1990.58	\N	2015-11-17 13:34:12.661+05
920	31.207.207.209	Mozilla/5.0 (Windows NT 6.1) AppleWebKit/537.36 (KHTML, like Gecko) Chrome/46.0.2490.80 Safari/537.36 OPR/33.0.1990.58	testing@minorityapp.com	2015-11-17 13:34:13.231+05
921	31.207.228.192	Mozilla/5.0 (Windows NT 6.1) AppleWebKit/537.36 (KHTML, like Gecko) Chrome/46.0.2490.80 Safari/537.36 OPR/33.0.1990.58	\N	2015-11-19 20:01:53.153+05
922	31.207.228.192	Mozilla/5.0 (Windows NT 6.1) AppleWebKit/537.36 (KHTML, like Gecko) Chrome/46.0.2490.80 Safari/537.36 OPR/33.0.1990.58	testing@minorityapp.com	2015-11-19 20:01:54.449+05
923	31.207.230.196	Mozilla/5.0 (Windows NT 6.1) AppleWebKit/537.36 (KHTML, like Gecko) Chrome/46.0.2490.86 Safari/537.36 OPR/33.0.1990.115	\N	2015-11-20 14:02:13.309+05
924	31.207.230.196	Mozilla/5.0 (Windows NT 6.1) AppleWebKit/537.36 (KHTML, like Gecko) Chrome/46.0.2490.86 Safari/537.36 OPR/33.0.1990.115	\N	2015-11-20 14:02:14.709+05
925	31.207.230.196	Mozilla/5.0 (Windows NT 6.1) AppleWebKit/537.36 (KHTML, like Gecko) Chrome/46.0.2490.86 Safari/537.36 OPR/33.0.1990.115	testing@minorityapp.com	2015-11-20 14:02:16.599+05
926	31.207.230.196	Mozilla/5.0 (Windows NT 6.1) AppleWebKit/537.36 (KHTML, like Gecko) Chrome/46.0.2490.86 Safari/537.36 OPR/33.0.1990.115	testing@minorityapp.com	2015-11-20 14:02:16.946+05
927	31.207.181.155	Mozilla/5.0 (Windows NT 6.1) AppleWebKit/537.36 (KHTML, like Gecko) Chrome/46.0.2490.86 Safari/537.36 OPR/33.0.1990.115	\N	2015-11-21 13:04:15.041+05
928	31.207.181.155	Mozilla/5.0 (Windows NT 6.1) AppleWebKit/537.36 (KHTML, like Gecko) Chrome/46.0.2490.86 Safari/537.36 OPR/33.0.1990.115	testing@minorityapp.com	2015-11-21 13:04:15.65+05
929	31.207.181.163	Mozilla/5.0 (Windows NT 6.1) AppleWebKit/537.36 (KHTML, like Gecko) Chrome/46.0.2490.86 Safari/537.36 OPR/33.0.1990.115	\N	2015-11-22 14:07:28.52+05
930	31.207.181.163	Mozilla/5.0 (Windows NT 6.1) AppleWebKit/537.36 (KHTML, like Gecko) Chrome/46.0.2490.86 Safari/537.36 OPR/33.0.1990.115	testing@minorityapp.com	2015-11-22 14:07:29.066+05
931	31.207.254.27	Mozilla/5.0 (Windows NT 6.1) AppleWebKit/537.36 (KHTML, like Gecko) Chrome/46.0.2490.86 Safari/537.36 OPR/33.0.1990.115	\N	2015-11-24 02:00:42.251+05
932	31.207.254.27	Mozilla/5.0 (Windows NT 6.1) AppleWebKit/537.36 (KHTML, like Gecko) Chrome/46.0.2490.86 Safari/537.36 OPR/33.0.1990.115	testing@minorityapp.com	2015-11-24 02:00:43.197+05
933	37.113.143.107	Mozilla/5.0 (Windows NT 6.1; WOW64) AppleWebKit/537.36 (KHTML, like Gecko) Chrome/46.0.2490.86 Safari/537.36	\N	2015-11-24 10:28:30.797+05
934	37.113.143.107	Mozilla/5.0 (Windows NT 6.1; WOW64) AppleWebKit/537.36 (KHTML, like Gecko) Chrome/46.0.2490.86 Safari/537.36	testing@minorityapp.com	2015-11-24 10:28:33.654+05
935	31.207.192.19	Mozilla/5.0 (Windows NT 6.1) AppleWebKit/537.36 (KHTML, like Gecko) Chrome/46.0.2490.86 Safari/537.36 OPR/33.0.1990.115	\N	2015-11-24 17:37:38.467+05
936	31.207.192.19	Mozilla/5.0 (Windows NT 6.1) AppleWebKit/537.36 (KHTML, like Gecko) Chrome/46.0.2490.86 Safari/537.36 OPR/33.0.1990.115	testing@minorityapp.com	2015-11-24 17:37:39.204+05
937	37.113.143.107	Mozilla/5.0 (Windows NT 6.1; WOW64) AppleWebKit/537.36 (KHTML, like Gecko) Chrome/46.0.2490.86 Safari/537.36	\N	2015-11-25 16:12:20.1+05
938	37.113.143.107	Mozilla/5.0 (Windows NT 6.1; WOW64) AppleWebKit/537.36 (KHTML, like Gecko) Chrome/46.0.2490.86 Safari/537.36	testing@minorityapp.com	2015-11-25 16:12:23.128+05
939	31.207.164.83	Mozilla/5.0 (Windows NT 6.1) AppleWebKit/537.36 (KHTML, like Gecko) Chrome/46.0.2490.86 Safari/537.36 OPR/33.0.1990.115	\N	2015-11-25 18:09:53.162+05
940	31.207.164.83	Mozilla/5.0 (Windows NT 6.1) AppleWebKit/537.36 (KHTML, like Gecko) Chrome/46.0.2490.86 Safari/537.36 OPR/33.0.1990.115	testing@minorityapp.com	2015-11-25 18:10:00.441+05
941	37.113.137.93	Mozilla/5.0 (Windows NT 6.1; WOW64) AppleWebKit/537.36 (KHTML, like Gecko) Chrome/46.0.2490.86 Safari/537.36	\N	2015-11-26 17:47:48.267+05
942	37.113.137.93	Mozilla/5.0 (Windows NT 6.1; WOW64) AppleWebKit/537.36 (KHTML, like Gecko) Chrome/46.0.2490.86 Safari/537.36	testing@minorityapp.com	2015-11-26 17:47:52.508+05
943	31.207.247.232	Mozilla/5.0 (Windows NT 6.1) AppleWebKit/537.36 (KHTML, like Gecko) Chrome/46.0.2490.86 Safari/537.36 OPR/33.0.1990.115	\N	2015-11-27 15:08:22.649+05
944	31.207.247.232	Mozilla/5.0 (Windows NT 6.1) AppleWebKit/537.36 (KHTML, like Gecko) Chrome/46.0.2490.86 Safari/537.36 OPR/33.0.1990.115	testing@minorityapp.com	2015-11-27 15:08:23.365+05
945	31.207.183.248	Mozilla/5.0 (Windows NT 6.1) AppleWebKit/537.36 (KHTML, like Gecko) Chrome/46.0.2490.86 Safari/537.36 OPR/33.0.1990.115	\N	2015-11-28 17:54:10.894+05
946	31.207.183.248	Mozilla/5.0 (Windows NT 6.1) AppleWebKit/537.36 (KHTML, like Gecko) Chrome/46.0.2490.86 Safari/537.36 OPR/33.0.1990.115	testing@minorityapp.com	2015-11-28 17:54:11.758+05
947	31.207.165.163	Mozilla/5.0 (Windows NT 6.1) AppleWebKit/537.36 (KHTML, like Gecko) Chrome/46.0.2490.86 Safari/537.36 OPR/33.0.1990.115	\N	2015-11-29 15:07:56.055+05
948	31.207.165.163	Mozilla/5.0 (Windows NT 6.1) AppleWebKit/537.36 (KHTML, like Gecko) Chrome/46.0.2490.86 Safari/537.36 OPR/33.0.1990.115	testing@minorityapp.com	2015-11-29 15:07:57.453+05
949	31.207.179.111	Mozilla/5.0 (Windows NT 6.1) AppleWebKit/537.36 (KHTML, like Gecko) Chrome/46.0.2490.86 Safari/537.36 OPR/33.0.1990.115	\N	2015-12-05 01:42:22.721+05
950	31.207.179.111	Mozilla/5.0 (Windows NT 6.1) AppleWebKit/537.36 (KHTML, like Gecko) Chrome/46.0.2490.86 Safari/537.36 OPR/33.0.1990.115	testing@minorityapp.com	2015-12-05 01:42:25.899+05
951	70.115.143.61	Mozilla/5.0 (Macintosh; Intel Mac OS X 10_10_5) AppleWebKit/537.36 (KHTML, like Gecko) Chrome/47.0.2526.73 Safari/537.36	\N	2015-12-05 20:21:04.354+05
952	70.115.143.61	Mozilla/5.0 (Macintosh; Intel Mac OS X 10_10_5) AppleWebKit/537.36 (KHTML, like Gecko) Chrome/47.0.2526.73 Safari/537.36	testing@minorityapp.com	2015-12-05 20:21:05.397+05
953	31.207.172.8	Mozilla/5.0 (Windows NT 6.1) AppleWebKit/537.36 (KHTML, like Gecko) Chrome/46.0.2490.86 Safari/537.36 OPR/33.0.1990.115	\N	2015-12-05 20:21:49.026+05
954	31.207.172.8	Mozilla/5.0 (Windows NT 6.1) AppleWebKit/537.36 (KHTML, like Gecko) Chrome/46.0.2490.86 Safari/537.36 OPR/33.0.1990.115	ufijuice@yahoo.com	2015-12-05 20:21:49.88+05
955	31.207.172.8	Mozilla/5.0 (Windows NT 6.1) AppleWebKit/537.36 (KHTML, like Gecko) Chrome/46.0.2490.86 Safari/537.36 OPR/33.0.1990.115	\N	2015-12-05 21:24:46.018+05
956	31.207.172.8	Mozilla/5.0 (Windows NT 6.1) AppleWebKit/537.36 (KHTML, like Gecko) Chrome/46.0.2490.86 Safari/537.36 OPR/33.0.1990.115	testing@minorityapp.com	2015-12-05 21:24:46.922+05
957	95.78.129.61	Mozilla/5.0 (Windows NT 6.1; WOW64) AppleWebKit/537.36 (KHTML, like Gecko) Chrome/47.0.2526.73 Safari/537.36	\N	2015-12-06 22:54:46.808+05
958	95.78.129.61	Mozilla/5.0 (Windows NT 6.1; WOW64) AppleWebKit/537.36 (KHTML, like Gecko) Chrome/47.0.2526.73 Safari/537.36	testing@minorityapp.com	2015-12-06 22:54:50.785+05
959	31.207.174.224	Mozilla/5.0 (Windows NT 6.1) AppleWebKit/537.36 (KHTML, like Gecko) Chrome/46.0.2490.86 Safari/537.36 OPR/33.0.1990.115	\N	2015-12-07 00:10:33.596+05
960	31.207.174.224	Mozilla/5.0 (Windows NT 6.1) AppleWebKit/537.36 (KHTML, like Gecko) Chrome/46.0.2490.86 Safari/537.36 OPR/33.0.1990.115	testing@minorityapp.com	2015-12-07 00:10:34.652+05
961	31.207.174.224	Mozilla/5.0 (Windows NT 6.1) AppleWebKit/537.36 (KHTML, like Gecko) Chrome/46.0.2490.86 Safari/537.36 OPR/33.0.1990.115	\N	2015-12-07 00:46:24.75+05
962	31.207.174.224	Mozilla/5.0 (Windows NT 6.1) AppleWebKit/537.36 (KHTML, like Gecko) Chrome/46.0.2490.86 Safari/537.36 OPR/33.0.1990.115	ufijuice@yahoo.com	2015-12-07 00:46:25.326+05
963	31.207.174.224	Mozilla/5.0 (Windows NT 6.1) AppleWebKit/537.36 (KHTML, like Gecko) Chrome/46.0.2490.86 Safari/537.36 OPR/33.0.1990.115	\N	2015-12-07 00:59:46.487+05
964	31.207.174.224	Mozilla/5.0 (Windows NT 6.1) AppleWebKit/537.36 (KHTML, like Gecko) Chrome/46.0.2490.86 Safari/537.36 OPR/33.0.1990.115	testing@minorityapp.com	2015-12-07 00:59:47.065+05
965	31.207.174.224	Mozilla/5.0 (Windows NT 6.1) AppleWebKit/537.36 (KHTML, like Gecko) Chrome/46.0.2490.86 Safari/537.36 OPR/33.0.1990.115	\N	2015-12-07 01:41:08.297+05
966	31.207.174.224	Mozilla/5.0 (Windows NT 6.1) AppleWebKit/537.36 (KHTML, like Gecko) Chrome/46.0.2490.86 Safari/537.36 OPR/33.0.1990.115	juices.woo@gmail.com	2015-12-07 01:41:09.119+05
967	37.113.152.8	Mozilla/5.0 (Windows NT 6.1; WOW64) AppleWebKit/537.36 (KHTML, like Gecko) Chrome/47.0.2526.73 Safari/537.36	\N	2015-12-07 09:42:39.159+05
968	37.113.152.8	Mozilla/5.0 (Windows NT 6.1; WOW64) AppleWebKit/537.36 (KHTML, like Gecko) Chrome/47.0.2526.73 Safari/537.36	testing@minorityapp.com	2015-12-07 09:42:39.934+05
969	37.113.149.87	Mozilla/5.0 (Windows NT 6.1; WOW64) AppleWebKit/537.36 (KHTML, like Gecko) Chrome/47.0.2526.73 Safari/537.36	\N	2015-12-09 00:36:52.436+05
970	37.113.149.87	Mozilla/5.0 (Windows NT 6.1; WOW64) AppleWebKit/537.36 (KHTML, like Gecko) Chrome/47.0.2526.73 Safari/537.36	testing@minorityapp.com	2015-12-09 00:36:54.131+05
971	31.207.239.59	Mozilla/5.0 (Windows NT 6.1) AppleWebKit/537.36 (KHTML, like Gecko) Chrome/46.0.2490.86 Safari/537.36 OPR/33.0.1990.115	\N	2015-12-09 02:56:05.1+05
972	31.207.239.59	Mozilla/5.0 (Windows NT 6.1) AppleWebKit/537.36 (KHTML, like Gecko) Chrome/46.0.2490.86 Safari/537.36 OPR/33.0.1990.115	testing@minorityapp.com	2015-12-09 02:56:06.081+05
973	37.113.149.87	Mozilla/5.0 (Windows NT 6.1; WOW64; rv:44.0) Gecko/20100101 Firefox/44.0	\N	2015-12-09 03:20:11.679+05
974	37.113.149.87	Mozilla/5.0 (Windows NT 6.1; WOW64; rv:44.0) Gecko/20100101 Firefox/44.0	testing@minorityapp.com	2015-12-09 03:20:12.6+05
975	37.113.149.87	Mozilla/5.0 (Windows NT 6.1; WOW64) AppleWebKit/537.36 (KHTML, like Gecko) Chrome/47.0.2526.73 Safari/537.36	\N	2015-12-09 14:54:43.874+05
976	37.113.149.87	Mozilla/5.0 (Windows NT 6.1; WOW64) AppleWebKit/537.36 (KHTML, like Gecko) Chrome/47.0.2526.73 Safari/537.36	testing@minorityapp.com	2015-12-09 14:54:45.551+05
977	37.113.155.89	Mozilla/5.0 (Windows NT 6.1; WOW64) AppleWebKit/537.36 (KHTML, like Gecko) Chrome/47.0.2526.73 Safari/537.36	\N	2015-12-11 11:04:17.195+05
978	37.113.155.89	Mozilla/5.0 (Windows NT 6.1; WOW64) AppleWebKit/537.36 (KHTML, like Gecko) Chrome/47.0.2526.73 Safari/537.36	testing@minorityapp.com	2015-12-11 11:04:18.505+05
979	31.207.225.185	Mozilla/5.0 (Windows NT 6.1) AppleWebKit/537.36 (KHTML, like Gecko) Chrome/47.0.2526.73 Safari/537.36 OPR/34.0.2036.25	\N	2015-12-12 07:39:16.292+05
980	31.207.225.185	Mozilla/5.0 (Windows NT 6.1) AppleWebKit/537.36 (KHTML, like Gecko) Chrome/47.0.2526.73 Safari/537.36 OPR/34.0.2036.25	testing@minorityapp.com	2015-12-12 07:39:17.55+05
981	31.207.248.118	Mozilla/5.0 (Windows NT 6.1) AppleWebKit/537.36 (KHTML, like Gecko) Chrome/47.0.2526.73 Safari/537.36 OPR/34.0.2036.25	\N	2015-12-14 09:31:43.867+05
982	31.207.248.118	Mozilla/5.0 (Windows NT 6.1) AppleWebKit/537.36 (KHTML, like Gecko) Chrome/47.0.2526.73 Safari/537.36 OPR/34.0.2036.25	ufijuice@yahoo.com	2015-12-14 09:31:45.257+05
983	31.207.248.118	Mozilla/5.0 (Windows NT 6.1) AppleWebKit/537.36 (KHTML, like Gecko) Chrome/47.0.2526.73 Safari/537.36 OPR/34.0.2036.25	\N	2015-12-14 11:51:18.382+05
984	31.207.248.118	Mozilla/5.0 (Windows NT 6.1) AppleWebKit/537.36 (KHTML, like Gecko) Chrome/47.0.2526.73 Safari/537.36 OPR/34.0.2036.25	ufijuice@yahoo.com	2015-12-14 11:51:19.431+05
985	31.207.248.118	Mozilla/5.0 (Windows NT 6.1) AppleWebKit/537.36 (KHTML, like Gecko) Chrome/47.0.2526.73 Safari/537.36 OPR/34.0.2036.25	\N	2015-12-14 17:37:11.375+05
986	31.207.248.118	Mozilla/5.0 (Windows NT 6.1) AppleWebKit/537.36 (KHTML, like Gecko) Chrome/47.0.2526.73 Safari/537.36 OPR/34.0.2036.25	ufijuice@yahoo.com	2015-12-14 17:37:12.657+05
987	31.207.211.78	Mozilla/5.0 (Windows NT 6.1) AppleWebKit/537.36 (KHTML, like Gecko) Chrome/47.0.2526.73 Safari/537.36 OPR/34.0.2036.25	\N	2015-12-15 15:59:55.252+05
988	31.207.211.78	Mozilla/5.0 (Windows NT 6.1) AppleWebKit/537.36 (KHTML, like Gecko) Chrome/47.0.2526.73 Safari/537.36 OPR/34.0.2036.25	testing@minorityapp.com	2015-12-15 15:59:55.733+05
989	31.207.211.78	Mozilla/5.0 (Windows NT 6.1) AppleWebKit/537.36 (KHTML, like Gecko) Chrome/47.0.2526.73 Safari/537.36 OPR/34.0.2036.25	\N	2015-12-15 16:33:40.01+05
990	31.207.211.78	Mozilla/5.0 (Windows NT 6.1) AppleWebKit/537.36 (KHTML, like Gecko) Chrome/47.0.2526.73 Safari/537.36 OPR/34.0.2036.25	ufijuice@yahoo.com	2015-12-15 16:33:40.531+05
991	37.113.175.50	Mozilla/5.0 (Windows NT 6.1; WOW64) AppleWebKit/537.36 (KHTML, like Gecko) Chrome/47.0.2526.80 Safari/537.36	\N	2015-12-16 06:48:11.242+05
992	37.113.175.50	Mozilla/5.0 (Windows NT 6.1; WOW64) AppleWebKit/537.36 (KHTML, like Gecko) Chrome/47.0.2526.80 Safari/537.36	testing@minorityapp.com	2015-12-16 06:48:12.168+05
993	31.207.230.171	Mozilla/5.0 (Windows NT 6.1) AppleWebKit/537.36 (KHTML, like Gecko) Chrome/47.0.2526.73 Safari/537.36 OPR/34.0.2036.25	\N	2015-12-16 06:49:48.233+05
994	31.207.230.171	Mozilla/5.0 (Windows NT 6.1) AppleWebKit/537.36 (KHTML, like Gecko) Chrome/47.0.2526.73 Safari/537.36 OPR/34.0.2036.25	ufijuice@yahoo.com	2015-12-16 06:49:49.068+05
995	31.207.230.171	Mozilla/5.0 (Windows NT 6.1) AppleWebKit/537.36 (KHTML, like Gecko) Chrome/47.0.2526.73 Safari/537.36 OPR/34.0.2036.25	\N	2015-12-16 13:04:24.619+05
996	31.207.230.171	Mozilla/5.0 (Windows NT 6.1) AppleWebKit/537.36 (KHTML, like Gecko) Chrome/47.0.2526.73 Safari/537.36 OPR/34.0.2036.25	ufijuice@yahoo.com	2015-12-16 13:04:25.478+05
997	31.207.214.106	Mozilla/5.0 (Windows NT 6.1) AppleWebKit/537.36 (KHTML, like Gecko) Chrome/47.0.2526.73 Safari/537.36 OPR/34.0.2036.25	\N	2015-12-17 10:06:16.947+05
998	31.207.214.106	Mozilla/5.0 (Windows NT 6.1) AppleWebKit/537.36 (KHTML, like Gecko) Chrome/47.0.2526.73 Safari/537.36 OPR/34.0.2036.25	ufijuice@yahoo.com	2015-12-17 10:06:17.921+05
999	31.207.214.106	Mozilla/5.0 (Windows NT 6.1) AppleWebKit/537.36 (KHTML, like Gecko) Chrome/47.0.2526.73 Safari/537.36 OPR/34.0.2036.25	\N	2015-12-17 17:26:40.775+05
1000	31.207.214.106	Mozilla/5.0 (Windows NT 6.1) AppleWebKit/537.36 (KHTML, like Gecko) Chrome/47.0.2526.73 Safari/537.36 OPR/34.0.2036.25	testing@minorityapp.com	2015-12-17 17:26:41.404+05
1001	31.207.212.240	Mozilla/5.0 (Windows NT 6.1) AppleWebKit/537.36 (KHTML, like Gecko) Chrome/47.0.2526.73 Safari/537.36 OPR/34.0.2036.25	\N	2015-12-18 06:55:22.636+05
1002	31.207.212.240	Mozilla/5.0 (Windows NT 6.1) AppleWebKit/537.36 (KHTML, like Gecko) Chrome/47.0.2526.73 Safari/537.36 OPR/34.0.2036.25	ufijuice@yahoo.com	2015-12-18 06:55:23.941+05
1003	31.207.216.19	Mozilla/5.0 (Windows NT 6.1) AppleWebKit/537.36 (KHTML, like Gecko) Chrome/47.0.2526.73 Safari/537.36 OPR/34.0.2036.25	\N	2015-12-19 15:12:56.712+05
1004	31.207.216.19	Mozilla/5.0 (Windows NT 6.1) AppleWebKit/537.36 (KHTML, like Gecko) Chrome/47.0.2526.73 Safari/537.36 OPR/34.0.2036.25	ufijuice@yahoo.com	2015-12-19 15:12:57.984+05
1005	31.207.216.19	Mozilla/5.0 (Windows NT 6.1) AppleWebKit/537.36 (KHTML, like Gecko) Chrome/47.0.2526.73 Safari/537.36 OPR/34.0.2036.25	\N	2015-12-19 15:16:38.055+05
1006	31.207.216.19	Mozilla/5.0 (Windows NT 6.1) AppleWebKit/537.36 (KHTML, like Gecko) Chrome/47.0.2526.73 Safari/537.36 OPR/34.0.2036.25	ufijuice@yahoo.com	2015-12-19 15:16:39.017+05
1007	37.113.154.2	Mozilla/5.0 (Windows NT 6.1; WOW64) AppleWebKit/537.36 (KHTML, like Gecko) Chrome/47.0.2526.106 Safari/537.36	\N	2015-12-20 17:19:25.266+05
1008	37.113.154.2	Mozilla/5.0 (Windows NT 6.1; WOW64) AppleWebKit/537.36 (KHTML, like Gecko) Chrome/47.0.2526.106 Safari/537.36	testing@minorityapp.com	2015-12-20 17:19:26.27+05
\.


--
-- Name: account_loggers_id_seq; Type: SEQUENCE SET; Schema: public; Owner: postgres
--

SELECT pg_catalog.setval('account_loggers_id_seq', 1008, true);


--
-- Data for Name: account_plan_history; Type: TABLE DATA; Schema: public; Owner: postgres
--

COPY account_plan_history (id, account_plan_id, limit_diff, plan_diff, bill_id) FROM stdin;
\.


--
-- Name: account_plan_history_id_seq; Type: SEQUENCE SET; Schema: public; Owner: postgres
--

SELECT pg_catalog.setval('account_plan_history_id_seq', 1, false);


--
-- Data for Name: account_plans; Type: TABLE DATA; Schema: public; Owner: postgres
--

COPY account_plans (id, business_id, master_acc, plan_id, expired_at, active, "limit") FROM stdin;
24	25	another_one@minorityapp.com	1	2015-09-10 15:32:15.52+05	t	5
25	26	see@guol.in	1	2015-09-12 13:53:59.746+05	t	5
27	28	test666@minorityapp.com	1	2015-09-27 11:59:34.016+05	t	5
28	29	iamjacke@gmail.com	1	2015-10-02 13:09:40.635+05	t	5
29	30	tbrodeen@gmail.com	1	2015-12-12 00:42:55.304+05	f	5
30	2	testing@minorityapp.com	1	2015-12-18 11:48:39.096+05	f	5
31	3	juices.woo@gmail.com	1	2015-12-18 11:48:39.219+05	f	5
32	4	R.Peht@example.com	1	2015-12-18 11:48:39.247+05	f	5
33	5	N.As@example.com	1	2015-12-18 11:48:39.263+05	f	5
34	6	B.Olxxo@example.com	1	2015-12-18 11:48:39.278+05	f	5
35	7	O.Qekwxza@example.com	1	2015-12-18 11:48:39.31+05	f	5
36	8	X.Rrwydyywt@example.com	1	2015-12-18 11:48:39.325+05	f	5
37	9	test1@minorityapp.com	1	2015-12-18 11:48:39.388+05	f	5
38	10	test3@minorityapp.com	1	2015-12-18 11:48:39.403+05	f	5
39	11	juices-woo@mail.ru	1	2015-12-18 11:48:39.419+05	f	5
40	12	ufijuice@yahoo.com	1	2015-12-18 11:48:39.457+05	f	5
41	13	totes@mmom.ru	1	2015-12-18 11:48:39.487+05	f	5
42	14	tetwwe@tttt.ru	1	2015-12-18 11:48:39.513+05	f	5
43	15	tototot@ttt.ru	1	2015-12-18 11:48:39.528+05	f	5
44	16	fasffasfaa@fasfa.ru	1	2015-12-18 11:48:39.544+05	f	5
45	17	a91acde59745@yahoo.com	1	2015-12-18 11:48:39.747+05	f	5
46	18	xxxxx@cccc.co	1	2015-12-18 11:48:39.763+05	f	5
47	19	cascada@scada.ly	1	2015-12-18 11:48:39.778+05	f	5
48	20	0fd0fd0fd@yahoo.com	1	2015-12-18 11:48:39.997+05	f	5
49	21	bezmen@ijst.ju	1	2015-12-18 11:48:40.044+05	f	5
50	22	e2ac3d5b310a@lycos.ly	1	2015-12-18 11:48:40.06+05	f	5
51	23	htte@guok.tw	1	2015-12-18 11:48:40.075+05	f	5
52	24	benzel@google.com	1	2015-12-18 11:48:40.138+05	f	5
53	31	alah@babah.com	1	2016-04-18 08:52:15.021+05	f	5
54	32	paul@minorityapp.com	1	2016-04-18 14:07:24.87+05	f	5
55	33	ffc.fabricio@gmail.com	1	2016-04-21 10:15:39.502+05	f	5
56	34	bbart@mailinator.com	1	2016-04-23 11:23:44.901+05	f	5
57	35	4244@fasaas.ru	1	2016-07-29 04:48:57.826+05	f	5
\.


--
-- Name: account_plans_id_seq; Type: SEQUENCE SET; Schema: public; Owner: postgres
--

SELECT pg_catalog.setval('account_plans_id_seq', 57, true);


--
-- Data for Name: accounts; Type: TABLE DATA; Schema: public; Owner: postgres
--

COPY accounts ("providerId", "userId", "firstName", "lastName", "fullName", email, "avatarUrl", "authMethod", token, secret, "accessToken", "tokenType", "expiresIn", "refreshToken", hasher, password, salt, lang, country, phone, nickname, created_at) FROM stdin;
userpass	0fd0fd0fd@yahoo.com	casasac	csacacsa	casasac csacacsa	0fd0fd0fd@yahoo.com	\N	userPassword	\N	\N	\N	\N	\N	\N	bcrypt	$2a$10$B2F7EaDcFekYeQvYnDMC9uDGQylaNZClU29PA1F.ktO00DE8tp7k2	\N	en	\N	\N	\N	\N
userpass	a91acde59745@yahoo.com	83c33de673e6	83c33de673e6	83c33de673e6 83c33de673e6	a91acde59745@yahoo.com	\N	userPassword	\N	\N	\N	\N	\N	\N	bcrypt	$2a$10$SjE5e02JoUuuLyqckvSdUeo7np/f1Uq//cZbMWiiP8w9ne1tsK1Zi	\N	en	\N	\N	\N	\N
userpass	another_one@minorityapp.com	Another	User	Another User	another_one@minorityapp.com	\N	userPassword	\N	\N	\N	\N	\N	\N	bcrypt	$2a$10$RkbUNgAKBXwe8IY3Yf9gruz08WTYDiZVtRtuhzcr9XHDvE/bz1Mw2	\N	en	\N	\N	\N	\N
userpass	A.Vbmgt@example.com	Affvam	Vbmgt	Affvam Vbmgt	A.Vbmgt@example.com	\N	openId	\N	\N	\N	\N	\N	\N			\N	en	\N	\N	\N	\N
userpass	benzel@google.com	Benzel	Wichinsky	Benzel Wichinsky	benzel@google.com	\N	userPassword	\N	\N	\N	\N	\N	\N	bcrypt	$2a$10$IR0Myxc7wvrrr02RMpfxRuGp/rWntkdWcYKl3IsIJtHTlWz/XGhvy	\N	en	\N	\N	\N	\N
userpass	bezmen@ijst.ju	Zach	Zaltsman	Zach Zaltsman	bezmen@ijst.ju	\N	userPassword	\N	\N	\N	\N	\N	\N	bcrypt	$2a$10$cMmD8ho7UvAKh4xZu74CKenWTG/zvkx3NGhArpcl96fejpYLWwG9e	\N	en	\N	\N	\N	\N
userpass	B.Olxxo@example.com	Bs	Olxxo	Bs Olxxo	B.Olxxo@example.com	\N	userPassword	\N	\N	\N	\N	\N	\N			\N	en	\N	\N	\N	\N
userpass	cascada@scada.ly	0fd3b1506c1a	0fd3b1506c1a	0fd3b1506c1a 0fd3b1506c1a	cascada@scada.ly	\N	userPassword	\N	\N	\N	\N	\N	\N	bcrypt	$2a$10$xZo20p0bFWVNmefgC4Wnw.iKQo1M4feaS3Hjx3HbkipQtVhdpq7Yi	\N	en	\N	\N	\N	\N
userpass	e2ac3d5b310a@lycos.ly	matt	perry	matt perry	e2ac3d5b310a@lycos.ly	\N	userPassword	\N	\N	\N	\N	\N	\N	bcrypt	$2a$10$JBvfLYCJ3UmshpuoWIhPNejnJBXPCAkeprIvQkxBNSQx3Kl942z4.	\N	en	\N	\N	\N	\N
userpass	fasffasfaa@fasfa.ru	a91acde59745	a91acde59745	a91acde59745 a91acde59745	fasffasfaa@fasfa.ru	\N	userPassword	\N	\N	\N	\N	\N	\N	bcrypt	$2a$10$Ut5xpp3LvMXw4J2KoCv8XOLDOniY97/sPA/RLH2vicsBkfo3uP7Z6	\N	en	\N	\N	\N	\N
Z.Cnzjxooh@example.com	Hgalq@example.com	Zrjl	Cnzjxooh	Zrjl Cnzjxooh	Z.Cnzjxooh@example.com	\N	oauth1	\N	\N	\N	\N	\N	\N			\N	en	\N	\N	\N	\N
userpass	htte@guok.tw	Mintat	Guoky	Mintat Guoky	htte@guok.tw	\N	userPassword	\N	\N	\N	\N	\N	\N	bcrypt	$2a$10$Hi/lpOd6LRAhzeUdPfstB.6G5CSPhawWy6eVJBfTmsLRVHiGlgsrq	\N	en	\N	\N	\N	\N
userpass	juices-woo@mail.ru	petux	ebaniy	petux ebaniy	juices-woo@mail.ru	\N	userPassword	\N	\N	\N	\N	\N	\N	bcrypt	$2a$10$gTssyLPqEW8rILpz3EADFeDqzKKTqwEKIJ.WoPE8QONkVnCMxJ7DO	\N	en	\N	\N	\N	\N
H.Ci@example.com	Kuhgjzfh	Hzasvm	Ci	Hzasvm Ci	H.Ci@example.com	\N	userPassword	\N	\N	\N	\N	\N	\N			\N	en	\N	\N	\N	\N
userpass	N.As@example.com	Nu	As	Nu As	N.As@example.com	\N	oauth2	\N	\N	\N	\N	\N	\N			\N	en	\N	\N	\N	\N
Yhhdogllmxm	Nsoqfjr	Sjtxh	Ypps	Sjtxh Ypps	S.Ypps@example.com	\N	openId	\N	\N	\N	\N	\N	\N			\N	en	\N	\N	\N	\N
D.Zm@example.com	Opvhfgtd	Dl	Zm	Dl Zm	D.Zm@example.com	\N	oauth2	\N	\N	\N	\N	\N	\N			\N	en	\N	\N	\N	\N
userpass	O.Qekwxza@example.com	Ojkvecldwx	Qekwxza	Ojkvecldwx Qekwxza	O.Qekwxza@example.com	\N	oauth2	\N	\N	\N	\N	\N	\N			\N	en	\N	\N	\N	\N
K.La@example.com	Ovo@example.com	Kjgbsqddsu	La	Kjgbsqddsu La	K.La@example.com	\N	openId	\N	\N	\N	\N	\N	\N			\N	en	\N	\N	\N	\N
userpass	R.Peht@example.com	Rsnhn	Peht	Rsnhn Peht	R.Peht@example.com	\N	oauth2	\N	\N	\N	\N	\N	\N			\N	en	\N	\N	\N	\N
Wfchixf	Rtfu	Sxemk	Vkd	Sxemk Vkd	S.Vkd@example.com	\N	userPassword	\N	\N	\N	\N	\N	\N			\N	en	\N	\N	\N	\N
userpass	see@guol.in	Guo Lin	See	Guo Lin See	see@guol.in	http://www.gravatar.com/avatar/2f4034e69c945856913eb624b7a43f7e?d=404	userPassword	\N	\N	\N	\N	\N	\N	bcrypt	$2a$10$MX/kwf1sfxmflnXtbATthOUAKbQGyCEM6cRJC23henlEY.IINRX4m	\N	en	\N	\N	\N	\N
Kofkwrs	Sstjmyeazm	Vxfeu	Ybjpkdkorao	Vxfeu Ybjpkdkorao	V.Ybjpkdkorao@example.com	\N	openId	\N	\N	\N	\N	\N	\N			\N	en	\N	\N	\N	\N
userpass	test1@minorityapp.com	fsafa	fsafa	fsafa fsafa	test1@minorityapp.com	\N	userPassword	\N	\N	\N	\N	\N	\N	bcrypt	$2a$10$tGwBR6z0M32yFfUfCyV7neD8vODtEN6igRCDk3vAoXmz.iG25HWwi	\N	en	\N	\N	\N	\N
userpass	test3@minorityapp.com	Lopster	Tom	Lopster Tom	test3@minorityapp.com	\N	userPassword	\N	\N	\N	\N	\N	\N	bcrypt	$2a$10$2wk4unOIbVCwV5kMESTBL.5xYf5fv/QXR0gJPJUwIrw.i9fxLdxae	\N	en	\N	\N	\N	\N
userpass	test666@minorityapp.com	tetetwt	fsfsd	tetetwt fsfsd	test666@minorityapp.com	\N	userPassword	\N	\N	\N	\N	\N	\N	bcrypt	$2a$10$.eSnfZ00FaNe.HG03YCQEu1jWUvRBPKTx0ZOtPLSoK3LaA4rRIlYe	\N	en	\N	\N	\N	\N
userpass	testing@minorityapp.com	Steve	Jobs	Steve Jobs	testing@minorityapp.com	http://www.gravatar.com/avatar/651ec554c78e46fe3e36cb98dacb31a5?d=404	userPassword					\N		bcrypt	$2a$10$ENARefhlAASkLkf7j4gQ1.efeDzHXkYW/N5r7eM8bnncKIhCsYQa.		en			jobs	\N
userpass	tetwwe@tttt.ru	hui	pizda	hui pizda	tetwwe@tttt.ru	\N	userPassword	\N	\N	\N	\N	\N	\N	bcrypt	$2a$10$6.Ep/EH0DxN5o/7ou3I4muTxMj1vskNaYvRIPrC/Za6ubLCaOQMKa	\N	en	\N	\N	\N	\N
userpass	totes@mmom.ru	fdsfsf	sfsdfsfs	fdsfsf sfsdfsfs	totes@mmom.ru	\N	userPassword	\N	\N	\N	\N	\N	\N	bcrypt	$2a$10$CCQRChkB1JbL8bcVHw8v1OyBjbtMwosMsZ4EwIRuKC2uWoyDZn60W	\N	en	\N	\N	\N	\N
userpass	tototot@ttt.ru	fasfa	fasfa	fasfa fasfa	tototot@ttt.ru	\N	userPassword	\N	\N	\N	\N	\N	\N	bcrypt	$2a$10$7xBRcja5S7RaELE3HC7jHOEwtVr.G0P.B7sdlCE3fgpasjwXVVojq	\N	en	\N	\N	\N	\N
G.Izuymc@example.com	userpass	Gr	Izuymc	Gr Izuymc	G.Izuymc@example.com	\N	oauth2	\N	\N	\N	\N	\N	\N			\N	en	\N	\N	\N	\N
userpass	W.Ffk@example.com	Wokr	Ffk	Wokr Ffk	W.Ffk@example.com	\N	oauth2	\N	\N	\N	\N	\N	\N			\N	en	\N	\N	\N	\N
J.Tuvrwjltww@example.com	Wyeunaiu	Jxedsjidch	Tuvrwjltww	Jxedsjidch Tuvrwjltww	J.Tuvrwjltww@example.com	\N	userPassword	\N	\N	\N	\N	\N	\N			\N	en	\N	\N	\N	\N
userpass	X.Rrwydyywt@example.com	Xr	Rrwydyywt	Xr Rrwydyywt	X.Rrwydyywt@example.com	\N	openId	\N	\N	\N	\N	\N	\N			\N	en	\N	\N	\N	\N
userpass	xxxxx@cccc.co	cascaca	cascasca	cascaca cascasca	xxxxx@cccc.co	\N	userPassword	\N	\N	\N	\N	\N	\N	bcrypt	$2a$10$vvE1x3zgPNVUGBXLScygo.uu5EtC0x/TI0jobCrvrKgjxUYmJgCmi	\N	en	\N	\N	\N	\N
L.Btucabz@example.com	Znyq	Lfc	Btucabz	Lfc Btucabz	L.Btucabz@example.com	\N	oauth1	\N	\N	\N	\N	\N	\N			\N	en	\N	\N	\N	\N
userpass	tbrodeen@gmail.com	Travis	Brodeen	Travis Brodeen	tbrodeen@gmail.com	http://www.gravatar.com/avatar/a685ddf9e7a03f1fe39b2f4a6053ef39?d=404	userPassword	\N	\N	\N	\N	\N	\N	bcrypt	$2a$10$j2vKQos1TVGmecs4NMlZ/eR5GAXPuvKqoS3tsuzeKL9KJnOqnN2.u	\N	en	\N	\N	\N	\N
userpass	juices.woo@gmail.com	Pavel	Chekmaryov	Pavel Chekmaryov	juices.woo@gmail.com	\N	userPassword	\N	\N	\N	\N	\N	\N	bcrypt	$2a$10$/69bGMV4GJp/bGO94HLdmeqQq8.DPuqil4p3qTuNwQuZJywrCDIEC	\N	en	\N	\N	\N	\N
userpass	flytoe@gmail.com	Patric	Sterrantino	Patric Sterrantino	flytoe@gmail.com	http://www.gravatar.com/avatar/61921fb13c3000fe3e4632b72ccfea3d?d=404	userPassword	\N	\N	\N	\N	\N	\N	bcrypt	$2a$10$UP4Gj7oVVXfjAUvxgawZoO4WnkMog9KAxthVGT.3DI4UbWVoPqWWW	\N	en	\N	\N	\N	\N
userpass	ufijuice@yahoo.com	Paul	Green	Paul Green	ufijuice@yahoo.com	\N	userPassword	\N	\N	\N	\N	\N	\N	bcrypt	$2a$10$FsTLnMiMQ0zsOos8v1p.nOQNW02n.h5FM0LRHMKtaeFH3F1D0zLZ2	\N	en	\N	\N	\N	\N
userpass	niko@nnyman.com	Niko	Nyman	Niko Nyman	niko@nnyman.com	http://www.gravatar.com/avatar/e38e91b9229a6f11593a61ab0087703b?d=404	userPassword	\N	\N	\N	\N	\N	\N	bcrypt	$2a$10$CNdi.xnv/.j6oK2dOKHg9OBixuV66Nm3.T.P/UVj89rVacrMW3GPq	\N	en	\N	\N	\N	\N
userpass	iamjacke@gmail.com	Stan	Sobolev	Stan Sobolev	iamjacke@gmail.com	http://www.gravatar.com/avatar/651ec554c78e46fe3e36cb98dacb31a5?d=404	userPassword	\N	\N	\N	\N	\N	\N	bcrypt	$2a$10$ugeHpl5.jIJhGDpElHuVbeOGbbSkKUQxc71P3Ghc9Ej.pW5GsJxVO	\N	en	\N	\N	\N	\N
userpass	eugene.timo@gmail.com	Eugene	Timo	Eugene Timo	eugene.timo@gmail.com	\N	userPassword	\N	\N	\N	\N	\N	\N	bcrypt	$2a$10$u3wKIoln69jS0qPNeHi/2./NNTaVkRwaJ1K9H4KCoVcoHIrF8uSaW	\N	ru	\N	\N	\N	\N
userpass	somyam@lexcis.com	John	Dell	John Dell	somyam@lexcis.com	\N	userPassword	\N	\N	\N	\N	\N	\N	bcrypt	$2a$10$mbhENmkN6XVQk/Ox.H9v3OyOERqLsZDfVIO3Ll4mtT0ZUpuXk99P2	\N	en	\N	\N	\N	\N
userpass	nenad.jelovac@saturized.com	Nenad	Jelovac	Nenad Jelovac	nenad.jelovac@saturized.com	http://www.gravatar.com/avatar/f64e5682461aa4f669832d851d847e4a?d=404	userPassword	\N	\N	\N	\N	\N	\N	bcrypt	$2a$10$n0CucMuWR5kcm331NyR0jO69WsxhreRs3WaXPWJYBBAqPDPVEPPn6	\N	en	\N	\N	\N	\N
userpass	arthur.bilalov@swishd.com	Arthur	Bilalov	Arthur Bilalov	arthur.bilalov@swishd.com	\N	userPassword	\N	\N	\N	\N	\N	\N	bcrypt	$2a$10$ekliSeZM1s1W.4w3wzSjOuXpz73xD93vkgW4B0SG5ytdMFLr/wp3u	\N	en	\N	\N	\N	\N
userpass	thebrycelew@gmail.com	Bryce	Lew	Bryce Lew	thebrycelew@gmail.com	\N	userPassword	\N	\N	\N	\N	\N	\N	bcrypt	$2a$10$t3z/N/DkRQCAYpsG6XK2aekVsLWLhYrT9A5Lg/m5COC9vC1qxampu	\N	en	\N	\N	\N	\N
userpass	r.gorbunou@gmail.com	Ruslan	Rusky	Ruslan Rusky	r.gorbunou@gmail.com	\N	userPassword	\N	\N	\N	\N	\N	\N	bcrypt	$2a$10$NPuYBLryTtN7vbad1kI1MOtEBLmUYoivA1v.LeVECNfUIiSjo5mVG	\N	ru	\N	\N	\N	\N
\.


--
-- Data for Name: action_act_results; Type: TABLE DATA; Schema: public; Owner: postgres
--

COPY action_act_results (id, "in", "out", base, content, act_id, created_at, updated_at) FROM stdin;
3	f	t	f	{"ip":"37.113.166.225"}	3	2016-07-16 12:08:14.67	2016-07-16 12:08:14.67
4	f	t	f	{\n  "headers": {\n    "Accept": "*/*", \n    "Content-Type": "application/xml", \n    "Host": "httpbin.org", \n    "User-Agent": "AHC/1.0"\n  }\n}\n	4	2016-07-16 12:08:15.077	2016-07-16 12:08:15.077
5	f	t	f	{\n  "headers": {\n    "Accept": "*/*", \n    "Content-Type": "application/xml", \n    "Host": "httpbin.org", \n    "User-Agent": "AHC/1.0"\n  }\n}\n	5	2016-07-16 12:10:22.106	2016-07-16 12:10:22.106
11	f	t	f	{\n  "headers": {\n    "Accept": "*/*", \n    "Content-Type": "application/xml", \n    "Host": "httpbin.org", \n    "User-Agent": "AHC/1.0"\n  }\n}\n	11	2016-07-20 13:07:49.03	2016-07-20 13:07:49.03
12	f	t	f	{\n  "headers": {\n    "Accept": "*/*", \n    "Content-Type": "application/xml", \n    "Host": "httpbin.org", \n    "User-Agent": "AHC/1.0"\n  }\n}\n	12	2016-07-20 13:12:07.684	2016-07-20 13:12:07.684
13	f	t	f	{\n  "headers": {\n    "Accept": "*/*", \n    "Content-Type": "application/xml", \n    "Host": "httpbin.org", \n    "User-Agent": "AHC/1.0"\n  }\n}\n	13	2016-07-20 13:25:57.599	2016-07-20 13:25:57.599
14	f	t	f	{\n  "headers": {\n    "Accept": "*/*", \n    "Content-Type": "application/json", \n    "Host": "httpbin.org", \n    "User-Agent": "AHC/2.0"\n  }\n}\n	14	2016-07-30 03:21:11.742	2016-07-30 03:21:11.742
15	f	t	f	{\n  "headers": {\n    "Accept": "*/*", \n    "Content-Type": "application/json", \n    "Host": "httpbin.org", \n    "User-Agent": "AHC/2.0"\n  }\n}\n	15	2016-07-31 06:48:16.226	2016-07-31 06:48:16.226
\.


--
-- Name: action_act_results_id_seq; Type: SEQUENCE SET; Schema: public; Owner: postgres
--

SELECT pg_catalog.setval('action_act_results_id_seq', 15, true);


--
-- Data for Name: action_acts; Type: TABLE DATA; Schema: public; Owner: postgres
--

COPY action_acts (id, uid, session_id, reaction, created_at, updated_at) FROM stdin;
3	910adfe3-ad9a-4ba7-8f11-4217c6e85716	343	364	2016-07-16 12:08:12.509	2016-07-16 12:08:12.509
4	c882f83d-85c0-4e0e-a00d-79d595fe882a	343	365	2016-07-16 12:08:14.693	2016-07-16 12:08:14.693
5	122eb36b-f412-4805-8a7f-5adae47bc00b	344	366	2016-07-16 12:10:21.78	2016-07-16 12:10:21.78
11	66c25449-6ff6-4c53-9adf-fe48b4df7d65	355	391	2016-07-20 13:07:48.717	2016-07-20 13:07:48.717
12	f9464f5c-8031-4645-adfd-52e3ab2f132b	356	393	2016-07-20 13:12:07.353	2016-07-20 13:12:07.353
13	e5fd8fc3-2ba1-4d1b-9ff0-4144a4c7059e	357	395	2016-07-20 13:25:57.26	2016-07-20 13:25:57.26
14	2589f44a-5649-44c7-b661-500e83cbc0fa	359	399	2016-07-30 03:21:10.723	2016-07-30 03:21:10.723
15	845a413c-0aad-47cd-a847-932c27023d42	360	400	2016-07-31 06:48:12.497	2016-07-31 06:48:12.497
\.


--
-- Name: action_acts_id_seq; Type: SEQUENCE SET; Schema: public; Owner: postgres
--

SELECT pg_catalog.setval('action_acts_id_seq', 15, true);


--
-- Data for Name: action_statuses; Type: TABLE DATA; Schema: public; Owner: postgres
--

COPY action_statuses (id, content, act_id, created_at, updated_at) FROM stdin;
3	Request called	3	2016-07-16 12:08:14.651	2016-07-16 12:08:14.651
4	Request called	4	2016-07-16 12:08:15.076	2016-07-16 12:08:15.076
5	Request called	5	2016-07-16 12:10:22.106	2016-07-16 12:10:22.106
11	Request called	11	2016-07-20 13:07:49.03	2016-07-20 13:07:49.03
12	Request called	12	2016-07-20 13:12:07.681	2016-07-20 13:12:07.681
13	Request called	13	2016-07-20 13:25:57.596	2016-07-20 13:25:57.596
14	Request called	14	2016-07-30 03:21:11.719	2016-07-30 03:21:11.719
15	Request called	15	2016-07-31 06:48:16.197	2016-07-31 06:48:16.197
\.


--
-- Data for Name: billing_infos; Type: TABLE DATA; Schema: public; Owner: postgres
--

COPY billing_infos (id, business_id, firstname, lastname, address, zipcode, created_at, updated_at) FROM stdin;
\.


--
-- Name: billing_infos_id_seq; Type: SEQUENCE SET; Schema: public; Owner: postgres
--

SELECT pg_catalog.setval('billing_infos_id_seq', 1, false);


--
-- Data for Name: bills; Type: TABLE DATA; Schema: public; Owner: postgres
--

COPY bills (id, title, master_acc, assigned, approved, expired, sum, workbench_id) FROM stdin;
\.


--
-- Name: bills_id_seq; Type: SEQUENCE SET; Schema: public; Owner: postgres
--

SELECT pg_catalog.setval('bills_id_seq', 1, true);


--
-- Data for Name: bploggers; Type: TABLE DATA; Schema: public; Owner: postgres
--

COPY bploggers (id, process_id, proc_element_id, space_element_id, "order", space_id, station_id, invoked, expanded, container, date, step) FROM stdin;
\.


--
-- Name: bploggers_id_seq; Type: SEQUENCE SET; Schema: public; Owner: postgres
--

SELECT pg_catalog.setval('bploggers_id_seq', 1538, true);


--
-- Data for Name: bprocesses; Type: TABLE DATA; Schema: public; Owner: postgres
--

COPY bprocesses (id, title, service_id, business_id, created_at, updated_at, version, state_machine_type) FROM stdin;
22	preparing	31	3	2016-03-30 00:55:20+05	2016-03-30 00:55:20+05	1	base
25	Test	1	1	2016-03-30 00:55:20+05	2016-03-30 00:55:20+05	1	base
26	Test	1	1	2016-03-30 00:55:20+05	2016-03-30 00:55:20+05	1	base
27	Test	1	1	2016-03-30 00:55:20+05	2016-03-30 00:55:20+05	1	base
28	Test	1	1	2016-03-30 00:55:20+05	2016-03-30 00:55:20+05	1	base
29	Test	1	1	2016-03-30 00:55:20+05	2016-03-30 00:55:20+05	1	base
30	Test	1	1	2016-03-30 00:55:20+05	2016-03-30 00:55:20+05	1	base
31	Test	1	1	2016-03-30 00:55:20+05	2016-03-30 00:55:20+05	1	base
33	Test	1	1	2016-03-30 00:55:20+05	2016-03-30 00:55:20+05	1	base
34	Test	1	1	2016-03-30 00:55:20+05	2016-03-30 00:55:20+05	1	base
35	Test	1	1	2016-03-30 00:55:20+05	2016-03-30 00:55:20+05	1	base
36	Test	1	1	2016-03-30 00:55:20+05	2016-03-30 00:55:20+05	1	base
37	Test	1	1	2016-03-30 00:55:20+05	2016-03-30 00:55:20+05	1	base
38	Test	1	1	2016-03-30 00:55:20+05	2016-03-30 00:55:20+05	1	base
39	Test	1	1	2016-03-30 00:55:20+05	2016-03-30 00:55:20+05	1	base
40	Test	1	1	2016-03-30 00:55:20+05	2016-03-30 00:55:20+05	1	base
71	Firprocess	46	25	2016-03-30 00:55:20+05	2016-03-30 00:55:20+05	1	base
72	tetete	47	28	2016-03-30 00:55:20+05	2016-03-30 00:55:20+05	1	base
74	Dont touch	32	2	2016-03-30 00:55:20+05	2016-03-30 00:55:20+05	1	base
81	Test Process	50	30	2016-03-30 00:55:20+05	2016-03-30 00:55:20+05	1	base
84	zalup	49	12	2016-03-30 00:55:20+05	2016-03-30 00:55:20+05	1	base
88	Work process	53	2	2016-03-30 00:55:20+05	2016-03-30 00:55:20+05	1	base
90	Great	56	33	2016-04-16 10:17:15.414+05	2016-04-16 10:17:15.414+05	1	base
92	Stuff	57	34	2016-04-18 11:26:42.43+05	2016-04-18 11:26:42.43+05	1	base
93	fsaaf	38	12	2016-04-22 08:23:58.311+05	2016-04-22 08:23:58.311+05	1	base
94	testcs	38	12	2016-04-30 12:46:31.175+05	2016-04-30 12:46:31.175+05	1	base
117	123	38	12	2016-06-25 16:19:17.348+05	2016-06-25 16:19:17.348+05	1	base
62	User Guide	51	2	2016-03-30 00:55:20+05	2016-03-30 00:55:20+05	1	base
85	Test	51	2	2016-03-30 00:55:20+05	2016-03-30 00:55:20+05	1	base
109	APi test	38	12	2016-06-25 15:26:47.909+05	2016-06-25 15:26:47.909+05	1	base
97	Delay	38	12	2016-04-30 23:47:59.238+05	2016-04-30 23:47:59.238+05	1	base
122	czc	38	12	2016-07-16 12:09:36.298+05	2016-07-16 12:09:36.298+05	1	base
124	cf mutliple	38	12	2016-07-16 12:29:55.166+05	2016-07-16 12:29:55.166+05	1	base
123	Test this	38	12	2016-07-16 12:29:29.013+05	2016-07-16 12:29:29.013+05	1	base
87	Crispy Potato Cakes	52	2	2016-03-30 00:55:20+05	2016-03-30 00:55:20+05	1	base
86	Work process	53	2	2016-03-30 00:55:20+05	2016-03-30 00:55:20+05	1	base
125	Task flow	32	2	2016-08-17 18:43:09.144+05	2016-08-17 18:43:09.144+05	1	base
126	long process	32	2	2016-08-18 21:33:11.376+05	2016-08-18 21:33:11.376+05	1	base
\.


--
-- Name: bprocesses_id_seq; Type: SEQUENCE SET; Schema: public; Owner: postgres
--

SELECT pg_catalog.setval('bprocesses_id_seq', 126, true);


--
-- Data for Name: bpsessions; Type: TABLE DATA; Schema: public; Owner: postgres
--

COPY bpsessions (id, process_id, created_at, updated_at, active_listed) FROM stdin;
332	85	2016-06-29 13:26:31.237+05	2016-06-29 13:27:28.751+05	t
333	85	2016-06-29 18:41:31.355+05	2016-06-29 18:41:50.828+05	t
334	93	2016-07-05 05:46:21.937+05	2016-07-05 05:46:21.862+05	t
335	117	2016-07-05 08:23:26.682+05	2016-07-05 08:23:30.52+05	t
336	117	2016-07-07 12:03:59.07+05	2016-07-07 12:04:03.843+05	t
343	109	2016-07-16 12:08:08.724+05	2016-07-16 12:08:15.641+05	t
344	122	2016-07-16 12:10:21.409+05	2016-07-16 12:10:22.251+05	t
345	93	2016-07-16 12:25:57.276+05	2016-07-16 12:25:57.258+05	t
346	123	2016-07-16 12:30:32.515+05	2016-07-16 12:30:59.292+05	t
347	124	2016-07-16 12:30:36.972+05	2016-07-16 12:31:13.659+05	t
349	74	2016-07-19 20:26:15.117+05	2016-07-19 20:26:20.172+05	t
355	87	2016-07-20 13:07:48.425+05	2016-07-20 13:08:30.311+05	t
356	87	2016-07-20 13:12:06.68+05	2016-07-20 13:12:50.972+05	t
357	87	2016-07-20 13:25:56.339+05	2016-07-20 13:26:06.831+05	t
358	85	2016-07-20 14:33:48.909+05	2016-07-20 14:34:07.097+05	t
359	86	2016-07-30 03:21:06.495+05	2016-07-30 03:21:12.314+05	t
360	86	2016-07-31 06:48:06.249+05	2016-07-31 06:48:16.929+05	t
361	125	2016-08-17 18:44:13.176+05	2016-08-17 20:45:02.75+05	t
348	88	2016-07-19 17:22:01.493+05	2016-08-18 21:26:03.885+05	t
362	126	2016-08-18 21:43:25.335+05	2016-08-18 21:44:12.843+05	t
363	88	2016-08-18 21:50:28.407+05	2016-08-18 21:50:59.208+05	t
\.


--
-- Name: bpsessions_id_seq; Type: SEQUENCE SET; Schema: public; Owner: postgres
--

SELECT pg_catalog.setval('bpsessions_id_seq', 363, true);


--
-- Data for Name: bpspaces; Type: TABLE DATA; Schema: public; Owner: postgres
--

COPY bpspaces (id, process_id, index, container, subbrick, brick_front_id, brick_nested_id, nesting_level, created_at, updated_at) FROM stdin;
24	22	1	t	f	119	\N	1	\N	\N
25	22	2	t	f	121	\N	1	\N	\N
27	25	3	t	f	5	\N	1	\N	\N
28	26	3	t	f	5	\N	1	\N	\N
29	27	4	t	f	5	\N	1	\N	\N
30	28	4	t	f	5	\N	1	\N	\N
31	29	5	t	f	5	\N	1	\N	\N
32	30	5	t	f	5	\N	1	\N	\N
33	33	1	t	f	5	\N	1	\N	\N
34	34	1	t	f	5	\N	1	\N	\N
35	35	1	t	f	5	\N	1	\N	\N
36	36	1	t	f	5	\N	1	\N	\N
37	37	1	t	f	5	\N	1	\N	\N
38	38	1	t	f	5	\N	1	\N	\N
39	38	2	t	f	5	\N	1	\N	\N
40	38	2	t	f	5	\N	1	\N	\N
41	39	3	t	f	5	\N	1	\N	\N
42	39	3	t	f	5	\N	1	\N	\N
43	40	3	t	f	5	\N	1	\N	\N
44	40	3	t	f	5	\N	1	\N	\N
45	39	3	t	f	5	\N	1	\N	\N
46	39	3	t	f	5	\N	1	\N	\N
47	39	3	t	f	5	\N	1	\N	\N
48	39	3	t	f	5	\N	1	\N	\N
81	62	1	t	f	231	\N	1	2015-04-27 15:20:47.69+05	2015-04-27 15:20:47.69+05
86	62	1	t	f	241	\N	1	2015-04-27 15:20:47.69+05	2015-04-27 15:20:47.69+05
87	71	1	t	f	248	\N	1	2015-04-27 15:20:47.69+05	2015-04-27 15:20:47.69+05
89	74	1	t	f	254	\N	1	2015-04-27 15:20:47.69+05	2015-04-27 15:20:47.69+05
90	74	1	t	f	255	\N	1	2015-04-27 15:20:47.69+05	2015-04-27 15:20:47.69+05
\.


--
-- Name: bpspaces_id_seq; Type: SEQUENCE SET; Schema: public; Owner: postgres
--

SELECT pg_catalog.setval('bpspaces_id_seq', 91, true);


--
-- Data for Name: bpstaterefs; Type: TABLE DATA; Schema: public; Owner: postgres
--

COPY bpstaterefs (id, bprocess_id, switch_type, priority, state_id, session_state, created_at, updated_at) FROM stdin;
\.


--
-- Name: bpstaterefs_id_seq; Type: SEQUENCE SET; Schema: public; Owner: postgres
--

SELECT pg_catalog.setval('bpstaterefs_id_seq', 1, false);


--
-- Data for Name: bpstates; Type: TABLE DATA; Schema: public; Owner: postgres
--

COPY bpstates (id, process_id, title, neutral, is_process_state, front_elem_id, space_elem_id, created_at, updated_at, lang, space_id, "on", on_rate, middle, middleable, oposite, opositable) FROM stdin;
31	22	initiated	uninitiated	t	\N	\N	2015-04-09 05:24:58.477+05	2015-04-09 05:24:58.478+05	en	\N	f	0		f	 	f
32	22	invoking	paused	t	\N	\N	2015-04-09 05:24:58.478+05	2015-04-09 05:24:58.478+05	en	\N	f	0		f	 	f
33	22	finished	unfinished	t	\N	\N	2015-04-09 05:24:58.478+05	2015-04-09 05:24:58.478+05	en	\N	f	0		f	 	f
37	25	initiated	uninitiated	t	\N	\N	2015-04-09 05:24:59.525+05	2015-04-09 05:24:59.525+05	en	\N	f	0		f	 	f
38	25	invoking	paused	t	\N	\N	2015-04-09 05:24:59.525+05	2015-04-09 05:24:59.525+05	en	\N	f	0		f	 	f
39	25	finished	unfinished	t	\N	\N	2015-04-09 05:24:59.525+05	2015-04-09 05:24:59.525+05	en	\N	f	0		f	 	f
40	26	initiated	uninitiated	t	\N	\N	2015-04-09 05:24:59.845+05	2015-04-09 05:24:59.845+05	en	\N	f	0		f	 	f
41	26	invoking	paused	t	\N	\N	2015-04-09 05:24:59.845+05	2015-04-09 05:24:59.845+05	en	\N	f	0		f	 	f
42	26	finished	unfinished	t	\N	\N	2015-04-09 05:24:59.845+05	2015-04-09 05:24:59.845+05	en	\N	f	0		f	 	f
43	27	initiated	uninitiated	t	\N	\N	2015-04-09 05:25:00.226+05	2015-04-09 05:25:00.226+05	en	\N	f	0		f	 	f
44	27	invoking	paused	t	\N	\N	2015-04-09 05:25:00.226+05	2015-04-09 05:25:00.226+05	en	\N	f	0		f	 	f
45	27	finished	unfinished	t	\N	\N	2015-04-09 05:25:00.226+05	2015-04-09 05:25:00.226+05	en	\N	f	0		f	 	f
46	28	initiated	uninitiated	t	\N	\N	2015-04-09 05:25:00.658+05	2015-04-09 05:25:00.658+05	en	\N	f	0		f	 	f
47	28	invoking	paused	t	\N	\N	2015-04-09 05:25:00.658+05	2015-04-09 05:25:00.658+05	en	\N	f	0		f	 	f
48	28	finished	unfinished	t	\N	\N	2015-04-09 05:25:00.658+05	2015-04-09 05:25:00.658+05	en	\N	f	0		f	 	f
49	29	initiated	uninitiated	t	\N	\N	2015-04-09 05:25:01.082+05	2015-04-09 05:25:01.082+05	en	\N	f	0		f	 	f
50	29	invoking	paused	t	\N	\N	2015-04-09 05:25:01.083+05	2015-04-09 05:25:01.083+05	en	\N	f	0		f	 	f
51	29	finished	unfinished	t	\N	\N	2015-04-09 05:25:01.083+05	2015-04-09 05:25:01.083+05	en	\N	f	0		f	 	f
52	30	initiated	uninitiated	t	\N	\N	2015-04-09 05:25:01.441+05	2015-04-09 05:25:01.441+05	en	\N	f	0		f	 	f
53	30	invoking	paused	t	\N	\N	2015-04-09 05:25:01.441+05	2015-04-09 05:25:01.441+05	en	\N	f	0		f	 	f
54	30	finished	unfinished	t	\N	\N	2015-04-09 05:25:01.441+05	2015-04-09 05:25:01.441+05	en	\N	f	0		f	 	f
55	31	initiated	uninitiated	t	\N	\N	2015-04-09 05:25:01.724+05	2015-04-09 05:25:01.724+05	en	\N	f	0		f	 	f
56	31	invoking	paused	t	\N	\N	2015-04-09 05:25:01.724+05	2015-04-09 05:25:01.724+05	en	\N	f	0		f	 	f
57	31	finished	unfinished	t	\N	\N	2015-04-09 05:25:01.724+05	2015-04-09 05:25:01.724+05	en	\N	f	0		f	 	f
58	33	initiated	uninitiated	t	\N	\N	2015-04-09 05:25:02.024+05	2015-04-09 05:25:02.024+05	en	\N	f	0		f	 	f
59	33	invoking	paused	t	\N	\N	2015-04-09 05:25:02.025+05	2015-04-09 05:25:02.025+05	en	\N	f	0		f	 	f
60	33	finished	unfinished	t	\N	\N	2015-04-09 05:25:02.025+05	2015-04-09 05:25:02.025+05	en	\N	f	0		f	 	f
61	34	initiated	uninitiated	t	\N	\N	2015-04-09 05:25:02.337+05	2015-04-09 05:25:02.337+05	en	\N	f	0		f	 	f
62	34	invoking	paused	t	\N	\N	2015-04-09 05:25:02.337+05	2015-04-09 05:25:02.338+05	en	\N	f	0		f	 	f
63	34	finished	unfinished	t	\N	\N	2015-04-09 05:25:02.338+05	2015-04-09 05:25:02.338+05	en	\N	f	0		f	 	f
64	35	initiated	uninitiated	t	\N	\N	2015-04-09 05:25:02.593+05	2015-04-09 05:25:02.593+05	en	\N	f	0		f	 	f
65	35	invoking	paused	t	\N	\N	2015-04-09 05:25:02.593+05	2015-04-09 05:25:02.593+05	en	\N	f	0		f	 	f
66	35	finished	unfinished	t	\N	\N	2015-04-09 05:25:02.593+05	2015-04-09 05:25:02.594+05	en	\N	f	0		f	 	f
67	36	initiated	uninitiated	t	\N	\N	2015-04-09 05:25:02.846+05	2015-04-09 05:25:02.846+05	en	\N	f	0		f	 	f
68	36	invoking	paused	t	\N	\N	2015-04-09 05:25:02.846+05	2015-04-09 05:25:02.846+05	en	\N	f	0		f	 	f
69	36	finished	unfinished	t	\N	\N	2015-04-09 05:25:02.846+05	2015-04-09 05:25:02.847+05	en	\N	f	0		f	 	f
70	37	initiated	uninitiated	t	\N	\N	2015-04-09 05:25:03.207+05	2015-04-09 05:25:03.208+05	en	\N	f	0		f	 	f
71	37	invoking	paused	t	\N	\N	2015-04-09 05:25:03.208+05	2015-04-09 05:25:03.208+05	en	\N	f	0		f	 	f
72	37	finished	unfinished	t	\N	\N	2015-04-09 05:25:03.208+05	2015-04-09 05:25:03.208+05	en	\N	f	0		f	 	f
73	38	initiated	uninitiated	t	\N	\N	2015-04-09 05:25:03.472+05	2015-04-09 05:25:03.472+05	en	\N	f	0		f	 	f
74	38	invoking	paused	t	\N	\N	2015-04-09 05:25:03.472+05	2015-04-09 05:25:03.472+05	en	\N	f	0		f	 	f
75	38	finished	unfinished	t	\N	\N	2015-04-09 05:25:03.472+05	2015-04-09 05:25:03.472+05	en	\N	f	0		f	 	f
76	39	initiated	uninitiated	t	\N	\N	2015-04-09 05:25:03.782+05	2015-04-09 05:25:03.782+05	en	\N	f	0		f	 	f
77	39	invoking	paused	t	\N	\N	2015-04-09 05:25:03.782+05	2015-04-09 05:25:03.782+05	en	\N	f	0		f	 	f
78	39	finished	unfinished	t	\N	\N	2015-04-09 05:25:03.782+05	2015-04-09 05:25:03.782+05	en	\N	f	0		f	 	f
79	40	initiated	uninitiated	t	\N	\N	2015-04-09 05:25:04.041+05	2015-04-09 05:25:04.041+05	en	\N	f	0		f	 	f
80	40	invoking	paused	t	\N	\N	2015-04-09 05:25:04.041+05	2015-04-09 05:25:04.041+05	en	\N	f	0		f	 	f
81	40	finished	unfinished	t	\N	\N	2015-04-09 05:25:04.041+05	2015-04-09 05:25:04.041+05	en	\N	f	0		f	 	f
262	62	initiated	uninitiated	t	\N	\N	2015-07-26 09:40:49.424+05	2015-07-26 09:40:49.424+05	en	\N	f	0	initiating	t		f
263	62	invoking	paused	t	\N	\N	2015-07-26 09:40:49.424+05	2015-07-26 09:40:49.424+05	en	\N	f	0	invoking	t		f
264	62	finished	unfinished	t	\N	\N	2015-07-26 09:40:49.424+05	2015-07-26 09:40:49.424+05	en	\N	f	0	finishing	t		f
265	62	invoked	uninvoked	f	224	\N	2015-04-27 15:20:48.423+05	2015-04-27 15:20:48.423+05	en	\N	f	0	invoking	t		f
266	62	confirmed	unconfirmed	f	224	\N	2015-04-27 15:20:48.489+05	2015-04-27 15:20:48.489+05	en	\N	f	0	confirming	t		f
267	62	invoked	uninvoked	f	225	\N	2015-04-27 15:20:48.423+05	2015-04-27 15:20:48.423+05	en	\N	f	0	invoking	t		f
268	62	confirmed	unconfirmed	f	225	\N	2015-04-27 15:20:48.489+05	2015-04-27 15:20:48.489+05	en	\N	f	0	confirming	t		f
269	62	invoked	uninvoked	f	226	\N	2015-04-27 15:20:48.423+05	2015-04-27 15:20:48.423+05	en	\N	f	0	invoking	t		f
270	62	confirmed	unconfirmed	f	226	\N	2015-04-27 15:20:48.489+05	2015-04-27 15:20:48.489+05	en	\N	f	0	confirming	t		f
271	62	invoked	uninvoked	f	227	\N	2015-04-27 15:20:48.423+05	2015-04-27 15:20:48.423+05	en	\N	f	0	invoking	t		f
272	62	confirmed	unconfirmed	f	227	\N	2015-04-27 15:20:48.489+05	2015-04-27 15:20:48.489+05	en	\N	f	0	confirming	t		f
273	62	invoked	uninvoked	f	228	\N	2015-04-27 15:20:48.423+05	2015-04-27 15:20:48.423+05	en	\N	f	0	invoking	t		f
274	62	confirmed	unconfirmed	f	228	\N	2015-04-27 15:20:48.489+05	2015-04-27 15:20:48.489+05	en	\N	f	0	confirming	t		f
275	62	invoked	uninvoked	f	229	\N	2015-04-27 15:20:48.423+05	2015-04-27 15:20:48.423+05	en	\N	f	0	invoking	t		f
276	62	confirmed	unconfirmed	f	229	\N	2015-04-27 15:20:48.489+05	2015-04-27 15:20:48.489+05	en	\N	f	0	confirming	t		f
279	62	invoked	uninvoked	f	231	\N	2015-04-27 15:20:47.42+05	2015-04-27 15:20:47.42+05	en	\N	f	0	invoking	t		f
280	62	lap	unlap	f	\N	\N	2015-04-27 15:20:47.853+05	2015-04-27 15:20:47.853+05	en	81	f	0		f		f
281	62	invoked	uninvoked	f	\N	48	2015-04-27 15:20:48.423+05	2015-04-27 15:20:48.423+05	en	\N	f	0	invoking	t		f
282	62	confirmed	unconfirmed	f	\N	48	2015-04-27 15:20:48.489+05	2015-04-27 15:20:48.489+05	en	\N	f	0	confirming	t		f
324	62	invoked	uninvoked	f	241	\N	2015-04-27 15:20:47.42+05	2015-04-27 15:20:47.42+05	en	\N	f	0	invoking	t		f
325	62	lap	unlap	f	\N	\N	2015-04-27 15:20:47.853+05	2015-04-27 15:20:47.853+05	en	86	f	0		f		f
342	71	initiated	uninitiated	t	\N	\N	2015-09-05 15:33:45.132+05	2015-09-05 15:33:45.132+05	en	\N	f	0	initiating	t		f
343	71	invoking	paused	t	\N	\N	2015-09-05 15:33:45.134+05	2015-09-05 15:33:45.134+05	en	\N	f	0	invoking	t		f
344	71	finished	unfinished	t	\N	\N	2015-09-05 15:33:45.134+05	2015-09-05 15:33:45.134+05	en	\N	f	0	finishing	t		f
345	71	invoked	uninvoked	f	248	\N	2015-04-27 15:20:47.42+05	2015-04-27 15:20:47.42+05	en	\N	f	0	invoking	t		f
346	71	lap	unlap	f	\N	\N	2015-04-27 15:20:47.853+05	2015-04-27 15:20:47.853+05	en	87	f	0		f		f
347	72	initiated	uninitiated	t	\N	\N	2015-09-22 12:54:33.901+05	2015-09-22 12:54:33.901+05	en	\N	f	0	initiating	t		f
348	72	invoking	paused	t	\N	\N	2015-09-22 12:54:33.901+05	2015-09-22 12:54:33.901+05	en	\N	f	0	invoking	t		f
349	72	finished	unfinished	t	\N	\N	2015-09-22 12:54:33.901+05	2015-09-22 12:54:33.901+05	en	\N	f	0	finishing	t		f
350	72	invoked	uninvoked	f	249	\N	2015-04-27 15:20:48.423+05	2015-04-27 15:20:48.423+05	en	\N	f	0	invoking	t		f
351	72	confirmed	unconfirmed	f	249	\N	2015-04-27 15:20:48.489+05	2015-04-27 15:20:48.489+05	en	\N	f	0	confirming	t		f
356	62	lap	unlap	f	\N	\N	2015-04-27 15:20:47.853+05	2015-04-27 15:20:47.853+05	en	88	f	0		f		f
357	62	invoked	uninvoked	f	251	\N	\N	\N	en	\N	f	0		f		f
358	62	invoked	uninvoked	f	\N	57	\N	\N	en	\N	f	0		f		f
359	74	initiated	uninitiated	t	\N	\N	2015-10-10 04:48:58.73+05	2015-10-10 04:48:58.73+05	en	\N	f	0	initiating	t		f
360	74	invoking	paused	t	\N	\N	2015-10-10 04:48:58.73+05	2015-10-10 04:48:58.73+05	en	\N	f	0	invoking	t		f
361	74	finished	unfinished	t	\N	\N	2015-10-10 04:48:58.73+05	2015-10-10 04:48:58.73+05	en	\N	f	0	finishing	t		f
363	74	invoked	uninvoked	f	253	\N	2015-04-27 15:20:48.423+05	2015-04-27 15:20:48.423+05	en	\N	f	0	invoking	t		f
364	74	confirmed	unconfirmed	f	253	\N	2015-04-27 15:20:48.489+05	2015-04-27 15:20:48.489+05	en	\N	f	0	confirming	t		f
365	74	invoked	uninvoked	f	254	\N	2015-04-27 15:20:47.42+05	2015-04-27 15:20:47.42+05	en	\N	f	0	invoking	t		f
366	74	lap	unlap	f	\N	\N	2015-04-27 15:20:47.853+05	2015-04-27 15:20:47.853+05	en	89	f	0		f		f
367	74	invoked	uninvoked	f	\N	58	2015-04-27 15:20:48.423+05	2015-04-27 15:20:48.423+05	en	\N	f	0	invoking	t		f
368	74	confirmed	unconfirmed	f	\N	58	2015-04-27 15:20:48.489+05	2015-04-27 15:20:48.489+05	en	\N	f	0	confirming	t		f
369	74	invoked	uninvoked	f	255	\N	2015-04-27 15:20:47.42+05	2015-04-27 15:20:47.42+05	en	\N	f	0	invoking	t		f
370	74	lap	unlap	f	\N	\N	2015-04-27 15:20:47.853+05	2015-04-27 15:20:47.853+05	en	90	f	0		f		f
371	74	invoked	uninvoked	f	\N	59	2015-04-27 15:20:48.423+05	2015-04-27 15:20:48.423+05	en	\N	f	0	invoking	t		f
372	74	confirmed	unconfirmed	f	\N	59	2015-04-27 15:20:48.489+05	2015-04-27 15:20:48.489+05	en	\N	f	0	confirming	t		f
391	81	initiated	uninitiated	t	\N	\N	2015-12-07 00:43:38.322+05	2015-12-07 00:43:38.322+05	en	\N	f	0	initiating	t		f
392	81	invoking	paused	t	\N	\N	2015-12-07 00:43:38.322+05	2015-12-07 00:43:38.322+05	en	\N	f	0	invoking	t		f
393	81	finished	unfinished	t	\N	\N	2015-12-07 00:43:38.322+05	2015-12-07 00:43:38.322+05	en	\N	f	0	finishing	t		f
417	84	initiated	uninitiated	t	\N	\N	2016-02-13 17:14:44.758+05	2016-02-13 17:14:44.758+05	en	\N	f	0	initiating	t		f
418	84	invoking	paused	t	\N	\N	2016-02-13 17:14:44.758+05	2016-02-13 17:14:44.758+05	en	\N	f	0	invoking	t		f
419	84	finished	unfinished	t	\N	\N	2016-02-13 17:14:44.758+05	2016-02-13 17:14:44.758+05	en	\N	f	0	finishing	t		f
420	84	invoked	uninvoked	f	265	\N	2015-04-27 15:20:48.423+05	2015-04-27 15:20:48.423+05	en	\N	f	0	invoking	t		f
421	84	confirmed	unconfirmed	f	265	\N	2015-04-27 15:20:48.489+05	2015-04-27 15:20:48.489+05	en	\N	f	0	confirming	t		f
422	84	invoked	uninvoked	f	266	\N	\N	\N	en	\N	f	0		f		f
423	84	invoked	uninvoked	f	267	\N	2015-04-27 15:20:48.423+05	2015-04-27 15:20:48.423+05	en	\N	f	0	invoking	t		f
424	84	confirmed	unconfirmed	f	267	\N	2015-04-27 15:20:48.489+05	2015-04-27 15:20:48.489+05	en	\N	f	0	confirming	t		f
425	84	invoked	uninvoked	f	268	\N	\N	\N	en	\N	f	0		f		f
426	84	invoked	uninvoked	f	269	\N	2015-04-27 15:20:48.423+05	2015-04-27 15:20:48.423+05	en	\N	f	0	invoking	t		f
427	84	confirmed	unconfirmed	f	269	\N	2015-04-27 15:20:48.489+05	2015-04-27 15:20:48.489+05	en	\N	f	0	confirming	t		f
428	85	initiated	uninitiated	t	\N	\N	2016-02-20 03:15:18.994+05	2016-02-20 03:15:18.994+05	en	\N	f	0	initiating	t		f
429	85	invoking	paused	t	\N	\N	2016-02-20 03:15:18.994+05	2016-02-20 03:15:18.994+05	en	\N	f	0	invoking	t		f
430	85	finished	unfinished	t	\N	\N	2016-02-20 03:15:18.994+05	2016-02-20 03:15:18.994+05	en	\N	f	0	finishing	t		f
433	86	initiated	uninitiated	t	\N	\N	2016-03-04 18:08:00.965+05	2016-03-04 18:08:00.965+05	en	\N	f	0	initiating	t		f
434	86	invoking	paused	t	\N	\N	2016-03-04 18:08:00.966+05	2016-03-04 18:08:00.966+05	en	\N	f	0	invoking	t		f
435	86	finished	unfinished	t	\N	\N	2016-03-04 18:08:00.966+05	2016-03-04 18:08:00.966+05	en	\N	f	0	finishing	t		f
436	87	initiated	uninitiated	t	\N	\N	2016-03-04 23:32:28.464+05	2016-03-04 23:32:28.464+05	en	\N	f	0	initiating	t		f
437	87	invoking	paused	t	\N	\N	2016-03-04 23:32:28.464+05	2016-03-04 23:32:28.464+05	en	\N	f	0	invoking	t		f
438	87	finished	unfinished	t	\N	\N	2016-03-04 23:32:28.464+05	2016-03-04 23:32:28.464+05	en	\N	f	0	finishing	t		f
439	88	initiated	uninitiated	t	\N	\N	2016-03-05 16:13:10.878+05	2016-03-05 16:13:10.878+05	en	\N	f	0	initiating	t		f
440	88	invoking	paused	t	\N	\N	2016-03-05 16:13:10.878+05	2016-03-05 16:13:10.878+05	en	\N	f	0	invoking	t		f
441	88	finished	unfinished	t	\N	\N	2016-03-05 16:13:10.878+05	2016-03-05 16:13:10.878+05	en	\N	f	0	finishing	t		f
442	62	invoked	uninvoked	f	271	\N	2015-04-27 15:20:48.423+05	2015-04-27 15:20:48.423+05	en	\N	f	0	invoking	t		f
443	62	confirmed	unconfirmed	f	271	\N	2015-04-27 15:20:48.489+05	2015-04-27 15:20:48.489+05	en	\N	f	0	confirming	t		f
444	88	invoked	uninvoked	f	272	\N	2015-04-27 15:20:48.423+05	2015-04-27 15:20:48.423+05	en	\N	f	0	invoking	t		f
445	88	confirmed	unconfirmed	f	272	\N	2015-04-27 15:20:48.489+05	2015-04-27 15:20:48.489+05	en	\N	f	0	confirming	t		f
446	88	invoked	uninvoked	f	273	\N	2015-04-27 15:20:48.423+05	2015-04-27 15:20:48.423+05	en	\N	f	0	invoking	t		f
447	88	confirmed	unconfirmed	f	273	\N	2015-04-27 15:20:48.489+05	2015-04-27 15:20:48.489+05	en	\N	f	0	confirming	t		f
448	88	invoked	uninvoked	f	274	\N	2015-04-27 15:20:48.423+05	2015-04-27 15:20:48.423+05	en	\N	f	0	invoking	t		f
449	88	confirmed	unconfirmed	f	274	\N	2015-04-27 15:20:48.489+05	2015-04-27 15:20:48.489+05	en	\N	f	0	confirming	t		f
450	88	invoked	uninvoked	f	275	\N	2015-04-27 15:20:48.423+05	2015-04-27 15:20:48.423+05	en	\N	f	0	invoking	t		f
451	88	confirmed	unconfirmed	f	275	\N	2015-04-27 15:20:48.489+05	2015-04-27 15:20:48.489+05	en	\N	f	0	confirming	t		f
452	88	invoked	uninvoked	f	276	\N	2015-04-27 15:20:48.423+05	2015-04-27 15:20:48.423+05	en	\N	f	0	invoking	t		f
453	88	confirmed	unconfirmed	f	276	\N	2015-04-27 15:20:48.489+05	2015-04-27 15:20:48.489+05	en	\N	f	0	confirming	t		f
454	88	invoked	uninvoked	f	277	\N	2015-04-27 15:20:48.423+05	2015-04-27 15:20:48.423+05	en	\N	f	0	invoking	t		f
455	88	confirmed	unconfirmed	f	277	\N	2015-04-27 15:20:48.489+05	2015-04-27 15:20:48.489+05	en	\N	f	0	confirming	t		f
456	88	invoked	uninvoked	f	278	\N	2015-04-27 15:20:48.423+05	2015-04-27 15:20:48.423+05	en	\N	f	0	invoking	t		f
457	88	confirmed	unconfirmed	f	278	\N	2015-04-27 15:20:48.489+05	2015-04-27 15:20:48.489+05	en	\N	f	0	confirming	t		f
458	88	invoked	uninvoked	f	279	\N	2015-04-27 15:20:48.423+05	2015-04-27 15:20:48.423+05	en	\N	f	0	invoking	t		f
459	88	confirmed	unconfirmed	f	279	\N	2015-04-27 15:20:48.489+05	2015-04-27 15:20:48.489+05	en	\N	f	0	confirming	t		f
463	90	initiated	uninitiated	t	\N	\N	2016-04-16 10:17:15.46+05	2016-04-16 10:17:15.461+05	en	\N	f	0	initiating	t		f
464	90	invoking	paused	t	\N	\N	2016-04-16 10:17:15.469+05	2016-04-16 10:17:15.469+05	en	\N	f	0	invoking	t		f
465	90	finished	unfinished	t	\N	\N	2016-04-16 10:17:15.469+05	2016-04-16 10:17:15.469+05	en	\N	f	0	finishing	t		f
466	90	invoked	uninvoked	f	280	\N	2015-04-27 15:20:48.423+05	2015-04-27 15:20:48.423+05	en	\N	f	0	invoking	t		f
467	90	confirmed	unconfirmed	f	280	\N	2015-04-27 15:20:48.489+05	2015-04-27 15:20:48.489+05	en	\N	f	0	confirming	t		f
471	92	initiated	uninitiated	t	\N	\N	2016-04-18 11:26:42.455+05	2016-04-18 11:26:42.455+05	en	\N	f	0	initiating	t		f
472	92	invoking	paused	t	\N	\N	2016-04-18 11:26:42.455+05	2016-04-18 11:26:42.455+05	en	\N	f	0	invoking	t		f
473	92	finished	unfinished	t	\N	\N	2016-04-18 11:26:42.455+05	2016-04-18 11:26:42.455+05	en	\N	f	0	finishing	t		f
474	92	invoked	uninvoked	f	281	\N	2015-04-27 15:20:48.423+05	2015-04-27 15:20:48.423+05	en	\N	f	0	invoking	t		f
475	92	confirmed	unconfirmed	f	281	\N	2015-04-27 15:20:48.489+05	2015-04-27 15:20:48.489+05	en	\N	f	0	confirming	t		f
476	92	invoked	uninvoked	f	282	\N	\N	\N	en	\N	f	0		f		f
477	93	initiated	uninitiated	t	\N	\N	2016-04-22 08:23:58.435+05	2016-04-22 08:23:58.435+05	en	\N	f	0	initiating	t		f
478	93	invoking	paused	t	\N	\N	2016-04-22 08:23:58.439+05	2016-04-22 08:23:58.439+05	en	\N	f	0	invoking	t		f
479	93	finished	unfinished	t	\N	\N	2016-04-22 08:23:58.439+05	2016-04-22 08:23:58.439+05	en	\N	f	0	finishing	t		f
600	85	invoked	uninvoked	f	304	\N	2015-04-27 15:20:48.423+05	2015-04-27 15:20:48.423+05	en	\N	f	0	invoking	t		f
601	85	confirmed	unconfirmed	f	304	\N	2015-04-27 15:20:48.489+05	2015-04-27 15:20:48.489+05	en	\N	f	0	confirming	t		f
482	93	invoked	uninvoked	f	284	\N	2015-04-27 15:20:48.423+05	2015-04-27 15:20:48.423+05	en	\N	f	0	invoking	t		f
483	93	confirmed	unconfirmed	f	284	\N	2015-04-27 15:20:48.489+05	2015-04-27 15:20:48.489+05	en	\N	f	0	confirming	t		f
484	93	invoked	uninvoked	f	285	\N	2015-04-27 15:20:48.423+05	2015-04-27 15:20:48.423+05	en	\N	f	0	invoking	t		f
485	93	confirmed	unconfirmed	f	285	\N	2015-04-27 15:20:48.489+05	2015-04-27 15:20:48.489+05	en	\N	f	0	confirming	t		f
486	93	invoked	uninvoked	f	286	\N	2015-04-27 15:20:48.423+05	2015-04-27 15:20:48.423+05	en	\N	f	0	invoking	t		f
487	93	confirmed	unconfirmed	f	286	\N	2015-04-27 15:20:48.489+05	2015-04-27 15:20:48.489+05	en	\N	f	0	confirming	t		f
488	94	initiated	uninitiated	t	\N	\N	2016-04-30 12:46:31.995+05	2016-04-30 12:46:31.995+05	en	\N	f	0	initiating	t		f
489	94	invoking	paused	t	\N	\N	2016-04-30 12:46:32.003+05	2016-04-30 12:46:32.003+05	en	\N	f	0	invoking	t		f
490	94	finished	unfinished	t	\N	\N	2016-04-30 12:46:32.003+05	2016-04-30 12:46:32.003+05	en	\N	f	0	finishing	t		f
602	85	finished	unfinished	f	304	\N	2015-04-27 15:20:48.125+05	2015-04-27 15:20:48.125+05	en	\N	f	0	finishing	f	'unfinished'	f
603	85	invoked	uninvoked	f	305	\N	2015-04-27 15:20:48.423+05	2015-04-27 15:20:48.423+05	en	\N	f	0	invoking	t		f
604	85	confirmed	unconfirmed	f	305	\N	2015-04-27 15:20:48.489+05	2015-04-27 15:20:48.489+05	en	\N	f	0	confirming	t		f
605	85	finished	unfinished	f	305	\N	2015-04-27 15:20:48.125+05	2015-04-27 15:20:48.125+05	en	\N	f	0	finishing	f	'unfinished'	f
606	117	invoked	uninvoked	f	306	\N	2015-04-27 15:20:48.423+05	2015-04-27 15:20:48.423+05	en	\N	f	0	invoking	t		f
607	117	confirmed	unconfirmed	f	306	\N	2015-04-27 15:20:48.489+05	2015-04-27 15:20:48.489+05	en	\N	f	0	confirming	t		f
608	117	finished	unfinished	f	306	\N	2015-04-27 15:20:48.125+05	2015-04-27 15:20:48.125+05	en	\N	f	0	finishing	f	'unfinished'	f
609	117	invoked	uninvoked	f	307	\N	2015-04-27 15:20:48.423+05	2015-04-27 15:20:48.423+05	en	\N	f	0	invoking	t		f
610	117	confirmed	unconfirmed	f	307	\N	2015-04-27 15:20:48.489+05	2015-04-27 15:20:48.489+05	en	\N	f	0	confirming	t		f
611	117	finished	unfinished	f	307	\N	2015-04-27 15:20:48.125+05	2015-04-27 15:20:48.125+05	en	\N	f	0	finishing	f	'unfinished'	f
612	109	initiated	uninitiated	f	308	\N	\N	\N	en	\N	f	0		f		f
613	109	invoked	uninvoked	f	308	\N	\N	\N	en	\N	f	0		f		f
614	109	finished	unfinished	f	308	\N	\N	\N	en	\N	f	0		f		f
615	109	initiated	uninitiated	f	309	\N	\N	\N	en	\N	f	0		f		f
616	109	invoked	uninvoked	f	309	\N	\N	\N	en	\N	f	0		f		f
617	109	finished	unfinished	f	309	\N	\N	\N	en	\N	f	0		f		f
618	109	initiated	uninitiated	f	310	\N	\N	\N	en	\N	f	0		f		f
619	109	invoked	uninvoked	f	310	\N	\N	\N	en	\N	f	0		f		f
509	97	initiated	uninitiated	t	\N	\N	2016-04-30 23:47:59.359+05	2016-04-30 23:47:59.359+05	en	\N	f	0	initiating	t		f
510	97	invoking	paused	t	\N	\N	2016-04-30 23:47:59.367+05	2016-04-30 23:47:59.367+05	en	\N	f	0	invoking	t		f
511	97	finished	unfinished	t	\N	\N	2016-04-30 23:47:59.367+05	2016-04-30 23:47:59.367+05	en	\N	f	0	finishing	t		f
512	94	invoked	uninvoked	f	293	\N	2015-04-27 15:20:48.423+05	2015-04-27 15:20:48.423+05	en	\N	f	0	invoking	t		f
513	94	confirmed	unconfirmed	f	293	\N	2015-04-27 15:20:48.489+05	2015-04-27 15:20:48.489+05	en	\N	f	0	confirming	t		f
620	109	finished	unfinished	f	310	\N	\N	\N	en	\N	f	0		f		f
633	117	invoked	uninvoked	f	314	\N	2015-04-27 15:20:48.423+05	2015-04-27 15:20:48.423+05	en	\N	f	0	invoking	t		f
634	117	confirmed	unconfirmed	f	314	\N	2015-04-27 15:20:48.489+05	2015-04-27 15:20:48.489+05	en	\N	f	0	confirming	t		f
534	93	confirmed	unconfirmed	f	302	\N	2015-04-27 15:20:48.489+05	2015-04-27 15:20:48.489+05	en	\N	f	0	confirming	t		f
535	93	invoked	uninvoked	f	303	\N	2015-04-27 15:20:48.423+05	2015-04-27 15:20:48.423+05	en	\N	f	0	invoking	t		f
536	93	confirmed	unconfirmed	f	303	\N	2015-04-27 15:20:48.489+05	2015-04-27 15:20:48.489+05	en	\N	f	0	confirming	t		f
635	117	finished	unfinished	f	314	\N	2015-04-27 15:20:48.125+05	2015-04-27 15:20:48.125+05	en	\N	f	0	finishing	f	'unfinished'	f
636	122	initiated	uninitiated	t	\N	\N	2016-07-16 12:09:36.369+05	2016-07-16 12:09:36.369+05	en	\N	f	0	initiating	t		f
637	122	invoking	paused	t	\N	\N	2016-07-16 12:09:36.369+05	2016-07-16 12:09:36.369+05	en	\N	f	0	invoking	t		f
638	122	finished	unfinished	t	\N	\N	2016-07-16 12:09:36.369+05	2016-07-16 12:09:36.369+05	en	\N	f	0	finishing	t		f
639	122	initiated	uninitiated	f	315	\N	\N	\N	en	\N	f	0		f		f
640	122	invoked	uninvoked	f	315	\N	\N	\N	en	\N	f	0		f		f
641	122	finished	unfinished	f	315	\N	\N	\N	en	\N	f	0		f		f
642	123	initiated	uninitiated	t	\N	\N	2016-07-16 12:29:29.25+05	2016-07-16 12:29:29.25+05	en	\N	f	0	initiating	t		f
643	123	invoking	paused	t	\N	\N	2016-07-16 12:29:29.25+05	2016-07-16 12:29:29.25+05	en	\N	f	0	invoking	t		f
644	123	finished	unfinished	t	\N	\N	2016-07-16 12:29:29.25+05	2016-07-16 12:29:29.25+05	en	\N	f	0	finishing	t		f
645	123	invoked	uninvoked	f	316	\N	2015-04-27 15:20:48.423+05	2015-04-27 15:20:48.423+05	en	\N	f	0	invoking	t		f
646	123	confirmed	unconfirmed	f	316	\N	2015-04-27 15:20:48.489+05	2015-04-27 15:20:48.489+05	en	\N	f	0	confirming	t		f
647	123	finished	unfinished	f	316	\N	2015-04-27 15:20:48.125+05	2015-04-27 15:20:48.125+05	en	\N	f	0	finishing	f	'unfinished'	f
648	124	initiated	uninitiated	t	\N	\N	2016-07-16 12:29:55.194+05	2016-07-16 12:29:55.194+05	en	\N	f	0	initiating	t		f
649	124	invoking	paused	t	\N	\N	2016-07-16 12:29:55.194+05	2016-07-16 12:29:55.194+05	en	\N	f	0	invoking	t		f
650	124	finished	unfinished	t	\N	\N	2016-07-16 12:29:55.194+05	2016-07-16 12:29:55.194+05	en	\N	f	0	finishing	t		f
651	124	invoked	uninvoked	f	317	\N	2015-04-27 15:20:48.423+05	2015-04-27 15:20:48.423+05	en	\N	f	0	invoking	t		f
652	124	confirmed	unconfirmed	f	317	\N	2015-04-27 15:20:48.489+05	2015-04-27 15:20:48.489+05	en	\N	f	0	confirming	t		f
653	124	finished	unfinished	f	317	\N	2015-04-27 15:20:48.125+05	2015-04-27 15:20:48.125+05	en	\N	f	0	finishing	f	'unfinished'	f
654	124	invoked	uninvoked	f	318	\N	2015-04-27 15:20:48.423+05	2015-04-27 15:20:48.423+05	en	\N	f	0	invoking	t		f
657	87	initiated	uninitiated	f	319	\N	\N	\N	en	\N	f	0		f		f
518	97	finished	finishing	f	297	\N	2016-05-10 05:40:16.7+05	2016-05-10 05:40:16.7+05	en	\N	f	0		f		f
516	97	initiated	uninitiated	f	297	\N	2016-05-10 05:40:16.7+05	2016-05-10 05:40:16.7+05	en	\N	f	0		f		f
517	97	invoked	uninvoked	f	297	\N	2016-05-10 05:40:16.7+05	2016-05-10 05:40:16.7+05	en	\N	f	0		f		f
522	97	canceled	uncanceled	f	297	\N	2016-06-05 21:41:04.798+05	2016-06-05 21:41:04.798+05	en	\N	f	0		f		f
533	97	delayed	undelayed	f	297	\N	2015-04-27 15:20:48.423+05	2015-04-27 15:20:48.423+05	en	\N	f	0		t		f
564	109	initiated	uninitiated	t	\N	\N	2016-06-25 15:26:47.944+05	2016-06-25 15:26:47.944+05	en	\N	f	0	initiating	t		f
565	109	invoking	paused	t	\N	\N	2016-06-25 15:26:47.944+05	2016-06-25 15:26:47.944+05	en	\N	f	0	invoking	t		f
566	109	finished	unfinished	t	\N	\N	2016-06-25 15:26:47.944+05	2016-06-25 15:26:47.944+05	en	\N	f	0	finishing	t		f
588	117	initiated	uninitiated	t	\N	\N	2016-06-25 16:19:17.386+05	2016-06-25 16:19:17.386+05	en	\N	f	0	initiating	t		f
589	117	invoking	paused	t	\N	\N	2016-06-25 16:19:17.386+05	2016-06-25 16:19:17.386+05	en	\N	f	0	invoking	t		f
590	117	finished	unfinished	t	\N	\N	2016-06-25 16:19:17.386+05	2016-06-25 16:19:17.386+05	en	\N	f	0	finishing	t		f
655	124	confirmed	unconfirmed	f	318	\N	2015-04-27 15:20:48.489+05	2015-04-27 15:20:48.489+05	en	\N	f	0	confirming	t		f
656	124	finished	unfinished	f	318	\N	2015-04-27 15:20:48.125+05	2015-04-27 15:20:48.125+05	en	\N	f	0	finishing	f	'unfinished'	f
658	87	invoked	uninvoked	f	319	\N	\N	\N	en	\N	f	0		f		f
659	87	finished	unfinished	f	319	\N	\N	\N	en	\N	f	0		f		f
660	87	invoked	uninvoked	f	320	\N	2015-04-27 15:20:48.423+05	2015-04-27 15:20:48.423+05	en	\N	f	0	invoking	t		f
661	87	confirmed	unconfirmed	f	320	\N	2015-04-27 15:20:48.489+05	2015-04-27 15:20:48.489+05	en	\N	f	0	confirming	t		f
662	87	finished	unfinished	f	320	\N	2015-04-27 15:20:48.125+05	2015-04-27 15:20:48.125+05	en	\N	f	0	finishing	f	'unfinished'	f
700	86	initiated	uninitiated	f	333	\N	\N	\N	en	\N	f	0		f		f
701	86	invoked	uninvoked	f	333	\N	\N	\N	en	\N	f	0		f		f
702	86	finished	unfinished	f	333	\N	\N	\N	en	\N	f	0		f		f
703	86	initiated	uninitiated	f	334	\N	\N	\N	en	\N	f	0		f		f
704	86	invoked	uninvoked	f	334	\N	\N	\N	en	\N	f	0		f		f
705	86	finished	unfinished	f	334	\N	\N	\N	en	\N	f	0		f		f
712	86	initiated	uninitiated	f	337	\N	\N	\N	en	\N	f	0		f		f
713	86	invoked	uninvoked	f	337	\N	\N	\N	en	\N	f	0		f		f
714	86	finished	unfinished	f	337	\N	\N	\N	en	\N	f	0		f		f
715	125	initiated	uninitiated	t	\N	\N	2016-08-17 18:43:09.296+05	2016-08-17 18:43:09.296+05	en	\N	f	0	initiating	t		f
716	125	invoking	paused	t	\N	\N	2016-08-17 18:43:09.296+05	2016-08-17 18:43:09.296+05	en	\N	f	0	invoking	t		f
717	125	finished	unfinished	t	\N	\N	2016-08-17 18:43:09.296+05	2016-08-17 18:43:09.296+05	en	\N	f	0	finishing	t		f
718	125	invoked	uninvoked	f	338	\N	2015-04-27 15:20:48.423+05	2015-04-27 15:20:48.423+05	en	\N	f	0	invoking	t		f
719	125	confirmed	unconfirmed	f	338	\N	2015-04-27 15:20:48.489+05	2015-04-27 15:20:48.489+05	en	\N	f	0	confirming	t		f
720	125	finished	unfinished	f	338	\N	2015-04-27 15:20:48.125+05	2015-04-27 15:20:48.125+05	en	\N	f	0	finishing	f	'unfinished'	f
721	125	invoked	uninvoked	f	339	\N	2015-04-27 15:20:48.423+05	2015-04-27 15:20:48.423+05	en	\N	f	0	invoking	t		f
722	125	confirmed	unconfirmed	f	339	\N	2015-04-27 15:20:48.489+05	2015-04-27 15:20:48.489+05	en	\N	f	0	confirming	t		f
723	125	finished	unfinished	f	339	\N	2015-04-27 15:20:48.125+05	2015-04-27 15:20:48.125+05	en	\N	f	0	finishing	f	'unfinished'	f
724	126	initiated	uninitiated	t	\N	\N	2016-08-18 21:33:11.494+05	2016-08-18 21:33:11.494+05	en	\N	f	0	initiating	t		f
725	126	invoking	paused	t	\N	\N	2016-08-18 21:33:11.494+05	2016-08-18 21:33:11.494+05	en	\N	f	0	invoking	t		f
726	126	finished	unfinished	t	\N	\N	2016-08-18 21:33:11.494+05	2016-08-18 21:33:11.494+05	en	\N	f	0	finishing	t		f
727	126	invoked	uninvoked	f	340	\N	2015-04-27 15:20:48.423+05	2015-04-27 15:20:48.423+05	en	\N	f	0	invoking	t		f
728	126	confirmed	unconfirmed	f	340	\N	2015-04-27 15:20:48.489+05	2015-04-27 15:20:48.489+05	en	\N	f	0	confirming	t		f
729	126	finished	unfinished	f	340	\N	2015-04-27 15:20:48.125+05	2015-04-27 15:20:48.125+05	en	\N	f	0	finishing	f	'unfinished'	f
730	126	invoked	uninvoked	f	341	\N	2015-04-27 15:20:48.423+05	2015-04-27 15:20:48.423+05	en	\N	f	0	invoking	t		f
731	126	confirmed	unconfirmed	f	341	\N	2015-04-27 15:20:48.489+05	2015-04-27 15:20:48.489+05	en	\N	f	0	confirming	t		f
732	126	finished	unfinished	f	341	\N	2015-04-27 15:20:48.125+05	2015-04-27 15:20:48.125+05	en	\N	f	0	finishing	f	'unfinished'	f
733	126	invoked	uninvoked	f	342	\N	2015-04-27 15:20:48.423+05	2015-04-27 15:20:48.423+05	en	\N	f	0	invoking	t		f
734	126	confirmed	unconfirmed	f	342	\N	2015-04-27 15:20:48.489+05	2015-04-27 15:20:48.489+05	en	\N	f	0	confirming	t		f
735	126	finished	unfinished	f	342	\N	2015-04-27 15:20:48.125+05	2015-04-27 15:20:48.125+05	en	\N	f	0	finishing	f	'unfinished'	f
736	126	invoked	uninvoked	f	343	\N	2015-04-27 15:20:48.423+05	2015-04-27 15:20:48.423+05	en	\N	f	0	invoking	t		f
737	126	confirmed	unconfirmed	f	343	\N	2015-04-27 15:20:48.489+05	2015-04-27 15:20:48.489+05	en	\N	f	0	confirming	t		f
738	126	finished	unfinished	f	343	\N	2015-04-27 15:20:48.125+05	2015-04-27 15:20:48.125+05	en	\N	f	0	finishing	f	'unfinished'	f
739	126	invoked	uninvoked	f	344	\N	2015-04-27 15:20:48.423+05	2015-04-27 15:20:48.423+05	en	\N	f	0	invoking	t		f
740	126	confirmed	unconfirmed	f	344	\N	2015-04-27 15:20:48.489+05	2015-04-27 15:20:48.489+05	en	\N	f	0	confirming	t		f
741	126	finished	unfinished	f	344	\N	2015-04-27 15:20:48.125+05	2015-04-27 15:20:48.125+05	en	\N	f	0	finishing	f	'unfinished'	f
742	126	invoked	uninvoked	f	345	\N	2015-04-27 15:20:48.423+05	2015-04-27 15:20:48.423+05	en	\N	f	0	invoking	t		f
743	126	confirmed	unconfirmed	f	345	\N	2015-04-27 15:20:48.489+05	2015-04-27 15:20:48.489+05	en	\N	f	0	confirming	t		f
744	126	finished	unfinished	f	345	\N	2015-04-27 15:20:48.125+05	2015-04-27 15:20:48.125+05	en	\N	f	0	finishing	f	'unfinished'	f
745	126	invoked	uninvoked	f	346	\N	2015-04-27 15:20:48.423+05	2015-04-27 15:20:48.423+05	en	\N	f	0	invoking	t		f
746	126	confirmed	unconfirmed	f	346	\N	2015-04-27 15:20:48.489+05	2015-04-27 15:20:48.489+05	en	\N	f	0	confirming	t		f
747	126	finished	unfinished	f	346	\N	2015-04-27 15:20:48.125+05	2015-04-27 15:20:48.125+05	en	\N	f	0	finishing	f	'unfinished'	f
748	126	invoked	uninvoked	f	347	\N	2015-04-27 15:20:48.423+05	2015-04-27 15:20:48.423+05	en	\N	f	0	invoking	t		f
749	126	confirmed	unconfirmed	f	347	\N	2015-04-27 15:20:48.489+05	2015-04-27 15:20:48.489+05	en	\N	f	0	confirming	t		f
750	126	finished	unfinished	f	347	\N	2015-04-27 15:20:48.125+05	2015-04-27 15:20:48.125+05	en	\N	f	0	finishing	f	'unfinished'	f
\.


--
-- Name: bpstates_id_seq; Type: SEQUENCE SET; Schema: public; Owner: postgres
--

SELECT pg_catalog.setval('bpstates_id_seq', 750, true);


--
-- Data for Name: bpstation_loggers; Type: TABLE DATA; Schema: public; Owner: postgres
--

COPY bpstation_loggers (id, station_id, process_id, sygnal, date, state, step, space, container_step, expand_step, spaces_ids, started, finished, inspace, incontainer, inexpands, paused) FROM stdin;
1	92	24	start	2015-04-11 01:27:15.476+05	t	0	0	{}	{}	{}	t	f	f	f	f	f
2	92	24	moving	2015-04-11 01:27:15.479+05	t	0	0	{}	{}	{}	t	f	f	f	f	f
3	92	24	prepareinvoking	2015-04-11 01:27:15.527+05	t	0	0	{}	{}	{}	t	f	f	f	f	f
4	92	24	invoked	2015-04-11 01:27:15.528+05	t	0	0	{}	{}	{}	t	f	f	f	f	f
5	92	24	moving	2015-04-11 01:27:15.53+05	t	0	0	{}	{}	{}	t	f	f	f	f	f
6	92	24	prepareinvoking	2015-04-11 01:27:15.531+05	t	0	0	{}	{}	{}	t	f	f	f	f	f
7	92	24	invoked	2015-04-11 01:27:15.531+05	t	0	0	{}	{}	{}	t	f	f	f	f	f
8	92	24	moving	2015-04-11 01:27:15.532+05	t	0	0	{}	{}	{}	t	f	f	f	f	f
9	92	24	prepareinvoking	2015-04-11 01:27:15.534+05	t	0	0	{}	{}	{}	t	f	f	f	f	f
10	92	24	invoked	2015-04-11 01:27:15.534+05	t	0	0	{}	{}	{}	t	f	f	f	f	f
11	92	24	moving	2015-04-11 01:27:15.534+05	t	0	0	{}	{}	{}	t	f	f	f	f	f
12	92	24	prepareinvoking	2015-04-11 01:27:15.535+05	t	0	0	{}	{}	{}	t	f	f	f	f	f
13	92	24	invoked	2015-04-11 01:27:15.535+05	t	0	0	{}	{}	{}	t	f	f	f	f	f
14	92	24	moving	2015-04-11 01:27:15.535+05	t	0	0	{}	{}	{}	t	f	f	f	f	f
15	92	24	end	2015-04-11 01:27:15.536+05	t	0	0	{}	{}	{}	t	t	f	f	f	f
16	93	24	start	2015-04-11 01:29:50.794+05	t	0	0	{}	{}	{}	t	f	f	f	f	f
17	93	24	moving	2015-04-11 01:29:50.797+05	t	0	0	{}	{}	{}	t	f	f	f	f	f
18	93	24	prepareinvoking	2015-04-11 01:29:50.827+05	t	0	0	{}	{}	{}	t	f	f	f	f	f
19	93	24	invoked	2015-04-11 01:29:50.828+05	t	0	0	{}	{}	{}	t	f	f	f	f	f
20	93	24	moving	2015-04-11 01:29:50.829+05	t	0	0	{}	{}	{}	t	f	f	f	f	f
21	93	24	prepareinvoking	2015-04-11 01:29:50.831+05	t	0	0	{}	{}	{}	t	f	f	f	f	f
22	93	24	invoked	2015-04-11 01:29:50.831+05	t	0	0	{}	{}	{}	t	f	f	f	f	f
23	93	24	moving	2015-04-11 01:29:50.831+05	t	0	0	{}	{}	{}	t	f	f	f	f	f
24	93	24	prepareinvoking	2015-04-11 01:29:50.832+05	t	0	0	{}	{}	{}	t	f	f	f	f	f
25	93	24	invoked	2015-04-11 01:29:50.832+05	t	0	0	{}	{}	{}	t	f	f	f	f	f
26	93	24	moving	2015-04-11 01:29:50.834+05	t	0	0	{}	{}	{}	t	f	f	f	f	f
27	93	24	prepareinvoking	2015-04-11 01:29:50.835+05	t	0	0	{}	{}	{}	t	f	f	f	f	f
28	93	24	invoked	2015-04-11 01:29:50.835+05	t	0	0	{}	{}	{}	t	f	f	f	f	f
29	93	24	moving	2015-04-11 01:29:50.836+05	t	0	0	{}	{}	{}	t	f	f	f	f	f
30	93	24	prepareinvoking	2015-04-11 01:29:50.837+05	t	0	0	{}	{}	{}	t	f	f	f	f	f
31	93	24	invoked	2015-04-11 01:29:50.837+05	t	0	0	{}	{}	{}	t	f	f	f	f	f
32	93	24	moving	2015-04-11 01:29:50.837+05	t	0	0	{}	{}	{}	t	f	f	f	f	f
33	93	24	prepareinvoking	2015-04-11 01:29:50.837+05	t	0	0	{}	{}	{}	t	f	f	f	f	f
34	93	24	invoked	2015-04-11 01:29:50.838+05	t	0	0	{}	{}	{}	t	f	f	f	f	f
35	93	24	moving	2015-04-11 01:29:50.838+05	t	0	0	{}	{}	{}	t	f	f	f	f	f
36	93	24	prepareinvoking	2015-04-11 01:29:50.838+05	t	0	0	{}	{}	{}	t	f	f	f	f	f
37	93	24	invoked	2015-04-11 01:29:50.839+05	t	0	0	{}	{}	{}	t	f	f	f	f	f
38	93	24	moving	2015-04-11 01:29:50.839+05	t	0	0	{}	{}	{}	t	f	f	f	f	f
39	93	24	prepareinvoking	2015-04-11 01:29:50.84+05	t	0	0	{}	{}	{}	t	f	f	f	f	f
40	93	24	invoked	2015-04-11 01:29:50.84+05	t	0	0	{}	{}	{}	t	f	f	f	f	f
41	93	24	moving	2015-04-11 01:29:50.84+05	t	0	0	{}	{}	{}	t	f	f	f	f	f
42	93	24	prepareinvoking	2015-04-11 01:29:50.841+05	t	0	0	{}	{}	{}	t	f	f	f	f	f
43	93	24	invoked	2015-04-11 01:29:50.841+05	t	0	0	{}	{}	{}	t	f	f	f	f	f
44	93	24	moving	2015-04-11 01:29:50.841+05	t	0	0	{}	{}	{}	t	f	f	f	f	f
45	93	24	prepareinvoking	2015-04-11 01:29:50.842+05	t	0	0	{}	{}	{}	t	f	f	f	f	f
46	93	24	invoked	2015-04-11 01:29:50.842+05	t	0	0	{}	{}	{}	t	f	f	f	f	f
47	93	24	moving	2015-04-11 01:29:50.842+05	t	0	0	{}	{}	{}	t	f	f	f	f	f
48	93	24	prepareinvoking	2015-04-11 01:29:50.843+05	t	0	0	{}	{}	{}	t	f	f	f	f	f
49	93	24	invoked	2015-04-11 01:29:50.843+05	t	0	0	{}	{}	{}	t	f	f	f	f	f
50	93	24	moving	2015-04-11 01:29:50.843+05	t	0	0	{}	{}	{}	t	f	f	f	f	f
51	93	24	prepareinvoking	2015-04-11 01:29:50.843+05	t	0	0	{}	{}	{}	t	f	f	f	f	f
52	93	24	invoked	2015-04-11 01:29:50.846+05	t	0	0	{}	{}	{}	t	f	f	f	f	f
53	93	24	moving	2015-04-11 01:29:50.849+05	t	0	0	{}	{}	{}	t	f	f	f	f	f
54	93	24	prepareinvoking	2015-04-11 01:29:50.85+05	t	0	0	{}	{}	{}	t	f	f	f	f	f
55	93	24	invoked	2015-04-11 01:29:50.85+05	t	0	0	{}	{}	{}	t	f	f	f	f	f
56	93	24	moving	2015-04-11 01:29:50.85+05	t	0	0	{}	{}	{}	t	f	f	f	f	f
57	93	24	prepareinvoking	2015-04-11 01:29:50.851+05	t	0	0	{}	{}	{}	t	f	f	f	f	f
58	93	24	invoked	2015-04-11 01:29:50.851+05	t	0	0	{}	{}	{}	t	f	f	f	f	f
59	93	24	moving	2015-04-11 01:29:50.852+05	t	0	0	{}	{}	{}	t	f	f	f	f	f
60	93	24	end	2015-04-11 01:29:50.853+05	t	0	0	{}	{}	{}	t	t	f	f	f	f
61	94	24	start	2015-04-11 01:31:38.595+05	t	0	0	{}	{}	{}	t	f	f	f	f	f
62	94	24	moving	2015-04-11 01:31:38.603+05	t	0	0	{}	{}	{}	t	f	f	f	f	f
63	94	24	prepareinvoking	2015-04-11 01:31:38.643+05	t	0	0	{}	{}	{}	t	f	f	f	f	f
64	94	24	invoked	2015-04-11 01:31:38.644+05	t	0	0	{}	{}	{}	t	f	f	f	f	f
65	94	24	moving	2015-04-11 01:31:38.645+05	t	0	0	{}	{}	{}	t	f	f	f	f	f
66	94	24	prepareinvoking	2015-04-11 01:31:38.646+05	t	0	0	{}	{}	{}	t	f	f	f	f	f
67	94	24	invoked	2015-04-11 01:31:38.647+05	t	0	0	{}	{}	{}	t	f	f	f	f	f
68	94	24	moving	2015-04-11 01:31:38.647+05	t	0	0	{}	{}	{}	t	f	f	f	f	f
69	94	24	prepareinvoking	2015-04-11 01:31:38.648+05	t	0	0	{}	{}	{}	t	f	f	f	f	f
70	94	24	invoked	2015-04-11 01:31:38.648+05	t	0	0	{}	{}	{}	t	f	f	f	f	f
71	94	24	moving	2015-04-11 01:31:38.65+05	t	0	0	{}	{}	{}	t	f	f	f	f	f
72	94	24	prepareinvoking	2015-04-11 01:31:38.65+05	t	0	0	{}	{}	{}	t	f	f	f	f	f
73	94	24	invoked	2015-04-11 01:31:38.651+05	t	0	0	{}	{}	{}	t	f	f	f	f	f
74	94	24	moving	2015-04-11 01:31:38.651+05	t	0	0	{}	{}	{}	t	f	f	f	f	f
75	94	24	prepareinvoking	2015-04-11 01:31:38.654+05	t	0	0	{}	{}	{}	t	f	f	f	f	f
76	94	24	invoked	2015-04-11 01:31:38.654+05	t	0	0	{}	{}	{}	t	f	f	f	f	f
77	94	24	moving	2015-04-11 01:31:38.655+05	t	0	0	{}	{}	{}	t	f	f	f	f	f
78	94	24	prepareinvoking	2015-04-11 01:31:38.656+05	t	0	0	{}	{}	{}	t	f	f	f	f	f
79	94	24	invoked	2015-04-11 01:31:38.656+05	t	0	0	{}	{}	{}	t	f	f	f	f	f
80	94	24	moving	2015-04-11 01:31:38.657+05	t	0	0	{}	{}	{}	t	f	f	f	f	f
81	94	24	prepareinvoking	2015-04-11 01:31:38.658+05	t	0	0	{}	{}	{}	t	f	f	f	f	f
82	94	24	invoked	2015-04-11 01:31:38.658+05	t	0	0	{}	{}	{}	t	f	f	f	f	f
83	94	24	moving	2015-04-11 01:31:38.658+05	t	0	0	{}	{}	{}	t	f	f	f	f	f
84	94	24	prepareinvoking	2015-04-11 01:31:38.66+05	t	0	0	{}	{}	{}	t	f	f	f	f	f
85	94	24	invoked	2015-04-11 01:31:38.66+05	t	0	0	{}	{}	{}	t	f	f	f	f	f
86	94	24	moving	2015-04-11 01:31:38.664+05	t	0	0	{}	{}	{}	t	f	f	f	f	f
87	94	24	prepareinvoking	2015-04-11 01:31:38.666+05	t	0	0	{}	{}	{}	t	f	f	f	f	f
88	94	24	invoked	2015-04-11 01:31:38.666+05	t	0	0	{}	{}	{}	t	f	f	f	f	f
89	94	24	moving	2015-04-11 01:31:38.667+05	t	0	0	{}	{}	{}	t	f	f	f	f	f
90	94	24	prepareinvoking	2015-04-11 01:31:38.67+05	t	0	0	{}	{}	{}	t	f	f	f	f	f
91	94	24	invoked	2015-04-11 01:31:38.67+05	t	0	0	{}	{}	{}	t	f	f	f	f	f
92	94	24	moving	2015-04-11 01:31:38.672+05	t	0	0	{}	{}	{}	t	f	f	f	f	f
93	94	24	prepareinvoking	2015-04-11 01:31:38.673+05	t	0	0	{}	{}	{}	t	f	f	f	f	f
94	94	24	invoked	2015-04-11 01:31:38.673+05	t	0	0	{}	{}	{}	t	f	f	f	f	f
95	94	24	moving	2015-04-11 01:31:38.713+05	t	0	0	{}	{}	{}	t	f	f	f	f	f
96	94	24	prepareinvoking	2015-04-11 01:31:38.716+05	t	0	0	{}	{}	{}	t	f	f	f	f	f
97	94	24	invoked	2015-04-11 01:31:38.716+05	t	0	0	{}	{}	{}	t	f	f	f	f	f
98	94	24	moving	2015-04-11 01:31:38.717+05	t	0	0	{}	{}	{}	t	f	f	f	f	f
99	94	24	prepareinvoking	2015-04-11 01:31:38.719+05	t	0	0	{}	{}	{}	t	f	f	f	f	f
100	94	24	invoked	2015-04-11 01:31:38.719+05	t	0	0	{}	{}	{}	t	f	f	f	f	f
101	94	24	moving	2015-04-11 01:31:38.721+05	t	0	0	{}	{}	{}	t	f	f	f	f	f
102	94	24	prepareinvoking	2015-04-11 01:31:38.722+05	t	0	0	{}	{}	{}	t	f	f	f	f	f
103	94	24	invoked	2015-04-11 01:31:38.722+05	t	0	0	{}	{}	{}	t	f	f	f	f	f
104	94	24	moving	2015-04-11 01:31:38.722+05	t	0	0	{}	{}	{}	t	f	f	f	f	f
105	94	24	prepareinvoking	2015-04-11 01:31:38.723+05	t	0	0	{}	{}	{}	t	f	f	f	f	f
106	94	24	invoked	2015-04-11 01:31:38.723+05	t	0	0	{}	{}	{}	t	f	f	f	f	f
107	94	24	moving	2015-04-11 01:31:38.724+05	t	0	0	{}	{}	{}	t	f	f	f	f	f
108	94	24	prepareinvoking	2015-04-11 01:31:38.726+05	t	0	0	{}	{}	{}	t	f	f	f	f	f
109	94	24	invoked	2015-04-11 01:31:38.726+05	t	0	0	{}	{}	{}	t	f	f	f	f	f
110	94	24	moving	2015-04-11 01:31:38.726+05	t	0	0	{}	{}	{}	t	f	f	f	f	f
111	94	24	prepareinvoking	2015-04-11 01:31:38.73+05	t	0	0	{}	{}	{}	t	f	f	f	f	f
112	94	24	invoked	2015-04-11 01:31:38.73+05	t	0	0	{}	{}	{}	t	f	f	f	f	f
113	94	24	moving	2015-04-11 01:31:38.73+05	t	0	0	{}	{}	{}	t	f	f	f	f	f
114	94	24	prepareinvoking	2015-04-11 01:31:38.738+05	t	0	0	{}	{}	{}	t	f	f	f	f	f
115	94	24	invoked	2015-04-11 01:31:38.738+05	t	0	0	{}	{}	{}	t	f	f	f	f	f
116	94	24	moving	2015-04-11 01:31:38.738+05	t	0	0	{}	{}	{}	t	f	f	f	f	f
117	94	24	prepareinvoking	2015-04-11 01:31:38.739+05	t	0	0	{}	{}	{}	t	f	f	f	f	f
118	94	24	invoked	2015-04-11 01:31:38.74+05	t	0	0	{}	{}	{}	t	f	f	f	f	f
119	94	24	moving	2015-04-11 01:31:38.741+05	t	0	0	{}	{}	{}	t	f	f	f	f	f
120	94	24	prepareinvoking	2015-04-11 01:31:38.744+05	t	0	0	{}	{}	{}	t	f	f	f	f	f
121	94	24	invoked	2015-04-11 01:31:38.745+05	t	0	0	{}	{}	{}	t	f	f	f	f	f
122	94	24	moving	2015-04-11 01:31:38.745+05	t	0	0	{}	{}	{}	t	f	f	f	f	f
123	94	24	prepareinvoking	2015-04-11 01:31:38.746+05	t	0	0	{}	{}	{}	t	f	f	f	f	f
124	94	24	invoked	2015-04-11 01:31:38.746+05	t	0	0	{}	{}	{}	t	f	f	f	f	f
125	94	24	moving	2015-04-11 01:31:38.746+05	t	0	0	{}	{}	{}	t	f	f	f	f	f
126	94	24	prepareinvoking	2015-04-11 01:31:38.747+05	t	0	0	{}	{}	{}	t	f	f	f	f	f
127	94	24	invoked	2015-04-11 01:31:38.747+05	t	0	0	{}	{}	{}	t	f	f	f	f	f
128	94	24	moving	2015-04-11 01:31:38.747+05	t	0	0	{}	{}	{}	t	f	f	f	f	f
129	94	24	prepareinvoking	2015-04-11 01:31:38.748+05	t	0	0	{}	{}	{}	t	f	f	f	f	f
130	94	24	invoked	2015-04-11 01:31:38.748+05	t	0	0	{}	{}	{}	t	f	f	f	f	f
131	94	24	moving	2015-04-11 01:31:38.748+05	t	0	0	{}	{}	{}	t	f	f	f	f	f
132	94	24	prepareinvoking	2015-04-11 01:31:38.749+05	t	0	0	{}	{}	{}	t	f	f	f	f	f
133	94	24	invoked	2015-04-11 01:31:38.749+05	t	0	0	{}	{}	{}	t	f	f	f	f	f
134	94	24	moving	2015-04-11 01:31:38.75+05	t	0	0	{}	{}	{}	t	f	f	f	f	f
135	94	24	prepareinvoking	2015-04-11 01:31:38.753+05	t	0	0	{}	{}	{}	t	f	f	f	f	f
136	94	24	invoked	2015-04-11 01:31:38.753+05	t	0	0	{}	{}	{}	t	f	f	f	f	f
137	94	24	moving	2015-04-11 01:31:38.754+05	t	0	0	{}	{}	{}	t	f	f	f	f	f
138	94	24	prepareinvoking	2015-04-11 01:31:38.754+05	t	0	0	{}	{}	{}	t	f	f	f	f	f
139	94	24	invoked	2015-04-11 01:31:38.755+05	t	0	0	{}	{}	{}	t	f	f	f	f	f
140	94	24	moving	2015-04-11 01:31:38.757+05	t	0	0	{}	{}	{}	t	f	f	f	f	f
141	94	24	prepareinvoking	2015-04-11 01:31:38.759+05	t	0	0	{}	{}	{}	t	f	f	f	f	f
142	94	24	invoked	2015-04-11 01:31:38.759+05	t	0	0	{}	{}	{}	t	f	f	f	f	f
143	94	24	moving	2015-04-11 01:31:38.76+05	t	0	0	{}	{}	{}	t	f	f	f	f	f
144	94	24	prepareinvoking	2015-04-11 01:31:38.762+05	t	0	0	{}	{}	{}	t	f	f	f	f	f
145	94	24	invoked	2015-04-11 01:31:38.762+05	t	0	0	{}	{}	{}	t	f	f	f	f	f
146	94	24	moving	2015-04-11 01:31:38.764+05	t	0	0	{}	{}	{}	t	f	f	f	f	f
147	94	24	prepareinvoking	2015-04-11 01:31:38.766+05	t	0	0	{}	{}	{}	t	f	f	f	f	f
148	94	24	invoked	2015-04-11 01:31:38.766+05	t	0	0	{}	{}	{}	t	f	f	f	f	f
149	94	24	moving	2015-04-11 01:31:38.767+05	t	0	0	{}	{}	{}	t	f	f	f	f	f
150	94	24	prepareinvoking	2015-04-11 01:31:38.768+05	t	0	0	{}	{}	{}	t	f	f	f	f	f
151	94	24	invoked	2015-04-11 01:31:38.768+05	t	0	0	{}	{}	{}	t	f	f	f	f	f
152	94	24	moving	2015-04-11 01:31:38.768+05	t	0	0	{}	{}	{}	t	f	f	f	f	f
153	94	24	prepareinvoking	2015-04-11 01:31:38.769+05	t	0	0	{}	{}	{}	t	f	f	f	f	f
154	94	24	invoked	2015-04-11 01:31:38.769+05	t	0	0	{}	{}	{}	t	f	f	f	f	f
155	94	24	moving	2015-04-11 01:31:38.77+05	t	0	0	{}	{}	{}	t	f	f	f	f	f
156	94	24	prepareinvoking	2015-04-11 01:31:38.773+05	t	0	0	{}	{}	{}	t	f	f	f	f	f
157	94	24	invoked	2015-04-11 01:31:38.773+05	t	0	0	{}	{}	{}	t	f	f	f	f	f
158	94	24	moving	2015-04-11 01:31:38.789+05	t	0	0	{}	{}	{}	t	f	f	f	f	f
159	94	24	prepareinvoking	2015-04-11 01:31:38.793+05	t	0	0	{}	{}	{}	t	f	f	f	f	f
160	94	24	invoked	2015-04-11 01:31:38.793+05	t	0	0	{}	{}	{}	t	f	f	f	f	f
161	94	24	moving	2015-04-11 01:31:38.794+05	t	0	0	{}	{}	{}	t	f	f	f	f	f
162	94	24	prepareinvoking	2015-04-11 01:31:38.795+05	t	0	0	{}	{}	{}	t	f	f	f	f	f
163	94	24	invoked	2015-04-11 01:31:38.795+05	t	0	0	{}	{}	{}	t	f	f	f	f	f
164	94	24	moving	2015-04-11 01:31:38.796+05	t	0	0	{}	{}	{}	t	f	f	f	f	f
165	94	24	prepareinvoking	2015-04-11 01:31:38.797+05	t	0	0	{}	{}	{}	t	f	f	f	f	f
166	94	24	invoked	2015-04-11 01:31:38.797+05	t	0	0	{}	{}	{}	t	f	f	f	f	f
167	94	24	moving	2015-04-11 01:31:38.798+05	t	0	0	{}	{}	{}	t	f	f	f	f	f
168	94	24	prepareinvoking	2015-04-11 01:31:38.798+05	t	0	0	{}	{}	{}	t	f	f	f	f	f
169	94	24	invoked	2015-04-11 01:31:38.799+05	t	0	0	{}	{}	{}	t	f	f	f	f	f
170	94	24	moving	2015-04-11 01:31:38.8+05	t	0	0	{}	{}	{}	t	f	f	f	f	f
171	94	24	prepareinvoking	2015-04-11 01:31:38.801+05	t	0	0	{}	{}	{}	t	f	f	f	f	f
172	94	24	invoked	2015-04-11 01:31:38.801+05	t	0	0	{}	{}	{}	t	f	f	f	f	f
173	94	24	moving	2015-04-11 01:31:38.801+05	t	0	0	{}	{}	{}	t	f	f	f	f	f
174	94	24	prepareinvoking	2015-04-11 01:31:38.803+05	t	0	0	{}	{}	{}	t	f	f	f	f	f
175	94	24	invoked	2015-04-11 01:31:38.803+05	t	0	0	{}	{}	{}	t	f	f	f	f	f
176	94	24	moving	2015-04-11 01:31:38.804+05	t	0	0	{}	{}	{}	t	f	f	f	f	f
177	94	24	prepareinvoking	2015-04-11 01:31:38.815+05	t	0	0	{}	{}	{}	t	f	f	f	f	f
178	94	24	invoked	2015-04-11 01:31:38.816+05	t	0	0	{}	{}	{}	t	f	f	f	f	f
179	94	24	moving	2015-04-11 01:31:38.817+05	t	0	0	{}	{}	{}	t	f	f	f	f	f
180	94	24	prepareinvoking	2015-04-11 01:31:38.818+05	t	0	0	{}	{}	{}	t	f	f	f	f	f
181	94	24	invoked	2015-04-11 01:31:38.818+05	t	0	0	{}	{}	{}	t	f	f	f	f	f
182	94	24	moving	2015-04-11 01:31:38.819+05	t	0	0	{}	{}	{}	t	f	f	f	f	f
183	94	24	prepareinvoking	2015-04-11 01:31:38.82+05	t	0	0	{}	{}	{}	t	f	f	f	f	f
184	94	24	invoked	2015-04-11 01:31:38.82+05	t	0	0	{}	{}	{}	t	f	f	f	f	f
185	94	24	moving	2015-04-11 01:31:38.821+05	t	0	0	{}	{}	{}	t	f	f	f	f	f
186	94	24	prepareinvoking	2015-04-11 01:31:38.822+05	t	0	0	{}	{}	{}	t	f	f	f	f	f
187	94	24	invoked	2015-04-11 01:31:38.822+05	t	0	0	{}	{}	{}	t	f	f	f	f	f
188	94	24	moving	2015-04-11 01:31:38.823+05	t	0	0	{}	{}	{}	t	f	f	f	f	f
189	94	24	prepareinvoking	2015-04-11 01:31:38.824+05	t	0	0	{}	{}	{}	t	f	f	f	f	f
190	94	24	invoked	2015-04-11 01:31:38.825+05	t	0	0	{}	{}	{}	t	f	f	f	f	f
191	94	24	moving	2015-04-11 01:31:38.826+05	t	0	0	{}	{}	{}	t	f	f	f	f	f
192	94	24	prepareinvoking	2015-04-11 01:31:38.827+05	t	0	0	{}	{}	{}	t	f	f	f	f	f
193	94	24	invoked	2015-04-11 01:31:38.828+05	t	0	0	{}	{}	{}	t	f	f	f	f	f
194	94	24	moving	2015-04-11 01:31:38.833+05	t	0	0	{}	{}	{}	t	f	f	f	f	f
195	94	24	prepareinvoking	2015-04-11 01:31:38.834+05	t	0	0	{}	{}	{}	t	f	f	f	f	f
196	94	24	invoked	2015-04-11 01:31:38.834+05	t	0	0	{}	{}	{}	t	f	f	f	f	f
197	94	24	moving	2015-04-11 01:31:38.834+05	t	0	0	{}	{}	{}	t	f	f	f	f	f
198	94	24	prepareinvoking	2015-04-11 01:31:38.837+05	t	0	0	{}	{}	{}	t	f	f	f	f	f
199	94	24	invoked	2015-04-11 01:31:38.837+05	t	0	0	{}	{}	{}	t	f	f	f	f	f
200	94	24	moving	2015-04-11 01:31:38.839+05	t	0	0	{}	{}	{}	t	f	f	f	f	f
201	94	24	prepareinvoking	2015-04-11 01:31:38.841+05	t	0	0	{}	{}	{}	t	f	f	f	f	f
202	94	24	invoked	2015-04-11 01:31:38.841+05	t	0	0	{}	{}	{}	t	f	f	f	f	f
203	94	24	moving	2015-04-11 01:31:38.842+05	t	0	0	{}	{}	{}	t	f	f	f	f	f
204	94	24	prepareinvoking	2015-04-11 01:31:38.846+05	t	0	0	{}	{}	{}	t	f	f	f	f	f
205	94	24	invoked	2015-04-11 01:31:38.876+05	t	0	0	{}	{}	{}	t	f	f	f	f	f
206	94	24	moving	2015-04-11 01:31:38.877+05	t	0	0	{}	{}	{}	t	f	f	f	f	f
207	94	24	prepareinvoking	2015-04-11 01:31:38.878+05	t	0	0	{}	{}	{}	t	f	f	f	f	f
208	94	24	invoked	2015-04-11 01:31:38.878+05	t	0	0	{}	{}	{}	t	f	f	f	f	f
209	94	24	moving	2015-04-11 01:31:38.879+05	t	0	0	{}	{}	{}	t	f	f	f	f	f
210	94	24	prepareinvoking	2015-04-11 01:31:38.881+05	t	0	0	{}	{}	{}	t	f	f	f	f	f
211	94	24	invoked	2015-04-11 01:31:38.882+05	t	0	0	{}	{}	{}	t	f	f	f	f	f
212	94	24	moving	2015-04-11 01:31:38.884+05	t	0	0	{}	{}	{}	t	f	f	f	f	f
213	94	24	prepareinvoking	2015-04-11 01:31:38.885+05	t	0	0	{}	{}	{}	t	f	f	f	f	f
214	94	24	invoked	2015-04-11 01:31:38.888+05	t	0	0	{}	{}	{}	t	f	f	f	f	f
215	94	24	moving	2015-04-11 01:31:38.889+05	t	0	0	{}	{}	{}	t	f	f	f	f	f
216	94	24	prepareinvoking	2015-04-11 01:31:38.89+05	t	0	0	{}	{}	{}	t	f	f	f	f	f
217	94	24	invoked	2015-04-11 01:31:38.891+05	t	0	0	{}	{}	{}	t	f	f	f	f	f
218	94	24	moving	2015-04-11 01:31:38.893+05	t	0	0	{}	{}	{}	t	f	f	f	f	f
219	94	24	prepareinvoking	2015-04-11 01:31:38.894+05	t	0	0	{}	{}	{}	t	f	f	f	f	f
220	94	24	invoked	2015-04-11 01:31:38.894+05	t	0	0	{}	{}	{}	t	f	f	f	f	f
221	94	24	moving	2015-04-11 01:31:38.895+05	t	0	0	{}	{}	{}	t	f	f	f	f	f
222	94	24	prepareinvoking	2015-04-11 01:31:38.896+05	t	0	0	{}	{}	{}	t	f	f	f	f	f
223	94	24	invoked	2015-04-11 01:31:38.896+05	t	0	0	{}	{}	{}	t	f	f	f	f	f
224	94	24	moving	2015-04-11 01:31:38.896+05	t	0	0	{}	{}	{}	t	f	f	f	f	f
225	94	24	prepareinvoking	2015-04-11 01:31:38.897+05	t	0	0	{}	{}	{}	t	f	f	f	f	f
226	94	24	invoked	2015-04-11 01:31:38.9+05	t	0	0	{}	{}	{}	t	f	f	f	f	f
227	94	24	moving	2015-04-11 01:31:38.901+05	t	0	0	{}	{}	{}	t	f	f	f	f	f
228	94	24	prepareinvoking	2015-04-11 01:31:38.902+05	t	0	0	{}	{}	{}	t	f	f	f	f	f
229	94	24	invoked	2015-04-11 01:31:38.902+05	t	0	0	{}	{}	{}	t	f	f	f	f	f
230	94	24	moving	2015-04-11 01:31:38.904+05	t	0	0	{}	{}	{}	t	f	f	f	f	f
231	94	24	prepareinvoking	2015-04-11 01:31:38.905+05	t	0	0	{}	{}	{}	t	f	f	f	f	f
232	94	24	invoked	2015-04-11 01:31:38.905+05	t	0	0	{}	{}	{}	t	f	f	f	f	f
233	94	24	moving	2015-04-11 01:31:38.91+05	t	0	0	{}	{}	{}	t	f	f	f	f	f
234	94	24	prepareinvoking	2015-04-11 01:31:38.911+05	t	0	0	{}	{}	{}	t	f	f	f	f	f
235	94	24	invoked	2015-04-11 01:31:38.911+05	t	0	0	{}	{}	{}	t	f	f	f	f	f
236	94	24	moving	2015-04-11 01:31:38.915+05	t	0	0	{}	{}	{}	t	f	f	f	f	f
237	94	24	prepareinvoking	2015-04-11 01:31:38.917+05	t	0	0	{}	{}	{}	t	f	f	f	f	f
238	94	24	invoked	2015-04-11 01:31:38.922+05	t	0	0	{}	{}	{}	t	f	f	f	f	f
239	94	24	moving	2015-04-11 01:31:38.924+05	t	0	0	{}	{}	{}	t	f	f	f	f	f
240	94	24	prepareinvoking	2015-04-11 01:31:38.924+05	t	0	0	{}	{}	{}	t	f	f	f	f	f
241	94	24	invoked	2015-04-11 01:31:38.925+05	t	0	0	{}	{}	{}	t	f	f	f	f	f
242	94	24	moving	2015-04-11 01:31:38.959+05	t	0	0	{}	{}	{}	t	f	f	f	f	f
243	94	24	prepareinvoking	2015-04-11 01:31:38.963+05	t	0	0	{}	{}	{}	t	f	f	f	f	f
244	94	24	invoked	2015-04-11 01:31:38.964+05	t	0	0	{}	{}	{}	t	f	f	f	f	f
245	94	24	moving	2015-04-11 01:31:38.967+05	t	0	0	{}	{}	{}	t	f	f	f	f	f
246	94	24	prepareinvoking	2015-04-11 01:31:38.97+05	t	0	0	{}	{}	{}	t	f	f	f	f	f
247	94	24	invoked	2015-04-11 01:31:38.972+05	t	0	0	{}	{}	{}	t	f	f	f	f	f
248	94	24	moving	2015-04-11 01:31:38.973+05	t	0	0	{}	{}	{}	t	f	f	f	f	f
249	94	24	prepareinvoking	2015-04-11 01:31:38.975+05	t	0	0	{}	{}	{}	t	f	f	f	f	f
250	94	24	invoked	2015-04-11 01:31:38.975+05	t	0	0	{}	{}	{}	t	f	f	f	f	f
251	94	24	moving	2015-04-11 01:31:38.976+05	t	0	0	{}	{}	{}	t	f	f	f	f	f
252	94	24	prepareinvoking	2015-04-11 01:31:38.98+05	t	0	0	{}	{}	{}	t	f	f	f	f	f
253	94	24	invoked	2015-04-11 01:31:38.98+05	t	0	0	{}	{}	{}	t	f	f	f	f	f
254	94	24	moving	2015-04-11 01:31:38.982+05	t	0	0	{}	{}	{}	t	f	f	f	f	f
255	94	24	prepareinvoking	2015-04-11 01:31:38.983+05	t	0	0	{}	{}	{}	t	f	f	f	f	f
256	94	24	invoked	2015-04-11 01:31:38.984+05	t	0	0	{}	{}	{}	t	f	f	f	f	f
257	94	24	moving	2015-04-11 01:31:38.985+05	t	0	0	{}	{}	{}	t	f	f	f	f	f
258	94	24	prepareinvoking	2015-04-11 01:31:38.986+05	t	0	0	{}	{}	{}	t	f	f	f	f	f
259	94	24	invoked	2015-04-11 01:31:38.986+05	t	0	0	{}	{}	{}	t	f	f	f	f	f
260	94	24	moving	2015-04-11 01:31:38.987+05	t	0	0	{}	{}	{}	t	f	f	f	f	f
261	94	24	prepareinvoking	2015-04-11 01:31:38.991+05	t	0	0	{}	{}	{}	t	f	f	f	f	f
262	94	24	invoked	2015-04-11 01:31:38.991+05	t	0	0	{}	{}	{}	t	f	f	f	f	f
263	94	24	moving	2015-04-11 01:31:38.992+05	t	0	0	{}	{}	{}	t	f	f	f	f	f
264	94	24	prepareinvoking	2015-04-11 01:31:38.994+05	t	0	0	{}	{}	{}	t	f	f	f	f	f
265	94	24	invoked	2015-04-11 01:31:38.994+05	t	0	0	{}	{}	{}	t	f	f	f	f	f
266	94	24	moving	2015-04-11 01:31:38.998+05	t	0	0	{}	{}	{}	t	f	f	f	f	f
267	94	24	prepareinvoking	2015-04-11 01:31:38.999+05	t	0	0	{}	{}	{}	t	f	f	f	f	f
268	94	24	invoked	2015-04-11 01:31:38.999+05	t	0	0	{}	{}	{}	t	f	f	f	f	f
269	94	24	moving	2015-04-11 01:31:39+05	t	0	0	{}	{}	{}	t	f	f	f	f	f
270	94	24	prepareinvoking	2015-04-11 01:31:39.003+05	t	0	0	{}	{}	{}	t	f	f	f	f	f
271	94	24	invoked	2015-04-11 01:31:39.003+05	t	0	0	{}	{}	{}	t	f	f	f	f	f
272	94	24	moving	2015-04-11 01:31:39.004+05	t	0	0	{}	{}	{}	t	f	f	f	f	f
273	94	24	prepareinvoking	2015-04-11 01:31:39.005+05	t	0	0	{}	{}	{}	t	f	f	f	f	f
274	94	24	invoked	2015-04-11 01:31:39.005+05	t	0	0	{}	{}	{}	t	f	f	f	f	f
275	94	24	moving	2015-04-11 01:31:39.007+05	t	0	0	{}	{}	{}	t	f	f	f	f	f
276	94	24	prepareinvoking	2015-04-11 01:31:39.041+05	t	0	0	{}	{}	{}	t	f	f	f	f	f
277	94	24	invoked	2015-04-11 01:31:39.043+05	t	0	0	{}	{}	{}	t	f	f	f	f	f
278	94	24	moving	2015-04-11 01:31:39.045+05	t	0	0	{}	{}	{}	t	f	f	f	f	f
279	94	24	prepareinvoking	2015-04-11 01:31:39.048+05	t	0	0	{}	{}	{}	t	f	f	f	f	f
280	94	24	invoked	2015-04-11 01:31:39.048+05	t	0	0	{}	{}	{}	t	f	f	f	f	f
281	94	24	moving	2015-04-11 01:31:39.049+05	t	0	0	{}	{}	{}	t	f	f	f	f	f
282	94	24	prepareinvoking	2015-04-11 01:31:39.051+05	t	0	0	{}	{}	{}	t	f	f	f	f	f
283	94	24	invoked	2015-04-11 01:31:39.051+05	t	0	0	{}	{}	{}	t	f	f	f	f	f
284	94	24	moving	2015-04-11 01:31:39.052+05	t	0	0	{}	{}	{}	t	f	f	f	f	f
285	94	24	prepareinvoking	2015-04-11 01:31:39.053+05	t	0	0	{}	{}	{}	t	f	f	f	f	f
286	94	24	invoked	2015-04-11 01:31:39.053+05	t	0	0	{}	{}	{}	t	f	f	f	f	f
287	94	24	moving	2015-04-11 01:31:39.054+05	t	0	0	{}	{}	{}	t	f	f	f	f	f
288	94	24	prepareinvoking	2015-04-11 01:31:39.055+05	t	0	0	{}	{}	{}	t	f	f	f	f	f
289	94	24	invoked	2015-04-11 01:31:39.055+05	t	0	0	{}	{}	{}	t	f	f	f	f	f
290	94	24	moving	2015-04-11 01:31:39.056+05	t	0	0	{}	{}	{}	t	f	f	f	f	f
291	94	24	prepareinvoking	2015-04-11 01:31:39.056+05	t	0	0	{}	{}	{}	t	f	f	f	f	f
292	94	24	invoked	2015-04-11 01:31:39.057+05	t	0	0	{}	{}	{}	t	f	f	f	f	f
293	94	24	moving	2015-04-11 01:31:39.058+05	t	0	0	{}	{}	{}	t	f	f	f	f	f
294	94	24	prepareinvoking	2015-04-11 01:31:39.059+05	t	0	0	{}	{}	{}	t	f	f	f	f	f
295	94	24	invoked	2015-04-11 01:31:39.059+05	t	0	0	{}	{}	{}	t	f	f	f	f	f
296	94	24	moving	2015-04-11 01:31:39.059+05	t	0	0	{}	{}	{}	t	f	f	f	f	f
297	94	24	prepareinvoking	2015-04-11 01:31:39.06+05	t	0	0	{}	{}	{}	t	f	f	f	f	f
298	94	24	invoked	2015-04-11 01:31:39.06+05	t	0	0	{}	{}	{}	t	f	f	f	f	f
299	94	24	moving	2015-04-11 01:31:39.061+05	t	0	0	{}	{}	{}	t	f	f	f	f	f
300	94	24	prepareinvoking	2015-04-11 01:31:39.063+05	t	0	0	{}	{}	{}	t	f	f	f	f	f
301	94	24	invoked	2015-04-11 01:31:39.063+05	t	0	0	{}	{}	{}	t	f	f	f	f	f
302	94	24	moving	2015-04-11 01:31:39.064+05	t	0	0	{}	{}	{}	t	f	f	f	f	f
303	94	24	prepareinvoking	2015-04-11 01:31:39.065+05	t	0	0	{}	{}	{}	t	f	f	f	f	f
304	94	24	invoked	2015-04-11 01:31:39.065+05	t	0	0	{}	{}	{}	t	f	f	f	f	f
305	94	24	moving	2015-04-11 01:31:39.066+05	t	0	0	{}	{}	{}	t	f	f	f	f	f
306	94	24	prepareinvoking	2015-04-11 01:31:39.067+05	t	0	0	{}	{}	{}	t	f	f	f	f	f
307	94	24	invoked	2015-04-11 01:31:39.067+05	t	0	0	{}	{}	{}	t	f	f	f	f	f
308	94	24	moving	2015-04-11 01:31:39.069+05	t	0	0	{}	{}	{}	t	f	f	f	f	f
309	94	24	prepareinvoking	2015-04-11 01:31:39.07+05	t	0	0	{}	{}	{}	t	f	f	f	f	f
310	94	24	invoked	2015-04-11 01:31:39.082+05	t	0	0	{}	{}	{}	t	f	f	f	f	f
311	94	24	moving	2015-04-11 01:31:39.083+05	t	0	0	{}	{}	{}	t	f	f	f	f	f
312	94	24	prepareinvoking	2015-04-11 01:31:39.085+05	t	0	0	{}	{}	{}	t	f	f	f	f	f
313	94	24	invoked	2015-04-11 01:31:39.085+05	t	0	0	{}	{}	{}	t	f	f	f	f	f
314	94	24	moving	2015-04-11 01:31:39.086+05	t	0	0	{}	{}	{}	t	f	f	f	f	f
315	94	24	prepareinvoking	2015-04-11 01:31:39.088+05	t	0	0	{}	{}	{}	t	f	f	f	f	f
316	94	24	invoked	2015-04-11 01:31:39.088+05	t	0	0	{}	{}	{}	t	f	f	f	f	f
317	94	24	moving	2015-04-11 01:31:39.09+05	t	0	0	{}	{}	{}	t	f	f	f	f	f
318	94	24	prepareinvoking	2015-04-11 01:31:39.091+05	t	0	0	{}	{}	{}	t	f	f	f	f	f
319	94	24	invoked	2015-04-11 01:31:39.092+05	t	0	0	{}	{}	{}	t	f	f	f	f	f
320	94	24	moving	2015-04-11 01:31:39.093+05	t	0	0	{}	{}	{}	t	f	f	f	f	f
321	94	24	prepareinvoking	2015-04-11 01:31:39.095+05	t	0	0	{}	{}	{}	t	f	f	f	f	f
322	94	24	invoked	2015-04-11 01:31:39.095+05	t	0	0	{}	{}	{}	t	f	f	f	f	f
323	94	24	moving	2015-04-11 01:31:39.095+05	t	0	0	{}	{}	{}	t	f	f	f	f	f
324	94	24	prepareinvoking	2015-04-11 01:31:39.097+05	t	0	0	{}	{}	{}	t	f	f	f	f	f
325	94	24	invoked	2015-04-11 01:31:39.097+05	t	0	0	{}	{}	{}	t	f	f	f	f	f
326	94	24	moving	2015-04-11 01:31:39.098+05	t	0	0	{}	{}	{}	t	f	f	f	f	f
327	94	24	prepareinvoking	2015-04-11 01:31:39.099+05	t	0	0	{}	{}	{}	t	f	f	f	f	f
328	94	24	invoked	2015-04-11 01:31:39.099+05	t	0	0	{}	{}	{}	t	f	f	f	f	f
329	94	24	moving	2015-04-11 01:31:39.1+05	t	0	0	{}	{}	{}	t	f	f	f	f	f
330	94	24	prepareinvoking	2015-04-11 01:31:39.102+05	t	0	0	{}	{}	{}	t	f	f	f	f	f
331	94	24	invoked	2015-04-11 01:31:39.103+05	t	0	0	{}	{}	{}	t	f	f	f	f	f
332	94	24	moving	2015-04-11 01:31:39.104+05	t	0	0	{}	{}	{}	t	f	f	f	f	f
333	94	24	prepareinvoking	2015-04-11 01:31:39.105+05	t	0	0	{}	{}	{}	t	f	f	f	f	f
334	94	24	invoked	2015-04-11 01:31:39.105+05	t	0	0	{}	{}	{}	t	f	f	f	f	f
335	94	24	moving	2015-04-11 01:31:39.106+05	t	0	0	{}	{}	{}	t	f	f	f	f	f
336	94	24	prepareinvoking	2015-04-11 01:31:39.108+05	t	0	0	{}	{}	{}	t	f	f	f	f	f
337	94	24	invoked	2015-04-11 01:31:39.108+05	t	0	0	{}	{}	{}	t	f	f	f	f	f
338	94	24	moving	2015-04-11 01:31:39.111+05	t	0	0	{}	{}	{}	t	f	f	f	f	f
339	94	24	prepareinvoking	2015-04-11 01:31:39.113+05	t	0	0	{}	{}	{}	t	f	f	f	f	f
340	94	24	invoked	2015-04-11 01:31:39.113+05	t	0	0	{}	{}	{}	t	f	f	f	f	f
341	94	24	moving	2015-04-11 01:31:39.114+05	t	0	0	{}	{}	{}	t	f	f	f	f	f
342	94	24	prepareinvoking	2015-04-11 01:31:39.115+05	t	0	0	{}	{}	{}	t	f	f	f	f	f
343	94	24	invoked	2015-04-11 01:31:39.115+05	t	0	0	{}	{}	{}	t	f	f	f	f	f
344	94	24	moving	2015-04-11 01:31:39.116+05	t	0	0	{}	{}	{}	t	f	f	f	f	f
345	94	24	prepareinvoking	2015-04-11 01:31:39.117+05	t	0	0	{}	{}	{}	t	f	f	f	f	f
346	94	24	invoked	2015-04-11 01:31:39.117+05	t	0	0	{}	{}	{}	t	f	f	f	f	f
347	94	24	moving	2015-04-11 01:31:39.118+05	t	0	0	{}	{}	{}	t	f	f	f	f	f
348	94	24	prepareinvoking	2015-04-11 01:31:39.121+05	t	0	0	{}	{}	{}	t	f	f	f	f	f
349	94	24	invoked	2015-04-11 01:31:39.121+05	t	0	0	{}	{}	{}	t	f	f	f	f	f
350	94	24	moving	2015-04-11 01:31:39.123+05	t	0	0	{}	{}	{}	t	f	f	f	f	f
351	94	24	prepareinvoking	2015-04-11 01:31:39.125+05	t	0	0	{}	{}	{}	t	f	f	f	f	f
352	94	24	invoked	2015-04-11 01:31:39.125+05	t	0	0	{}	{}	{}	t	f	f	f	f	f
353	94	24	moving	2015-04-11 01:31:39.126+05	t	0	0	{}	{}	{}	t	f	f	f	f	f
354	94	24	prepareinvoking	2015-04-11 01:31:39.128+05	t	0	0	{}	{}	{}	t	f	f	f	f	f
355	94	24	invoked	2015-04-11 01:31:39.128+05	t	0	0	{}	{}	{}	t	f	f	f	f	f
356	94	24	moving	2015-04-11 01:31:39.129+05	t	0	0	{}	{}	{}	t	f	f	f	f	f
357	94	24	prepareinvoking	2015-04-11 01:31:39.13+05	t	0	0	{}	{}	{}	t	f	f	f	f	f
358	94	24	invoked	2015-04-11 01:31:39.131+05	t	0	0	{}	{}	{}	t	f	f	f	f	f
359	94	24	moving	2015-04-11 01:31:39.132+05	t	0	0	{}	{}	{}	t	f	f	f	f	f
360	94	24	prepareinvoking	2015-04-11 01:31:39.133+05	t	0	0	{}	{}	{}	t	f	f	f	f	f
361	94	24	invoked	2015-04-11 01:31:39.133+05	t	0	0	{}	{}	{}	t	f	f	f	f	f
362	94	24	moving	2015-04-11 01:31:39.151+05	t	0	0	{}	{}	{}	t	f	f	f	f	f
363	94	24	prepareinvoking	2015-04-11 01:31:39.152+05	t	0	0	{}	{}	{}	t	f	f	f	f	f
364	94	24	invoked	2015-04-11 01:31:39.152+05	t	0	0	{}	{}	{}	t	f	f	f	f	f
365	94	24	moving	2015-04-11 01:31:39.153+05	t	0	0	{}	{}	{}	t	f	f	f	f	f
366	94	24	prepareinvoking	2015-04-11 01:31:39.154+05	t	0	0	{}	{}	{}	t	f	f	f	f	f
367	94	24	invoked	2015-04-11 01:31:39.154+05	t	0	0	{}	{}	{}	t	f	f	f	f	f
368	94	24	moving	2015-04-11 01:31:39.155+05	t	0	0	{}	{}	{}	t	f	f	f	f	f
369	94	24	prepareinvoking	2015-04-11 01:31:39.156+05	t	0	0	{}	{}	{}	t	f	f	f	f	f
370	94	24	invoked	2015-04-11 01:31:39.156+05	t	0	0	{}	{}	{}	t	f	f	f	f	f
371	94	24	moving	2015-04-11 01:31:39.158+05	t	0	0	{}	{}	{}	t	f	f	f	f	f
372	94	24	prepareinvoking	2015-04-11 01:31:39.161+05	t	0	0	{}	{}	{}	t	f	f	f	f	f
373	94	24	invoked	2015-04-11 01:31:39.161+05	t	0	0	{}	{}	{}	t	f	f	f	f	f
374	94	24	moving	2015-04-11 01:31:39.162+05	t	0	0	{}	{}	{}	t	f	f	f	f	f
375	94	24	prepareinvoking	2015-04-11 01:31:39.163+05	t	0	0	{}	{}	{}	t	f	f	f	f	f
376	94	24	invoked	2015-04-11 01:31:39.163+05	t	0	0	{}	{}	{}	t	f	f	f	f	f
377	94	24	moving	2015-04-11 01:31:39.165+05	t	0	0	{}	{}	{}	t	f	f	f	f	f
378	94	24	prepareinvoking	2015-04-11 01:31:39.166+05	t	0	0	{}	{}	{}	t	f	f	f	f	f
379	94	24	invoked	2015-04-11 01:31:39.166+05	t	0	0	{}	{}	{}	t	f	f	f	f	f
380	94	24	moving	2015-04-11 01:31:39.167+05	t	0	0	{}	{}	{}	t	f	f	f	f	f
381	94	24	prepareinvoking	2015-04-11 01:31:39.169+05	t	0	0	{}	{}	{}	t	f	f	f	f	f
382	94	24	invoked	2015-04-11 01:31:39.169+05	t	0	0	{}	{}	{}	t	f	f	f	f	f
383	94	24	moving	2015-04-11 01:31:39.173+05	t	0	0	{}	{}	{}	t	f	f	f	f	f
384	94	24	prepareinvoking	2015-04-11 01:31:39.174+05	t	0	0	{}	{}	{}	t	f	f	f	f	f
385	94	24	invoked	2015-04-11 01:31:39.175+05	t	0	0	{}	{}	{}	t	f	f	f	f	f
386	94	24	moving	2015-04-11 01:31:39.175+05	t	0	0	{}	{}	{}	t	f	f	f	f	f
387	94	24	prepareinvoking	2015-04-11 01:31:39.177+05	t	0	0	{}	{}	{}	t	f	f	f	f	f
388	94	24	invoked	2015-04-11 01:31:39.177+05	t	0	0	{}	{}	{}	t	f	f	f	f	f
389	94	24	moving	2015-04-11 01:31:39.178+05	t	0	0	{}	{}	{}	t	f	f	f	f	f
390	94	24	prepareinvoking	2015-04-11 01:31:39.179+05	t	0	0	{}	{}	{}	t	f	f	f	f	f
391	94	24	invoked	2015-04-11 01:31:39.179+05	t	0	0	{}	{}	{}	t	f	f	f	f	f
392	94	24	moving	2015-04-11 01:31:39.18+05	t	0	0	{}	{}	{}	t	f	f	f	f	f
393	94	24	prepareinvoking	2015-04-11 01:31:39.213+05	t	0	0	{}	{}	{}	t	f	f	f	f	f
394	94	24	invoked	2015-04-11 01:31:39.221+05	t	0	0	{}	{}	{}	t	f	f	f	f	f
395	94	24	moving	2015-04-11 01:31:39.246+05	t	0	0	{}	{}	{}	t	f	f	f	f	f
396	94	24	prepareinvoking	2015-04-11 01:31:39.249+05	t	0	0	{}	{}	{}	t	f	f	f	f	f
397	94	24	invoked	2015-04-11 01:31:39.249+05	t	0	0	{}	{}	{}	t	f	f	f	f	f
398	94	24	moving	2015-04-11 01:31:39.251+05	t	0	0	{}	{}	{}	t	f	f	f	f	f
399	94	24	prepareinvoking	2015-04-11 01:31:39.252+05	t	0	0	{}	{}	{}	t	f	f	f	f	f
400	94	24	invoked	2015-04-11 01:31:39.252+05	t	0	0	{}	{}	{}	t	f	f	f	f	f
401	94	24	moving	2015-04-11 01:31:39.254+05	t	0	0	{}	{}	{}	t	f	f	f	f	f
402	94	24	prepareinvoking	2015-04-11 01:31:39.255+05	t	0	0	{}	{}	{}	t	f	f	f	f	f
403	94	24	invoked	2015-04-11 01:31:39.255+05	t	0	0	{}	{}	{}	t	f	f	f	f	f
404	94	24	moving	2015-04-11 01:31:39.257+05	t	0	0	{}	{}	{}	t	f	f	f	f	f
405	94	24	prepareinvoking	2015-04-11 01:31:39.258+05	t	0	0	{}	{}	{}	t	f	f	f	f	f
406	94	24	invoked	2015-04-11 01:31:39.261+05	t	0	0	{}	{}	{}	t	f	f	f	f	f
407	94	24	moving	2015-04-11 01:31:39.263+05	t	0	0	{}	{}	{}	t	f	f	f	f	f
408	94	24	prepareinvoking	2015-04-11 01:31:39.265+05	t	0	0	{}	{}	{}	t	f	f	f	f	f
409	94	24	invoked	2015-04-11 01:31:39.265+05	t	0	0	{}	{}	{}	t	f	f	f	f	f
410	94	24	moving	2015-04-11 01:31:39.266+05	t	0	0	{}	{}	{}	t	f	f	f	f	f
411	94	24	prepareinvoking	2015-04-11 01:31:39.268+05	t	0	0	{}	{}	{}	t	f	f	f	f	f
412	94	24	invoked	2015-04-11 01:31:39.268+05	t	0	0	{}	{}	{}	t	f	f	f	f	f
413	94	24	moving	2015-04-11 01:31:39.269+05	t	0	0	{}	{}	{}	t	f	f	f	f	f
414	94	24	prepareinvoking	2015-04-11 01:31:39.283+05	t	0	0	{}	{}	{}	t	f	f	f	f	f
415	94	24	invoked	2015-04-11 01:31:39.283+05	t	0	0	{}	{}	{}	t	f	f	f	f	f
416	94	24	moving	2015-04-11 01:31:39.285+05	t	0	0	{}	{}	{}	t	f	f	f	f	f
417	94	24	prepareinvoking	2015-04-11 01:31:39.286+05	t	0	0	{}	{}	{}	t	f	f	f	f	f
418	94	24	invoked	2015-04-11 01:31:39.286+05	t	0	0	{}	{}	{}	t	f	f	f	f	f
419	94	24	moving	2015-04-11 01:31:39.288+05	t	0	0	{}	{}	{}	t	f	f	f	f	f
420	94	24	prepareinvoking	2015-04-11 01:31:39.29+05	t	0	0	{}	{}	{}	t	f	f	f	f	f
421	94	24	invoked	2015-04-11 01:31:39.29+05	t	0	0	{}	{}	{}	t	f	f	f	f	f
422	94	24	moving	2015-04-11 01:31:39.292+05	t	0	0	{}	{}	{}	t	f	f	f	f	f
423	94	24	prepareinvoking	2015-04-11 01:31:39.293+05	t	0	0	{}	{}	{}	t	f	f	f	f	f
424	94	24	invoked	2015-04-11 01:31:39.293+05	t	0	0	{}	{}	{}	t	f	f	f	f	f
425	94	24	moving	2015-04-11 01:31:39.295+05	t	0	0	{}	{}	{}	t	f	f	f	f	f
426	94	24	prepareinvoking	2015-04-11 01:31:39.296+05	t	0	0	{}	{}	{}	t	f	f	f	f	f
427	94	24	invoked	2015-04-11 01:31:39.296+05	t	0	0	{}	{}	{}	t	f	f	f	f	f
428	94	24	moving	2015-04-11 01:31:39.298+05	t	0	0	{}	{}	{}	t	f	f	f	f	f
429	94	24	prepareinvoking	2015-04-11 01:31:39.299+05	t	0	0	{}	{}	{}	t	f	f	f	f	f
430	94	24	invoked	2015-04-11 01:31:39.299+05	t	0	0	{}	{}	{}	t	f	f	f	f	f
431	94	24	moving	2015-04-11 01:31:39.317+05	t	0	0	{}	{}	{}	t	f	f	f	f	f
432	94	24	prepareinvoking	2015-04-11 01:31:39.319+05	t	0	0	{}	{}	{}	t	f	f	f	f	f
433	94	24	invoked	2015-04-11 01:31:39.319+05	t	0	0	{}	{}	{}	t	f	f	f	f	f
434	94	24	moving	2015-04-11 01:31:39.322+05	t	0	0	{}	{}	{}	t	f	f	f	f	f
435	94	24	prepareinvoking	2015-04-11 01:31:39.324+05	t	0	0	{}	{}	{}	t	f	f	f	f	f
436	94	24	invoked	2015-04-11 01:31:39.324+05	t	0	0	{}	{}	{}	t	f	f	f	f	f
437	94	24	moving	2015-04-11 01:31:39.325+05	t	0	0	{}	{}	{}	t	f	f	f	f	f
438	94	24	prepareinvoking	2015-04-11 01:31:39.327+05	t	0	0	{}	{}	{}	t	f	f	f	f	f
439	94	24	invoked	2015-04-11 01:31:39.327+05	t	0	0	{}	{}	{}	t	f	f	f	f	f
440	94	24	moving	2015-04-11 01:31:39.329+05	t	0	0	{}	{}	{}	t	f	f	f	f	f
441	94	24	prepareinvoking	2015-04-11 01:31:39.332+05	t	0	0	{}	{}	{}	t	f	f	f	f	f
442	94	24	invoked	2015-04-11 01:31:39.332+05	t	0	0	{}	{}	{}	t	f	f	f	f	f
443	94	24	moving	2015-04-11 01:31:39.334+05	t	0	0	{}	{}	{}	t	f	f	f	f	f
444	94	24	prepareinvoking	2015-04-11 01:31:39.336+05	t	0	0	{}	{}	{}	t	f	f	f	f	f
445	94	24	invoked	2015-04-11 01:31:39.336+05	t	0	0	{}	{}	{}	t	f	f	f	f	f
446	94	24	moving	2015-04-11 01:31:39.338+05	t	0	0	{}	{}	{}	t	f	f	f	f	f
447	94	24	prepareinvoking	2015-04-11 01:31:39.341+05	t	0	0	{}	{}	{}	t	f	f	f	f	f
448	94	24	invoked	2015-04-11 01:31:39.341+05	t	0	0	{}	{}	{}	t	f	f	f	f	f
449	94	24	moving	2015-04-11 01:31:39.343+05	t	0	0	{}	{}	{}	t	f	f	f	f	f
450	94	24	prepareinvoking	2015-04-11 01:31:39.344+05	t	0	0	{}	{}	{}	t	f	f	f	f	f
451	94	24	invoked	2015-04-11 01:31:39.344+05	t	0	0	{}	{}	{}	t	f	f	f	f	f
452	94	24	moving	2015-04-11 01:31:39.345+05	t	0	0	{}	{}	{}	t	f	f	f	f	f
453	94	24	prepareinvoking	2015-04-11 01:31:39.346+05	t	0	0	{}	{}	{}	t	f	f	f	f	f
454	94	24	invoked	2015-04-11 01:31:39.346+05	t	0	0	{}	{}	{}	t	f	f	f	f	f
455	94	24	moving	2015-04-11 01:31:39.347+05	t	0	0	{}	{}	{}	t	f	f	f	f	f
456	94	24	prepareinvoking	2015-04-11 01:31:39.349+05	t	0	0	{}	{}	{}	t	f	f	f	f	f
457	94	24	invoked	2015-04-11 01:31:39.349+05	t	0	0	{}	{}	{}	t	f	f	f	f	f
458	94	24	moving	2015-04-11 01:31:39.35+05	t	0	0	{}	{}	{}	t	f	f	f	f	f
459	94	24	prepareinvoking	2015-04-11 01:31:39.351+05	t	0	0	{}	{}	{}	t	f	f	f	f	f
460	94	24	invoked	2015-04-11 01:31:39.351+05	t	0	0	{}	{}	{}	t	f	f	f	f	f
461	94	24	moving	2015-04-11 01:31:39.352+05	t	0	0	{}	{}	{}	t	f	f	f	f	f
462	94	24	prepareinvoking	2015-04-11 01:31:39.353+05	t	0	0	{}	{}	{}	t	f	f	f	f	f
463	94	24	invoked	2015-04-11 01:31:39.353+05	t	0	0	{}	{}	{}	t	f	f	f	f	f
464	94	24	moving	2015-04-11 01:31:39.355+05	t	0	0	{}	{}	{}	t	f	f	f	f	f
465	94	24	prepareinvoking	2015-04-11 01:31:39.356+05	t	0	0	{}	{}	{}	t	f	f	f	f	f
466	94	24	invoked	2015-04-11 01:31:39.357+05	t	0	0	{}	{}	{}	t	f	f	f	f	f
467	94	24	moving	2015-04-11 01:31:39.358+05	t	0	0	{}	{}	{}	t	f	f	f	f	f
468	94	24	prepareinvoking	2015-04-11 01:31:39.364+05	t	0	0	{}	{}	{}	t	f	f	f	f	f
469	94	24	invoked	2015-04-11 01:31:39.364+05	t	0	0	{}	{}	{}	t	f	f	f	f	f
470	94	24	moving	2015-04-11 01:31:39.366+05	t	0	0	{}	{}	{}	t	f	f	f	f	f
471	94	24	prepareinvoking	2015-04-11 01:31:39.368+05	t	0	0	{}	{}	{}	t	f	f	f	f	f
472	94	24	invoked	2015-04-11 01:31:39.368+05	t	0	0	{}	{}	{}	t	f	f	f	f	f
473	94	24	moving	2015-04-11 01:31:39.369+05	t	0	0	{}	{}	{}	t	f	f	f	f	f
474	94	24	prepareinvoking	2015-04-11 01:31:39.371+05	t	0	0	{}	{}	{}	t	f	f	f	f	f
475	94	24	invoked	2015-04-11 01:31:39.371+05	t	0	0	{}	{}	{}	t	f	f	f	f	f
476	94	24	moving	2015-04-11 01:31:39.372+05	t	0	0	{}	{}	{}	t	f	f	f	f	f
477	94	24	prepareinvoking	2015-04-11 01:31:39.374+05	t	0	0	{}	{}	{}	t	f	f	f	f	f
478	94	24	invoked	2015-04-11 01:31:39.374+05	t	0	0	{}	{}	{}	t	f	f	f	f	f
479	94	24	moving	2015-04-11 01:31:39.376+05	t	0	0	{}	{}	{}	t	f	f	f	f	f
480	94	24	prepareinvoking	2015-04-11 01:31:39.385+05	t	0	0	{}	{}	{}	t	f	f	f	f	f
481	94	24	invoked	2015-04-11 01:31:39.385+05	t	0	0	{}	{}	{}	t	f	f	f	f	f
482	94	24	moving	2015-04-11 01:31:39.387+05	t	0	0	{}	{}	{}	t	f	f	f	f	f
483	94	24	prepareinvoking	2015-04-11 01:31:39.389+05	t	0	0	{}	{}	{}	t	f	f	f	f	f
484	94	24	invoked	2015-04-11 01:31:39.389+05	t	0	0	{}	{}	{}	t	f	f	f	f	f
485	94	24	moving	2015-04-11 01:31:39.39+05	t	0	0	{}	{}	{}	t	f	f	f	f	f
486	94	24	prepareinvoking	2015-04-11 01:31:39.392+05	t	0	0	{}	{}	{}	t	f	f	f	f	f
487	94	24	invoked	2015-04-11 01:31:39.392+05	t	0	0	{}	{}	{}	t	f	f	f	f	f
488	94	24	moving	2015-04-11 01:31:39.394+05	t	0	0	{}	{}	{}	t	f	f	f	f	f
489	94	24	prepareinvoking	2015-04-11 01:31:39.396+05	t	0	0	{}	{}	{}	t	f	f	f	f	f
490	94	24	invoked	2015-04-11 01:31:39.396+05	t	0	0	{}	{}	{}	t	f	f	f	f	f
491	94	24	moving	2015-04-11 01:31:39.397+05	t	0	0	{}	{}	{}	t	f	f	f	f	f
492	94	24	prepareinvoking	2015-04-11 01:31:39.399+05	t	0	0	{}	{}	{}	t	f	f	f	f	f
493	94	24	invoked	2015-04-11 01:31:39.399+05	t	0	0	{}	{}	{}	t	f	f	f	f	f
494	94	24	moving	2015-04-11 01:31:39.4+05	t	0	0	{}	{}	{}	t	f	f	f	f	f
495	94	24	prepareinvoking	2015-04-11 01:31:39.402+05	t	0	0	{}	{}	{}	t	f	f	f	f	f
496	94	24	invoked	2015-04-11 01:31:39.402+05	t	0	0	{}	{}	{}	t	f	f	f	f	f
497	94	24	moving	2015-04-11 01:31:39.404+05	t	0	0	{}	{}	{}	t	f	f	f	f	f
498	94	24	prepareinvoking	2015-04-11 01:31:39.407+05	t	0	0	{}	{}	{}	t	f	f	f	f	f
499	94	24	invoked	2015-04-11 01:31:39.407+05	t	0	0	{}	{}	{}	t	f	f	f	f	f
500	94	24	moving	2015-04-11 01:31:39.409+05	t	0	0	{}	{}	{}	t	f	f	f	f	f
501	94	24	prepareinvoking	2015-04-11 01:31:39.41+05	t	0	0	{}	{}	{}	t	f	f	f	f	f
502	94	24	invoked	2015-04-11 01:31:39.41+05	t	0	0	{}	{}	{}	t	f	f	f	f	f
503	94	24	moving	2015-04-11 01:31:39.411+05	t	0	0	{}	{}	{}	t	f	f	f	f	f
504	94	24	prepareinvoking	2015-04-11 01:31:39.413+05	t	0	0	{}	{}	{}	t	f	f	f	f	f
505	94	24	invoked	2015-04-11 01:31:39.413+05	t	0	0	{}	{}	{}	t	f	f	f	f	f
506	94	24	moving	2015-04-11 01:31:39.414+05	t	0	0	{}	{}	{}	t	f	f	f	f	f
507	94	24	prepareinvoking	2015-04-11 01:31:39.416+05	t	0	0	{}	{}	{}	t	f	f	f	f	f
508	94	24	invoked	2015-04-11 01:31:39.416+05	t	0	0	{}	{}	{}	t	f	f	f	f	f
509	94	24	moving	2015-04-11 01:31:39.417+05	t	0	0	{}	{}	{}	t	f	f	f	f	f
510	94	24	prepareinvoking	2015-04-11 01:31:39.418+05	t	0	0	{}	{}	{}	t	f	f	f	f	f
511	94	24	invoked	2015-04-11 01:31:39.418+05	t	0	0	{}	{}	{}	t	f	f	f	f	f
512	94	24	moving	2015-04-11 01:31:39.419+05	t	0	0	{}	{}	{}	t	f	f	f	f	f
513	94	24	prepareinvoking	2015-04-11 01:31:39.42+05	t	0	0	{}	{}	{}	t	f	f	f	f	f
514	94	24	invoked	2015-04-11 01:31:39.421+05	t	0	0	{}	{}	{}	t	f	f	f	f	f
515	94	24	moving	2015-04-11 01:31:39.422+05	t	0	0	{}	{}	{}	t	f	f	f	f	f
516	94	24	prepareinvoking	2015-04-11 01:31:39.424+05	t	0	0	{}	{}	{}	t	f	f	f	f	f
517	94	24	invoked	2015-04-11 01:31:39.424+05	t	0	0	{}	{}	{}	t	f	f	f	f	f
518	94	24	moving	2015-04-11 01:31:39.425+05	t	0	0	{}	{}	{}	t	f	f	f	f	f
519	94	24	prepareinvoking	2015-04-11 01:31:39.426+05	t	0	0	{}	{}	{}	t	f	f	f	f	f
520	94	24	invoked	2015-04-11 01:31:39.426+05	t	0	0	{}	{}	{}	t	f	f	f	f	f
521	94	24	moving	2015-04-11 01:31:39.428+05	t	0	0	{}	{}	{}	t	f	f	f	f	f
522	94	24	prepareinvoking	2015-04-11 01:31:39.429+05	t	0	0	{}	{}	{}	t	f	f	f	f	f
523	94	24	invoked	2015-04-11 01:31:39.429+05	t	0	0	{}	{}	{}	t	f	f	f	f	f
524	94	24	moving	2015-04-11 01:31:39.43+05	t	0	0	{}	{}	{}	t	f	f	f	f	f
525	94	24	prepareinvoking	2015-04-11 01:31:39.431+05	t	0	0	{}	{}	{}	t	f	f	f	f	f
526	94	24	invoked	2015-04-11 01:31:39.431+05	t	0	0	{}	{}	{}	t	f	f	f	f	f
527	94	24	moving	2015-04-11 01:31:39.433+05	t	0	0	{}	{}	{}	t	f	f	f	f	f
528	94	24	prepareinvoking	2015-04-11 01:31:39.435+05	t	0	0	{}	{}	{}	t	f	f	f	f	f
529	94	24	invoked	2015-04-11 01:31:39.45+05	t	0	0	{}	{}	{}	t	f	f	f	f	f
530	94	24	moving	2015-04-11 01:31:39.452+05	t	0	0	{}	{}	{}	t	f	f	f	f	f
531	94	24	prepareinvoking	2015-04-11 01:31:39.454+05	t	0	0	{}	{}	{}	t	f	f	f	f	f
532	94	24	invoked	2015-04-11 01:31:39.454+05	t	0	0	{}	{}	{}	t	f	f	f	f	f
533	94	24	moving	2015-04-11 01:31:39.456+05	t	0	0	{}	{}	{}	t	f	f	f	f	f
534	94	24	prepareinvoking	2015-04-11 01:31:39.458+05	t	0	0	{}	{}	{}	t	f	f	f	f	f
535	94	24	invoked	2015-04-11 01:31:39.458+05	t	0	0	{}	{}	{}	t	f	f	f	f	f
536	94	24	moving	2015-04-11 01:31:39.46+05	t	0	0	{}	{}	{}	t	f	f	f	f	f
537	94	24	prepareinvoking	2015-04-11 01:31:39.462+05	t	0	0	{}	{}	{}	t	f	f	f	f	f
538	94	24	invoked	2015-04-11 01:31:39.462+05	t	0	0	{}	{}	{}	t	f	f	f	f	f
539	94	24	moving	2015-04-11 01:31:39.463+05	t	0	0	{}	{}	{}	t	f	f	f	f	f
540	94	24	prepareinvoking	2015-04-11 01:31:39.465+05	t	0	0	{}	{}	{}	t	f	f	f	f	f
541	94	24	invoked	2015-04-11 01:31:39.465+05	t	0	0	{}	{}	{}	t	f	f	f	f	f
542	94	24	moving	2015-04-11 01:31:39.469+05	t	0	0	{}	{}	{}	t	f	f	f	f	f
543	94	24	prepareinvoking	2015-04-11 01:31:39.473+05	t	0	0	{}	{}	{}	t	f	f	f	f	f
544	94	24	invoked	2015-04-11 01:31:39.473+05	t	0	0	{}	{}	{}	t	f	f	f	f	f
545	94	24	moving	2015-04-11 01:31:39.475+05	t	0	0	{}	{}	{}	t	f	f	f	f	f
546	94	24	prepareinvoking	2015-04-11 01:31:39.477+05	t	0	0	{}	{}	{}	t	f	f	f	f	f
547	94	24	invoked	2015-04-11 01:31:39.477+05	t	0	0	{}	{}	{}	t	f	f	f	f	f
548	94	24	moving	2015-04-11 01:31:39.479+05	t	0	0	{}	{}	{}	t	f	f	f	f	f
549	94	24	prepareinvoking	2015-04-11 01:31:39.481+05	t	0	0	{}	{}	{}	t	f	f	f	f	f
550	94	24	invoked	2015-04-11 01:31:39.481+05	t	0	0	{}	{}	{}	t	f	f	f	f	f
551	94	24	moving	2015-04-11 01:31:39.483+05	t	0	0	{}	{}	{}	t	f	f	f	f	f
552	94	24	prepareinvoking	2015-04-11 01:31:39.485+05	t	0	0	{}	{}	{}	t	f	f	f	f	f
553	94	24	invoked	2015-04-11 01:31:39.485+05	t	0	0	{}	{}	{}	t	f	f	f	f	f
554	94	24	moving	2015-04-11 01:31:39.487+05	t	0	0	{}	{}	{}	t	f	f	f	f	f
555	94	24	prepareinvoking	2015-04-11 01:31:39.489+05	t	0	0	{}	{}	{}	t	f	f	f	f	f
556	94	24	invoked	2015-04-11 01:31:39.489+05	t	0	0	{}	{}	{}	t	f	f	f	f	f
557	94	24	moving	2015-04-11 01:31:39.491+05	t	0	0	{}	{}	{}	t	f	f	f	f	f
558	94	24	prepareinvoking	2015-04-11 01:31:39.492+05	t	0	0	{}	{}	{}	t	f	f	f	f	f
559	94	24	invoked	2015-04-11 01:31:39.493+05	t	0	0	{}	{}	{}	t	f	f	f	f	f
560	94	24	moving	2015-04-11 01:31:39.495+05	t	0	0	{}	{}	{}	t	f	f	f	f	f
561	94	24	prepareinvoking	2015-04-11 01:31:39.498+05	t	0	0	{}	{}	{}	t	f	f	f	f	f
562	94	24	invoked	2015-04-11 01:31:39.499+05	t	0	0	{}	{}	{}	t	f	f	f	f	f
563	94	24	moving	2015-04-11 01:31:39.527+05	t	0	0	{}	{}	{}	t	f	f	f	f	f
564	94	24	prepareinvoking	2015-04-11 01:31:39.531+05	t	0	0	{}	{}	{}	t	f	f	f	f	f
565	94	24	invoked	2015-04-11 01:31:39.532+05	t	0	0	{}	{}	{}	t	f	f	f	f	f
566	94	24	moving	2015-04-11 01:31:39.535+05	t	0	0	{}	{}	{}	t	f	f	f	f	f
567	94	24	prepareinvoking	2015-04-11 01:31:39.538+05	t	0	0	{}	{}	{}	t	f	f	f	f	f
568	94	24	invoked	2015-04-11 01:31:39.54+05	t	0	0	{}	{}	{}	t	f	f	f	f	f
569	94	24	moving	2015-04-11 01:31:39.543+05	t	0	0	{}	{}	{}	t	f	f	f	f	f
570	94	24	prepareinvoking	2015-04-11 01:31:39.545+05	t	0	0	{}	{}	{}	t	f	f	f	f	f
571	94	24	invoked	2015-04-11 01:31:39.548+05	t	0	0	{}	{}	{}	t	f	f	f	f	f
572	94	24	moving	2015-04-11 01:31:39.552+05	t	0	0	{}	{}	{}	t	f	f	f	f	f
573	94	24	prepareinvoking	2015-04-11 01:31:39.556+05	t	0	0	{}	{}	{}	t	f	f	f	f	f
574	94	24	invoked	2015-04-11 01:31:39.556+05	t	0	0	{}	{}	{}	t	f	f	f	f	f
575	94	24	moving	2015-04-11 01:31:39.558+05	t	0	0	{}	{}	{}	t	f	f	f	f	f
576	94	24	prepareinvoking	2015-04-11 01:31:39.56+05	t	0	0	{}	{}	{}	t	f	f	f	f	f
577	94	24	invoked	2015-04-11 01:31:39.56+05	t	0	0	{}	{}	{}	t	f	f	f	f	f
578	94	24	moving	2015-04-11 01:31:39.562+05	t	0	0	{}	{}	{}	t	f	f	f	f	f
579	94	24	prepareinvoking	2015-04-11 01:31:39.564+05	t	0	0	{}	{}	{}	t	f	f	f	f	f
580	94	24	invoked	2015-04-11 01:31:39.564+05	t	0	0	{}	{}	{}	t	f	f	f	f	f
581	94	24	moving	2015-04-11 01:31:39.566+05	t	0	0	{}	{}	{}	t	f	f	f	f	f
582	94	24	prepareinvoking	2015-04-11 01:31:39.57+05	t	0	0	{}	{}	{}	t	f	f	f	f	f
583	94	24	invoked	2015-04-11 01:31:39.57+05	t	0	0	{}	{}	{}	t	f	f	f	f	f
584	94	24	moving	2015-04-11 01:31:39.572+05	t	0	0	{}	{}	{}	t	f	f	f	f	f
585	94	24	prepareinvoking	2015-04-11 01:31:39.574+05	t	0	0	{}	{}	{}	t	f	f	f	f	f
586	94	24	invoked	2015-04-11 01:31:39.574+05	t	0	0	{}	{}	{}	t	f	f	f	f	f
587	94	24	moving	2015-04-11 01:31:39.582+05	t	0	0	{}	{}	{}	t	f	f	f	f	f
588	94	24	prepareinvoking	2015-04-11 01:31:39.585+05	t	0	0	{}	{}	{}	t	f	f	f	f	f
589	94	24	invoked	2015-04-11 01:31:39.586+05	t	0	0	{}	{}	{}	t	f	f	f	f	f
590	94	24	moving	2015-04-11 01:31:39.596+05	t	0	0	{}	{}	{}	t	f	f	f	f	f
591	94	24	prepareinvoking	2015-04-11 01:31:39.61+05	t	0	0	{}	{}	{}	t	f	f	f	f	f
592	94	24	invoked	2015-04-11 01:31:39.61+05	t	0	0	{}	{}	{}	t	f	f	f	f	f
593	94	24	moving	2015-04-11 01:31:39.611+05	t	0	0	{}	{}	{}	t	f	f	f	f	f
594	94	24	prepareinvoking	2015-04-11 01:31:39.613+05	t	0	0	{}	{}	{}	t	f	f	f	f	f
595	94	24	invoked	2015-04-11 01:31:39.613+05	t	0	0	{}	{}	{}	t	f	f	f	f	f
596	94	24	moving	2015-04-11 01:31:39.614+05	t	0	0	{}	{}	{}	t	f	f	f	f	f
597	94	24	prepareinvoking	2015-04-11 01:31:39.615+05	t	0	0	{}	{}	{}	t	f	f	f	f	f
598	94	24	invoked	2015-04-11 01:31:39.617+05	t	0	0	{}	{}	{}	t	f	f	f	f	f
599	94	24	moving	2015-04-11 01:31:39.619+05	t	0	0	{}	{}	{}	t	f	f	f	f	f
600	94	24	prepareinvoking	2015-04-11 01:31:39.623+05	t	0	0	{}	{}	{}	t	f	f	f	f	f
601	94	24	invoked	2015-04-11 01:31:39.624+05	t	0	0	{}	{}	{}	t	f	f	f	f	f
602	94	24	moving	2015-04-11 01:31:39.626+05	t	0	0	{}	{}	{}	t	f	f	f	f	f
603	94	24	prepareinvoking	2015-04-11 01:31:39.628+05	t	0	0	{}	{}	{}	t	f	f	f	f	f
604	94	24	invoked	2015-04-11 01:31:39.628+05	t	0	0	{}	{}	{}	t	f	f	f	f	f
605	94	24	moving	2015-04-11 01:31:39.63+05	t	0	0	{}	{}	{}	t	f	f	f	f	f
606	94	24	prepareinvoking	2015-04-11 01:31:39.632+05	t	0	0	{}	{}	{}	t	f	f	f	f	f
607	94	24	invoked	2015-04-11 01:31:39.632+05	t	0	0	{}	{}	{}	t	f	f	f	f	f
608	94	24	moving	2015-04-11 01:31:39.634+05	t	0	0	{}	{}	{}	t	f	f	f	f	f
609	94	24	prepareinvoking	2015-04-11 01:31:39.636+05	t	0	0	{}	{}	{}	t	f	f	f	f	f
610	94	24	invoked	2015-04-11 01:31:39.636+05	t	0	0	{}	{}	{}	t	f	f	f	f	f
611	94	24	moving	2015-04-11 01:31:39.638+05	t	0	0	{}	{}	{}	t	f	f	f	f	f
612	94	24	prepareinvoking	2015-04-11 01:31:39.64+05	t	0	0	{}	{}	{}	t	f	f	f	f	f
613	94	24	invoked	2015-04-11 01:31:39.64+05	t	0	0	{}	{}	{}	t	f	f	f	f	f
614	94	24	moving	2015-04-11 01:31:39.642+05	t	0	0	{}	{}	{}	t	f	f	f	f	f
615	94	24	prepareinvoking	2015-04-11 01:31:39.643+05	t	0	0	{}	{}	{}	t	f	f	f	f	f
616	94	24	invoked	2015-04-11 01:31:39.643+05	t	0	0	{}	{}	{}	t	f	f	f	f	f
617	94	24	moving	2015-04-11 01:31:39.644+05	t	0	0	{}	{}	{}	t	f	f	f	f	f
618	94	24	prepareinvoking	2015-04-11 01:31:39.646+05	t	0	0	{}	{}	{}	t	f	f	f	f	f
619	94	24	invoked	2015-04-11 01:31:39.646+05	t	0	0	{}	{}	{}	t	f	f	f	f	f
620	94	24	moving	2015-04-11 01:31:39.65+05	t	0	0	{}	{}	{}	t	f	f	f	f	f
621	94	24	prepareinvoking	2015-04-11 01:31:39.662+05	t	0	0	{}	{}	{}	t	f	f	f	f	f
622	94	24	invoked	2015-04-11 01:31:39.663+05	t	0	0	{}	{}	{}	t	f	f	f	f	f
623	94	24	moving	2015-04-11 01:31:39.667+05	t	0	0	{}	{}	{}	t	f	f	f	f	f
624	94	24	prepareinvoking	2015-04-11 01:31:39.67+05	t	0	0	{}	{}	{}	t	f	f	f	f	f
625	94	24	invoked	2015-04-11 01:31:39.671+05	t	0	0	{}	{}	{}	t	f	f	f	f	f
626	94	24	moving	2015-04-11 01:31:39.676+05	t	0	0	{}	{}	{}	t	f	f	f	f	f
627	94	24	prepareinvoking	2015-04-11 01:31:39.679+05	t	0	0	{}	{}	{}	t	f	f	f	f	f
628	94	24	invoked	2015-04-11 01:31:39.68+05	t	0	0	{}	{}	{}	t	f	f	f	f	f
629	94	24	moving	2015-04-11 01:31:39.684+05	t	0	0	{}	{}	{}	t	f	f	f	f	f
630	94	24	prepareinvoking	2015-04-11 01:31:39.687+05	t	0	0	{}	{}	{}	t	f	f	f	f	f
631	94	24	invoked	2015-04-11 01:31:39.688+05	t	0	0	{}	{}	{}	t	f	f	f	f	f
632	94	24	moving	2015-04-11 01:31:39.691+05	t	0	0	{}	{}	{}	t	f	f	f	f	f
633	94	24	prepareinvoking	2015-04-11 01:31:39.695+05	t	0	0	{}	{}	{}	t	f	f	f	f	f
634	94	24	invoked	2015-04-11 01:31:39.696+05	t	0	0	{}	{}	{}	t	f	f	f	f	f
635	94	24	moving	2015-04-11 01:31:39.7+05	t	0	0	{}	{}	{}	t	f	f	f	f	f
636	94	24	prepareinvoking	2015-04-11 01:31:39.704+05	t	0	0	{}	{}	{}	t	f	f	f	f	f
637	94	24	invoked	2015-04-11 01:31:39.705+05	t	0	0	{}	{}	{}	t	f	f	f	f	f
638	94	24	moving	2015-04-11 01:31:39.709+05	t	0	0	{}	{}	{}	t	f	f	f	f	f
639	94	24	prepareinvoking	2015-04-11 01:31:39.71+05	t	0	0	{}	{}	{}	t	f	f	f	f	f
640	94	24	invoked	2015-04-11 01:31:39.71+05	t	0	0	{}	{}	{}	t	f	f	f	f	f
641	94	24	moving	2015-04-11 01:31:39.712+05	t	0	0	{}	{}	{}	t	f	f	f	f	f
642	94	24	prepareinvoking	2015-04-11 01:31:39.713+05	t	0	0	{}	{}	{}	t	f	f	f	f	f
643	94	24	invoked	2015-04-11 01:31:39.713+05	t	0	0	{}	{}	{}	t	f	f	f	f	f
644	94	24	moving	2015-04-11 01:31:39.716+05	t	0	0	{}	{}	{}	t	f	f	f	f	f
645	94	24	prepareinvoking	2015-04-11 01:31:39.718+05	t	0	0	{}	{}	{}	t	f	f	f	f	f
646	94	24	invoked	2015-04-11 01:31:39.719+05	t	0	0	{}	{}	{}	t	f	f	f	f	f
647	94	24	moving	2015-04-11 01:31:39.721+05	t	0	0	{}	{}	{}	t	f	f	f	f	f
648	94	24	prepareinvoking	2015-04-11 01:31:39.723+05	t	0	0	{}	{}	{}	t	f	f	f	f	f
649	94	24	invoked	2015-04-11 01:31:39.723+05	t	0	0	{}	{}	{}	t	f	f	f	f	f
650	94	24	moving	2015-04-11 01:31:39.725+05	t	0	0	{}	{}	{}	t	f	f	f	f	f
651	94	24	prepareinvoking	2015-04-11 01:31:39.727+05	t	0	0	{}	{}	{}	t	f	f	f	f	f
652	94	24	invoked	2015-04-11 01:31:39.727+05	t	0	0	{}	{}	{}	t	f	f	f	f	f
653	94	24	moving	2015-04-11 01:31:39.729+05	t	0	0	{}	{}	{}	t	f	f	f	f	f
654	94	24	prepareinvoking	2015-04-11 01:31:39.731+05	t	0	0	{}	{}	{}	t	f	f	f	f	f
655	94	24	invoked	2015-04-11 01:31:39.731+05	t	0	0	{}	{}	{}	t	f	f	f	f	f
656	94	24	moving	2015-04-11 01:31:39.734+05	t	0	0	{}	{}	{}	t	f	f	f	f	f
657	94	24	prepareinvoking	2015-04-11 01:31:39.736+05	t	0	0	{}	{}	{}	t	f	f	f	f	f
658	94	24	invoked	2015-04-11 01:31:39.737+05	t	0	0	{}	{}	{}	t	f	f	f	f	f
659	94	24	moving	2015-04-11 01:31:39.739+05	t	0	0	{}	{}	{}	t	f	f	f	f	f
660	94	24	prepareinvoking	2015-04-11 01:31:39.741+05	t	0	0	{}	{}	{}	t	f	f	f	f	f
661	94	24	invoked	2015-04-11 01:31:39.741+05	t	0	0	{}	{}	{}	t	f	f	f	f	f
662	94	24	moving	2015-04-11 01:31:39.743+05	t	0	0	{}	{}	{}	t	f	f	f	f	f
663	94	24	prepareinvoking	2015-04-11 01:31:39.746+05	t	0	0	{}	{}	{}	t	f	f	f	f	f
664	94	24	invoked	2015-04-11 01:31:39.746+05	t	0	0	{}	{}	{}	t	f	f	f	f	f
665	94	24	moving	2015-04-11 01:31:39.747+05	t	0	0	{}	{}	{}	t	f	f	f	f	f
666	94	24	prepareinvoking	2015-04-11 01:31:39.753+05	t	0	0	{}	{}	{}	t	f	f	f	f	f
667	94	24	invoked	2015-04-11 01:31:39.753+05	t	0	0	{}	{}	{}	t	f	f	f	f	f
668	94	24	moving	2015-04-11 01:31:39.756+05	t	0	0	{}	{}	{}	t	f	f	f	f	f
669	94	24	prepareinvoking	2015-04-11 01:31:39.758+05	t	0	0	{}	{}	{}	t	f	f	f	f	f
670	94	24	invoked	2015-04-11 01:31:39.758+05	t	0	0	{}	{}	{}	t	f	f	f	f	f
671	94	24	moving	2015-04-11 01:31:39.76+05	t	0	0	{}	{}	{}	t	f	f	f	f	f
672	94	24	prepareinvoking	2015-04-11 01:31:39.762+05	t	0	0	{}	{}	{}	t	f	f	f	f	f
673	94	24	invoked	2015-04-11 01:31:39.762+05	t	0	0	{}	{}	{}	t	f	f	f	f	f
674	94	24	moving	2015-04-11 01:31:39.764+05	t	0	0	{}	{}	{}	t	f	f	f	f	f
675	94	24	prepareinvoking	2015-04-11 01:31:39.766+05	t	0	0	{}	{}	{}	t	f	f	f	f	f
676	94	24	invoked	2015-04-11 01:31:39.766+05	t	0	0	{}	{}	{}	t	f	f	f	f	f
677	94	24	moving	2015-04-11 01:31:39.768+05	t	0	0	{}	{}	{}	t	f	f	f	f	f
678	94	24	prepareinvoking	2015-04-11 01:31:39.77+05	t	0	0	{}	{}	{}	t	f	f	f	f	f
679	94	24	invoked	2015-04-11 01:31:39.77+05	t	0	0	{}	{}	{}	t	f	f	f	f	f
680	94	24	moving	2015-04-11 01:31:39.772+05	t	0	0	{}	{}	{}	t	f	f	f	f	f
681	94	24	prepareinvoking	2015-04-11 01:31:39.774+05	t	0	0	{}	{}	{}	t	f	f	f	f	f
682	94	24	invoked	2015-04-11 01:31:39.774+05	t	0	0	{}	{}	{}	t	f	f	f	f	f
683	94	24	moving	2015-04-11 01:31:39.777+05	t	0	0	{}	{}	{}	t	f	f	f	f	f
684	94	24	prepareinvoking	2015-04-11 01:31:39.779+05	t	0	0	{}	{}	{}	t	f	f	f	f	f
685	94	24	invoked	2015-04-11 01:31:39.779+05	t	0	0	{}	{}	{}	t	f	f	f	f	f
686	94	24	moving	2015-04-11 01:31:39.781+05	t	0	0	{}	{}	{}	t	f	f	f	f	f
687	94	24	prepareinvoking	2015-04-11 01:31:39.784+05	t	0	0	{}	{}	{}	t	f	f	f	f	f
688	94	24	invoked	2015-04-11 01:31:39.785+05	t	0	0	{}	{}	{}	t	f	f	f	f	f
689	94	24	moving	2015-04-11 01:31:39.788+05	t	0	0	{}	{}	{}	t	f	f	f	f	f
690	94	24	prepareinvoking	2015-04-11 01:31:39.792+05	t	0	0	{}	{}	{}	t	f	f	f	f	f
691	94	24	invoked	2015-04-11 01:31:39.792+05	t	0	0	{}	{}	{}	t	f	f	f	f	f
692	94	24	moving	2015-04-11 01:31:39.797+05	t	0	0	{}	{}	{}	t	f	f	f	f	f
693	94	24	prepareinvoking	2015-04-11 01:31:39.8+05	t	0	0	{}	{}	{}	t	f	f	f	f	f
694	94	24	invoked	2015-04-11 01:31:39.8+05	t	0	0	{}	{}	{}	t	f	f	f	f	f
695	94	24	moving	2015-04-11 01:31:39.801+05	t	0	0	{}	{}	{}	t	f	f	f	f	f
696	94	24	prepareinvoking	2015-04-11 01:31:39.803+05	t	0	0	{}	{}	{}	t	f	f	f	f	f
697	94	24	invoked	2015-04-11 01:31:39.803+05	t	0	0	{}	{}	{}	t	f	f	f	f	f
698	94	24	moving	2015-04-11 01:31:39.806+05	t	0	0	{}	{}	{}	t	f	f	f	f	f
699	94	24	prepareinvoking	2015-04-11 01:31:39.808+05	t	0	0	{}	{}	{}	t	f	f	f	f	f
700	94	24	invoked	2015-04-11 01:31:39.808+05	t	0	0	{}	{}	{}	t	f	f	f	f	f
701	94	24	moving	2015-04-11 01:31:39.81+05	t	0	0	{}	{}	{}	t	f	f	f	f	f
702	94	24	prepareinvoking	2015-04-11 01:31:39.812+05	t	0	0	{}	{}	{}	t	f	f	f	f	f
703	94	24	invoked	2015-04-11 01:31:39.812+05	t	0	0	{}	{}	{}	t	f	f	f	f	f
704	94	24	moving	2015-04-11 01:31:39.813+05	t	0	0	{}	{}	{}	t	f	f	f	f	f
705	94	24	prepareinvoking	2015-04-11 01:31:39.815+05	t	0	0	{}	{}	{}	t	f	f	f	f	f
706	94	24	invoked	2015-04-11 01:31:39.815+05	t	0	0	{}	{}	{}	t	f	f	f	f	f
707	94	24	moving	2015-04-11 01:31:39.817+05	t	0	0	{}	{}	{}	t	f	f	f	f	f
708	94	24	prepareinvoking	2015-04-11 01:31:39.818+05	t	0	0	{}	{}	{}	t	f	f	f	f	f
709	94	24	invoked	2015-04-11 01:31:39.818+05	t	0	0	{}	{}	{}	t	f	f	f	f	f
710	94	24	moving	2015-04-11 01:31:39.82+05	t	0	0	{}	{}	{}	t	f	f	f	f	f
711	94	24	prepareinvoking	2015-04-11 01:31:39.822+05	t	0	0	{}	{}	{}	t	f	f	f	f	f
712	94	24	invoked	2015-04-11 01:31:39.822+05	t	0	0	{}	{}	{}	t	f	f	f	f	f
713	94	24	moving	2015-04-11 01:31:39.824+05	t	0	0	{}	{}	{}	t	f	f	f	f	f
714	94	24	prepareinvoking	2015-04-11 01:31:39.826+05	t	0	0	{}	{}	{}	t	f	f	f	f	f
715	94	24	invoked	2015-04-11 01:31:39.826+05	t	0	0	{}	{}	{}	t	f	f	f	f	f
716	94	24	moving	2015-04-11 01:31:39.828+05	t	0	0	{}	{}	{}	t	f	f	f	f	f
717	94	24	prepareinvoking	2015-04-11 01:31:39.83+05	t	0	0	{}	{}	{}	t	f	f	f	f	f
718	94	24	invoked	2015-04-11 01:31:39.83+05	t	0	0	{}	{}	{}	t	f	f	f	f	f
719	94	24	moving	2015-04-11 01:31:39.833+05	t	0	0	{}	{}	{}	t	f	f	f	f	f
720	94	24	prepareinvoking	2015-04-11 01:31:39.835+05	t	0	0	{}	{}	{}	t	f	f	f	f	f
721	94	24	invoked	2015-04-11 01:31:39.836+05	t	0	0	{}	{}	{}	t	f	f	f	f	f
722	94	24	moving	2015-04-11 01:31:39.838+05	t	0	0	{}	{}	{}	t	f	f	f	f	f
723	94	24	prepareinvoking	2015-04-11 01:31:39.84+05	t	0	0	{}	{}	{}	t	f	f	f	f	f
724	94	24	invoked	2015-04-11 01:31:39.841+05	t	0	0	{}	{}	{}	t	f	f	f	f	f
725	94	24	moving	2015-04-11 01:31:39.843+05	t	0	0	{}	{}	{}	t	f	f	f	f	f
726	94	24	prepareinvoking	2015-04-11 01:31:39.845+05	t	0	0	{}	{}	{}	t	f	f	f	f	f
727	94	24	invoked	2015-04-11 01:31:39.846+05	t	0	0	{}	{}	{}	t	f	f	f	f	f
728	94	24	moving	2015-04-11 01:31:39.848+05	t	0	0	{}	{}	{}	t	f	f	f	f	f
729	94	24	prepareinvoking	2015-04-11 01:31:39.851+05	t	0	0	{}	{}	{}	t	f	f	f	f	f
730	94	24	invoked	2015-04-11 01:31:39.851+05	t	0	0	{}	{}	{}	t	f	f	f	f	f
731	94	24	moving	2015-04-11 01:31:39.854+05	t	0	0	{}	{}	{}	t	f	f	f	f	f
732	94	24	prepareinvoking	2015-04-11 01:31:39.856+05	t	0	0	{}	{}	{}	t	f	f	f	f	f
733	94	24	invoked	2015-04-11 01:31:39.857+05	t	0	0	{}	{}	{}	t	f	f	f	f	f
734	94	24	moving	2015-04-11 01:31:39.864+05	t	0	0	{}	{}	{}	t	f	f	f	f	f
735	94	24	prepareinvoking	2015-04-11 01:31:39.866+05	t	0	0	{}	{}	{}	t	f	f	f	f	f
736	94	24	invoked	2015-04-11 01:31:39.866+05	t	0	0	{}	{}	{}	t	f	f	f	f	f
737	94	24	moving	2015-04-11 01:31:39.871+05	t	0	0	{}	{}	{}	t	f	f	f	f	f
738	94	24	prepareinvoking	2015-04-11 01:31:39.873+05	t	0	0	{}	{}	{}	t	f	f	f	f	f
739	94	24	invoked	2015-04-11 01:31:39.874+05	t	0	0	{}	{}	{}	t	f	f	f	f	f
740	94	24	moving	2015-04-11 01:31:39.876+05	t	0	0	{}	{}	{}	t	f	f	f	f	f
741	94	24	prepareinvoking	2015-04-11 01:31:39.879+05	t	0	0	{}	{}	{}	t	f	f	f	f	f
742	94	24	invoked	2015-04-11 01:31:39.879+05	t	0	0	{}	{}	{}	t	f	f	f	f	f
743	94	24	moving	2015-04-11 01:31:39.882+05	t	0	0	{}	{}	{}	t	f	f	f	f	f
744	94	24	prepareinvoking	2015-04-11 01:31:39.885+05	t	0	0	{}	{}	{}	t	f	f	f	f	f
745	94	24	invoked	2015-04-11 01:31:39.885+05	t	0	0	{}	{}	{}	t	f	f	f	f	f
746	94	24	moving	2015-04-11 01:31:39.888+05	t	0	0	{}	{}	{}	t	f	f	f	f	f
747	94	24	prepareinvoking	2015-04-11 01:31:39.89+05	t	0	0	{}	{}	{}	t	f	f	f	f	f
748	94	24	invoked	2015-04-11 01:31:39.89+05	t	0	0	{}	{}	{}	t	f	f	f	f	f
749	94	24	moving	2015-04-11 01:31:39.892+05	t	0	0	{}	{}	{}	t	f	f	f	f	f
750	94	24	prepareinvoking	2015-04-11 01:31:39.895+05	t	0	0	{}	{}	{}	t	f	f	f	f	f
751	94	24	invoked	2015-04-11 01:31:39.895+05	t	0	0	{}	{}	{}	t	f	f	f	f	f
752	94	24	moving	2015-04-11 01:31:39.898+05	t	0	0	{}	{}	{}	t	f	f	f	f	f
753	94	24	prepareinvoking	2015-04-11 01:31:39.9+05	t	0	0	{}	{}	{}	t	f	f	f	f	f
754	94	24	invoked	2015-04-11 01:31:39.9+05	t	0	0	{}	{}	{}	t	f	f	f	f	f
755	94	24	moving	2015-04-11 01:31:39.902+05	t	0	0	{}	{}	{}	t	f	f	f	f	f
756	94	24	prepareinvoking	2015-04-11 01:31:39.905+05	t	0	0	{}	{}	{}	t	f	f	f	f	f
757	94	24	invoked	2015-04-11 01:31:39.905+05	t	0	0	{}	{}	{}	t	f	f	f	f	f
758	94	24	moving	2015-04-11 01:31:39.906+05	t	0	0	{}	{}	{}	t	f	f	f	f	f
759	94	24	prepareinvoking	2015-04-11 01:31:39.908+05	t	0	0	{}	{}	{}	t	f	f	f	f	f
760	94	24	invoked	2015-04-11 01:31:39.908+05	t	0	0	{}	{}	{}	t	f	f	f	f	f
761	94	24	moving	2015-04-11 01:31:39.909+05	t	0	0	{}	{}	{}	t	f	f	f	f	f
762	94	24	prepareinvoking	2015-04-11 01:31:39.913+05	t	0	0	{}	{}	{}	t	f	f	f	f	f
763	94	24	invoked	2015-04-11 01:31:39.913+05	t	0	0	{}	{}	{}	t	f	f	f	f	f
764	94	24	moving	2015-04-11 01:31:39.915+05	t	0	0	{}	{}	{}	t	f	f	f	f	f
765	94	24	prepareinvoking	2015-04-11 01:31:39.917+05	t	0	0	{}	{}	{}	t	f	f	f	f	f
766	94	24	invoked	2015-04-11 01:31:39.917+05	t	0	0	{}	{}	{}	t	f	f	f	f	f
767	94	24	moving	2015-04-11 01:31:39.92+05	t	0	0	{}	{}	{}	t	f	f	f	f	f
768	94	24	prepareinvoking	2015-04-11 01:31:39.923+05	t	0	0	{}	{}	{}	t	f	f	f	f	f
769	94	24	invoked	2015-04-11 01:31:39.923+05	t	0	0	{}	{}	{}	t	f	f	f	f	f
770	94	24	moving	2015-04-11 01:31:39.938+05	t	0	0	{}	{}	{}	t	f	f	f	f	f
771	94	24	prepareinvoking	2015-04-11 01:31:39.943+05	t	0	0	{}	{}	{}	t	f	f	f	f	f
772	94	24	invoked	2015-04-11 01:31:39.944+05	t	0	0	{}	{}	{}	t	f	f	f	f	f
773	94	24	moving	2015-04-11 01:31:39.947+05	t	0	0	{}	{}	{}	t	f	f	f	f	f
774	94	24	prepareinvoking	2015-04-11 01:31:39.952+05	t	0	0	{}	{}	{}	t	f	f	f	f	f
775	94	24	invoked	2015-04-11 01:31:39.953+05	t	0	0	{}	{}	{}	t	f	f	f	f	f
776	94	24	moving	2015-04-11 01:31:39.958+05	t	0	0	{}	{}	{}	t	f	f	f	f	f
777	94	24	prepareinvoking	2015-04-11 01:31:39.962+05	t	0	0	{}	{}	{}	t	f	f	f	f	f
778	94	24	invoked	2015-04-11 01:31:39.963+05	t	0	0	{}	{}	{}	t	f	f	f	f	f
779	94	24	moving	2015-04-11 01:31:39.968+05	t	0	0	{}	{}	{}	t	f	f	f	f	f
780	94	24	prepareinvoking	2015-04-11 01:31:39.972+05	t	0	0	{}	{}	{}	t	f	f	f	f	f
781	94	24	invoked	2015-04-11 01:31:39.973+05	t	0	0	{}	{}	{}	t	f	f	f	f	f
782	94	24	moving	2015-04-11 01:31:39.977+05	t	0	0	{}	{}	{}	t	f	f	f	f	f
783	94	24	prepareinvoking	2015-04-11 01:31:39.982+05	t	0	0	{}	{}	{}	t	f	f	f	f	f
784	94	24	invoked	2015-04-11 01:31:39.983+05	t	0	0	{}	{}	{}	t	f	f	f	f	f
785	94	24	moving	2015-04-11 01:31:39.987+05	t	0	0	{}	{}	{}	t	f	f	f	f	f
786	94	24	prepareinvoking	2015-04-11 01:31:39.992+05	t	0	0	{}	{}	{}	t	f	f	f	f	f
787	94	24	invoked	2015-04-11 01:31:40.01+05	t	0	0	{}	{}	{}	t	f	f	f	f	f
788	94	24	moving	2015-04-11 01:31:40.014+05	t	0	0	{}	{}	{}	t	f	f	f	f	f
789	94	24	prepareinvoking	2015-04-11 01:31:40.018+05	t	0	0	{}	{}	{}	t	f	f	f	f	f
790	94	24	invoked	2015-04-11 01:31:40.019+05	t	0	0	{}	{}	{}	t	f	f	f	f	f
791	94	24	moving	2015-04-11 01:31:40.023+05	t	0	0	{}	{}	{}	t	f	f	f	f	f
792	94	24	prepareinvoking	2015-04-11 01:31:40.027+05	t	0	0	{}	{}	{}	t	f	f	f	f	f
793	94	24	invoked	2015-04-11 01:31:40.029+05	t	0	0	{}	{}	{}	t	f	f	f	f	f
794	94	24	moving	2015-04-11 01:31:40.032+05	t	0	0	{}	{}	{}	t	f	f	f	f	f
795	94	24	prepareinvoking	2015-04-11 01:31:40.034+05	t	0	0	{}	{}	{}	t	f	f	f	f	f
796	94	24	invoked	2015-04-11 01:31:40.034+05	t	0	0	{}	{}	{}	t	f	f	f	f	f
797	94	24	moving	2015-04-11 01:31:40.036+05	t	0	0	{}	{}	{}	t	f	f	f	f	f
798	94	24	prepareinvoking	2015-04-11 01:31:40.038+05	t	0	0	{}	{}	{}	t	f	f	f	f	f
799	94	24	invoked	2015-04-11 01:31:40.038+05	t	0	0	{}	{}	{}	t	f	f	f	f	f
800	94	24	moving	2015-04-11 01:31:40.04+05	t	0	0	{}	{}	{}	t	f	f	f	f	f
801	94	24	prepareinvoking	2015-04-11 01:31:40.042+05	t	0	0	{}	{}	{}	t	f	f	f	f	f
802	94	24	invoked	2015-04-11 01:31:40.042+05	t	0	0	{}	{}	{}	t	f	f	f	f	f
803	94	24	moving	2015-04-11 01:31:40.044+05	t	0	0	{}	{}	{}	t	f	f	f	f	f
804	94	24	prepareinvoking	2015-04-11 01:31:40.046+05	t	0	0	{}	{}	{}	t	f	f	f	f	f
805	94	24	invoked	2015-04-11 01:31:40.046+05	t	0	0	{}	{}	{}	t	f	f	f	f	f
806	94	24	moving	2015-04-11 01:31:40.065+05	t	0	0	{}	{}	{}	t	f	f	f	f	f
807	94	24	prepareinvoking	2015-04-11 01:31:40.069+05	t	0	0	{}	{}	{}	t	f	f	f	f	f
808	94	24	invoked	2015-04-11 01:31:40.07+05	t	0	0	{}	{}	{}	t	f	f	f	f	f
809	94	24	moving	2015-04-11 01:31:40.074+05	t	0	0	{}	{}	{}	t	f	f	f	f	f
810	94	24	prepareinvoking	2015-04-11 01:31:40.078+05	t	0	0	{}	{}	{}	t	f	f	f	f	f
811	94	24	invoked	2015-04-11 01:31:40.079+05	t	0	0	{}	{}	{}	t	f	f	f	f	f
812	94	24	moving	2015-04-11 01:31:40.084+05	t	0	0	{}	{}	{}	t	f	f	f	f	f
813	94	24	prepareinvoking	2015-04-11 01:31:40.088+05	t	0	0	{}	{}	{}	t	f	f	f	f	f
814	94	24	invoked	2015-04-11 01:31:40.089+05	t	0	0	{}	{}	{}	t	f	f	f	f	f
815	94	24	moving	2015-04-11 01:31:40.093+05	t	0	0	{}	{}	{}	t	f	f	f	f	f
816	94	24	prepareinvoking	2015-04-11 01:31:40.097+05	t	0	0	{}	{}	{}	t	f	f	f	f	f
817	94	24	invoked	2015-04-11 01:31:40.097+05	t	0	0	{}	{}	{}	t	f	f	f	f	f
818	94	24	moving	2015-04-11 01:31:40.102+05	t	0	0	{}	{}	{}	t	f	f	f	f	f
819	94	24	prepareinvoking	2015-04-11 01:31:40.107+05	t	0	0	{}	{}	{}	t	f	f	f	f	f
820	94	24	invoked	2015-04-11 01:31:40.107+05	t	0	0	{}	{}	{}	t	f	f	f	f	f
821	94	24	moving	2015-04-11 01:31:40.112+05	t	0	0	{}	{}	{}	t	f	f	f	f	f
822	94	24	prepareinvoking	2015-04-11 01:31:40.118+05	t	0	0	{}	{}	{}	t	f	f	f	f	f
823	94	24	invoked	2015-04-11 01:31:40.119+05	t	0	0	{}	{}	{}	t	f	f	f	f	f
824	94	24	moving	2015-04-11 01:31:40.139+05	t	0	0	{}	{}	{}	t	f	f	f	f	f
825	94	24	prepareinvoking	2015-04-11 01:31:40.144+05	t	0	0	{}	{}	{}	t	f	f	f	f	f
826	94	24	invoked	2015-04-11 01:31:40.144+05	t	0	0	{}	{}	{}	t	f	f	f	f	f
827	94	24	moving	2015-04-11 01:31:40.148+05	t	0	0	{}	{}	{}	t	f	f	f	f	f
828	94	24	prepareinvoking	2015-04-11 01:31:40.15+05	t	0	0	{}	{}	{}	t	f	f	f	f	f
829	94	24	invoked	2015-04-11 01:31:40.15+05	t	0	0	{}	{}	{}	t	f	f	f	f	f
830	94	24	moving	2015-04-11 01:31:40.152+05	t	0	0	{}	{}	{}	t	f	f	f	f	f
831	94	24	end	2015-04-11 01:31:40.154+05	t	0	0	{}	{}	{}	t	t	f	f	f	f
832	95	24	start	2015-04-11 01:33:35.945+05	t	0	0	{}	{}	{}	t	f	f	f	f	f
833	95	24	moving	2015-04-11 01:33:35.953+05	t	0	0	{}	{}	{}	t	f	f	f	f	f
834	95	24	prepareinvoking	2015-04-11 01:33:36.024+05	t	0	0	{}	{}	{}	t	f	f	f	f	f
835	95	24	invoked	2015-04-11 01:33:36.025+05	t	0	0	{}	{}	{}	t	f	f	f	f	f
836	95	24	moving	2015-04-11 01:33:36.026+05	t	0	0	{}	{}	{}	t	f	f	f	f	f
837	95	24	prepareinvoking	2015-04-11 01:33:36.026+05	t	0	0	{}	{}	{}	t	f	f	f	f	f
838	95	24	invoked	2015-04-11 01:33:36.026+05	t	0	0	{}	{}	{}	t	f	f	f	f	f
839	95	24	moving	2015-04-11 01:33:36.027+05	t	0	0	{}	{}	{}	t	f	f	f	f	f
840	95	24	prepareinvoking	2015-04-11 01:33:36.027+05	t	0	0	{}	{}	{}	t	f	f	f	f	f
841	95	24	invoked	2015-04-11 01:33:36.027+05	t	0	0	{}	{}	{}	t	f	f	f	f	f
842	95	24	moving	2015-04-11 01:33:36.028+05	t	0	0	{}	{}	{}	t	f	f	f	f	f
843	95	24	prepareinvoking	2015-04-11 01:33:36.028+05	t	0	0	{}	{}	{}	t	f	f	f	f	f
844	95	24	invoked	2015-04-11 01:33:36.028+05	t	0	0	{}	{}	{}	t	f	f	f	f	f
845	95	24	moving	2015-04-11 01:33:36.029+05	t	0	0	{}	{}	{}	t	f	f	f	f	f
846	95	24	prepareinvoking	2015-04-11 01:33:36.029+05	t	0	0	{}	{}	{}	t	f	f	f	f	f
847	95	24	invoked	2015-04-11 01:33:36.029+05	t	0	0	{}	{}	{}	t	f	f	f	f	f
848	95	24	moving	2015-04-11 01:33:36.03+05	t	0	0	{}	{}	{}	t	f	f	f	f	f
849	95	24	prepareinvoking	2015-04-11 01:33:36.03+05	t	0	0	{}	{}	{}	t	f	f	f	f	f
850	95	24	invoked	2015-04-11 01:33:36.031+05	t	0	0	{}	{}	{}	t	f	f	f	f	f
851	95	24	moving	2015-04-11 01:33:36.031+05	t	0	0	{}	{}	{}	t	f	f	f	f	f
852	95	24	prepareinvoking	2015-04-11 01:33:36.031+05	t	0	0	{}	{}	{}	t	f	f	f	f	f
853	95	24	invoked	2015-04-11 01:33:36.032+05	t	0	0	{}	{}	{}	t	f	f	f	f	f
854	95	24	moving	2015-04-11 01:33:36.032+05	t	0	0	{}	{}	{}	t	f	f	f	f	f
855	95	24	prepareinvoking	2015-04-11 01:33:36.033+05	t	0	0	{}	{}	{}	t	f	f	f	f	f
856	95	24	invoked	2015-04-11 01:33:36.033+05	t	0	0	{}	{}	{}	t	f	f	f	f	f
857	95	24	moving	2015-04-11 01:33:36.033+05	t	0	0	{}	{}	{}	t	f	f	f	f	f
858	95	24	prepareinvoking	2015-04-11 01:33:36.034+05	t	0	0	{}	{}	{}	t	f	f	f	f	f
859	95	24	invoked	2015-04-11 01:33:36.07+05	t	0	0	{}	{}	{}	t	f	f	f	f	f
860	95	24	moving	2015-04-11 01:33:36.071+05	t	0	0	{}	{}	{}	t	f	f	f	f	f
861	95	24	prepareinvoking	2015-04-11 01:33:36.072+05	t	0	0	{}	{}	{}	t	f	f	f	f	f
862	95	24	invoked	2015-04-11 01:33:36.072+05	t	0	0	{}	{}	{}	t	f	f	f	f	f
863	95	24	moving	2015-04-11 01:33:36.072+05	t	0	0	{}	{}	{}	t	f	f	f	f	f
864	95	24	prepareinvoking	2015-04-11 01:33:36.073+05	t	0	0	{}	{}	{}	t	f	f	f	f	f
865	95	24	invoked	2015-04-11 01:33:36.073+05	t	0	0	{}	{}	{}	t	f	f	f	f	f
866	95	24	moving	2015-04-11 01:33:36.074+05	t	0	0	{}	{}	{}	t	f	f	f	f	f
867	95	24	prepareinvoking	2015-04-11 01:33:36.074+05	t	0	0	{}	{}	{}	t	f	f	f	f	f
868	95	24	invoked	2015-04-11 01:33:36.074+05	t	0	0	{}	{}	{}	t	f	f	f	f	f
869	95	24	moving	2015-04-11 01:33:36.075+05	t	0	0	{}	{}	{}	t	f	f	f	f	f
870	95	24	prepareinvoking	2015-04-11 01:33:36.076+05	t	0	0	{}	{}	{}	t	f	f	f	f	f
871	95	24	invoked	2015-04-11 01:33:36.076+05	t	0	0	{}	{}	{}	t	f	f	f	f	f
872	95	24	moving	2015-04-11 01:33:36.076+05	t	0	0	{}	{}	{}	t	f	f	f	f	f
873	95	24	prepareinvoking	2015-04-11 01:33:36.077+05	t	0	0	{}	{}	{}	t	f	f	f	f	f
874	95	24	invoked	2015-04-11 01:33:36.077+05	t	0	0	{}	{}	{}	t	f	f	f	f	f
875	95	24	moving	2015-04-11 01:33:36.077+05	t	0	0	{}	{}	{}	t	f	f	f	f	f
876	95	24	prepareinvoking	2015-04-11 01:33:36.078+05	t	0	0	{}	{}	{}	t	f	f	f	f	f
877	95	24	invoked	2015-04-11 01:33:36.078+05	t	0	0	{}	{}	{}	t	f	f	f	f	f
878	95	24	moving	2015-04-11 01:33:36.079+05	t	0	0	{}	{}	{}	t	f	f	f	f	f
879	95	24	end	2015-04-11 01:33:36.08+05	t	0	0	{}	{}	{}	t	t	f	f	f	f
880	96	24	start	2015-04-11 01:35:23.046+05	t	0	0	{}	{}	{}	t	f	f	f	f	f
881	96	24	moving	2015-04-11 01:35:23.054+05	t	0	0	{}	{}	{}	t	f	f	f	f	f
882	96	24	prepareinvoking	2015-04-11 01:35:23.099+05	t	0	0	{}	{}	{}	t	f	f	f	f	f
883	96	24	invoked	2015-04-11 01:35:23.101+05	t	0	0	{}	{}	{}	t	f	f	f	f	f
884	96	24	moving	2015-04-11 01:35:23.106+05	t	0	0	{}	{}	{}	t	f	f	f	f	f
885	96	24	prepareinvoking	2015-04-11 01:35:23.106+05	t	0	0	{}	{}	{}	t	f	f	f	f	f
886	96	24	invoked	2015-04-11 01:35:23.106+05	t	0	0	{}	{}	{}	t	f	f	f	f	f
887	96	24	moving	2015-04-11 01:35:23.108+05	t	0	0	{}	{}	{}	t	f	f	f	f	f
888	96	24	prepareinvoking	2015-04-11 01:35:23.109+05	t	0	0	{}	{}	{}	t	f	f	f	f	f
889	96	24	invoked	2015-04-11 01:35:23.109+05	t	0	0	{}	{}	{}	t	f	f	f	f	f
890	96	24	moving	2015-04-11 01:35:23.109+05	t	0	0	{}	{}	{}	t	f	f	f	f	f
891	96	24	prepareinvoking	2015-04-11 01:35:23.11+05	t	0	0	{}	{}	{}	t	f	f	f	f	f
892	96	24	invoked	2015-04-11 01:35:23.11+05	t	0	0	{}	{}	{}	t	f	f	f	f	f
893	96	24	moving	2015-04-11 01:35:23.111+05	t	0	0	{}	{}	{}	t	f	f	f	f	f
894	96	24	prepareinvoking	2015-04-11 01:35:23.111+05	t	0	0	{}	{}	{}	t	f	f	f	f	f
895	96	24	invoked	2015-04-11 01:35:23.111+05	t	0	0	{}	{}	{}	t	f	f	f	f	f
896	96	24	moving	2015-04-11 01:35:23.112+05	t	0	0	{}	{}	{}	t	f	f	f	f	f
897	96	24	prepareinvoking	2015-04-11 01:35:23.112+05	t	0	0	{}	{}	{}	t	f	f	f	f	f
898	96	24	invoked	2015-04-11 01:35:23.112+05	t	0	0	{}	{}	{}	t	f	f	f	f	f
899	96	24	moving	2015-04-11 01:35:23.113+05	t	0	0	{}	{}	{}	t	f	f	f	f	f
900	96	24	prepareinvoking	2015-04-11 01:35:23.113+05	t	0	0	{}	{}	{}	t	f	f	f	f	f
901	96	24	invoked	2015-04-11 01:35:23.113+05	t	0	0	{}	{}	{}	t	f	f	f	f	f
902	96	24	moving	2015-04-11 01:35:23.114+05	t	0	0	{}	{}	{}	t	f	f	f	f	f
903	96	24	prepareinvoking	2015-04-11 01:35:23.114+05	t	0	0	{}	{}	{}	t	f	f	f	f	f
904	96	24	invoked	2015-04-11 01:35:23.114+05	t	0	0	{}	{}	{}	t	f	f	f	f	f
905	96	24	moving	2015-04-11 01:35:23.115+05	t	0	0	{}	{}	{}	t	f	f	f	f	f
906	96	24	prepareinvoking	2015-04-11 01:35:23.115+05	t	0	0	{}	{}	{}	t	f	f	f	f	f
907	96	24	invoked	2015-04-11 01:35:23.116+05	t	0	0	{}	{}	{}	t	f	f	f	f	f
908	96	24	moving	2015-04-11 01:35:23.116+05	t	0	0	{}	{}	{}	t	f	f	f	f	f
909	96	24	prepareinvoking	2015-04-11 01:35:23.117+05	t	0	0	{}	{}	{}	t	f	f	f	f	f
910	96	24	invoked	2015-04-11 01:35:23.117+05	t	0	0	{}	{}	{}	t	f	f	f	f	f
911	96	24	moving	2015-04-11 01:35:23.129+05	t	0	0	{}	{}	{}	t	f	f	f	f	f
912	96	24	prepareinvoking	2015-04-11 01:35:23.132+05	t	0	0	{}	{}	{}	t	f	f	f	f	f
913	96	24	invoked	2015-04-11 01:35:23.132+05	t	0	0	{}	{}	{}	t	f	f	f	f	f
914	96	24	moving	2015-04-11 01:35:23.132+05	t	0	0	{}	{}	{}	t	f	f	f	f	f
915	96	24	prepareinvoking	2015-04-11 01:35:23.133+05	t	0	0	{}	{}	{}	t	f	f	f	f	f
916	96	24	invoked	2015-04-11 01:35:23.133+05	t	0	0	{}	{}	{}	t	f	f	f	f	f
917	96	24	moving	2015-04-11 01:35:23.133+05	t	0	0	{}	{}	{}	t	f	f	f	f	f
918	96	24	prepareinvoking	2015-04-11 01:35:23.134+05	t	0	0	{}	{}	{}	t	f	f	f	f	f
919	96	24	invoked	2015-04-11 01:35:23.134+05	t	0	0	{}	{}	{}	t	f	f	f	f	f
920	96	24	moving	2015-04-11 01:35:23.135+05	t	0	0	{}	{}	{}	t	f	f	f	f	f
921	96	24	prepareinvoking	2015-04-11 01:35:23.135+05	t	0	0	{}	{}	{}	t	f	f	f	f	f
922	96	24	invoked	2015-04-11 01:35:23.135+05	t	0	0	{}	{}	{}	t	f	f	f	f	f
923	96	24	moving	2015-04-11 01:35:23.136+05	t	0	0	{}	{}	{}	t	f	f	f	f	f
924	96	24	prepareinvoking	2015-04-11 01:35:23.137+05	t	0	0	{}	{}	{}	t	f	f	f	f	f
925	96	24	invoked	2015-04-11 01:35:23.137+05	t	0	0	{}	{}	{}	t	f	f	f	f	f
926	96	24	moving	2015-04-11 01:35:23.137+05	t	0	0	{}	{}	{}	t	f	f	f	f	f
927	96	24	end	2015-04-11 01:35:23.138+05	t	0	0	{}	{}	{}	t	t	f	f	f	f
928	97	24	start	2015-04-11 01:40:40.836+05	t	0	0	{}	{}	{}	t	f	f	f	f	f
929	97	24	moving	2015-04-11 01:40:40.838+05	t	0	0	{}	{}	{}	t	f	f	f	f	f
930	97	24	prepareinvoking	2015-04-11 01:40:40.877+05	t	0	0	{}	{}	{}	t	f	f	f	f	f
931	97	24	invoked	2015-04-11 01:40:40.878+05	t	0	0	{}	{}	{}	t	f	f	f	f	f
932	97	24	moving	2015-04-11 01:40:40.879+05	t	0	0	{}	{}	{}	t	f	f	f	f	f
933	97	24	prepareinvoking	2015-04-11 01:40:40.879+05	t	0	0	{}	{}	{}	t	f	f	f	f	f
934	97	24	invoked	2015-04-11 01:40:40.879+05	t	0	0	{}	{}	{}	t	f	f	f	f	f
935	97	24	moving	2015-04-11 01:40:40.88+05	t	0	0	{}	{}	{}	t	f	f	f	f	f
936	97	24	prepareinvoking	2015-04-11 01:40:40.88+05	t	0	0	{}	{}	{}	t	f	f	f	f	f
937	97	24	invoked	2015-04-11 01:40:40.881+05	t	0	0	{}	{}	{}	t	f	f	f	f	f
938	97	24	moving	2015-04-11 01:40:40.881+05	t	0	0	{}	{}	{}	t	f	f	f	f	f
939	97	24	prepareinvoking	2015-04-11 01:40:40.882+05	t	0	0	{}	{}	{}	t	f	f	f	f	f
940	97	24	invoked	2015-04-11 01:40:40.882+05	t	0	0	{}	{}	{}	t	f	f	f	f	f
941	97	24	moving	2015-04-11 01:40:40.883+05	t	0	0	{}	{}	{}	t	f	f	f	f	f
942	97	24	prepareinvoking	2015-04-11 01:40:40.883+05	t	0	0	{}	{}	{}	t	f	f	f	f	f
943	97	24	invoked	2015-04-11 01:40:40.883+05	t	0	0	{}	{}	{}	t	f	f	f	f	f
944	97	24	moving	2015-04-11 01:40:40.884+05	t	0	0	{}	{}	{}	t	f	f	f	f	f
945	97	24	prepareinvoking	2015-04-11 01:40:40.884+05	t	0	0	{}	{}	{}	t	f	f	f	f	f
946	97	24	invoked	2015-04-11 01:40:40.884+05	t	0	0	{}	{}	{}	t	f	f	f	f	f
947	97	24	moving	2015-04-11 01:40:40.885+05	t	0	0	{}	{}	{}	t	f	f	f	f	f
948	97	24	prepareinvoking	2015-04-11 01:40:40.885+05	t	0	0	{}	{}	{}	t	f	f	f	f	f
949	97	24	invoked	2015-04-11 01:40:40.886+05	t	0	0	{}	{}	{}	t	f	f	f	f	f
950	97	24	moving	2015-04-11 01:40:40.886+05	t	0	0	{}	{}	{}	t	f	f	f	f	f
951	97	24	prepareinvoking	2015-04-11 01:40:40.887+05	t	0	0	{}	{}	{}	t	f	f	f	f	f
952	97	24	invoked	2015-04-11 01:40:40.887+05	t	0	0	{}	{}	{}	t	f	f	f	f	f
953	97	24	moving	2015-04-11 01:40:40.887+05	t	0	0	{}	{}	{}	t	f	f	f	f	f
954	97	24	prepareinvoking	2015-04-11 01:40:40.888+05	t	0	0	{}	{}	{}	t	f	f	f	f	f
955	97	24	invoked	2015-04-11 01:40:40.924+05	t	0	0	{}	{}	{}	t	f	f	f	f	f
956	97	24	moving	2015-04-11 01:40:40.926+05	t	0	0	{}	{}	{}	t	f	f	f	f	f
957	97	24	prepareinvoking	2015-04-11 01:40:40.928+05	t	0	0	{}	{}	{}	t	f	f	f	f	f
958	97	24	invoked	2015-04-11 01:40:40.928+05	t	0	0	{}	{}	{}	t	f	f	f	f	f
959	97	24	moving	2015-04-11 01:40:40.929+05	t	0	0	{}	{}	{}	t	f	f	f	f	f
960	97	24	prepareinvoking	2015-04-11 01:40:40.931+05	t	0	0	{}	{}	{}	t	f	f	f	f	f
961	97	24	invoked	2015-04-11 01:40:40.931+05	t	0	0	{}	{}	{}	t	f	f	f	f	f
962	97	24	moving	2015-04-11 01:40:40.932+05	t	0	0	{}	{}	{}	t	f	f	f	f	f
963	97	24	prepareinvoking	2015-04-11 01:40:40.933+05	t	0	0	{}	{}	{}	t	f	f	f	f	f
964	97	24	invoked	2015-04-11 01:40:40.933+05	t	0	0	{}	{}	{}	t	f	f	f	f	f
965	97	24	moving	2015-04-11 01:40:40.934+05	t	0	0	{}	{}	{}	t	f	f	f	f	f
966	97	24	prepareinvoking	2015-04-11 01:40:40.935+05	t	0	0	{}	{}	{}	t	f	f	f	f	f
967	97	24	invoked	2015-04-11 01:40:40.935+05	t	0	0	{}	{}	{}	t	f	f	f	f	f
968	97	24	moving	2015-04-11 01:40:40.935+05	t	0	0	{}	{}	{}	t	f	f	f	f	f
969	97	24	prepareinvoking	2015-04-11 01:40:40.936+05	t	0	0	{}	{}	{}	t	f	f	f	f	f
970	97	24	invoked	2015-04-11 01:40:40.936+05	t	0	0	{}	{}	{}	t	f	f	f	f	f
971	97	24	moving	2015-04-11 01:40:40.936+05	t	0	0	{}	{}	{}	t	f	f	f	f	f
972	97	24	prepareinvoking	2015-04-11 01:40:40.937+05	t	0	0	{}	{}	{}	t	f	f	f	f	f
973	97	24	invoked	2015-04-11 01:40:40.937+05	t	0	0	{}	{}	{}	t	f	f	f	f	f
974	97	24	moving	2015-04-11 01:40:40.938+05	t	0	0	{}	{}	{}	t	f	f	f	f	f
975	97	24	end	2015-04-11 01:40:40.938+05	t	0	0	{}	{}	{}	t	t	f	f	f	f
976	100	24	start	2015-04-11 01:53:47.729+05	t	0	0	{}	{}	{}	t	f	f	f	f	f
977	100	24	moving	2015-04-11 01:53:47.733+05	t	0	0	{}	{}	{}	t	f	f	f	f	f
978	100	24	prepareinvoking	2015-04-11 01:53:47.857+05	t	0	0	{}	{}	{}	t	f	f	f	f	f
979	100	24	invoked	2015-04-11 01:53:47.86+05	t	1	0	{}	{}	{}	t	f	f	f	f	f
980	100	24	moving	2015-04-11 01:53:47.861+05	t	1	0	{}	{}	{}	t	f	f	f	f	f
981	100	24	prepareinvoking	2015-04-11 01:53:47.865+05	t	1	0	{}	{}	{}	t	f	f	f	f	f
982	100	24	invoked	2015-04-11 01:53:47.866+05	t	2	0	{}	{}	{}	t	f	f	f	f	f
983	100	24	moving	2015-04-11 01:53:47.876+05	t	2	0	{}	{}	{}	t	f	f	f	f	f
984	100	24	prepareinvoking	2015-04-11 01:53:47.878+05	t	2	0	{}	{}	{}	t	f	f	f	f	f
985	100	24	invoked	2015-04-11 01:53:47.879+05	t	3	0	{}	{}	{}	t	f	f	f	f	f
986	100	24	moving	2015-04-11 01:53:47.879+05	t	3	0	{}	{}	{}	t	f	f	f	f	f
987	100	24	prepareinvoking	2015-04-11 01:53:47.881+05	t	3	0	{}	{}	{}	t	f	f	f	f	f
988	100	24	invoked	2015-04-11 01:53:47.881+05	t	4	0	{}	{}	{}	t	f	f	f	f	f
989	100	24	moving	2015-04-11 01:53:47.882+05	t	4	0	{}	{}	{}	t	f	f	f	f	f
990	100	24	end	2015-04-11 01:53:47.882+05	t	4	0	{}	{}	{}	t	t	f	f	f	f
991	101	24	start	2015-04-12 07:59:11.474+05	t	0	0	{}	{}	{}	t	f	f	f	f	f
992	101	24	moving	2015-04-12 07:59:11.482+05	t	0	0	{}	{}	{}	t	f	f	f	f	f
993	101	24	prepareinvoking	2015-04-12 07:59:11.558+05	t	0	0	{}	{}	{}	t	f	f	f	f	f
994	101	24	invoked	2015-04-12 07:59:11.56+05	t	1	0	{}	{}	{}	t	f	f	f	f	f
995	101	24	moving	2015-04-12 07:59:11.561+05	t	1	0	{}	{}	{}	t	f	f	f	f	f
996	101	24	prepareinvoking	2015-04-12 07:59:11.562+05	t	1	0	{}	{}	{}	t	f	f	f	f	f
997	101	24	invoked	2015-04-12 07:59:11.563+05	t	2	0	{}	{}	{}	t	f	f	f	f	f
998	101	24	moving	2015-04-12 07:59:11.564+05	t	2	0	{}	{}	{}	t	f	f	f	f	f
999	101	24	prepareinvoking	2015-04-12 07:59:11.566+05	t	2	0	{}	{}	{}	t	f	f	f	f	f
1000	101	24	invoked	2015-04-12 07:59:11.566+05	t	3	0	{}	{}	{}	t	f	f	f	f	f
1001	101	24	moving	2015-04-12 07:59:11.567+05	t	3	0	{}	{}	{}	t	f	f	f	f	f
1002	101	24	prepareinvoking	2015-04-12 07:59:11.568+05	t	3	0	{}	{}	{}	t	f	f	f	f	f
1003	101	24	invoked	2015-04-12 07:59:11.568+05	t	4	0	{}	{}	{}	t	f	f	f	f	f
1004	101	24	moving	2015-04-12 07:59:11.569+05	t	4	0	{}	{}	{}	t	f	f	f	f	f
1005	101	24	end	2015-04-12 07:59:11.569+05	t	4	0	{}	{}	{}	t	t	f	f	f	f
1006	102	24	start	2015-04-13 17:25:48.129+05	t	0	0	{}	{}	{}	t	f	f	f	f	f
1007	102	24	moving	2015-04-13 17:25:48.131+05	t	0	0	{}	{}	{}	t	f	f	f	f	f
1008	102	24	prepareinvoking	2015-04-13 17:25:48.317+05	t	0	0	{}	{}	{}	t	f	f	f	f	f
1009	102	24	invoked	2015-04-13 17:25:48.32+05	t	1	0	{}	{}	{}	t	f	f	f	f	f
1010	102	24	moving	2015-04-13 17:25:48.322+05	t	1	0	{}	{}	{}	t	f	f	f	f	f
1011	102	24	prepareinvoking	2015-04-13 17:25:48.323+05	t	1	0	{}	{}	{}	t	f	f	f	f	f
1012	102	24	invoked	2015-04-13 17:25:48.323+05	t	2	0	{}	{}	{}	t	f	f	f	f	f
1013	102	24	moving	2015-04-13 17:25:48.325+05	t	2	0	{}	{}	{}	t	f	f	f	f	f
1014	102	24	prepareinvoking	2015-04-13 17:25:48.34+05	t	2	0	{}	{}	{}	t	f	f	f	f	f
1015	102	24	invoked	2015-04-13 17:25:48.341+05	t	3	0	{}	{}	{}	t	f	f	f	f	f
1016	102	24	moving	2015-04-13 17:25:48.342+05	t	3	0	{}	{}	{}	t	f	f	f	f	f
1017	102	24	prepareinvoking	2015-04-13 17:25:48.343+05	t	3	0	{}	{}	{}	t	f	f	f	f	f
1018	102	24	invoked	2015-04-13 17:25:48.343+05	t	4	0	{}	{}	{}	t	f	f	f	f	f
1019	102	24	moving	2015-04-13 17:25:48.344+05	t	4	0	{}	{}	{}	t	f	f	f	f	f
1020	102	24	end	2015-04-13 17:25:48.344+05	t	4	0	{}	{}	{}	t	t	f	f	f	f
1021	103	24	start	2015-04-15 04:19:25.15+05	t	0	0	{}	{}	{}	t	f	f	f	f	f
1022	103	24	moving	2015-04-15 04:19:25.159+05	t	0	0	{}	{}	{}	t	f	f	f	f	f
1023	103	24	prepareinvoking	2015-04-15 04:19:25.386+05	t	0	0	{}	{}	{}	t	f	f	f	f	f
1024	103	24	invoked	2015-04-15 04:19:25.436+05	t	1	0	{}	{}	{}	t	f	f	f	f	f
1025	103	24	moving	2015-04-15 04:19:25.436+05	t	1	0	{}	{}	{}	t	f	f	f	f	f
1026	103	24	prepareinvoking	2015-04-15 04:19:25.437+05	t	1	0	{}	{}	{}	t	f	f	f	f	f
1027	103	24	invoked	2015-04-15 04:19:25.438+05	t	2	0	{}	{}	{}	t	f	f	f	f	f
1028	103	24	moving	2015-04-15 04:19:25.438+05	t	2	0	{}	{}	{}	t	f	f	f	f	f
1029	103	24	prepareinvoking	2015-04-15 04:19:25.438+05	t	2	0	{}	{}	{}	t	f	f	f	f	f
1030	103	24	invoked	2015-04-15 04:19:25.439+05	t	3	0	{}	{}	{}	t	f	f	f	f	f
1031	103	24	moving	2015-04-15 04:19:25.439+05	t	3	0	{}	{}	{}	t	f	f	f	f	f
1032	103	24	prepareinvoking	2015-04-15 04:19:25.44+05	t	3	0	{}	{}	{}	t	f	f	f	f	f
1033	103	24	invoked	2015-04-15 04:19:25.44+05	t	4	0	{}	{}	{}	t	f	f	f	f	f
1034	103	24	moving	2015-04-15 04:19:25.44+05	t	4	0	{}	{}	{}	t	f	f	f	f	f
1035	103	24	end	2015-04-15 04:19:25.441+05	t	4	0	{}	{}	{}	t	t	f	f	f	f
1036	104	45	start	2015-04-28 05:29:07.174+05	t	0	0	{}	{}	{}	t	f	f	f	f	f
1037	104	45	moving	2015-04-28 05:29:07.188+05	t	0	0	{}	{}	{}	t	f	f	f	f	f
1038	104	45	prepareinvoking	2015-04-28 05:29:07.285+05	t	0	0	{}	{}	{}	t	f	f	f	f	f
1039	104	45	invoked	2015-04-28 05:29:07.334+05	t	1	0	{}	{}	{}	t	f	f	f	f	f
1040	104	45	moving	2015-04-28 05:29:07.336+05	t	1	0	{}	{}	{}	t	f	f	f	f	f
1041	104	45	prepareinvoking	2015-04-28 05:29:07.339+05	t	1	0	{}	{}	{}	t	f	f	f	f	f
1042	104	45	invoked	2015-04-28 05:29:07.34+05	t	2	0	{}	{}	{}	t	f	f	f	f	f
1043	104	45	moving	2015-04-28 05:29:07.345+05	t	2	0	{}	{}	{}	t	f	f	f	f	f
1044	104	45	end	2015-04-28 05:29:07.347+05	t	2	0	{}	{}	{}	t	t	f	f	f	f
1045	106	45	start	2015-04-28 05:48:42.962+05	t	0	0	{}	{}	{}	t	f	f	f	f	f
1046	106	45	moving	2015-04-28 05:48:42.971+05	t	0	0	{}	{}	{}	t	f	f	f	f	f
1047	106	45	prepareinvoking	2015-04-28 05:48:43.081+05	t	0	0	{}	{}	{}	t	f	f	f	f	f
1048	106	45	invoked	2015-04-28 05:48:43.13+05	t	1	0	{}	{}	{}	t	f	f	f	f	f
1049	106	45	moving	2015-04-28 05:48:43.131+05	t	1	0	{}	{}	{}	t	f	f	f	f	f
1050	106	45	prepareinvoking	2015-04-28 05:48:43.133+05	t	1	0	{}	{}	{}	t	f	f	f	f	f
1051	106	45	invoked	2015-04-28 05:48:43.133+05	t	2	0	{}	{}	{}	t	f	f	f	f	f
1052	106	45	moving	2015-04-28 05:48:43.133+05	t	2	0	{}	{}	{}	t	f	f	f	f	f
1053	106	45	end	2015-04-28 05:48:43.134+05	t	2	0	{}	{}	{}	t	t	f	f	f	f
1054	107	45	start	2015-04-28 18:22:29.556+05	t	0	0	{}	{}	{}	t	f	f	f	f	f
1055	107	45	moving	2015-04-28 18:22:29.566+05	t	0	0	{}	{}	{}	t	f	f	f	f	f
1056	107	45	prepareinvoking	2015-04-28 18:22:29.951+05	t	0	0	{}	{}	{}	t	f	f	f	f	f
1057	107	45	invoked	2015-04-28 18:22:29.999+05	t	1	0	{}	{}	{}	t	f	f	f	f	f
1058	107	45	moving	2015-04-28 18:22:30.004+05	t	1	0	{}	{}	{}	t	f	f	f	f	f
1059	107	45	prepareinvoking	2015-04-28 18:22:30.008+05	t	1	0	{}	{}	{}	t	f	f	f	f	f
1060	107	45	invoked	2015-04-28 18:22:30.01+05	t	2	0	{}	{}	{}	t	f	f	f	f	f
1061	107	45	moving	2015-04-28 18:22:30.015+05	t	2	0	{}	{}	{}	t	f	f	f	f	f
1062	107	45	end	2015-04-28 18:22:30.02+05	t	2	0	{}	{}	{}	t	t	f	f	f	f
1063	113	46	start	2015-04-29 05:03:22.426+05	t	0	0	{}	{}	{}	t	f	f	f	f	f
1064	113	46	moving	2015-04-29 05:03:22.428+05	t	0	0	{}	{}	{}	t	f	f	f	f	f
1065	113	46	prepareinvoking	2015-04-29 05:03:22.465+05	t	0	0	{}	{}	{}	t	f	f	f	f	f
1066	113	46	invoked	2015-04-29 05:03:22.47+05	t	0	0	{}	{}	{}	t	f	f	f	f	t
1067	113	46	moving	2015-04-29 05:03:22.472+05	t	0	0	{}	{}	{}	t	f	f	f	f	t
1068	113	46	paused	2015-04-29 05:03:22.473+05	t	0	0	{}	{}	{}	t	f	f	f	f	t
1069	114	46	start	2015-04-29 05:05:50.562+05	t	0	0	{}	{}	{}	t	f	f	f	f	f
1070	114	46	moving	2015-04-29 05:05:50.567+05	t	0	0	{}	{}	{}	t	f	f	f	f	f
1071	114	46	prepareinvoking	2015-04-29 05:05:50.685+05	t	0	0	{}	{}	{}	t	f	f	f	f	f
1072	114	46	invoked	2015-04-29 05:05:50.687+05	t	0	0	{}	{}	{}	t	f	f	f	f	t
1073	114	46	moving	2015-04-29 05:05:50.688+05	t	0	0	{}	{}	{}	t	f	f	f	f	t
1074	114	46	paused	2015-04-29 05:05:50.688+05	t	0	0	{}	{}	{}	t	f	f	f	f	t
1075	116	46	start	2015-04-29 06:47:48.605+05	t	0	0	{}	{}	{}	t	f	f	f	f	f
1076	116	46	moving	2015-04-29 06:47:48.616+05	t	0	0	{}	{}	{}	t	f	f	f	f	f
1077	116	46	prepareinvoking	2015-04-29 06:47:48.908+05	t	0	0	{}	{}	{}	t	f	f	f	f	f
1078	116	46	invoked	2015-04-29 06:47:48.957+05	t	0	0	{}	{}	{}	t	f	f	f	f	t
1079	116	46	moving	2015-04-29 06:47:48.959+05	t	0	0	{}	{}	{}	t	f	f	f	f	t
1080	116	46	paused	2015-04-29 06:47:48.959+05	t	0	0	{}	{}	{}	t	f	f	f	f	t
1081	117	46	start	2015-04-29 06:50:21.027+05	t	0	0	{}	{}	{}	t	f	f	f	f	f
1082	117	46	moving	2015-04-29 06:50:21.033+05	t	0	0	{}	{}	{}	t	f	f	f	f	f
1083	117	46	prepareinvoking	2015-04-29 06:50:21.128+05	t	0	0	{}	{}	{}	t	f	f	f	f	f
1084	117	46	invoked	2015-04-29 06:50:21.136+05	t	0	0	{}	{}	{}	t	f	f	f	f	t
1085	117	46	moving	2015-04-29 06:50:21.138+05	t	0	0	{}	{}	{}	t	f	f	f	f	t
1086	117	46	paused	2015-04-29 06:50:21.138+05	t	0	0	{}	{}	{}	t	f	f	f	f	t
1087	118	46	start	2015-04-29 06:52:27.178+05	t	0	0	{}	{}	{}	t	f	f	f	f	f
1088	118	46	moving	2015-04-29 06:52:27.18+05	t	0	0	{}	{}	{}	t	f	f	f	f	f
1089	118	46	prepareinvoking	2015-04-29 06:52:27.215+05	t	0	0	{}	{}	{}	t	f	f	f	f	f
1090	118	46	invoked	2015-04-29 06:52:27.218+05	t	0	0	{}	{}	{}	t	f	f	f	f	t
1091	118	46	moving	2015-04-29 06:52:27.219+05	t	0	0	{}	{}	{}	t	f	f	f	f	t
1092	118	46	paused	2015-04-29 06:52:27.219+05	t	0	0	{}	{}	{}	t	f	f	f	f	t
1093	119	46	start	2015-04-30 05:43:47.314+05	t	0	0	{}	{}	{}	t	f	f	f	f	f
1094	119	46	moving	2015-04-30 05:43:47.328+05	t	0	0	{}	{}	{}	t	f	f	f	f	f
1095	119	46	prepareinvoking	2015-04-30 05:43:47.447+05	t	0	0	{}	{}	{}	t	f	f	f	f	f
1096	119	46	invoked	2015-04-30 05:43:47.493+05	t	0	0	{}	{}	{}	t	f	f	f	f	t
1097	119	46	moving	2015-04-30 05:43:47.497+05	t	0	0	{}	{}	{}	t	f	f	f	f	t
1098	119	46	paused	2015-04-30 05:43:47.498+05	t	0	0	{}	{}	{}	t	f	f	f	f	t
1099	119	46	start	2015-04-30 05:43:50.582+05	t	0	0	{}	{}	{}	t	f	f	f	f	f
1100	119	46	moving	2015-04-30 05:43:50.582+05	t	0	0	{}	{}	{}	t	f	f	f	f	f
1101	119	46	prepareinvoking	2015-04-30 05:43:50.584+05	t	0	0	{}	{}	{}	t	f	f	f	f	f
1102	119	46	invoked	2015-04-30 05:43:50.585+05	t	0	0	{}	{}	{}	t	f	f	f	f	t
1103	119	46	moving	2015-04-30 05:43:50.585+05	t	0	0	{}	{}	{}	t	f	f	f	f	t
1104	119	46	paused	2015-04-30 05:43:50.585+05	t	0	0	{}	{}	{}	t	f	f	f	f	t
1105	120	46	start	2015-04-30 08:52:39.032+05	t	0	0	{}	{}	{}	t	f	f	f	f	f
1106	120	46	moving	2015-04-30 08:52:39.035+05	t	0	0	{}	{}	{}	t	f	f	f	f	f
1107	120	46	prepareinvoking	2015-04-30 08:52:39.204+05	t	0	0	{}	{}	{}	t	f	f	f	f	f
1108	120	46	invoked	2015-04-30 08:52:39.258+05	t	0	0	{}	{}	{}	t	f	f	f	f	t
1109	120	46	moving	2015-04-30 08:52:39.26+05	t	0	0	{}	{}	{}	t	f	f	f	f	t
1110	120	46	paused	2015-04-30 08:52:39.26+05	t	0	0	{}	{}	{}	t	f	f	f	f	t
1111	120	46	start	2015-04-30 08:52:44.725+05	t	0	0	{}	{}	{}	t	f	f	f	f	f
1112	120	46	moving	2015-04-30 08:52:44.725+05	t	0	0	{}	{}	{}	t	f	f	f	f	f
1113	120	46	prepareinvoking	2015-04-30 08:52:44.728+05	t	0	0	{}	{}	{}	t	f	f	f	f	f
1114	120	46	invoked	2015-04-30 08:52:44.728+05	t	0	0	{}	{}	{}	t	f	f	f	f	t
1115	120	46	moving	2015-04-30 08:52:44.728+05	t	0	0	{}	{}	{}	t	f	f	f	f	t
1116	120	46	paused	2015-04-30 08:52:44.728+05	t	0	0	{}	{}	{}	t	f	f	f	f	t
1117	121	46	start	2015-05-01 01:53:00.106+05	t	0	0	{}	{}	{}	t	f	f	f	f	f
1118	121	46	moving	2015-05-01 01:53:00.117+05	t	0	0	{}	{}	{}	t	f	f	f	f	f
1119	121	46	prepareinvoking	2015-05-01 01:53:00.277+05	t	0	0	{}	{}	{}	t	f	f	f	f	f
1120	121	46	invoked	2015-05-01 01:53:00.326+05	t	0	0	{}	{}	{}	t	f	f	f	f	t
1121	121	46	moving	2015-05-01 01:53:00.327+05	t	0	0	{}	{}	{}	t	f	f	f	f	t
1122	121	46	paused	2015-05-01 01:53:00.327+05	t	0	0	{}	{}	{}	t	f	f	f	f	t
1123	121	46	start	2015-05-01 01:53:04.603+05	t	0	0	{}	{}	{}	t	f	f	f	f	f
1124	121	46	moving	2015-05-01 01:53:04.605+05	t	0	0	{}	{}	{}	t	f	f	f	f	f
1125	121	46	prepareinvoking	2015-05-01 01:53:04.607+05	t	0	0	{}	{}	{}	t	f	f	f	f	f
1126	121	46	invoked	2015-05-01 01:53:04.607+05	t	0	0	{}	{}	{}	t	f	f	f	f	t
1127	121	46	moving	2015-05-01 01:53:04.608+05	t	0	0	{}	{}	{}	t	f	f	f	f	t
1128	121	46	paused	2015-05-01 01:53:04.608+05	t	0	0	{}	{}	{}	t	f	f	f	f	t
1129	122	46	start	2015-05-01 03:10:37.037+05	t	0	0	{}	{}	{}	t	f	f	f	f	f
1130	122	46	moving	2015-05-01 03:10:37.05+05	t	0	0	{}	{}	{}	t	f	f	f	f	f
1131	122	46	prepareinvoking	2015-05-01 03:10:37.218+05	t	0	0	{}	{}	{}	t	f	f	f	f	f
1132	122	46	invoked	2015-05-01 03:10:37.262+05	t	0	0	{}	{}	{}	t	f	f	f	f	t
1133	122	46	moving	2015-05-01 03:10:37.262+05	t	0	0	{}	{}	{}	t	f	f	f	f	t
1134	122	46	paused	2015-05-01 03:10:37.263+05	t	0	0	{}	{}	{}	t	f	f	f	f	t
1135	122	46	start	2015-05-01 03:30:13.594+05	t	0	0	{}	{}	{}	t	f	f	f	f	f
1136	122	46	moving	2015-05-01 03:30:13.596+05	t	0	0	{}	{}	{}	t	f	f	f	f	f
1137	122	46	prepareinvoking	2015-05-01 03:30:13.598+05	t	0	0	{}	{}	{}	t	f	f	f	f	f
1138	122	46	invoked	2015-05-01 03:30:13.599+05	t	0	0	{}	{}	{}	t	f	f	f	f	t
1139	122	46	moving	2015-05-01 03:30:13.599+05	t	0	0	{}	{}	{}	t	f	f	f	f	t
1140	122	46	paused	2015-05-01 03:30:13.599+05	t	0	0	{}	{}	{}	t	f	f	f	f	t
1141	123	46	start	2015-05-01 03:36:58.265+05	t	0	0	{}	{}	{}	t	f	f	f	f	f
1142	123	46	moving	2015-05-01 03:36:58.275+05	t	0	0	{}	{}	{}	t	f	f	f	f	f
1143	123	46	prepareinvoking	2015-05-01 03:36:58.498+05	t	0	0	{}	{}	{}	t	f	f	f	f	f
1144	123	46	invoked	2015-05-01 03:36:58.544+05	t	0	0	{}	{}	{}	t	f	f	f	f	t
1145	123	46	moving	2015-05-01 03:36:58.545+05	t	0	0	{}	{}	{}	t	f	f	f	f	t
1146	123	46	paused	2015-05-01 03:36:58.545+05	t	0	0	{}	{}	{}	t	f	f	f	f	t
1147	123	46	start	2015-05-01 03:37:24.733+05	t	0	0	{}	{}	{}	t	f	f	f	f	f
1148	123	46	moving	2015-05-01 03:37:24.734+05	t	0	0	{}	{}	{}	t	f	f	f	f	f
1149	123	46	prepareinvoking	2015-05-01 03:37:24.736+05	t	0	0	{}	{}	{}	t	f	f	f	f	f
1150	123	46	invoked	2015-05-01 03:37:24.736+05	t	0	0	{}	{}	{}	t	f	f	f	f	t
1151	123	46	moving	2015-05-01 03:37:24.737+05	t	0	0	{}	{}	{}	t	f	f	f	f	t
1152	123	46	paused	2015-05-01 03:37:24.737+05	t	0	0	{}	{}	{}	t	f	f	f	f	t
1153	124	46	start	2015-05-01 03:44:43.694+05	t	0	0	{}	{}	{}	t	f	f	f	f	f
1154	124	46	moving	2015-05-01 03:44:43.708+05	t	0	0	{}	{}	{}	t	f	f	f	f	f
1155	124	46	prepareinvoking	2015-05-01 03:44:43.893+05	t	0	0	{}	{}	{}	t	f	f	f	f	f
1156	124	46	invoked	2015-05-01 03:44:43.938+05	t	0	0	{}	{}	{}	t	f	f	f	f	t
1157	124	46	moving	2015-05-01 03:44:43.94+05	t	0	0	{}	{}	{}	t	f	f	f	f	t
1158	124	46	paused	2015-05-01 03:44:43.94+05	t	0	0	{}	{}	{}	t	f	f	f	f	t
1159	124	46	start	2015-05-01 03:44:49.084+05	t	0	0	{}	{}	{}	t	f	f	f	f	f
1160	124	46	moving	2015-05-01 03:44:49.085+05	t	0	0	{}	{}	{}	t	f	f	f	f	f
1161	124	46	prepareinvoking	2015-05-01 03:44:49.087+05	t	0	0	{}	{}	{}	t	f	f	f	f	f
1162	124	46	invoked	2015-05-01 03:44:49.088+05	t	0	0	{}	{}	{}	t	f	f	f	f	t
1163	124	46	moving	2015-05-01 03:44:49.09+05	t	0	0	{}	{}	{}	t	f	f	f	f	t
1164	124	46	paused	2015-05-01 03:44:49.09+05	t	0	0	{}	{}	{}	t	f	f	f	f	t
1165	125	46	start	2015-05-01 03:51:55.356+05	t	0	0	{}	{}	{}	t	f	f	f	f	f
1166	125	46	moving	2015-05-01 03:51:55.372+05	t	0	0	{}	{}	{}	t	f	f	f	f	f
1167	125	46	prepareinvoking	2015-05-01 03:51:55.535+05	t	0	0	{}	{}	{}	t	f	f	f	f	f
1168	125	46	invoked	2015-05-01 03:51:55.572+05	t	0	0	{}	{}	{}	t	f	f	f	f	t
1169	125	46	moving	2015-05-01 03:51:55.574+05	t	0	0	{}	{}	{}	t	f	f	f	f	t
1170	125	46	paused	2015-05-01 03:51:55.574+05	t	0	0	{}	{}	{}	t	f	f	f	f	t
1171	125	46	start	2015-05-01 03:52:02.161+05	t	0	0	{}	{}	{}	t	f	f	f	f	f
1172	125	46	moving	2015-05-01 03:52:02.162+05	t	0	0	{}	{}	{}	t	f	f	f	f	f
1173	125	46	prepareinvoking	2015-05-01 03:52:02.166+05	t	0	0	{}	{}	{}	t	f	f	f	f	f
1174	125	46	invoked	2015-05-01 03:52:02.166+05	t	0	0	{}	{}	{}	t	f	f	f	f	t
1175	125	46	moving	2015-05-01 03:52:02.167+05	t	0	0	{}	{}	{}	t	f	f	f	f	t
1176	125	46	paused	2015-05-01 03:52:02.167+05	t	0	0	{}	{}	{}	t	f	f	f	f	t
1177	126	46	start	2015-05-01 03:55:52.417+05	t	0	0	{}	{}	{}	t	f	f	f	f	f
1178	126	46	moving	2015-05-01 03:55:52.428+05	t	0	0	{}	{}	{}	t	f	f	f	f	f
1179	126	46	prepareinvoking	2015-05-01 03:55:52.528+05	t	0	0	{}	{}	{}	t	f	f	f	f	f
1180	126	46	invoked	2015-05-01 03:55:52.565+05	t	0	0	{}	{}	{}	t	f	f	f	f	t
1181	126	46	moving	2015-05-01 03:55:52.57+05	t	0	0	{}	{}	{}	t	f	f	f	f	t
1182	126	46	paused	2015-05-01 03:55:52.57+05	t	0	0	{}	{}	{}	t	f	f	f	f	t
1183	130	46	start	2015-05-01 04:42:02.214+05	t	0	0	{}	{}	{}	t	f	f	f	f	f
1184	130	46	moving	2015-05-01 04:42:02.247+05	t	0	0	{}	{}	{}	t	f	f	f	f	f
1185	130	46	prepareinvoking	2015-05-01 04:42:02.455+05	t	0	0	{}	{}	{}	t	f	f	f	f	f
1186	130	46	invoked	2015-05-01 04:42:02.488+05	t	0	0	{}	{}	{}	t	f	f	f	f	t
1187	130	46	moving	2015-05-01 04:42:02.489+05	t	0	0	{}	{}	{}	t	f	f	f	f	t
1188	130	46	paused	2015-05-01 04:42:02.489+05	t	0	0	{}	{}	{}	t	f	f	f	f	t
1189	130	46	start	2015-05-01 04:45:02.809+05	t	0	0	{}	{}	{}	t	f	f	f	f	f
1190	130	46	moving	2015-05-01 04:45:02.815+05	t	0	0	{}	{}	{}	t	f	f	f	f	f
1191	130	46	prepareinvoking	2015-05-01 04:45:02.818+05	t	0	0	{}	{}	{}	t	f	f	f	f	f
1192	130	46	invoked	2015-05-01 04:45:02.818+05	t	0	0	{}	{}	{}	t	f	f	f	f	t
1193	130	46	moving	2015-05-01 04:45:02.819+05	t	0	0	{}	{}	{}	t	f	f	f	f	t
1194	130	46	paused	2015-05-01 04:45:02.819+05	t	0	0	{}	{}	{}	t	f	f	f	f	t
1195	131	46	start	2015-05-01 04:57:44.197+05	t	0	0	{}	{}	{}	t	f	f	f	f	f
1196	131	46	moving	2015-05-01 04:57:44.208+05	t	0	0	{}	{}	{}	t	f	f	f	f	f
1197	131	46	prepareinvoking	2015-05-01 04:57:44.408+05	t	0	0	{}	{}	{}	t	f	f	f	f	f
1198	131	46	invoked	2015-05-01 04:57:44.469+05	t	0	0	{}	{}	{}	t	f	f	f	f	t
1199	131	46	moving	2015-05-01 04:57:44.472+05	t	0	0	{}	{}	{}	t	f	f	f	f	t
1200	131	46	paused	2015-05-01 04:57:44.473+05	t	0	0	{}	{}	{}	t	f	f	f	f	t
1201	132	46	start	2015-05-01 05:31:08.819+05	t	0	0	{}	{}	{}	t	f	f	f	f	f
1202	132	46	moving	2015-05-01 05:31:08.831+05	t	0	0	{}	{}	{}	t	f	f	f	f	f
1203	132	46	prepareinvoking	2015-05-01 05:31:08.939+05	t	0	0	{}	{}	{}	t	f	f	f	f	f
1204	132	46	invoked	2015-05-01 05:31:08.975+05	t	0	0	{}	{}	{}	t	f	f	f	f	t
1205	132	46	moving	2015-05-01 05:31:08.976+05	t	0	0	{}	{}	{}	t	f	f	f	f	t
1206	132	46	paused	2015-05-01 05:31:08.976+05	t	0	0	{}	{}	{}	t	f	f	f	f	t
1207	132	46	start	2015-05-01 06:55:41.544+05	t	0	0	{}	{}	{}	t	f	f	f	f	f
1208	132	46	moving	2015-05-01 06:55:41.545+05	t	0	0	{}	{}	{}	t	f	f	f	f	f
1209	132	46	prepareinvoking	2015-05-01 06:55:41.548+05	t	0	0	{}	{}	{}	t	f	f	f	f	f
1210	132	46	invoked	2015-05-01 06:55:41.548+05	t	0	0	{}	{}	{}	t	f	f	f	f	t
1211	132	46	moving	2015-05-01 06:55:41.549+05	t	0	0	{}	{}	{}	t	f	f	f	f	t
1212	132	46	paused	2015-05-01 06:55:41.549+05	t	0	0	{}	{}	{}	t	f	f	f	f	t
1213	134	46	start	2015-05-01 06:59:56.169+05	t	0	0	{}	{}	{}	t	f	f	f	f	f
1214	134	46	moving	2015-05-01 06:59:56.172+05	t	0	0	{}	{}	{}	t	f	f	f	f	f
1215	134	46	prepareinvoking	2015-05-01 06:59:56.311+05	t	0	0	{}	{}	{}	t	f	f	f	f	f
1216	134	46	invoked	2015-05-01 06:59:56.317+05	t	0	0	{}	{}	{}	t	f	f	f	f	t
1217	134	46	moving	2015-05-01 06:59:56.318+05	t	0	0	{}	{}	{}	t	f	f	f	f	t
1218	134	46	paused	2015-05-01 06:59:56.318+05	t	0	0	{}	{}	{}	t	f	f	f	f	t
1219	135	46	start	2015-05-01 07:02:35.383+05	t	0	0	{}	{}	{}	t	f	f	f	f	f
1220	135	46	moving	2015-05-01 07:02:35.392+05	t	0	0	{}	{}	{}	t	f	f	f	f	f
1221	135	46	prepareinvoking	2015-05-01 07:02:35.45+05	t	0	0	{}	{}	{}	t	f	f	f	f	f
1222	135	46	invoked	2015-05-01 07:02:35.456+05	t	0	0	{}	{}	{}	t	f	f	f	f	t
1223	135	46	moving	2015-05-01 07:02:35.457+05	t	0	0	{}	{}	{}	t	f	f	f	f	t
1224	135	46	paused	2015-05-01 07:02:35.457+05	t	0	0	{}	{}	{}	t	f	f	f	f	t
1225	136	46	start	2015-05-01 07:06:55.423+05	t	0	0	{}	{}	{}	t	f	f	f	f	f
1226	136	46	moving	2015-05-01 07:06:55.434+05	t	0	0	{}	{}	{}	t	f	f	f	f	f
1227	136	46	prepareinvoking	2015-05-01 07:06:55.519+05	t	0	0	{}	{}	{}	t	f	f	f	f	f
1228	136	46	invoked	2015-05-01 07:06:55.63+05	t	0	0	{}	{}	{}	t	f	f	f	f	t
1229	136	46	moving	2015-05-01 07:06:55.632+05	t	0	0	{}	{}	{}	t	f	f	f	f	t
1230	136	46	paused	2015-05-01 07:06:55.632+05	t	0	0	{}	{}	{}	t	f	f	f	f	t
1231	137	46	start	2015-05-01 07:09:57.339+05	t	0	0	{}	{}	{}	t	f	f	f	f	f
1232	137	46	moving	2015-05-01 07:09:57.347+05	t	0	0	{}	{}	{}	t	f	f	f	f	f
1233	137	46	prepareinvoking	2015-05-01 07:09:57.454+05	t	0	0	{}	{}	{}	t	f	f	f	f	f
1234	137	46	invoked	2015-05-01 07:09:57.457+05	t	0	0	{}	{}	{}	t	f	f	f	f	t
1235	137	46	moving	2015-05-01 07:09:57.458+05	t	0	0	{}	{}	{}	t	f	f	f	f	t
1236	137	46	paused	2015-05-01 07:09:57.458+05	t	0	0	{}	{}	{}	t	f	f	f	f	t
1237	138	46	start	2015-05-01 07:13:15.641+05	t	0	0	{}	{}	{}	t	f	f	f	f	f
1238	138	46	moving	2015-05-01 07:13:15.652+05	t	0	0	{}	{}	{}	t	f	f	f	f	f
1239	138	46	prepareinvoking	2015-05-01 07:13:16.19+05	t	0	0	{}	{}	{}	t	f	f	f	f	f
1240	138	46	invoked	2015-05-01 07:13:16.194+05	t	0	0	{}	{}	{}	t	f	f	f	f	t
1241	138	46	moving	2015-05-01 07:13:16.195+05	t	0	0	{}	{}	{}	t	f	f	f	f	t
1242	138	46	paused	2015-05-01 07:13:16.195+05	t	0	0	{}	{}	{}	t	f	f	f	f	t
1243	138	46	start	2015-05-01 07:16:02.409+05	t	0	0	{}	{}	{}	t	f	f	f	f	f
1244	138	46	moving	2015-05-01 07:16:02.411+05	t	0	0	{}	{}	{}	t	f	f	f	f	f
1245	138	46	prepareinvoking	2015-05-01 07:16:02.413+05	t	0	0	{}	{}	{}	t	f	f	f	f	f
1246	138	46	invoked	2015-05-01 07:16:02.426+05	t	0	0	{}	{}	{}	t	f	f	f	f	t
1247	138	46	moving	2015-05-01 07:16:02.427+05	t	0	0	{}	{}	{}	t	f	f	f	f	t
1248	138	46	paused	2015-05-01 07:16:02.427+05	t	0	0	{}	{}	{}	t	f	f	f	f	t
1249	139	46	start	2015-05-01 07:31:09.946+05	t	0	0	{}	{}	{}	t	f	f	f	f	f
1250	139	46	moving	2015-05-01 07:31:09.949+05	t	0	0	{}	{}	{}	t	f	f	f	f	f
1251	139	46	prepareinvoking	2015-05-01 07:31:09.998+05	t	0	0	{}	{}	{}	t	f	f	f	f	f
1252	139	46	invoked	2015-05-01 07:31:10.004+05	t	0	0	{}	{}	{}	t	f	f	f	f	t
1253	139	46	moving	2015-05-01 07:31:10.005+05	t	0	0	{}	{}	{}	t	f	f	f	f	t
1254	139	46	paused	2015-05-01 07:31:10.006+05	t	0	0	{}	{}	{}	t	f	f	f	f	t
1255	139	46	start	2015-05-01 07:32:23.032+05	t	0	0	{}	{}	{}	t	f	f	f	f	f
1256	139	46	moving	2015-05-01 07:32:23.035+05	t	0	0	{}	{}	{}	t	f	f	f	f	f
1257	139	46	prepareinvoking	2015-05-01 07:32:23.038+05	t	0	0	{}	{}	{}	t	f	f	f	f	f
1258	139	46	invoked	2015-05-01 07:32:23.041+05	t	0	0	{}	{}	{}	t	f	f	f	f	t
1259	139	46	moving	2015-05-01 07:32:23.042+05	t	0	0	{}	{}	{}	t	f	f	f	f	t
1260	139	46	paused	2015-05-01 07:32:23.042+05	t	0	0	{}	{}	{}	t	f	f	f	f	t
1261	140	46	start	2015-05-01 07:58:42.775+05	t	0	0	{}	{}	{}	t	f	f	f	f	f
1262	140	46	moving	2015-05-01 07:58:42.79+05	t	0	0	{}	{}	{}	t	f	f	f	f	f
1263	140	46	prepareinvoking	2015-05-01 07:58:42.906+05	t	0	0	{}	{}	{}	t	f	f	f	f	f
1264	140	46	invoked	2015-05-01 19:37:31.284+05	t	0	0	{}	{}	{}	t	f	f	f	f	t
1265	140	46	moving	2015-05-01 19:37:36.908+05	t	0	0	{}	{}	{}	t	f	f	f	f	t
1266	140	46	paused	2015-05-01 19:37:38.674+05	t	0	0	{}	{}	{}	t	f	f	f	f	t
1267	140	46	start	2015-05-01 19:38:31.778+05	t	0	0	{}	{}	{}	t	f	f	f	f	f
1268	140	46	moving	2015-05-01 19:38:31.779+05	t	0	0	{}	{}	{}	t	f	f	f	f	f
1269	140	46	prepareinvoking	2015-05-01 19:38:31.929+05	t	0	0	{}	{}	{}	t	f	f	f	f	f
1270	140	46	invoked	2015-05-01 19:38:31.975+05	t	0	0	{}	{}	{}	t	f	f	f	f	t
1271	140	46	moving	2015-05-01 19:38:31.976+05	t	0	0	{}	{}	{}	t	f	f	f	f	t
1272	140	46	paused	2015-05-01 19:38:31.976+05	t	0	0	{}	{}	{}	t	f	f	f	f	t
1273	144	46	start	2015-05-02 03:05:47.248+05	t	0	0	{}	{}	{}	t	f	f	f	f	f
1274	144	46	moving	2015-05-02 03:05:47.262+05	t	0	0	{}	{}	{}	t	f	f	f	f	f
1275	144	46	prepareinvoking	2015-05-02 03:05:47.52+05	t	0	0	{}	{}	{}	t	f	f	f	f	f
1276	144	46	invoked	2015-05-02 03:06:11.164+05	t	0	0	{}	{}	{}	t	f	f	f	f	t
1277	144	46	moving	2015-05-02 03:06:11.165+05	t	0	0	{}	{}	{}	t	f	f	f	f	t
1278	144	46	paused	2015-05-02 03:06:11.166+05	t	0	0	{}	{}	{}	t	f	f	f	f	t
1279	145	46	start	2015-05-02 03:11:34.278+05	t	0	0	{}	{}	{}	t	f	f	f	f	f
1280	145	46	moving	2015-05-02 03:11:34.285+05	t	0	0	{}	{}	{}	t	f	f	f	f	f
1281	145	46	prepareinvoking	2015-05-02 03:11:34.471+05	t	0	0	{}	{}	{}	t	f	f	f	f	f
1282	145	46	invoked	2015-05-02 03:11:47.85+05	t	0	0	{}	{}	{}	t	f	f	f	f	t
1283	145	46	moving	2015-05-02 03:11:47.853+05	t	0	0	{}	{}	{}	t	f	f	f	f	t
1284	145	46	paused	2015-05-02 03:11:47.853+05	t	0	0	{}	{}	{}	t	f	f	f	f	t
1285	146	46	start	2015-05-02 03:33:17.851+05	t	0	0	{}	{}	{}	t	f	f	f	f	f
1286	146	46	moving	2015-05-02 03:33:17.854+05	t	0	0	{}	{}	{}	t	f	f	f	f	f
1287	146	46	prepareinvoking	2015-05-02 03:33:18.026+05	t	0	0	{}	{}	{}	t	f	f	f	f	f
1288	146	46	invoked	2015-05-02 03:33:23.47+05	t	0	0	{}	{}	{}	t	f	f	f	f	t
1289	146	46	moving	2015-05-02 03:33:23.471+05	t	0	0	{}	{}	{}	t	f	f	f	f	t
1290	146	46	paused	2015-05-02 03:33:23.471+05	t	0	0	{}	{}	{}	t	f	f	f	f	t
1291	146	46	start	2015-05-02 03:33:28.569+05	t	0	0	{}	{}	{}	t	f	f	f	f	f
1292	146	46	moving	2015-05-02 03:33:28.57+05	t	0	0	{}	{}	{}	t	f	f	f	f	f
1293	146	46	prepareinvoking	2015-05-02 03:33:28.572+05	t	0	0	{}	{}	{}	t	f	f	f	f	f
1294	146	46	invoked	2015-05-02 03:33:40.776+05	t	1	0	{}	{}	{}	t	f	f	f	f	f
1295	146	46	moving	2015-05-02 03:33:40.777+05	t	1	0	{}	{}	{}	t	f	f	f	f	f
1296	146	46	prepareinvoking	2015-05-02 03:33:40.779+05	t	1	0	{}	{}	{}	t	f	f	f	f	f
1297	146	46	invoked	2015-05-02 03:33:58.059+05	t	2	0	{}	{}	{}	t	f	f	f	f	f
1298	146	46	moving	2015-05-02 03:33:58.076+05	t	2	0	{}	{}	{}	t	f	f	f	f	f
1299	146	46	end	2015-05-02 03:33:58.077+05	t	2	0	{}	{}	{}	t	t	f	f	f	f
1300	147	46	start	2015-05-02 03:36:23.476+05	t	0	0	{}	{}	{}	t	f	f	f	f	f
1301	147	46	moving	2015-05-02 03:36:23.481+05	t	0	0	{}	{}	{}	t	f	f	f	f	f
1302	147	46	prepareinvoking	2015-05-02 03:36:23.534+05	t	0	0	{}	{}	{}	t	f	f	f	f	f
1303	147	46	invoked	2015-05-02 03:36:36.288+05	t	0	0	{}	{}	{}	t	f	f	f	f	t
1304	147	46	moving	2015-05-02 03:36:36.289+05	t	0	0	{}	{}	{}	t	f	f	f	f	t
1305	147	46	paused	2015-05-02 03:36:36.29+05	t	0	0	{}	{}	{}	t	f	f	f	f	t
1306	147	46	start	2015-05-02 03:36:43.504+05	t	0	0	{}	{}	{}	t	f	f	f	f	f
1307	147	46	moving	2015-05-02 03:36:43.505+05	t	0	0	{}	{}	{}	t	f	f	f	f	f
1308	147	46	prepareinvoking	2015-05-02 03:36:43.506+05	t	0	0	{}	{}	{}	t	f	f	f	f	f
1309	147	46	invoked	2015-05-02 03:36:53.659+05	t	1	0	{}	{}	{}	t	f	f	f	f	f
1310	147	46	moving	2015-05-02 03:36:53.66+05	t	1	0	{}	{}	{}	t	f	f	f	f	f
1311	147	46	prepareinvoking	2015-05-02 03:36:53.665+05	t	1	0	{}	{}	{}	t	f	f	f	f	f
1312	147	46	invoked	2015-05-02 03:37:35.416+05	t	2	0	{}	{}	{}	t	f	f	f	f	f
1313	147	46	moving	2015-05-02 03:37:35.418+05	t	2	0	{}	{}	{}	t	f	f	f	f	f
1314	147	46	end	2015-05-02 03:37:35.419+05	t	2	0	{}	{}	{}	t	t	f	f	f	f
1315	148	46	start	2015-05-02 03:41:40.497+05	t	0	0	{}	{}	{}	t	f	f	f	f	f
1316	148	46	moving	2015-05-02 03:41:40.507+05	t	0	0	{}	{}	{}	t	f	f	f	f	f
1317	148	46	prepareinvoking	2015-05-02 03:41:40.613+05	t	0	0	{}	{}	{}	t	f	f	f	f	f
1318	148	46	invoked	2015-05-02 03:41:44.617+05	t	0	0	{}	{}	{}	t	f	f	f	f	t
1319	148	46	moving	2015-05-02 03:41:44.618+05	t	0	0	{}	{}	{}	t	f	f	f	f	t
1320	148	46	paused	2015-05-02 03:41:44.618+05	t	0	0	{}	{}	{}	t	f	f	f	f	t
1321	148	46	start	2015-05-02 03:42:39.424+05	t	0	0	{}	{}	{}	t	f	f	f	f	f
1322	148	46	moving	2015-05-02 03:42:39.426+05	t	0	0	{}	{}	{}	t	f	f	f	f	f
1323	148	46	prepareinvoking	2015-05-02 03:42:39.427+05	t	0	0	{}	{}	{}	t	f	f	f	f	f
1324	148	46	invoked	2015-05-02 03:45:54.809+05	t	1	0	{}	{}	{}	t	f	f	f	f	f
1325	148	46	moving	2015-05-02 03:45:54.812+05	t	1	0	{}	{}	{}	t	f	f	f	f	f
1326	148	46	prepareinvoking	2015-05-02 03:45:54.814+05	t	1	0	{}	{}	{}	t	f	f	f	f	f
1327	148	46	invoked	2015-05-02 03:47:47.288+05	t	2	0	{}	{}	{}	t	f	f	f	f	f
1328	148	46	moving	2015-05-02 03:47:47.289+05	t	2	0	{}	{}	{}	t	f	f	f	f	f
1329	148	46	end	2015-05-02 03:49:38.33+05	t	2	0	{}	{}	{}	t	t	f	f	f	f
1330	149	46	start	2015-05-02 03:53:38.004+05	t	0	0	{}	{}	{}	t	f	f	f	f	f
1331	149	46	moving	2015-05-02 03:53:38.013+05	t	0	0	{}	{}	{}	t	f	f	f	f	f
1332	149	46	prepareinvoking	2015-05-02 03:53:44.701+05	t	0	0	{}	{}	{}	t	f	f	f	f	f
1333	149	46	invoked	2015-05-02 03:53:54.496+05	t	0	0	{}	{}	{}	t	f	f	f	f	t
1334	149	46	moving	2015-05-02 03:53:54.498+05	t	0	0	{}	{}	{}	t	f	f	f	f	t
1335	149	46	paused	2015-05-02 03:53:57.376+05	t	0	0	{}	{}	{}	t	f	f	f	f	t
1336	149	46	start	2015-05-02 03:54:04.077+05	t	0	0	{}	{}	{}	t	f	f	f	f	f
1337	149	46	moving	2015-05-02 03:54:04.078+05	t	0	0	{}	{}	{}	t	f	f	f	f	f
1338	149	46	prepareinvoking	2015-05-02 03:54:04.087+05	t	0	0	{}	{}	{}	t	f	f	f	f	f
1339	149	46	invoked	2015-05-02 03:54:07.056+05	t	1	0	{}	{}	{}	t	f	f	f	f	f
1340	149	46	moving	2015-05-02 03:54:07.057+05	t	1	0	{}	{}	{}	t	f	f	f	f	f
1341	149	46	prepareinvoking	2015-05-02 03:54:07.059+05	t	1	0	{}	{}	{}	t	f	f	f	f	f
1342	149	46	invoked	2015-05-02 03:54:07.06+05	t	2	0	{}	{}	{}	t	f	f	f	f	f
1343	149	46	moving	2015-05-02 03:54:07.06+05	t	2	0	{}	{}	{}	t	f	f	f	f	f
1344	149	46	end	2015-05-02 03:54:07.061+05	t	2	0	{}	{}	{}	t	t	f	f	f	f
1345	150	46	start	2015-05-02 03:56:49.278+05	t	0	0	{}	{}	{}	t	f	f	f	f	f
1346	150	46	moving	2015-05-02 03:56:49.282+05	t	0	0	{}	{}	{}	t	f	f	f	f	f
1347	150	46	prepareinvoking	2015-05-02 03:56:49.326+05	t	0	0	{}	{}	{}	t	f	f	f	f	f
1348	150	46	invoked	2015-05-02 03:56:49.335+05	t	0	0	{}	{}	{}	t	f	f	f	f	t
1349	150	46	moving	2015-05-02 03:56:49.335+05	t	0	0	{}	{}	{}	t	f	f	f	f	t
1350	150	46	paused	2015-05-02 03:56:49.335+05	t	0	0	{}	{}	{}	t	f	f	f	f	t
1351	150	46	start	2015-05-02 03:56:52.75+05	t	0	0	{}	{}	{}	t	f	f	f	f	f
1352	150	46	moving	2015-05-02 03:56:52.751+05	t	0	0	{}	{}	{}	t	f	f	f	f	f
1353	150	46	prepareinvoking	2015-05-02 03:56:52.753+05	t	0	0	{}	{}	{}	t	f	f	f	f	f
1354	150	46	invoked	2015-05-02 03:56:52.754+05	t	1	0	{}	{}	{}	t	f	f	f	f	f
1355	150	46	moving	2015-05-02 03:56:52.755+05	t	1	0	{}	{}	{}	t	f	f	f	f	f
1356	150	46	prepareinvoking	2015-05-02 03:56:52.756+05	t	1	0	{}	{}	{}	t	f	f	f	f	f
1357	150	46	invoked	2015-05-02 03:56:52.757+05	t	2	0	{}	{}	{}	t	f	f	f	f	f
1358	150	46	moving	2015-05-02 03:56:52.758+05	t	2	0	{}	{}	{}	t	f	f	f	f	f
1359	150	46	end	2015-05-02 03:56:52.758+05	t	2	0	{}	{}	{}	t	t	f	f	f	f
1360	151	46	start	2015-05-03 06:28:06.937+05	t	0	0	{}	{}	{}	t	f	f	f	f	f
1361	151	46	moving	2015-05-03 06:28:06.945+05	t	0	0	{}	{}	{}	t	f	f	f	f	f
1362	151	46	prepareinvoking	2015-05-03 06:28:07.068+05	t	0	0	{}	{}	{}	t	f	f	f	f	f
1363	151	46	invoked	2015-05-03 06:28:07.138+05	t	0	0	{}	{}	{}	t	f	f	f	f	t
1364	151	46	moving	2015-05-03 06:28:07.139+05	t	0	0	{}	{}	{}	t	f	f	f	f	t
1365	151	46	paused	2015-05-03 06:28:07.139+05	t	0	0	{}	{}	{}	t	f	f	f	f	t
1366	151	46	start	2015-05-04 15:46:35.392+05	t	0	0	{}	{}	{}	t	f	f	f	f	f
1367	151	46	moving	2015-05-04 15:46:35.398+05	t	0	0	{}	{}	{}	t	f	f	f	f	f
1368	151	46	prepareinvoking	2015-05-04 15:46:35.456+05	t	0	0	{}	{}	{}	t	f	f	f	f	f
1369	151	46	invoked	2015-05-04 15:46:35.509+05	t	1	0	{}	{}	{}	t	f	f	f	f	f
1370	151	46	moving	2015-05-04 15:46:35.509+05	t	1	0	{}	{}	{}	t	f	f	f	f	f
1371	151	46	prepareinvoking	2015-05-04 15:46:35.51+05	t	1	0	{}	{}	{}	t	f	f	f	f	f
1372	151	46	invoked	2015-05-04 15:46:35.511+05	t	2	0	{}	{}	{}	t	f	f	f	f	f
1373	151	46	moving	2015-05-04 15:46:35.511+05	t	2	0	{}	{}	{}	t	f	f	f	f	f
1374	151	46	end	2015-05-04 15:46:35.511+05	t	2	0	{}	{}	{}	t	t	f	f	f	f
1375	203	46	start	2015-05-08 12:58:32.197+05	t	0	0	{}	{}	{}	t	f	f	f	f	f
1376	203	46	moving	2015-05-08 12:58:32.246+05	t	0	0	{}	{}	{}	t	f	f	f	f	f
1377	203	46	prepareinvoking	2015-05-08 12:58:33.255+05	t	0	0	{}	{}	{}	t	f	f	f	f	f
1378	203	46	invoked	2015-05-08 12:58:33.345+05	t	0	0	{}	{}	{}	t	f	f	f	f	t
1379	203	46	moving	2015-05-08 12:58:33.345+05	t	0	0	{}	{}	{}	t	f	f	f	f	t
1380	203	46	paused	2015-05-08 12:58:33.345+05	t	0	0	{}	{}	{}	t	f	f	f	f	t
1381	204	46	start	2015-05-08 21:05:57.15+05	t	0	0	{}	{}	{}	t	f	f	f	f	f
1382	204	46	moving	2015-05-08 21:05:57.196+05	t	0	0	{}	{}	{}	t	f	f	f	f	f
1383	204	46	prepareinvoking	2015-05-08 21:05:57.31+05	t	0	0	{}	{}	{}	t	f	f	f	f	f
1384	204	46	invoked	2015-05-08 21:05:57.333+05	t	0	0	{}	{}	{}	t	f	f	f	f	t
1385	204	46	moving	2015-05-08 21:05:57.334+05	t	0	0	{}	{}	{}	t	f	f	f	f	t
1386	204	46	paused	2015-05-08 21:05:57.334+05	t	0	0	{}	{}	{}	t	f	f	f	f	t
1387	205	46	start	2015-05-09 03:31:53.328+05	t	0	0	{}	{}	{}	t	f	f	f	f	f
1388	205	46	moving	2015-05-09 03:31:53.346+05	t	0	0	{}	{}	{}	t	f	f	f	f	f
1389	205	46	prepareinvoking	2015-05-09 03:31:53.483+05	t	0	0	{}	{}	{}	t	f	f	f	f	f
1390	205	46	invoked	2015-05-09 03:31:53.558+05	t	0	0	{}	{}	{}	t	f	f	f	f	t
1391	205	46	moving	2015-05-09 03:31:53.559+05	t	0	0	{}	{}	{}	t	f	f	f	f	t
1392	205	46	paused	2015-05-09 03:31:53.559+05	t	0	0	{}	{}	{}	t	f	f	f	f	t
1393	205	46	start	2015-05-09 03:51:14.911+05	t	0	0	{}	{}	{}	t	f	f	f	f	f
1394	205	46	moving	2015-05-09 03:51:14.911+05	t	0	0	{}	{}	{}	t	f	f	f	f	f
1395	205	46	prepareinvoking	2015-05-09 03:51:14.923+05	t	0	0	{}	{}	{}	t	f	f	f	f	f
1396	205	46	invoked	2015-05-09 03:51:14.923+05	t	1	0	{}	{}	{}	t	f	f	f	f	f
1397	205	46	moving	2015-05-09 03:51:14.923+05	t	1	0	{}	{}	{}	t	f	f	f	f	f
1398	205	46	prepareinvoking	2015-05-09 03:51:14.924+05	t	1	0	{}	{}	{}	t	f	f	f	f	f
1399	205	46	invoked	2015-05-09 03:51:14.924+05	t	1	0	{}	{}	{}	t	f	f	f	f	t
1400	205	46	moving	2015-05-09 03:51:14.924+05	t	1	0	{}	{}	{}	t	f	f	f	f	t
1401	205	46	paused	2015-05-09 03:51:14.924+05	t	1	0	{}	{}	{}	t	f	f	f	f	t
1402	205	46	start	2015-05-09 03:51:25.745+05	t	0	0	{}	{}	{}	t	f	f	f	f	f
1403	205	46	moving	2015-05-09 03:51:25.746+05	t	0	0	{}	{}	{}	t	f	f	f	f	f
1404	205	46	prepareinvoking	2015-05-09 03:51:25.746+05	t	0	0	{}	{}	{}	t	f	f	f	f	f
1405	205	46	invoked	2015-05-09 03:51:25.746+05	t	1	0	{}	{}	{}	t	f	f	f	f	f
1406	205	46	moving	2015-05-09 03:51:25.746+05	t	1	0	{}	{}	{}	t	f	f	f	f	f
1407	205	46	prepareinvoking	2015-05-09 03:51:25.746+05	t	1	0	{}	{}	{}	t	f	f	f	f	f
1408	205	46	invoked	2015-05-09 03:51:25.746+05	t	2	0	{}	{}	{}	t	f	f	f	f	f
1409	205	46	moving	2015-05-09 03:51:25.747+05	t	2	0	{}	{}	{}	t	f	f	f	f	f
1410	205	46	end	2015-05-09 03:51:25.747+05	t	2	0	{}	{}	{}	t	t	f	f	f	f
1411	206	46	start	2015-05-09 04:06:33.527+05	t	0	0	{}	{}	{}	t	f	f	f	f	f
1412	206	46	moving	2015-05-09 04:06:33.527+05	t	0	0	{}	{}	{}	t	f	f	f	f	f
1413	206	46	prepareinvoking	2015-05-09 04:06:33.528+05	t	0	0	{}	{}	{}	t	f	f	f	f	f
1414	206	46	invoked	2015-05-09 04:06:33.528+05	t	0	0	{}	{}	{}	t	f	f	f	f	t
1415	206	46	moving	2015-05-09 04:06:33.528+05	t	0	0	{}	{}	{}	t	f	f	f	f	t
1416	206	46	paused	2015-05-09 04:06:33.528+05	t	0	0	{}	{}	{}	t	f	f	f	f	t
1417	207	48	start	2015-05-21 11:57:49.637+05	t	0	0	{}	{}	{}	t	f	f	f	f	f
1418	207	48	moving	2015-05-21 11:57:49.649+05	t	0	0	{}	{}	{}	t	f	f	f	f	f
1419	207	48	prepareinvoking	2015-05-21 11:57:49.77+05	t	0	0	{}	{}	{}	t	f	f	f	f	f
1420	207	48	invoked	2015-05-21 11:57:49.818+05	t	0	0	{}	{}	{}	t	f	f	f	f	t
1421	207	48	moving	2015-05-21 11:57:49.818+05	t	0	0	{}	{}	{}	t	f	f	f	f	t
1422	207	48	paused	2015-05-21 11:57:49.818+05	t	0	0	{}	{}	{}	t	f	f	f	f	t
1423	208	49	start	2015-05-21 12:23:56.057+05	t	0	0	{}	{}	{}	t	f	f	f	f	f
1424	208	49	moving	2015-05-21 12:23:56.069+05	t	0	0	{}	{}	{}	t	f	f	f	f	f
1425	208	49	prepareinvoking	2015-05-21 12:23:56.13+05	t	0	0	{}	{}	{}	t	f	f	f	f	f
1426	208	49	invoked	2015-05-21 12:23:56.215+05	t	0	0	{}	{}	{}	t	f	f	f	f	t
1427	208	49	moving	2015-05-21 12:23:56.215+05	t	0	0	{}	{}	{}	t	f	f	f	f	t
1428	208	49	paused	2015-05-21 12:23:56.215+05	t	0	0	{}	{}	{}	t	f	f	f	f	t
1429	209	50	start	2015-05-21 12:34:24.045+05	t	0	0	{}	{}	{}	t	f	f	f	f	f
1430	209	50	moving	2015-05-21 12:34:24.057+05	t	0	0	{}	{}	{}	t	f	f	f	f	f
1431	209	50	prepareinvoking	2015-05-21 12:34:24.118+05	t	0	0	{}	{}	{}	t	f	f	f	f	f
1432	209	50	invoked	2015-05-21 12:34:24.166+05	t	0	0	{}	{}	{}	t	f	f	f	f	t
1433	209	50	moving	2015-05-21 12:34:24.166+05	t	0	0	{}	{}	{}	t	f	f	f	f	t
1434	209	50	paused	2015-05-21 12:34:24.169+05	t	0	0	{}	{}	{}	t	f	f	f	f	t
1435	209	50	start	2015-05-21 12:34:39.653+05	t	0	0	{}	{}	{}	t	f	f	f	f	f
1436	209	50	moving	2015-05-21 12:34:39.653+05	t	0	0	{}	{}	{}	t	f	f	f	f	f
1437	209	50	prepareinvoking	2015-05-21 12:34:39.654+05	t	0	0	{}	{}	{}	t	f	f	f	f	f
1438	209	50	invoked	2015-05-21 12:34:39.654+05	t	1	0	{}	{}	{}	t	f	f	f	f	f
1439	209	50	moving	2015-05-21 12:34:39.654+05	t	1	0	{}	{}	{}	t	f	f	f	f	f
1440	209	50	end	2015-05-21 12:34:39.654+05	t	1	0	{}	{}	{}	t	t	f	f	f	f
1441	210	50	start	2015-05-21 19:02:03.95+05	t	0	0	{}	{}	{}	t	f	f	f	f	f
1442	211	50	start	2015-05-21 19:02:03.778+05	t	0	0	{}	{}	{}	t	f	f	f	f	f
1443	211	50	moving	2015-05-21 19:02:03.801+05	t	0	0	{}	{}	{}	t	f	f	f	f	f
1444	210	50	moving	2015-05-21 19:02:03.95+05	t	0	0	{}	{}	{}	t	f	f	f	f	f
1445	211	50	prepareinvoking	2015-05-21 19:02:03.996+05	t	0	0	{}	{}	{}	t	f	f	f	f	f
1446	210	50	prepareinvoking	2015-05-21 19:02:04.093+05	t	0	0	{}	{}	{}	t	f	f	f	f	f
1447	210	50	invoked	2015-05-21 19:02:04.094+05	t	0	0	{}	{}	{}	t	f	f	f	f	t
1448	211	50	invoked	2015-05-21 19:02:04.045+05	t	0	0	{}	{}	{}	t	f	f	f	f	t
1449	210	50	moving	2015-05-21 19:02:04.094+05	t	0	0	{}	{}	{}	t	f	f	f	f	t
1450	211	50	moving	2015-05-21 19:02:04.046+05	t	0	0	{}	{}	{}	t	f	f	f	f	t
1451	210	50	paused	2015-05-21 19:02:04.094+05	t	0	0	{}	{}	{}	t	f	f	f	f	t
1452	211	50	paused	2015-05-21 19:02:04.046+05	t	0	0	{}	{}	{}	t	f	f	f	f	t
1453	210	50	start	2015-05-21 19:02:31.132+05	t	0	0	{}	{}	{}	t	f	f	f	f	f
1454	210	50	moving	2015-05-21 19:02:31.132+05	t	0	0	{}	{}	{}	t	f	f	f	f	f
1455	210	50	prepareinvoking	2015-05-21 19:02:31.132+05	t	0	0	{}	{}	{}	t	f	f	f	f	f
1456	210	50	invoked	2015-05-21 19:02:31.132+05	t	1	0	{}	{}	{}	t	f	f	f	f	f
1457	210	50	moving	2015-05-21 19:02:31.132+05	t	1	0	{}	{}	{}	t	f	f	f	f	f
1458	210	50	end	2015-05-21 19:02:31.133+05	t	1	0	{}	{}	{}	t	t	f	f	f	f
1459	211	50	start	2015-05-21 19:02:46.761+05	t	0	0	{}	{}	{}	t	f	f	f	f	f
1460	211	50	moving	2015-05-21 19:02:46.761+05	t	0	0	{}	{}	{}	t	f	f	f	f	f
1461	211	50	prepareinvoking	2015-05-21 19:02:46.761+05	t	0	0	{}	{}	{}	t	f	f	f	f	f
1462	211	50	invoked	2015-05-21 19:02:46.762+05	t	1	0	{}	{}	{}	t	f	f	f	f	f
1463	211	50	moving	2015-05-21 19:02:46.762+05	t	1	0	{}	{}	{}	t	f	f	f	f	f
1464	211	50	end	2015-05-21 19:02:46.763+05	t	1	0	{}	{}	{}	t	t	f	f	f	f
1465	214	51	start	2015-05-22 19:28:12.307+05	t	0	0	{}	{}	{}	t	f	f	f	f	f
1466	214	51	moving	2015-05-22 19:28:12.326+05	t	0	0	{}	{}	{}	t	f	f	f	f	f
1467	214	51	prepareinvoking	2015-05-22 19:28:12.677+05	t	0	0	{}	{}	{}	t	f	f	f	f	f
1468	214	51	preparemovetospace	2015-05-22 19:28:12.77+05	t	0	0	{}	{}	{}	t	f	f	f	f	f
1469	214	51	movetospace	2015-05-22 19:28:12.77+05	t	0	1	{}	{}	{62}	t	f	t	f	f	f
1470	214	51	preparemovetocontainer	2015-05-22 19:28:12.77+05	t	0	1	{}	{}	{62}	t	f	t	f	f	f
1471	214	51	movetocontainer	2015-05-22 19:28:12.824+05	t	0	1	{1}	{}	{62}	t	f	t	t	f	f
1472	214	51	invoked	2015-05-22 19:28:12.829+05	t	0	1	{1}	{}	{62}	t	f	t	t	f	f
1473	214	51	moving	2015-05-22 19:28:12.829+05	t	0	1	{1}	{}	{62}	t	f	t	t	f	f
1474	214	51	preparemoveupfront	2015-05-22 19:28:12.892+05	t	0	1	{1}	{}	{62}	t	f	t	t	f	f
1475	214	51	moveupfront	2015-05-22 19:28:12.906+05	t	0	0	{}	{}	{}	t	f	f	f	f	f
1476	214	51	moving	2015-05-22 19:28:12.907+05	t	0	0	{}	{}	{}	t	f	f	f	f	f
1477	214	51	prepareinvoking	2015-05-22 19:28:12.909+05	t	0	0	{}	{}	{}	t	f	f	f	f	f
1478	214	51	preparemovetospace	2015-05-22 19:28:12.909+05	t	0	0	{}	{}	{}	t	f	f	f	f	f
1479	214	51	movetospace	2015-05-22 19:28:12.909+05	t	0	1	{}	{}	{62}	t	f	t	f	f	f
1480	214	51	preparemovetocontainer	2015-05-22 19:28:12.909+05	t	0	1	{}	{}	{62}	t	f	t	f	f	f
1481	214	51	movetocontainer	2015-05-22 19:28:12.909+05	t	0	1	{1}	{}	{62}	t	f	t	t	f	f
1482	214	51	invoked	2015-05-22 19:28:12.909+05	t	0	1	{1}	{}	{62}	t	f	t	t	f	f
1483	214	51	moving	2015-05-22 19:28:12.909+05	t	0	1	{1}	{}	{62}	t	f	t	t	f	f
1484	214	51	preparemoveupfront	2015-05-22 19:28:12.909+05	t	0	1	{1}	{}	{62}	t	f	t	t	f	f
1485	214	51	moveupfront	2015-05-22 19:28:12.911+05	t	0	0	{}	{}	{}	t	f	f	f	f	f
1486	214	51	moving	2015-05-22 19:28:12.911+05	t	0	0	{}	{}	{}	t	f	f	f	f	f
1487	214	51	end	2015-05-22 19:28:12.913+05	t	0	0	{}	{}	{}	t	t	f	f	f	f
1488	216	52	start	2015-05-22 19:35:24.384+05	t	0	0	{}	{}	{}	t	f	f	f	f	f
1489	216	52	moving	2015-05-22 19:35:24.385+05	t	0	0	{}	{}	{}	t	f	f	f	f	f
1490	216	52	prepareinvoking	2015-05-22 19:35:24.385+05	t	0	0	{}	{}	{}	t	f	f	f	f	f
1491	216	52	preparemovetospace	2015-05-22 19:35:24.387+05	t	0	0	{}	{}	{}	t	f	f	f	f	f
1492	216	52	movetospace	2015-05-22 19:35:24.387+05	t	0	1	{}	{}	{63}	t	f	t	f	f	f
1493	216	52	preparemovetocontainer	2015-05-22 19:35:24.387+05	t	0	1	{}	{}	{63}	t	f	t	f	f	f
1494	216	52	movetocontainer	2015-05-22 19:35:24.387+05	t	0	1	{1}	{}	{63}	t	f	t	t	f	f
1495	216	52	invoked	2015-05-22 19:35:24.387+05	t	0	1	{1}	{}	{63}	t	f	t	t	f	f
1496	216	52	moving	2015-05-22 19:35:24.387+05	t	0	1	{1}	{}	{63}	t	f	t	t	f	f
1497	216	52	preparemoveupfront	2015-05-22 19:35:24.387+05	t	0	1	{1}	{}	{63}	t	f	t	t	f	f
1498	216	52	moveupfront	2015-05-22 19:35:24.387+05	t	0	0	{}	{}	{}	t	f	f	f	f	f
1499	216	52	moving	2015-05-22 19:35:24.387+05	t	0	0	{}	{}	{}	t	f	f	f	f	f
1500	216	52	prepareinvoking	2015-05-22 19:35:24.387+05	t	0	0	{}	{}	{}	t	f	f	f	f	f
1501	216	52	preparemovetospace	2015-05-22 19:35:24.388+05	t	0	0	{}	{}	{}	t	f	f	f	f	f
1502	216	52	movetospace	2015-05-22 19:35:24.388+05	t	0	1	{}	{}	{63}	t	f	t	f	f	f
1503	216	52	preparemovetocontainer	2015-05-22 19:35:24.388+05	t	0	1	{}	{}	{63}	t	f	t	f	f	f
1504	216	52	movetocontainer	2015-05-22 19:35:24.388+05	t	0	1	{1}	{}	{63}	t	f	t	t	f	f
1505	216	52	invoked	2015-05-22 19:35:24.388+05	t	0	1	{1}	{}	{63}	t	f	t	t	f	f
1506	216	52	moving	2015-05-22 19:35:24.388+05	t	0	1	{1}	{}	{63}	t	f	t	t	f	f
1507	216	52	preparemoveupfront	2015-05-22 19:35:24.388+05	t	0	1	{1}	{}	{63}	t	f	t	t	f	f
1508	216	52	moveupfront	2015-05-22 19:35:24.388+05	t	0	0	{}	{}	{}	t	f	f	f	f	f
1509	216	52	moving	2015-05-22 19:35:24.388+05	t	0	0	{}	{}	{}	t	f	f	f	f	f
1510	216	52	prepareinvoking	2015-05-22 19:35:24.388+05	t	0	0	{}	{}	{}	t	f	f	f	f	f
1511	216	52	preparemovetospace	2015-05-22 19:35:24.388+05	t	0	0	{}	{}	{}	t	f	f	f	f	f
1512	216	52	movetospace	2015-05-22 19:35:24.388+05	t	0	1	{}	{}	{63}	t	f	t	f	f	f
1513	216	52	preparemovetocontainer	2015-05-22 19:35:24.388+05	t	0	1	{}	{}	{63}	t	f	t	f	f	f
1514	216	52	movetocontainer	2015-05-22 19:35:24.388+05	t	0	1	{1}	{}	{63}	t	f	t	t	f	f
1515	216	52	invoked	2015-05-22 19:35:24.389+05	t	0	1	{1}	{}	{63}	t	f	t	t	f	f
1516	216	52	moving	2015-05-22 19:35:24.389+05	t	0	1	{1}	{}	{63}	t	f	t	t	f	f
1517	216	52	preparemoveupfront	2015-05-22 19:35:24.39+05	t	0	1	{1}	{}	{63}	t	f	t	t	f	f
1518	216	52	moveupfront	2015-05-22 19:35:24.39+05	t	0	0	{}	{}	{}	t	f	f	f	f	f
1519	216	52	moving	2015-05-22 19:35:24.39+05	t	0	0	{}	{}	{}	t	f	f	f	f	f
1520	216	52	prepareinvoking	2015-05-22 19:35:24.39+05	t	0	0	{}	{}	{}	t	f	f	f	f	f
1521	216	52	preparemovetospace	2015-05-22 19:35:24.39+05	t	0	0	{}	{}	{}	t	f	f	f	f	f
1522	216	52	movetospace	2015-05-22 19:35:24.39+05	t	0	1	{}	{}	{63}	t	f	t	f	f	f
1523	216	52	preparemovetocontainer	2015-05-22 19:35:24.39+05	t	0	1	{}	{}	{63}	t	f	t	f	f	f
1524	216	52	movetocontainer	2015-05-22 19:35:24.39+05	t	0	1	{1}	{}	{63}	t	f	t	t	f	f
1525	216	52	invoked	2015-05-22 19:35:24.39+05	t	0	1	{1}	{}	{63}	t	f	t	t	f	f
1526	216	52	moving	2015-05-22 19:35:24.391+05	t	0	1	{1}	{}	{63}	t	f	t	t	f	f
1527	216	52	preparemoveupfront	2015-05-22 19:35:24.391+05	t	0	1	{1}	{}	{63}	t	f	t	t	f	f
1528	216	52	moveupfront	2015-05-22 19:35:24.391+05	t	0	0	{}	{}	{}	t	f	f	f	f	f
1529	216	52	moving	2015-05-22 19:35:24.391+05	t	0	0	{}	{}	{}	t	f	f	f	f	f
1530	216	52	prepareinvoking	2015-05-22 19:35:24.391+05	t	0	0	{}	{}	{}	t	f	f	f	f	f
1531	216	52	preparemovetospace	2015-05-22 19:35:24.395+05	t	0	0	{}	{}	{}	t	f	f	f	f	f
1532	216	52	movetospace	2015-05-22 19:35:24.395+05	t	0	1	{}	{}	{63}	t	f	t	f	f	f
1533	216	52	preparemovetocontainer	2015-05-22 19:35:24.395+05	t	0	1	{}	{}	{63}	t	f	t	f	f	f
1534	216	52	movetocontainer	2015-05-22 19:35:24.395+05	t	0	1	{1}	{}	{63}	t	f	t	t	f	f
1535	216	52	invoked	2015-05-22 19:35:24.395+05	t	0	1	{1}	{}	{63}	t	f	t	t	f	f
1536	216	52	moving	2015-05-22 19:35:24.395+05	t	0	1	{1}	{}	{63}	t	f	t	t	f	f
1537	216	52	preparemoveupfront	2015-05-22 19:35:24.395+05	t	0	1	{1}	{}	{63}	t	f	t	t	f	f
1538	216	52	moveupfront	2015-05-22 19:35:24.395+05	t	0	0	{}	{}	{}	t	f	f	f	f	f
1539	216	52	moving	2015-05-22 19:35:24.395+05	t	0	0	{}	{}	{}	t	f	f	f	f	f
1540	216	52	prepareinvoking	2015-05-22 19:35:24.396+05	t	0	0	{}	{}	{}	t	f	f	f	f	f
1541	216	52	preparemovetospace	2015-05-22 19:35:24.396+05	t	0	0	{}	{}	{}	t	f	f	f	f	f
1542	216	52	movetospace	2015-05-22 19:35:24.396+05	t	0	1	{}	{}	{63}	t	f	t	f	f	f
1543	216	52	preparemovetocontainer	2015-05-22 19:35:24.396+05	t	0	1	{}	{}	{63}	t	f	t	f	f	f
1544	216	52	movetocontainer	2015-05-22 19:35:24.396+05	t	0	1	{1}	{}	{63}	t	f	t	t	f	f
1545	216	52	invoked	2015-05-22 19:35:24.396+05	t	0	1	{1}	{}	{63}	t	f	t	t	f	f
1546	216	52	moving	2015-05-22 19:35:24.396+05	t	0	1	{1}	{}	{63}	t	f	t	t	f	f
1547	216	52	preparemoveupfront	2015-05-22 19:35:24.396+05	t	0	1	{1}	{}	{63}	t	f	t	t	f	f
1548	216	52	moveupfront	2015-05-22 19:35:24.396+05	t	0	0	{}	{}	{}	t	f	f	f	f	f
1549	216	52	moving	2015-05-22 19:35:24.396+05	t	0	0	{}	{}	{}	t	f	f	f	f	f
1550	216	52	prepareinvoking	2015-05-22 19:35:24.396+05	t	0	0	{}	{}	{}	t	f	f	f	f	f
1551	216	52	preparemovetospace	2015-05-22 19:35:24.396+05	t	0	0	{}	{}	{}	t	f	f	f	f	f
1552	216	52	movetospace	2015-05-22 19:35:24.396+05	t	0	1	{}	{}	{63}	t	f	t	f	f	f
1553	216	52	preparemovetocontainer	2015-05-22 19:35:24.396+05	t	0	1	{}	{}	{63}	t	f	t	f	f	f
1554	216	52	movetocontainer	2015-05-22 19:35:24.397+05	t	0	1	{1}	{}	{63}	t	f	t	t	f	f
1555	216	52	invoked	2015-05-22 19:35:24.397+05	t	0	1	{1}	{}	{63}	t	f	t	t	f	f
1556	216	52	moving	2015-05-22 19:35:24.397+05	t	0	1	{1}	{}	{63}	t	f	t	t	f	f
1557	216	52	preparemoveupfront	2015-05-22 19:35:24.397+05	t	0	1	{1}	{}	{63}	t	f	t	t	f	f
1558	216	52	moveupfront	2015-05-22 19:35:24.397+05	t	0	0	{}	{}	{}	t	f	f	f	f	f
1559	216	52	moving	2015-05-22 19:35:24.397+05	t	0	0	{}	{}	{}	t	f	f	f	f	f
1560	216	52	prepareinvoking	2015-05-22 19:35:24.397+05	t	0	0	{}	{}	{}	t	f	f	f	f	f
1561	216	52	preparemovetospace	2015-05-22 19:35:24.397+05	t	0	0	{}	{}	{}	t	f	f	f	f	f
1562	216	52	movetospace	2015-05-22 19:35:24.397+05	t	0	1	{}	{}	{63}	t	f	t	f	f	f
1563	216	52	preparemovetocontainer	2015-05-22 19:35:24.397+05	t	0	1	{}	{}	{63}	t	f	t	f	f	f
1564	216	52	movetocontainer	2015-05-22 19:35:24.397+05	t	0	1	{1}	{}	{63}	t	f	t	t	f	f
1565	216	52	invoked	2015-05-22 19:35:24.397+05	t	0	1	{1}	{}	{63}	t	f	t	t	f	f
1566	216	52	moving	2015-05-22 19:35:24.397+05	t	0	1	{1}	{}	{63}	t	f	t	t	f	f
1567	216	52	preparemoveupfront	2015-05-22 19:35:24.398+05	t	0	1	{1}	{}	{63}	t	f	t	t	f	f
1568	216	52	moveupfront	2015-05-22 19:35:24.398+05	t	0	0	{}	{}	{}	t	f	f	f	f	f
1569	216	52	moving	2015-05-22 19:35:24.398+05	t	0	0	{}	{}	{}	t	f	f	f	f	f
1570	216	52	prepareinvoking	2015-05-22 19:35:24.402+05	t	0	0	{}	{}	{}	t	f	f	f	f	f
1571	216	52	preparemovetospace	2015-05-22 19:35:24.402+05	t	0	0	{}	{}	{}	t	f	f	f	f	f
1572	216	52	movetospace	2015-05-22 19:35:24.402+05	t	0	1	{}	{}	{63}	t	f	t	f	f	f
1573	216	52	preparemovetocontainer	2015-05-22 19:35:24.402+05	t	0	1	{}	{}	{63}	t	f	t	f	f	f
1574	216	52	movetocontainer	2015-05-22 19:35:24.402+05	t	0	1	{1}	{}	{63}	t	f	t	t	f	f
1575	216	52	invoked	2015-05-22 19:35:24.402+05	t	0	1	{1}	{}	{63}	t	f	t	t	f	f
1576	216	52	moving	2015-05-22 19:35:24.403+05	t	0	1	{1}	{}	{63}	t	f	t	t	f	f
1577	216	52	preparemoveupfront	2015-05-22 19:35:24.403+05	t	0	1	{1}	{}	{63}	t	f	t	t	f	f
1578	216	52	moveupfront	2015-05-22 19:35:24.403+05	t	0	0	{}	{}	{}	t	f	f	f	f	f
1579	216	52	moving	2015-05-22 19:35:24.403+05	t	0	0	{}	{}	{}	t	f	f	f	f	f
1580	216	52	prepareinvoking	2015-05-22 19:35:24.403+05	t	0	0	{}	{}	{}	t	f	f	f	f	f
1581	216	52	preparemovetospace	2015-05-22 19:35:24.406+05	t	0	0	{}	{}	{}	t	f	f	f	f	f
1582	216	52	movetospace	2015-05-22 19:35:24.407+05	t	0	1	{}	{}	{63}	t	f	t	f	f	f
1583	216	52	preparemovetocontainer	2015-05-22 19:35:24.407+05	t	0	1	{}	{}	{63}	t	f	t	f	f	f
1584	216	52	movetocontainer	2015-05-22 19:35:24.407+05	t	0	1	{1}	{}	{63}	t	f	t	t	f	f
1585	216	52	invoked	2015-05-22 19:35:24.407+05	t	0	1	{1}	{}	{63}	t	f	t	t	f	f
1586	216	52	moving	2015-05-22 19:35:24.407+05	t	0	1	{1}	{}	{63}	t	f	t	t	f	f
1587	216	52	preparemoveupfront	2015-05-22 19:35:24.407+05	t	0	1	{1}	{}	{63}	t	f	t	t	f	f
1588	216	52	moveupfront	2015-05-22 19:35:24.407+05	t	0	0	{}	{}	{}	t	f	f	f	f	f
1589	216	52	moving	2015-05-22 19:35:24.407+05	t	0	0	{}	{}	{}	t	f	f	f	f	f
1590	216	52	prepareinvoking	2015-05-22 19:35:24.408+05	t	0	0	{}	{}	{}	t	f	f	f	f	f
1591	216	52	preparemovetospace	2015-05-22 19:35:24.408+05	t	0	0	{}	{}	{}	t	f	f	f	f	f
1592	216	52	movetospace	2015-05-22 19:35:24.408+05	t	0	1	{}	{}	{63}	t	f	t	f	f	f
1593	216	52	preparemovetocontainer	2015-05-22 19:35:24.408+05	t	0	1	{}	{}	{63}	t	f	t	f	f	f
1594	216	52	movetocontainer	2015-05-22 19:35:24.408+05	t	0	1	{1}	{}	{63}	t	f	t	t	f	f
1595	216	52	invoked	2015-05-22 19:35:24.408+05	t	0	1	{1}	{}	{63}	t	f	t	t	f	f
1596	216	52	moving	2015-05-22 19:35:24.408+05	t	0	1	{1}	{}	{63}	t	f	t	t	f	f
1597	216	52	preparemoveupfront	2015-05-22 19:35:24.408+05	t	0	1	{1}	{}	{63}	t	f	t	t	f	f
1598	216	52	moveupfront	2015-05-22 19:35:24.408+05	t	0	0	{}	{}	{}	t	f	f	f	f	f
1599	216	52	moving	2015-05-22 19:35:24.408+05	t	0	0	{}	{}	{}	t	f	f	f	f	f
1600	216	52	prepareinvoking	2015-05-22 19:35:24.411+05	t	0	0	{}	{}	{}	t	f	f	f	f	f
1601	216	52	preparemovetospace	2015-05-22 19:35:24.411+05	t	0	0	{}	{}	{}	t	f	f	f	f	f
1602	216	52	movetospace	2015-05-22 19:35:24.411+05	t	0	1	{}	{}	{63}	t	f	t	f	f	f
1603	216	52	preparemovetocontainer	2015-05-22 19:35:24.411+05	t	0	1	{}	{}	{63}	t	f	t	f	f	f
1604	216	52	movetocontainer	2015-05-22 19:35:24.411+05	t	0	1	{1}	{}	{63}	t	f	t	t	f	f
1605	216	52	invoked	2015-05-22 19:35:24.411+05	t	0	1	{1}	{}	{63}	t	f	t	t	f	f
1606	216	52	moving	2015-05-22 19:35:24.411+05	t	0	1	{1}	{}	{63}	t	f	t	t	f	f
1607	216	52	preparemoveupfront	2015-05-22 19:35:24.411+05	t	0	1	{1}	{}	{63}	t	f	t	t	f	f
1608	216	52	moveupfront	2015-05-22 19:35:24.412+05	t	0	0	{}	{}	{}	t	f	f	f	f	f
1609	216	52	moving	2015-05-22 19:35:24.412+05	t	0	0	{}	{}	{}	t	f	f	f	f	f
1610	216	52	prepareinvoking	2015-05-22 19:35:24.412+05	t	0	0	{}	{}	{}	t	f	f	f	f	f
1611	216	52	preparemovetospace	2015-05-22 19:35:24.412+05	t	0	0	{}	{}	{}	t	f	f	f	f	f
1612	216	52	movetospace	2015-05-22 19:35:24.412+05	t	0	1	{}	{}	{63}	t	f	t	f	f	f
1613	216	52	preparemovetocontainer	2015-05-22 19:35:24.412+05	t	0	1	{}	{}	{63}	t	f	t	f	f	f
1614	216	52	movetocontainer	2015-05-22 19:35:24.412+05	t	0	1	{1}	{}	{63}	t	f	t	t	f	f
1615	216	52	invoked	2015-05-22 19:35:24.412+05	t	0	1	{1}	{}	{63}	t	f	t	t	f	f
1616	216	52	moving	2015-05-22 19:35:24.412+05	t	0	1	{1}	{}	{63}	t	f	t	t	f	f
1617	216	52	preparemoveupfront	2015-05-22 19:35:24.412+05	t	0	1	{1}	{}	{63}	t	f	t	t	f	f
1618	216	52	moveupfront	2015-05-22 19:35:24.412+05	t	0	0	{}	{}	{}	t	f	f	f	f	f
1619	216	52	moving	2015-05-22 19:35:24.412+05	t	0	0	{}	{}	{}	t	f	f	f	f	f
1620	216	52	prepareinvoking	2015-05-22 19:35:24.412+05	t	0	0	{}	{}	{}	t	f	f	f	f	f
1621	216	52	preparemovetospace	2015-05-22 19:35:24.412+05	t	0	0	{}	{}	{}	t	f	f	f	f	f
1622	216	52	movetospace	2015-05-22 19:35:24.412+05	t	0	1	{}	{}	{63}	t	f	t	f	f	f
1623	216	52	preparemovetocontainer	2015-05-22 19:35:24.412+05	t	0	1	{}	{}	{63}	t	f	t	f	f	f
1624	216	52	movetocontainer	2015-05-22 19:35:24.412+05	t	0	1	{1}	{}	{63}	t	f	t	t	f	f
1625	216	52	invoked	2015-05-22 19:35:24.412+05	t	0	1	{1}	{}	{63}	t	f	t	t	f	f
1626	216	52	moving	2015-05-22 19:35:24.413+05	t	0	1	{1}	{}	{63}	t	f	t	t	f	f
1627	216	52	end	2015-05-22 19:35:24.413+05	t	0	1	{1}	{}	{63}	t	t	t	t	f	f
1628	217	52	start	2015-05-22 19:37:13.058+05	t	0	0	{}	{}	{}	t	f	f	f	f	f
1629	217	52	moving	2015-05-22 19:37:13.058+05	t	0	0	{}	{}	{}	t	f	f	f	f	f
1630	217	52	prepareinvoking	2015-05-22 19:37:13.059+05	t	0	0	{}	{}	{}	t	f	f	f	f	f
1631	217	52	preparemovetospace	2015-05-22 19:37:13.059+05	t	0	0	{}	{}	{}	t	f	f	f	f	f
1632	217	52	movetospace	2015-05-22 19:37:13.059+05	t	0	1	{}	{}	{63}	t	f	t	f	f	f
1633	217	52	preparemovetocontainer	2015-05-22 19:37:13.059+05	t	0	1	{}	{}	{63}	t	f	t	f	f	f
1634	217	52	movetocontainer	2015-05-22 19:37:13.059+05	t	0	1	{1}	{}	{63}	t	f	t	t	f	f
1635	217	52	invoked	2015-05-22 19:37:13.059+05	t	0	1	{1}	{}	{63}	t	f	t	t	f	f
1636	217	52	moving	2015-05-22 19:37:13.059+05	t	0	1	{1}	{}	{63}	t	f	t	t	f	f
1637	217	52	preparemoveupfront	2015-05-22 19:37:13.059+05	t	0	1	{1}	{}	{63}	t	f	t	t	f	f
1638	217	52	moveupfront	2015-05-22 19:37:13.059+05	t	0	0	{}	{}	{}	t	f	f	f	f	f
1639	217	52	moving	2015-05-22 19:37:13.059+05	t	0	0	{}	{}	{}	t	f	f	f	f	f
1640	217	52	prepareinvoking	2015-05-22 19:37:13.059+05	t	0	0	{}	{}	{}	t	f	f	f	f	f
1641	217	52	preparemovetospace	2015-05-22 19:37:13.059+05	t	0	0	{}	{}	{}	t	f	f	f	f	f
1642	217	52	movetospace	2015-05-22 19:37:13.059+05	t	0	1	{}	{}	{63}	t	f	t	f	f	f
1643	217	52	preparemovetocontainer	2015-05-22 19:37:13.059+05	t	0	1	{}	{}	{63}	t	f	t	f	f	f
1644	217	52	movetocontainer	2015-05-22 19:37:13.059+05	t	0	1	{1}	{}	{63}	t	f	t	t	f	f
1645	217	52	invoked	2015-05-22 19:37:13.062+05	t	0	1	{1}	{}	{63}	t	f	t	t	f	f
1646	217	52	moving	2015-05-22 19:37:13.062+05	t	0	1	{1}	{}	{63}	t	f	t	t	f	f
1647	217	52	preparemoveupfront	2015-05-22 19:37:13.062+05	t	0	1	{1}	{}	{63}	t	f	t	t	f	f
1648	217	52	moveupfront	2015-05-22 19:37:13.062+05	t	0	0	{}	{}	{}	t	f	f	f	f	f
1649	217	52	moving	2015-05-22 19:37:13.062+05	t	0	0	{}	{}	{}	t	f	f	f	f	f
1650	217	52	prepareinvoking	2015-05-22 19:37:13.062+05	t	0	0	{}	{}	{}	t	f	f	f	f	f
1651	217	52	preparemovetospace	2015-05-22 19:37:13.062+05	t	0	0	{}	{}	{}	t	f	f	f	f	f
1652	217	52	movetospace	2015-05-22 19:37:13.062+05	t	0	1	{}	{}	{63}	t	f	t	f	f	f
1653	217	52	preparemovetocontainer	2015-05-22 19:37:13.062+05	t	0	1	{}	{}	{63}	t	f	t	f	f	f
1654	217	52	movetocontainer	2015-05-22 19:37:13.063+05	t	0	1	{1}	{}	{63}	t	f	t	t	f	f
1655	217	52	invoked	2015-05-22 19:37:13.063+05	t	0	1	{1}	{}	{63}	t	f	t	t	f	f
1656	217	52	moving	2015-05-22 19:37:13.063+05	t	0	1	{1}	{}	{63}	t	f	t	t	f	f
1657	217	52	preparemoveupfront	2015-05-22 19:37:13.063+05	t	0	1	{1}	{}	{63}	t	f	t	t	f	f
1658	217	52	moveupfront	2015-05-22 19:37:13.063+05	t	0	0	{}	{}	{}	t	f	f	f	f	f
1659	217	52	moving	2015-05-22 19:37:13.063+05	t	0	0	{}	{}	{}	t	f	f	f	f	f
1660	217	52	prepareinvoking	2015-05-22 19:37:13.063+05	t	0	0	{}	{}	{}	t	f	f	f	f	f
1661	217	52	preparemovetospace	2015-05-22 19:37:13.065+05	t	0	0	{}	{}	{}	t	f	f	f	f	f
1662	217	52	movetospace	2015-05-22 19:37:13.065+05	t	0	1	{}	{}	{63}	t	f	t	f	f	f
1663	217	52	preparemovetocontainer	2015-05-22 19:37:13.065+05	t	0	1	{}	{}	{63}	t	f	t	f	f	f
1664	217	52	movetocontainer	2015-05-22 19:37:13.065+05	t	0	1	{1}	{}	{63}	t	f	t	t	f	f
1665	217	52	invoked	2015-05-22 19:37:13.068+05	t	0	1	{1}	{}	{63}	t	f	t	t	f	f
1666	217	52	moving	2015-05-22 19:37:13.068+05	t	0	1	{1}	{}	{63}	t	f	t	t	f	f
1667	217	52	preparemoveupfront	2015-05-22 19:37:13.068+05	t	0	1	{1}	{}	{63}	t	f	t	t	f	f
1668	217	52	moveupfront	2015-05-22 19:37:13.068+05	t	0	0	{}	{}	{}	t	f	f	f	f	f
1669	217	52	moving	2015-05-22 19:37:13.068+05	t	0	0	{}	{}	{}	t	f	f	f	f	f
1670	217	52	prepareinvoking	2015-05-22 19:37:13.071+05	t	0	0	{}	{}	{}	t	f	f	f	f	f
1671	217	52	preparemovetospace	2015-05-22 19:37:13.071+05	t	0	0	{}	{}	{}	t	f	f	f	f	f
1672	217	52	movetospace	2015-05-22 19:37:13.071+05	t	0	1	{}	{}	{63}	t	f	t	f	f	f
1673	217	52	preparemovetocontainer	2015-05-22 19:37:13.071+05	t	0	1	{}	{}	{63}	t	f	t	f	f	f
1674	217	52	movetocontainer	2015-05-22 19:37:13.071+05	t	0	1	{1}	{}	{63}	t	f	t	t	f	f
1675	217	52	invoked	2015-05-22 19:37:13.071+05	t	0	1	{1}	{}	{63}	t	f	t	t	f	f
1676	217	52	moving	2015-05-22 19:37:13.071+05	t	0	1	{1}	{}	{63}	t	f	t	t	f	f
1677	217	52	preparemoveupfront	2015-05-22 19:37:13.071+05	t	0	1	{1}	{}	{63}	t	f	t	t	f	f
1678	217	52	moveupfront	2015-05-22 19:37:13.071+05	t	0	0	{}	{}	{}	t	f	f	f	f	f
1679	217	52	moving	2015-05-22 19:37:13.071+05	t	0	0	{}	{}	{}	t	f	f	f	f	f
1680	217	52	prepareinvoking	2015-05-22 19:37:13.071+05	t	0	0	{}	{}	{}	t	f	f	f	f	f
1681	217	52	preparemovetospace	2015-05-22 19:37:13.071+05	t	0	0	{}	{}	{}	t	f	f	f	f	f
1682	217	52	movetospace	2015-05-22 19:37:13.095+05	t	0	1	{}	{}	{63}	t	f	t	f	f	f
1683	217	52	preparemovetocontainer	2015-05-22 19:37:13.095+05	t	0	1	{}	{}	{63}	t	f	t	f	f	f
1684	217	52	movetocontainer	2015-05-22 19:37:13.095+05	t	0	1	{1}	{}	{63}	t	f	t	t	f	f
1685	217	52	invoked	2015-05-22 19:37:13.1+05	t	0	1	{1}	{}	{63}	t	f	t	t	f	f
1686	217	52	moving	2015-05-22 19:37:13.101+05	t	0	1	{1}	{}	{63}	t	f	t	t	f	f
1687	217	52	preparemoveupfront	2015-05-22 19:37:13.101+05	t	0	1	{1}	{}	{63}	t	f	t	t	f	f
1688	217	52	moveupfront	2015-05-22 19:37:13.101+05	t	0	0	{}	{}	{}	t	f	f	f	f	f
1689	217	52	moving	2015-05-22 19:37:13.101+05	t	0	0	{}	{}	{}	t	f	f	f	f	f
1690	217	52	prepareinvoking	2015-05-22 19:37:13.101+05	t	0	0	{}	{}	{}	t	f	f	f	f	f
1691	217	52	preparemovetospace	2015-05-22 19:37:13.101+05	t	0	0	{}	{}	{}	t	f	f	f	f	f
1692	217	52	movetospace	2015-05-22 19:37:13.11+05	t	0	1	{}	{}	{63}	t	f	t	f	f	f
1693	217	52	preparemovetocontainer	2015-05-22 19:37:13.11+05	t	0	1	{}	{}	{63}	t	f	t	f	f	f
1694	217	52	movetocontainer	2015-05-22 19:37:13.11+05	t	0	1	{1}	{}	{63}	t	f	t	t	f	f
1695	217	52	invoked	2015-05-22 19:37:13.111+05	t	0	1	{1}	{}	{63}	t	f	t	t	f	f
1696	217	52	moving	2015-05-22 19:37:13.111+05	t	0	1	{1}	{}	{63}	t	f	t	t	f	f
1697	217	52	preparemoveupfront	2015-05-22 19:37:13.114+05	t	0	1	{1}	{}	{63}	t	f	t	t	f	f
1698	217	52	moveupfront	2015-05-22 19:37:13.114+05	t	0	0	{}	{}	{}	t	f	f	f	f	f
1699	217	52	moving	2015-05-22 19:37:13.114+05	t	0	0	{}	{}	{}	t	f	f	f	f	f
1700	217	52	prepareinvoking	2015-05-22 19:37:13.114+05	t	0	0	{}	{}	{}	t	f	f	f	f	f
1701	217	52	preparemovetospace	2015-05-22 19:37:13.114+05	t	0	0	{}	{}	{}	t	f	f	f	f	f
1702	217	52	movetospace	2015-05-22 19:37:13.114+05	t	0	1	{}	{}	{63}	t	f	t	f	f	f
1703	217	52	preparemovetocontainer	2015-05-22 19:37:13.114+05	t	0	1	{}	{}	{63}	t	f	t	f	f	f
1704	217	52	movetocontainer	2015-05-22 19:37:13.114+05	t	0	1	{1}	{}	{63}	t	f	t	t	f	f
1705	217	52	invoked	2015-05-22 19:37:13.115+05	t	0	1	{1}	{}	{63}	t	f	t	t	f	f
1706	217	52	moving	2015-05-22 19:37:13.115+05	t	0	1	{1}	{}	{63}	t	f	t	t	f	f
1707	217	52	preparemoveupfront	2015-05-22 19:37:13.121+05	t	0	1	{1}	{}	{63}	t	f	t	t	f	f
1708	217	52	moveupfront	2015-05-22 19:37:13.121+05	t	0	0	{}	{}	{}	t	f	f	f	f	f
1709	217	52	moving	2015-05-22 19:37:13.121+05	t	0	0	{}	{}	{}	t	f	f	f	f	f
1710	217	52	prepareinvoking	2015-05-22 19:37:13.121+05	t	0	0	{}	{}	{}	t	f	f	f	f	f
1711	217	52	preparemovetospace	2015-05-22 19:37:13.121+05	t	0	0	{}	{}	{}	t	f	f	f	f	f
1712	217	52	movetospace	2015-05-22 19:37:13.121+05	t	0	1	{}	{}	{63}	t	f	t	f	f	f
1713	217	52	preparemovetocontainer	2015-05-22 19:37:13.121+05	t	0	1	{}	{}	{63}	t	f	t	f	f	f
1714	217	52	movetocontainer	2015-05-22 19:37:13.121+05	t	0	1	{1}	{}	{63}	t	f	t	t	f	f
1715	217	52	invoked	2015-05-22 19:37:13.121+05	t	0	1	{1}	{}	{63}	t	f	t	t	f	f
1716	217	52	moving	2015-05-22 19:37:13.121+05	t	0	1	{1}	{}	{63}	t	f	t	t	f	f
1717	217	52	preparemoveupfront	2015-05-22 19:37:13.124+05	t	0	1	{1}	{}	{63}	t	f	t	t	f	f
1718	217	52	moveupfront	2015-05-22 19:37:13.124+05	t	0	0	{}	{}	{}	t	f	f	f	f	f
1719	217	52	moving	2015-05-22 19:37:13.124+05	t	0	0	{}	{}	{}	t	f	f	f	f	f
1720	217	52	prepareinvoking	2015-05-22 19:37:13.124+05	t	0	0	{}	{}	{}	t	f	f	f	f	f
1721	217	52	preparemovetospace	2015-05-22 19:37:13.124+05	t	0	0	{}	{}	{}	t	f	f	f	f	f
1722	217	52	movetospace	2015-05-22 19:37:13.124+05	t	0	1	{}	{}	{63}	t	f	t	f	f	f
1723	217	52	preparemovetocontainer	2015-05-22 19:37:13.124+05	t	0	1	{}	{}	{63}	t	f	t	f	f	f
1724	217	52	movetocontainer	2015-05-22 19:37:13.124+05	t	0	1	{1}	{}	{63}	t	f	t	t	f	f
1725	217	52	invoked	2015-05-22 19:37:13.124+05	t	0	1	{1}	{}	{63}	t	f	t	t	f	f
1726	217	52	moving	2015-05-22 19:37:13.124+05	t	0	1	{1}	{}	{63}	t	f	t	t	f	f
1727	217	52	preparemoveupfront	2015-05-22 19:37:13.125+05	t	0	1	{1}	{}	{63}	t	f	t	t	f	f
1728	217	52	moveupfront	2015-05-22 19:37:13.125+05	t	0	0	{}	{}	{}	t	f	f	f	f	f
1729	217	52	moving	2015-05-22 19:37:13.125+05	t	0	0	{}	{}	{}	t	f	f	f	f	f
1730	217	52	prepareinvoking	2015-05-22 19:37:13.125+05	t	0	0	{}	{}	{}	t	f	f	f	f	f
1731	217	52	preparemovetospace	2015-05-22 19:37:13.125+05	t	0	0	{}	{}	{}	t	f	f	f	f	f
1732	217	52	movetospace	2015-05-22 19:37:13.125+05	t	0	1	{}	{}	{63}	t	f	t	f	f	f
1733	217	52	preparemovetocontainer	2015-05-22 19:37:13.125+05	t	0	1	{}	{}	{63}	t	f	t	f	f	f
1734	217	52	movetocontainer	2015-05-22 19:37:13.125+05	t	0	1	{1}	{}	{63}	t	f	t	t	f	f
1735	217	52	invoked	2015-05-22 19:37:13.125+05	t	0	1	{1}	{}	{63}	t	f	t	t	f	f
1736	217	52	moving	2015-05-22 19:37:13.125+05	t	0	1	{1}	{}	{63}	t	f	t	t	f	f
1737	217	52	preparemoveupfront	2015-05-22 19:37:13.125+05	t	0	1	{1}	{}	{63}	t	f	t	t	f	f
1738	217	52	moveupfront	2015-05-22 19:37:13.126+05	t	0	0	{}	{}	{}	t	f	f	f	f	f
1739	217	52	moving	2015-05-22 19:37:13.126+05	t	0	0	{}	{}	{}	t	f	f	f	f	f
1740	217	52	prepareinvoking	2015-05-22 19:37:13.126+05	t	0	0	{}	{}	{}	t	f	f	f	f	f
1741	217	52	preparemovetospace	2015-05-22 19:37:13.126+05	t	0	0	{}	{}	{}	t	f	f	f	f	f
1742	217	52	movetospace	2015-05-22 19:37:13.126+05	t	0	1	{}	{}	{63}	t	f	t	f	f	f
1743	217	52	preparemovetocontainer	2015-05-22 19:37:13.126+05	t	0	1	{}	{}	{63}	t	f	t	f	f	f
1744	217	52	movetocontainer	2015-05-22 19:37:13.126+05	t	0	1	{1}	{}	{63}	t	f	t	t	f	f
1745	217	52	invoked	2015-05-22 19:37:13.126+05	t	0	1	{1}	{}	{63}	t	f	t	t	f	f
1746	217	52	moving	2015-05-22 19:37:13.126+05	t	0	1	{1}	{}	{63}	t	f	t	t	f	f
1747	217	52	preparemoveupfront	2015-05-22 19:37:13.126+05	t	0	1	{1}	{}	{63}	t	f	t	t	f	f
1748	217	52	moveupfront	2015-05-22 19:37:13.126+05	t	0	0	{}	{}	{}	t	f	f	f	f	f
1749	217	52	moving	2015-05-22 19:37:13.126+05	t	0	0	{}	{}	{}	t	f	f	f	f	f
1750	217	52	prepareinvoking	2015-05-22 19:37:13.127+05	t	0	0	{}	{}	{}	t	f	f	f	f	f
1751	217	52	preparemovetospace	2015-05-22 19:37:13.127+05	t	0	0	{}	{}	{}	t	f	f	f	f	f
1752	217	52	movetospace	2015-05-22 19:37:13.127+05	t	0	1	{}	{}	{63}	t	f	t	f	f	f
1753	217	52	preparemovetocontainer	2015-05-22 19:37:13.127+05	t	0	1	{}	{}	{63}	t	f	t	f	f	f
1754	217	52	movetocontainer	2015-05-22 19:37:13.129+05	t	0	1	{1}	{}	{63}	t	f	t	t	f	f
1755	217	52	invoked	2015-05-22 19:37:13.129+05	t	0	1	{1}	{}	{63}	t	f	t	t	f	f
1756	217	52	moving	2015-05-22 19:37:13.129+05	t	0	1	{1}	{}	{63}	t	f	t	t	f	f
1757	217	52	preparemoveupfront	2015-05-22 19:37:13.129+05	t	0	1	{1}	{}	{63}	t	f	t	t	f	f
1758	217	52	moveupfront	2015-05-22 19:37:13.129+05	t	0	0	{}	{}	{}	t	f	f	f	f	f
1759	217	52	moving	2015-05-22 19:37:13.129+05	t	0	0	{}	{}	{}	t	f	f	f	f	f
1760	217	52	prepareinvoking	2015-05-22 19:37:13.13+05	t	0	0	{}	{}	{}	t	f	f	f	f	f
1761	217	52	preparemovetospace	2015-05-22 19:37:13.13+05	t	0	0	{}	{}	{}	t	f	f	f	f	f
1762	217	52	movetospace	2015-05-22 19:37:13.13+05	t	0	1	{}	{}	{63}	t	f	t	f	f	f
1763	217	52	preparemovetocontainer	2015-05-22 19:37:13.13+05	t	0	1	{}	{}	{63}	t	f	t	f	f	f
1764	217	52	movetocontainer	2015-05-22 19:37:13.13+05	t	0	1	{1}	{}	{63}	t	f	t	t	f	f
1765	217	52	invoked	2015-05-22 19:37:13.13+05	t	0	1	{1}	{}	{63}	t	f	t	t	f	f
1766	217	52	moving	2015-05-22 19:37:13.13+05	t	0	1	{1}	{}	{63}	t	f	t	t	f	f
1767	217	52	end	2015-05-22 19:37:13.131+05	t	0	1	{1}	{}	{63}	t	t	t	t	f	f
1768	218	52	start	2015-05-28 09:36:04.671+05	t	0	0	{}	{}	{}	t	f	f	f	f	f
1769	218	52	moving	2015-05-28 09:36:04.692+05	t	0	0	{}	{}	{}	t	f	f	f	f	f
1770	218	52	prepareinvoking	2015-05-28 09:36:04.875+05	t	0	0	{}	{}	{}	t	f	f	f	f	f
1771	218	52	preparemovetospace	2015-05-28 09:36:04.943+05	t	0	0	{}	{}	{}	t	f	f	f	f	f
1772	218	52	movetospace	2015-05-28 09:36:04.943+05	t	0	1	{}	{}	{63}	t	f	t	f	f	f
1773	218	52	preparemovetocontainer	2015-05-28 09:36:04.943+05	t	0	1	{}	{}	{63}	t	f	t	f	f	f
1774	218	52	movetocontainer	2015-05-28 09:36:04.983+05	t	0	1	{1}	{}	{63}	t	f	t	t	f	f
1775	218	52	invoked	2015-05-28 09:36:04.986+05	t	0	1	{1}	{}	{63}	t	f	t	t	f	f
1776	218	52	moving	2015-05-28 09:36:04.986+05	t	0	1	{1}	{}	{63}	t	f	t	t	f	f
1777	218	52	preparemoveupfront	2015-05-28 09:36:11.026+05	t	0	1	{1}	{}	{63}	t	f	t	t	f	f
1778	218	52	moveupfront	2015-05-28 09:36:11.03+05	t	0	0	{}	{}	{}	t	f	f	f	f	f
1779	218	52	moving	2015-05-28 09:36:11.03+05	t	0	0	{}	{}	{}	t	f	f	f	f	f
1780	218	52	prepareinvoking	2015-05-28 09:36:11.031+05	t	0	0	{}	{}	{}	t	f	f	f	f	f
1781	218	52	preparemovetospace	2015-05-28 09:36:11.031+05	t	0	0	{}	{}	{}	t	f	f	f	f	f
1782	218	52	movetospace	2015-05-28 09:36:11.031+05	t	0	1	{}	{}	{63}	t	f	t	f	f	f
1783	218	52	preparemovetocontainer	2015-05-28 09:36:11.031+05	t	0	1	{}	{}	{63}	t	f	t	f	f	f
1784	218	52	movetocontainer	2015-05-28 09:36:11.031+05	t	0	1	{1}	{}	{63}	t	f	t	t	f	f
1785	218	52	invoked	2015-05-28 09:36:11.031+05	t	0	1	{1}	{}	{63}	t	f	t	t	f	f
1786	218	52	moving	2015-05-28 09:36:11.031+05	t	0	1	{1}	{}	{63}	t	f	t	t	f	f
1787	218	52	preparemoveupfront	2015-05-28 09:36:11.981+05	t	0	1	{1}	{}	{63}	t	f	t	t	f	f
1788	218	52	moveupfront	2015-05-28 09:36:11.982+05	t	0	0	{}	{}	{}	t	f	f	f	f	f
1789	218	52	moving	2015-05-28 09:36:11.982+05	t	0	0	{}	{}	{}	t	f	f	f	f	f
1790	218	52	prepareinvoking	2015-05-28 09:36:11.982+05	t	0	0	{}	{}	{}	t	f	f	f	f	f
1791	218	52	preparemovetospace	2015-05-28 09:36:11.982+05	t	0	0	{}	{}	{}	t	f	f	f	f	f
1792	218	52	movetospace	2015-05-28 09:36:11.985+05	t	0	1	{}	{}	{63}	t	f	t	f	f	f
1793	218	52	preparemovetocontainer	2015-05-28 09:36:11.985+05	t	0	1	{}	{}	{63}	t	f	t	f	f	f
1794	218	52	movetocontainer	2015-05-28 09:36:11.985+05	t	0	1	{1}	{}	{63}	t	f	t	t	f	f
1795	218	52	invoked	2015-05-28 09:36:11.991+05	t	0	1	{1}	{}	{63}	t	f	t	t	f	f
1796	218	52	moving	2015-05-28 09:36:11.994+05	t	0	1	{1}	{}	{63}	t	f	t	t	f	f
1797	218	52	preparemoveupfront	2015-05-28 09:36:13.112+05	t	0	1	{1}	{}	{63}	t	f	t	t	f	f
1798	218	52	moveupfront	2015-05-28 09:36:13.112+05	t	0	0	{}	{}	{}	t	f	f	f	f	f
1799	218	52	moving	2015-05-28 09:36:13.112+05	t	0	0	{}	{}	{}	t	f	f	f	f	f
1800	218	52	prepareinvoking	2015-05-28 09:36:13.112+05	t	0	0	{}	{}	{}	t	f	f	f	f	f
1801	218	52	preparemovetospace	2015-05-28 09:36:13.113+05	t	0	0	{}	{}	{}	t	f	f	f	f	f
1802	218	52	movetospace	2015-05-28 09:36:13.113+05	t	0	1	{}	{}	{63}	t	f	t	f	f	f
1803	218	52	preparemovetocontainer	2015-05-28 09:36:13.113+05	t	0	1	{}	{}	{63}	t	f	t	f	f	f
1804	218	52	movetocontainer	2015-05-28 09:36:13.113+05	t	0	1	{1}	{}	{63}	t	f	t	t	f	f
1805	218	52	invoked	2015-05-28 09:36:13.114+05	t	0	1	{1}	{}	{63}	t	f	t	t	f	f
1806	218	52	moving	2015-05-28 09:36:13.114+05	t	0	1	{1}	{}	{63}	t	f	t	t	f	f
1807	218	52	preparemoveupfront	2015-05-28 09:36:14.183+05	t	0	1	{1}	{}	{63}	t	f	t	t	f	f
1808	218	52	moveupfront	2015-05-28 09:36:14.183+05	t	0	0	{}	{}	{}	t	f	f	f	f	f
1809	218	52	moving	2015-05-28 09:36:14.183+05	t	0	0	{}	{}	{}	t	f	f	f	f	f
1810	218	52	prepareinvoking	2015-05-28 09:36:14.186+05	t	0	0	{}	{}	{}	t	f	f	f	f	f
1811	218	52	preparemovetospace	2015-05-28 09:36:14.186+05	t	0	0	{}	{}	{}	t	f	f	f	f	f
1812	218	52	movetospace	2015-05-28 09:36:14.186+05	t	0	1	{}	{}	{63}	t	f	t	f	f	f
1813	218	52	preparemovetocontainer	2015-05-28 09:36:14.186+05	t	0	1	{}	{}	{63}	t	f	t	f	f	f
1814	218	52	movetocontainer	2015-05-28 09:36:14.186+05	t	0	1	{1}	{}	{63}	t	f	t	t	f	f
1815	218	52	invoked	2015-05-28 09:36:14.188+05	t	0	1	{1}	{}	{63}	t	f	t	t	f	f
1816	218	52	moving	2015-05-28 09:36:14.188+05	t	0	1	{1}	{}	{63}	t	f	t	t	f	f
1817	218	52	preparemoveupfront	2015-05-28 09:36:15.415+05	t	0	1	{1}	{}	{63}	t	f	t	t	f	f
1818	218	52	moveupfront	2015-05-28 09:36:15.415+05	t	0	0	{}	{}	{}	t	f	f	f	f	f
1819	218	52	moving	2015-05-28 09:36:15.422+05	t	0	0	{}	{}	{}	t	f	f	f	f	f
1820	218	52	prepareinvoking	2015-05-28 09:36:15.422+05	t	0	0	{}	{}	{}	t	f	f	f	f	f
1821	218	52	preparemovetospace	2015-05-28 09:36:15.422+05	t	0	0	{}	{}	{}	t	f	f	f	f	f
1822	218	52	movetospace	2015-05-28 09:36:15.423+05	t	0	1	{}	{}	{63}	t	f	t	f	f	f
1823	218	52	preparemovetocontainer	2015-05-28 09:36:15.423+05	t	0	1	{}	{}	{63}	t	f	t	f	f	f
1824	218	52	movetocontainer	2015-05-28 09:36:15.423+05	t	0	1	{1}	{}	{63}	t	f	t	t	f	f
1825	218	52	invoked	2015-05-28 09:36:15.423+05	t	0	1	{1}	{}	{63}	t	f	t	t	f	f
1826	218	52	moving	2015-05-28 09:36:15.423+05	t	0	1	{1}	{}	{63}	t	f	t	t	f	f
1827	218	52	preparemoveupfront	2015-05-28 09:36:16.326+05	t	0	1	{1}	{}	{63}	t	f	t	t	f	f
1828	218	52	moveupfront	2015-05-28 09:36:16.327+05	t	0	0	{}	{}	{}	t	f	f	f	f	f
1829	218	52	moving	2015-05-28 09:36:16.327+05	t	0	0	{}	{}	{}	t	f	f	f	f	f
1830	218	52	prepareinvoking	2015-05-28 09:36:16.327+05	t	0	0	{}	{}	{}	t	f	f	f	f	f
1831	218	52	preparemovetospace	2015-05-28 09:36:16.327+05	t	0	0	{}	{}	{}	t	f	f	f	f	f
1832	218	52	movetospace	2015-05-28 09:36:16.327+05	t	0	1	{}	{}	{63}	t	f	t	f	f	f
1833	218	52	preparemovetocontainer	2015-05-28 09:36:16.327+05	t	0	1	{}	{}	{63}	t	f	t	f	f	f
1834	218	52	movetocontainer	2015-05-28 09:36:16.327+05	t	0	1	{1}	{}	{63}	t	f	t	t	f	f
1835	218	52	invoked	2015-05-28 09:36:16.329+05	t	0	1	{1}	{}	{63}	t	f	t	t	f	f
1836	218	52	moving	2015-05-28 09:36:16.329+05	t	0	1	{1}	{}	{63}	t	f	t	t	f	f
1837	218	52	preparemoveupfront	2015-05-28 09:36:17.135+05	t	0	1	{1}	{}	{63}	t	f	t	t	f	f
1838	218	52	moveupfront	2015-05-28 09:36:17.135+05	t	0	0	{}	{}	{}	t	f	f	f	f	f
1839	218	52	moving	2015-05-28 09:36:17.135+05	t	0	0	{}	{}	{}	t	f	f	f	f	f
1840	218	52	prepareinvoking	2015-05-28 09:36:17.136+05	t	0	0	{}	{}	{}	t	f	f	f	f	f
1841	218	52	preparemovetospace	2015-05-28 09:36:17.136+05	t	0	0	{}	{}	{}	t	f	f	f	f	f
1842	218	52	movetospace	2015-05-28 09:36:17.136+05	t	0	1	{}	{}	{63}	t	f	t	f	f	f
1843	218	52	preparemovetocontainer	2015-05-28 09:36:17.136+05	t	0	1	{}	{}	{63}	t	f	t	f	f	f
1844	218	52	movetocontainer	2015-05-28 09:36:17.136+05	t	0	1	{1}	{}	{63}	t	f	t	t	f	f
1845	218	52	invoked	2015-05-28 09:36:17.137+05	t	0	1	{1}	{}	{63}	t	f	t	t	f	f
1846	218	52	moving	2015-05-28 09:36:17.138+05	t	0	1	{1}	{}	{63}	t	f	t	t	f	f
1847	218	52	preparemoveupfront	2015-05-28 09:36:18.534+05	t	0	1	{1}	{}	{63}	t	f	t	t	f	f
1848	218	52	moveupfront	2015-05-28 09:36:18.534+05	t	0	0	{}	{}	{}	t	f	f	f	f	f
1849	218	52	moving	2015-05-28 09:36:18.534+05	t	0	0	{}	{}	{}	t	f	f	f	f	f
1850	218	52	prepareinvoking	2015-05-28 09:36:18.534+05	t	0	0	{}	{}	{}	t	f	f	f	f	f
1851	218	52	preparemovetospace	2015-05-28 09:36:18.535+05	t	0	0	{}	{}	{}	t	f	f	f	f	f
1852	218	52	movetospace	2015-05-28 09:36:18.535+05	t	0	1	{}	{}	{63}	t	f	t	f	f	f
1853	218	52	preparemovetocontainer	2015-05-28 09:36:18.535+05	t	0	1	{}	{}	{63}	t	f	t	f	f	f
1854	218	52	movetocontainer	2015-05-28 09:36:18.535+05	t	0	1	{1}	{}	{63}	t	f	t	t	f	f
1855	218	52	invoked	2015-05-28 09:36:18.536+05	t	0	1	{1}	{}	{63}	t	f	t	t	f	f
1856	218	52	moving	2015-05-28 09:36:18.536+05	t	0	1	{1}	{}	{63}	t	f	t	t	f	f
1857	218	52	preparemoveupfront	2015-05-28 09:36:19.302+05	t	0	1	{1}	{}	{63}	t	f	t	t	f	f
1858	218	52	moveupfront	2015-05-28 09:36:19.308+05	t	0	0	{}	{}	{}	t	f	f	f	f	f
1859	218	52	moving	2015-05-28 09:36:19.31+05	t	0	0	{}	{}	{}	t	f	f	f	f	f
1860	218	52	prepareinvoking	2015-05-28 09:36:19.311+05	t	0	0	{}	{}	{}	t	f	f	f	f	f
1861	218	52	preparemovetospace	2015-05-28 09:36:19.311+05	t	0	0	{}	{}	{}	t	f	f	f	f	f
1862	218	52	movetospace	2015-05-28 09:36:19.311+05	t	0	1	{}	{}	{63}	t	f	t	f	f	f
1863	218	52	preparemovetocontainer	2015-05-28 09:36:19.311+05	t	0	1	{}	{}	{63}	t	f	t	f	f	f
1864	218	52	movetocontainer	2015-05-28 09:36:19.311+05	t	0	1	{1}	{}	{63}	t	f	t	t	f	f
1865	218	52	invoked	2015-05-28 09:36:19.312+05	t	0	1	{1}	{}	{63}	t	f	t	t	f	f
1866	218	52	moving	2015-05-28 09:36:19.314+05	t	0	1	{1}	{}	{63}	t	f	t	t	f	f
1867	218	52	preparemoveupfront	2015-05-28 09:36:20.122+05	t	0	1	{1}	{}	{63}	t	f	t	t	f	f
1868	218	52	moveupfront	2015-05-28 09:36:20.122+05	t	0	0	{}	{}	{}	t	f	f	f	f	f
1869	218	52	moving	2015-05-28 09:36:20.122+05	t	0	0	{}	{}	{}	t	f	f	f	f	f
1870	218	52	prepareinvoking	2015-05-28 09:36:20.123+05	t	0	0	{}	{}	{}	t	f	f	f	f	f
1871	218	52	preparemovetospace	2015-05-28 09:36:20.123+05	t	0	0	{}	{}	{}	t	f	f	f	f	f
1872	218	52	movetospace	2015-05-28 09:36:20.123+05	t	0	1	{}	{}	{63}	t	f	t	f	f	f
1873	218	52	preparemovetocontainer	2015-05-28 09:36:20.123+05	t	0	1	{}	{}	{63}	t	f	t	f	f	f
1874	218	52	movetocontainer	2015-05-28 09:36:20.123+05	t	0	1	{1}	{}	{63}	t	f	t	t	f	f
1875	218	52	invoked	2015-05-28 09:36:20.124+05	t	0	1	{1}	{}	{63}	t	f	t	t	f	f
1876	218	52	moving	2015-05-28 09:36:20.124+05	t	0	1	{1}	{}	{63}	t	f	t	t	f	f
1877	218	52	preparemoveupfront	2015-05-28 09:36:20.902+05	t	0	1	{1}	{}	{63}	t	f	t	t	f	f
1878	218	52	moveupfront	2015-05-28 09:36:20.902+05	t	0	0	{}	{}	{}	t	f	f	f	f	f
1879	218	52	moving	2015-05-28 09:36:20.902+05	t	0	0	{}	{}	{}	t	f	f	f	f	f
1880	218	52	prepareinvoking	2015-05-28 09:36:20.902+05	t	0	0	{}	{}	{}	t	f	f	f	f	f
1881	218	52	preparemovetospace	2015-05-28 09:36:20.902+05	t	0	0	{}	{}	{}	t	f	f	f	f	f
1882	218	52	movetospace	2015-05-28 09:36:20.903+05	t	0	1	{}	{}	{63}	t	f	t	f	f	f
1883	218	52	preparemovetocontainer	2015-05-28 09:36:20.903+05	t	0	1	{}	{}	{63}	t	f	t	f	f	f
1884	218	52	movetocontainer	2015-05-28 09:36:20.903+05	t	0	1	{1}	{}	{63}	t	f	t	t	f	f
1885	218	52	invoked	2015-05-28 09:36:20.906+05	t	0	1	{1}	{}	{63}	t	f	t	t	f	f
1886	218	52	moving	2015-05-28 09:36:20.906+05	t	0	1	{1}	{}	{63}	t	f	t	t	f	f
1887	218	52	preparemoveupfront	2015-05-28 09:36:21.742+05	t	0	1	{1}	{}	{63}	t	f	t	t	f	f
1888	218	52	moveupfront	2015-05-28 09:36:21.742+05	t	0	0	{}	{}	{}	t	f	f	f	f	f
1889	218	52	moving	2015-05-28 09:36:21.742+05	t	0	0	{}	{}	{}	t	f	f	f	f	f
1890	218	52	prepareinvoking	2015-05-28 09:36:21.742+05	t	0	0	{}	{}	{}	t	f	f	f	f	f
1891	218	52	preparemovetospace	2015-05-28 09:36:21.743+05	t	0	0	{}	{}	{}	t	f	f	f	f	f
1892	218	52	movetospace	2015-05-28 09:36:21.743+05	t	0	1	{}	{}	{63}	t	f	t	f	f	f
1893	218	52	preparemovetocontainer	2015-05-28 09:36:21.743+05	t	0	1	{}	{}	{63}	t	f	t	f	f	f
1894	218	52	movetocontainer	2015-05-28 09:36:21.743+05	t	0	1	{1}	{}	{63}	t	f	t	t	f	f
1895	218	52	invoked	2015-05-28 09:36:21.744+05	t	0	1	{1}	{}	{63}	t	f	t	t	f	f
1896	218	52	moving	2015-05-28 09:36:21.744+05	t	0	1	{1}	{}	{63}	t	f	t	t	f	f
1897	218	52	preparemoveupfront	2015-05-28 09:38:00.752+05	t	0	1	{1}	{}	{63}	t	f	t	t	f	f
1898	218	52	moveupfront	2015-05-28 09:38:00.752+05	t	0	0	{}	{}	{}	t	f	f	f	f	f
1899	218	52	moving	2015-05-28 09:38:00.752+05	t	0	0	{}	{}	{}	t	f	f	f	f	f
1900	218	52	prepareinvoking	2015-05-28 09:38:00.752+05	t	0	0	{}	{}	{}	t	f	f	f	f	f
1901	218	52	preparemovetospace	2015-05-28 09:38:00.753+05	t	0	0	{}	{}	{}	t	f	f	f	f	f
1902	218	52	movetospace	2015-05-28 09:38:00.757+05	t	0	1	{}	{}	{63}	t	f	t	f	f	f
1903	218	52	preparemovetocontainer	2015-05-28 09:38:00.757+05	t	0	1	{}	{}	{63}	t	f	t	f	f	f
1904	218	52	movetocontainer	2015-05-28 09:38:00.757+05	t	0	1	{1}	{}	{63}	t	f	t	t	f	f
1905	218	52	invoked	2015-05-28 09:38:00.759+05	t	0	1	{1}	{}	{63}	t	f	t	t	f	f
1906	218	52	moving	2015-05-28 09:38:00.759+05	t	0	1	{1}	{}	{63}	t	f	t	t	f	f
1907	218	52	end	2015-05-28 09:38:00.76+05	t	0	1	{1}	{}	{63}	t	t	t	t	f	f
1908	219	52	start	2015-05-28 09:43:09.382+05	t	0	0	{}	{}	{}	t	f	f	f	f	f
1909	219	52	moving	2015-05-28 09:43:09.385+05	t	0	0	{}	{}	{}	t	f	f	f	f	f
1910	220	52	start	2015-05-28 09:50:35.706+05	t	0	0	{}	{}	{}	t	f	f	f	f	f
1911	220	52	moving	2015-05-28 09:50:35.708+05	t	0	0	{}	{}	{}	t	f	f	f	f	f
1912	220	52	prepareinvoking	2015-05-28 09:50:35.781+05	t	0	0	{}	{}	{}	t	f	f	f	f	f
1913	220	52	preparemovetospace	2015-05-28 09:50:35.785+05	t	0	0	{}	{}	{}	t	f	f	f	f	f
1914	220	52	movetospace	2015-05-28 09:51:35.158+05	t	0	1	{}	{}	{63}	t	f	t	f	f	f
1915	222	52	start	2015-05-28 10:30:13.768+05	t	0	0	{}	{}	{}	t	f	f	f	f	f
1916	222	52	moving	2015-05-28 10:30:13.769+05	t	0	0	{}	{}	{}	t	f	f	f	f	f
1917	222	52	prepareinvoking	2015-05-28 10:30:13.809+05	t	0	0	{}	{}	{}	t	f	f	f	f	f
1918	222	52	preparemovetospace	2015-05-28 10:30:17.442+05	t	0	0	{}	{}	{}	t	f	f	f	f	f
1919	222	52	movetospace	2015-05-28 10:30:19.826+05	t	0	1	{}	{}	{63}	t	f	t	f	f	f
1920	222	52	preparemovetocontainer	2015-05-28 10:30:19.826+05	t	0	1	{}	{}	{63}	t	f	t	f	f	f
1921	222	52	movetocontainer	2015-05-28 10:30:20.401+05	t	0	1	{1}	{}	{63}	t	f	t	t	f	f
1922	222	52	invoked	2015-05-28 10:30:20.402+05	t	0	1	{1}	{}	{63}	t	f	t	t	f	f
1923	222	52	moving	2015-05-28 10:30:20.402+05	t	0	1	{1}	{}	{63}	t	f	t	t	f	f
1924	222	52	prepareinvoking	2015-05-28 10:30:22.448+05	t	0	1	{1}	{}	{63}	t	f	t	t	f	f
1925	222	52	moving	2015-05-28 10:30:27.771+05	t	1	0	{}	{}	{}	t	f	f	f	f	f
1926	222	52	prepareinvoking	2015-05-28 10:30:27.773+05	t	1	0	{}	{}	{}	t	f	f	f	f	f
1927	222	52	invoked	2015-05-28 10:30:28.355+05	t	2	0	{}	{}	{}	t	f	f	f	f	f
1928	222	52	moving	2015-05-28 10:30:28.356+05	t	2	0	{}	{}	{}	t	f	f	f	f	f
1929	222	52	end	2015-05-28 10:30:28.36+05	t	2	0	{}	{}	{}	t	t	f	f	f	f
1930	222	52	moving	2015-05-28 10:30:29.968+05	t	2	0	{}	{}	{}	t	t	f	f	f	f
1931	222	52	end	2015-05-28 10:30:29.968+05	t	2	0	{}	{}	{}	t	t	f	f	f	f
1932	223	52	start	2015-05-28 10:32:33.256+05	t	0	0	{}	{}	{}	t	f	f	f	f	f
1933	223	52	moving	2015-05-28 10:32:33.256+05	t	0	0	{}	{}	{}	t	f	f	f	f	f
1934	223	52	prepareinvoking	2015-05-28 10:32:33.257+05	t	0	0	{}	{}	{}	t	f	f	f	f	f
1935	223	52	preparemovetospace	2015-05-28 10:32:44.03+05	t	0	0	{}	{}	{}	t	f	f	f	f	f
1936	223	52	movetospace	2015-05-28 10:32:51.302+05	t	0	1	{}	{}	{63}	t	f	t	f	f	f
1937	223	52	preparemovetocontainer	2015-05-28 10:32:51.302+05	t	0	1	{}	{}	{63}	t	f	t	f	f	f
1938	223	52	movetocontainer	2015-05-28 10:32:51.302+05	t	0	1	{1}	{}	{63}	t	f	t	t	f	f
1939	223	52	invoked	2015-05-28 10:32:51.306+05	t	0	1	{1}	{}	{63}	t	f	t	t	f	f
1940	223	52	moving	2015-05-28 10:32:51.306+05	t	0	1	{1}	{}	{63}	t	f	t	t	f	f
1941	223	52	prepareinvoking	2015-05-28 10:32:54.091+05	t	0	1	{1}	{}	{63}	t	f	t	t	f	f
1942	223	52	moving	2015-05-28 10:32:59.759+05	t	1	0	{}	{}	{}	t	f	f	f	f	f
1943	223	52	prepareinvoking	2015-05-28 10:32:59.759+05	t	1	0	{}	{}	{}	t	f	f	f	f	f
1944	223	52	invoked	2015-05-28 10:32:59.76+05	t	2	0	{}	{}	{}	t	f	f	f	f	f
1945	223	52	moving	2015-05-28 10:32:59.76+05	t	2	0	{}	{}	{}	t	f	f	f	f	f
1946	223	52	end	2015-05-28 10:32:59.761+05	t	2	0	{}	{}	{}	t	t	f	f	f	f
1947	223	52	moving	2015-05-28 10:33:01.709+05	t	2	0	{}	{}	{}	t	t	f	f	f	f
1948	223	52	end	2015-05-28 10:33:01.71+05	t	2	0	{}	{}	{}	t	t	f	f	f	f
1949	224	52	start	2015-05-28 10:34:57.642+05	t	0	0	{}	{}	{}	t	f	f	f	f	f
1950	224	52	moving	2015-05-28 10:34:57.643+05	t	0	0	{}	{}	{}	t	f	f	f	f	f
1951	224	52	prepareinvoking	2015-05-28 10:34:57.689+05	t	0	0	{}	{}	{}	t	f	f	f	f	f
1952	224	52	preparemovetospace	2015-05-28 10:34:57.699+05	t	0	0	{}	{}	{}	t	f	f	f	f	f
1953	224	52	movetospace	2015-05-28 10:34:57.699+05	t	0	1	{}	{}	{63}	t	f	t	f	f	f
1954	224	52	preparemovetocontainer	2015-05-28 10:34:57.699+05	t	0	1	{}	{}	{63}	t	f	t	f	f	f
1955	224	52	movetocontainer	2015-05-28 10:34:57.708+05	t	0	1	{1}	{}	{63}	t	f	t	t	f	f
1956	224	52	invoked	2015-05-28 10:34:57.709+05	t	0	1	{1}	{}	{63}	t	f	t	t	f	f
1957	224	52	moving	2015-05-28 10:34:57.71+05	t	0	1	{1}	{}	{63}	t	f	t	t	f	f
1958	224	52	preparemoveupfront	2015-05-28 10:35:03.554+05	t	0	1	{1}	{}	{63}	t	f	t	t	f	f
1959	224	52	moveupfront	2015-05-28 10:35:04.081+05	t	0	0	{}	{}	{}	t	f	f	f	f	f
1960	224	52	moving	2015-05-28 10:35:05.142+05	t	0	0	{}	{}	{}	t	f	f	f	f	f
1961	224	52	prepareinvoking	2015-05-28 10:35:05.143+05	t	0	0	{}	{}	{}	t	f	f	f	f	f
1962	224	52	preparemovetospace	2015-05-28 10:35:05.143+05	t	0	0	{}	{}	{}	t	f	f	f	f	f
1963	224	52	movetospace	2015-05-28 10:35:05.143+05	t	0	1	{}	{}	{63}	t	f	t	f	f	f
1964	224	52	preparemovetocontainer	2015-05-28 10:35:05.143+05	t	0	1	{}	{}	{63}	t	f	t	f	f	f
1965	224	52	movetocontainer	2015-05-28 10:35:05.143+05	t	0	1	{1}	{}	{63}	t	f	t	t	f	f
1966	224	52	invoked	2015-05-28 10:35:05.143+05	t	0	1	{1}	{}	{63}	t	f	t	t	f	f
1967	224	52	moving	2015-05-28 10:35:05.143+05	t	0	1	{1}	{}	{63}	t	f	t	t	f	f
1968	224	52	preparemoveupfront	2015-05-28 10:35:07.933+05	t	0	1	{1}	{}	{63}	t	f	t	t	f	f
1969	224	52	moveupfront	2015-05-28 10:35:08.359+05	t	0	0	{}	{}	{}	t	f	f	f	f	f
1970	224	52	moving	2015-05-28 10:35:09.525+05	t	0	0	{}	{}	{}	t	f	f	f	f	f
1971	224	52	prepareinvoking	2015-05-28 10:35:09.526+05	t	0	0	{}	{}	{}	t	f	f	f	f	f
1972	224	52	preparemovetospace	2015-05-28 10:35:09.526+05	t	0	0	{}	{}	{}	t	f	f	f	f	f
1973	224	52	movetospace	2015-05-28 10:35:09.526+05	t	0	1	{}	{}	{63}	t	f	t	f	f	f
1974	224	52	preparemovetocontainer	2015-05-28 10:35:09.526+05	t	0	1	{}	{}	{63}	t	f	t	f	f	f
1975	224	52	movetocontainer	2015-05-28 10:35:09.526+05	t	0	1	{1}	{}	{63}	t	f	t	t	f	f
1976	224	52	invoked	2015-05-28 10:35:09.527+05	t	0	1	{1}	{}	{63}	t	f	t	t	f	f
1977	224	52	moving	2015-05-28 10:35:09.527+05	t	0	1	{1}	{}	{63}	t	f	t	t	f	f
1978	224	52	preparemoveupfront	2015-05-28 10:35:10.969+05	t	0	1	{1}	{}	{63}	t	f	t	t	f	f
1979	224	52	moveupfront	2015-05-28 10:35:11.474+05	t	0	0	{}	{}	{}	t	f	f	f	f	f
1980	224	52	moving	2015-05-28 10:35:11.741+05	t	0	0	{}	{}	{}	t	f	f	f	f	f
1981	224	52	prepareinvoking	2015-05-28 10:35:11.742+05	t	0	0	{}	{}	{}	t	f	f	f	f	f
1982	224	52	preparemovetospace	2015-05-28 10:35:11.742+05	t	0	0	{}	{}	{}	t	f	f	f	f	f
1983	224	52	movetospace	2015-05-28 10:35:11.742+05	t	0	1	{}	{}	{63}	t	f	t	f	f	f
1984	224	52	preparemovetocontainer	2015-05-28 10:35:11.742+05	t	0	1	{}	{}	{63}	t	f	t	f	f	f
1985	224	52	movetocontainer	2015-05-28 10:35:11.742+05	t	0	1	{1}	{}	{63}	t	f	t	t	f	f
1986	224	52	invoked	2015-05-28 10:35:11.742+05	t	0	1	{1}	{}	{63}	t	f	t	t	f	f
1987	224	52	moving	2015-05-28 10:35:11.742+05	t	0	1	{1}	{}	{63}	t	f	t	t	f	f
1988	224	52	preparemoveupfront	2015-05-28 10:35:13.231+05	t	0	1	{1}	{}	{63}	t	f	t	t	f	f
1989	224	52	moveupfront	2015-05-28 10:35:13.525+05	t	0	0	{}	{}	{}	t	f	f	f	f	f
1990	224	52	moving	2015-05-28 10:35:14.4+05	t	0	0	{}	{}	{}	t	f	f	f	f	f
1991	224	52	prepareinvoking	2015-05-28 10:35:14.401+05	t	0	0	{}	{}	{}	t	f	f	f	f	f
1992	224	52	preparemovetospace	2015-05-28 10:35:14.401+05	t	0	0	{}	{}	{}	t	f	f	f	f	f
1993	224	52	movetospace	2015-05-28 10:35:14.401+05	t	0	1	{}	{}	{63}	t	f	t	f	f	f
1994	224	52	preparemovetocontainer	2015-05-28 10:35:14.401+05	t	0	1	{}	{}	{63}	t	f	t	f	f	f
1995	224	52	movetocontainer	2015-05-28 10:35:14.401+05	t	0	1	{1}	{}	{63}	t	f	t	t	f	f
1996	224	52	invoked	2015-05-28 10:35:14.401+05	t	0	1	{1}	{}	{63}	t	f	t	t	f	f
1997	224	52	moving	2015-05-28 10:35:14.401+05	t	0	1	{1}	{}	{63}	t	f	t	t	f	f
1998	224	52	preparemoveupfront	2015-05-28 10:35:15.83+05	t	0	1	{1}	{}	{63}	t	f	t	t	f	f
1999	224	52	moveupfront	2015-05-28 10:35:16.24+05	t	0	0	{}	{}	{}	t	f	f	f	f	f
2000	224	52	moving	2015-05-28 10:35:16.999+05	t	0	0	{}	{}	{}	t	f	f	f	f	f
2001	224	52	prepareinvoking	2015-05-28 10:35:17+05	t	0	0	{}	{}	{}	t	f	f	f	f	f
2002	224	52	preparemovetospace	2015-05-28 10:35:17+05	t	0	0	{}	{}	{}	t	f	f	f	f	f
2003	224	52	movetospace	2015-05-28 10:35:17+05	t	0	1	{}	{}	{63}	t	f	t	f	f	f
2004	224	52	preparemovetocontainer	2015-05-28 10:35:17+05	t	0	1	{}	{}	{63}	t	f	t	f	f	f
2005	224	52	movetocontainer	2015-05-28 10:35:17+05	t	0	1	{1}	{}	{63}	t	f	t	t	f	f
2006	224	52	invoked	2015-05-28 10:35:17.001+05	t	0	1	{1}	{}	{63}	t	f	t	t	f	f
2007	224	52	moving	2015-05-28 10:35:17.001+05	t	0	1	{1}	{}	{63}	t	f	t	t	f	f
2008	224	52	preparemoveupfront	2015-05-28 10:35:19.715+05	t	0	1	{1}	{}	{63}	t	f	t	t	f	f
2009	224	52	moveupfront	2015-05-28 10:35:20.198+05	t	0	0	{}	{}	{}	t	f	f	f	f	f
2010	224	52	moving	2015-05-28 10:35:21.351+05	t	0	0	{}	{}	{}	t	f	f	f	f	f
2011	224	52	prepareinvoking	2015-05-28 10:35:21.358+05	t	0	0	{}	{}	{}	t	f	f	f	f	f
2012	224	52	preparemovetospace	2015-05-28 10:35:21.358+05	t	0	0	{}	{}	{}	t	f	f	f	f	f
2013	224	52	movetospace	2015-05-28 10:35:21.358+05	t	0	1	{}	{}	{63}	t	f	t	f	f	f
2014	224	52	preparemovetocontainer	2015-05-28 10:35:21.358+05	t	0	1	{}	{}	{63}	t	f	t	f	f	f
2015	224	52	movetocontainer	2015-05-28 10:35:21.358+05	t	0	1	{1}	{}	{63}	t	f	t	t	f	f
2016	224	52	invoked	2015-05-28 10:35:21.358+05	t	0	1	{1}	{}	{63}	t	f	t	t	f	f
2017	224	52	moving	2015-05-28 10:35:21.358+05	t	0	1	{1}	{}	{63}	t	f	t	t	f	f
2018	224	52	preparemoveupfront	2015-05-28 10:35:23.374+05	t	0	1	{1}	{}	{63}	t	f	t	t	f	f
2019	224	52	moveupfront	2015-05-28 10:35:23.701+05	t	0	0	{}	{}	{}	t	f	f	f	f	f
2020	224	52	moving	2015-05-28 10:35:24.252+05	t	0	0	{}	{}	{}	t	f	f	f	f	f
2021	224	52	prepareinvoking	2015-05-28 10:35:24.252+05	t	0	0	{}	{}	{}	t	f	f	f	f	f
2022	224	52	preparemovetospace	2015-05-28 10:35:24.252+05	t	0	0	{}	{}	{}	t	f	f	f	f	f
2023	224	52	movetospace	2015-05-28 10:35:24.252+05	t	0	1	{}	{}	{63}	t	f	t	f	f	f
2024	224	52	preparemovetocontainer	2015-05-28 10:35:24.252+05	t	0	1	{}	{}	{63}	t	f	t	f	f	f
2025	224	52	movetocontainer	2015-05-28 10:35:24.252+05	t	0	1	{1}	{}	{63}	t	f	t	t	f	f
2026	224	52	invoked	2015-05-28 10:35:24.253+05	t	0	1	{1}	{}	{63}	t	f	t	t	f	f
2027	224	52	moving	2015-05-28 10:35:24.253+05	t	0	1	{1}	{}	{63}	t	f	t	t	f	f
2028	224	52	preparemoveupfront	2015-05-28 10:35:25.435+05	t	0	1	{1}	{}	{63}	t	f	t	t	f	f
2029	224	52	moveupfront	2015-05-28 10:35:25.776+05	t	0	0	{}	{}	{}	t	f	f	f	f	f
2030	224	52	moving	2015-05-28 10:35:26.156+05	t	0	0	{}	{}	{}	t	f	f	f	f	f
2031	224	52	prepareinvoking	2015-05-28 10:35:26.158+05	t	0	0	{}	{}	{}	t	f	f	f	f	f
2032	224	52	preparemovetospace	2015-05-28 10:35:26.158+05	t	0	0	{}	{}	{}	t	f	f	f	f	f
2033	224	52	movetospace	2015-05-28 10:35:26.158+05	t	0	1	{}	{}	{63}	t	f	t	f	f	f
2034	224	52	preparemovetocontainer	2015-05-28 10:35:26.158+05	t	0	1	{}	{}	{63}	t	f	t	f	f	f
2035	224	52	movetocontainer	2015-05-28 10:35:26.158+05	t	0	1	{1}	{}	{63}	t	f	t	t	f	f
2036	224	52	invoked	2015-05-28 10:35:26.159+05	t	0	1	{1}	{}	{63}	t	f	t	t	f	f
2037	224	52	moving	2015-05-28 10:35:26.159+05	t	0	1	{1}	{}	{63}	t	f	t	t	f	f
2038	224	52	preparemoveupfront	2015-05-28 10:35:27.203+05	t	0	1	{1}	{}	{63}	t	f	t	t	f	f
2039	224	52	moveupfront	2015-05-28 10:35:27.433+05	t	0	0	{}	{}	{}	t	f	f	f	f	f
2040	224	52	moving	2015-05-28 10:35:27.875+05	t	0	0	{}	{}	{}	t	f	f	f	f	f
2041	224	52	prepareinvoking	2015-05-28 10:35:27.876+05	t	0	0	{}	{}	{}	t	f	f	f	f	f
2042	224	52	preparemovetospace	2015-05-28 10:35:27.876+05	t	0	0	{}	{}	{}	t	f	f	f	f	f
2043	224	52	movetospace	2015-05-28 10:35:27.876+05	t	0	1	{}	{}	{63}	t	f	t	f	f	f
2044	224	52	preparemovetocontainer	2015-05-28 10:35:27.876+05	t	0	1	{}	{}	{63}	t	f	t	f	f	f
2045	224	52	movetocontainer	2015-05-28 10:35:27.876+05	t	0	1	{1}	{}	{63}	t	f	t	t	f	f
2046	224	52	invoked	2015-05-28 10:35:27.876+05	t	0	1	{1}	{}	{63}	t	f	t	t	f	f
2047	224	52	moving	2015-05-28 10:35:27.876+05	t	0	1	{1}	{}	{63}	t	f	t	t	f	f
2048	224	52	preparemoveupfront	2015-05-28 10:35:29.47+05	t	0	1	{1}	{}	{63}	t	f	t	t	f	f
2049	224	52	moveupfront	2015-05-28 10:35:29.727+05	t	0	0	{}	{}	{}	t	f	f	f	f	f
2050	224	52	moving	2015-05-28 10:35:30.183+05	t	0	0	{}	{}	{}	t	f	f	f	f	f
2051	224	52	prepareinvoking	2015-05-28 10:35:30.183+05	t	0	0	{}	{}	{}	t	f	f	f	f	f
2052	224	52	preparemovetospace	2015-05-28 10:35:30.183+05	t	0	0	{}	{}	{}	t	f	f	f	f	f
2053	224	52	movetospace	2015-05-28 10:35:30.183+05	t	0	1	{}	{}	{63}	t	f	t	f	f	f
2054	224	52	preparemovetocontainer	2015-05-28 10:35:30.183+05	t	0	1	{}	{}	{63}	t	f	t	f	f	f
2055	224	52	movetocontainer	2015-05-28 10:35:30.183+05	t	0	1	{1}	{}	{63}	t	f	t	t	f	f
2056	224	52	invoked	2015-05-28 10:35:30.184+05	t	0	1	{1}	{}	{63}	t	f	t	t	f	f
2057	224	52	moving	2015-05-28 10:35:30.184+05	t	0	1	{1}	{}	{63}	t	f	t	t	f	f
2058	224	52	preparemoveupfront	2015-05-28 10:35:33.696+05	t	0	1	{1}	{}	{63}	t	f	t	t	f	f
2059	224	52	moveupfront	2015-05-28 10:35:33.696+05	t	0	0	{}	{}	{}	t	f	f	f	f	f
2060	224	52	moving	2015-05-28 10:35:33.696+05	t	0	0	{}	{}	{}	t	f	f	f	f	f
2061	224	52	prepareinvoking	2015-05-28 10:35:33.709+05	t	0	0	{}	{}	{}	t	f	f	f	f	f
2062	224	52	preparemovetospace	2015-05-28 10:35:33.71+05	t	0	0	{}	{}	{}	t	f	f	f	f	f
2063	224	52	movetospace	2015-05-28 10:35:33.71+05	t	0	1	{}	{}	{63}	t	f	t	f	f	f
2064	224	52	preparemovetocontainer	2015-05-28 10:35:33.71+05	t	0	1	{}	{}	{63}	t	f	t	f	f	f
2065	224	52	movetocontainer	2015-05-28 10:35:33.711+05	t	0	1	{1}	{}	{63}	t	f	t	t	f	f
2066	224	52	invoked	2015-05-28 10:35:33.718+05	t	0	1	{1}	{}	{63}	t	f	t	t	f	f
2067	224	52	moving	2015-05-28 10:35:33.718+05	t	0	1	{1}	{}	{63}	t	f	t	t	f	f
2068	224	52	preparemoveupfront	2015-05-28 10:35:33.72+05	t	0	1	{1}	{}	{63}	t	f	t	t	f	f
2069	224	52	moveupfront	2015-05-28 10:35:33.72+05	t	0	0	{}	{}	{}	t	f	f	f	f	f
2070	224	52	moving	2015-05-28 10:35:33.72+05	t	0	0	{}	{}	{}	t	f	f	f	f	f
2071	224	52	prepareinvoking	2015-05-28 10:35:33.726+05	t	0	0	{}	{}	{}	t	f	f	f	f	f
2072	224	52	preparemovetospace	2015-05-28 10:35:33.726+05	t	0	0	{}	{}	{}	t	f	f	f	f	f
2073	224	52	movetospace	2015-05-28 10:35:33.726+05	t	0	1	{}	{}	{63}	t	f	t	f	f	f
2074	224	52	preparemovetocontainer	2015-05-28 10:35:33.726+05	t	0	1	{}	{}	{63}	t	f	t	f	f	f
2075	224	52	movetocontainer	2015-05-28 10:35:33.726+05	t	0	1	{1}	{}	{63}	t	f	t	t	f	f
2076	224	52	invoked	2015-05-28 10:35:33.733+05	t	0	1	{1}	{}	{63}	t	f	t	t	f	f
2077	224	52	moving	2015-05-28 10:35:33.739+05	t	0	1	{1}	{}	{63}	t	f	t	t	f	f
2078	224	52	preparemoveupfront	2015-05-28 10:35:33.74+05	t	0	1	{1}	{}	{63}	t	f	t	t	f	f
2079	224	52	moveupfront	2015-05-28 10:35:33.74+05	t	0	0	{}	{}	{}	t	f	f	f	f	f
2080	224	52	moving	2015-05-28 10:35:33.74+05	t	0	0	{}	{}	{}	t	f	f	f	f	f
2081	224	52	prepareinvoking	2015-05-28 10:35:33.741+05	t	0	0	{}	{}	{}	t	f	f	f	f	f
2082	224	52	preparemovetospace	2015-05-28 10:35:33.741+05	t	0	0	{}	{}	{}	t	f	f	f	f	f
2083	224	52	movetospace	2015-05-28 10:35:33.741+05	t	0	1	{}	{}	{63}	t	f	t	f	f	f
2084	224	52	preparemovetocontainer	2015-05-28 10:35:33.741+05	t	0	1	{}	{}	{63}	t	f	t	f	f	f
2085	224	52	movetocontainer	2015-05-28 10:35:33.741+05	t	0	1	{1}	{}	{63}	t	f	t	t	f	f
2086	224	52	invoked	2015-05-28 10:35:33.741+05	t	0	1	{1}	{}	{63}	t	f	t	t	f	f
2087	224	52	moving	2015-05-28 10:35:33.742+05	t	0	1	{1}	{}	{63}	t	f	t	t	f	f
2088	224	52	end	2015-05-28 10:35:33.743+05	t	0	1	{1}	{}	{63}	t	t	t	t	f	f
2089	225	52	start	2015-05-28 10:40:44.385+05	t	0	0	{}	{}	{}	t	f	f	f	f	f
2090	225	52	moving	2015-05-28 10:40:44.387+05	t	0	0	{}	{}	{}	t	f	f	f	f	f
2091	225	52	prepareinvoking	2015-05-28 10:40:44.462+05	t	0	0	{}	{}	{}	t	f	f	f	f	f
2092	225	52	preparemovetospace	2015-05-28 10:40:44.475+05	t	0	0	{}	{}	{}	t	f	f	f	f	f
2093	225	52	movetospace	2015-05-28 10:40:44.475+05	t	0	1	{}	{}	{63}	t	f	t	f	f	f
2094	225	52	preparemovetocontainer	2015-05-28 10:40:44.475+05	t	0	1	{}	{}	{63}	t	f	t	f	f	f
2095	225	52	movetocontainer	2015-05-28 10:40:44.478+05	t	0	1	{1}	{}	{63}	t	f	t	t	f	f
2096	225	52	invoked	2015-05-28 10:40:44.48+05	t	0	1	{1}	{}	{63}	t	f	t	t	f	f
2097	225	52	moving	2015-05-28 10:40:44.48+05	t	0	1	{1}	{}	{63}	t	f	t	t	f	f
2098	225	52	prepareinvoking	2015-05-28 10:40:48.405+05	t	0	1	{1}	{}	{63}	t	f	t	t	f	f
2099	225	52	moving	2015-05-28 10:40:50.904+05	t	1	0	{}	{}	{}	t	f	f	f	f	f
2100	225	52	prepareinvoking	2015-05-28 10:40:50.905+05	t	1	0	{}	{}	{}	t	f	f	f	f	f
2101	225	52	invoked	2015-05-28 10:40:50.906+05	t	2	0	{}	{}	{}	t	f	f	f	f	f
2102	225	52	moving	2015-05-28 10:40:50.907+05	t	2	0	{}	{}	{}	t	f	f	f	f	f
2103	225	52	end	2015-05-28 10:40:50.907+05	t	2	0	{}	{}	{}	t	t	f	f	f	f
2104	225	52	moving	2015-05-28 10:40:52.183+05	t	2	0	{}	{}	{}	t	t	f	f	f	f
2105	225	52	end	2015-05-28 10:40:52.184+05	t	2	0	{}	{}	{}	t	t	f	f	f	f
2106	226	52	start	2015-05-28 10:42:43.627+05	t	0	0	{}	{}	{}	t	f	f	f	f	f
2107	226	52	moving	2015-05-28 10:42:43.627+05	t	0	0	{}	{}	{}	t	f	f	f	f	f
2108	226	52	prepareinvoking	2015-05-28 10:42:43.628+05	t	0	0	{}	{}	{}	t	f	f	f	f	f
2109	226	52	preparemovetospace	2015-05-28 10:42:43.628+05	t	0	0	{}	{}	{}	t	f	f	f	f	f
2110	226	52	movetospace	2015-05-28 10:42:43.628+05	t	0	1	{}	{}	{63}	t	f	t	f	f	f
2111	226	52	preparemovetocontainer	2015-05-28 10:42:43.628+05	t	0	1	{}	{}	{63}	t	f	t	f	f	f
2112	226	52	movetocontainer	2015-05-28 10:42:43.628+05	t	0	1	{1}	{}	{63}	t	f	t	t	f	f
2113	226	52	invoked	2015-05-28 10:42:43.628+05	t	0	1	{1}	{}	{63}	t	f	t	t	f	f
2114	226	52	moving	2015-05-28 10:42:43.629+05	t	0	1	{1}	{}	{63}	t	f	t	t	f	f
2115	226	52	prepareinvoking	2015-05-28 10:42:50.214+05	t	0	1	{1}	{}	{63}	t	f	t	t	f	f
2116	226	52	moving	2015-05-28 10:42:58.71+05	t	1	0	{}	{}	{}	t	f	f	f	f	f
2117	226	52	prepareinvoking	2015-05-28 10:42:58.71+05	t	1	0	{}	{}	{}	t	f	f	f	f	f
2118	226	52	invoked	2015-05-28 10:42:58.715+05	t	2	0	{}	{}	{}	t	f	f	f	f	f
2119	226	52	moving	2015-05-28 10:42:58.715+05	t	2	0	{}	{}	{}	t	f	f	f	f	f
2120	226	52	end	2015-05-28 10:42:58.715+05	t	2	0	{}	{}	{}	t	t	f	f	f	f
2121	226	52	moving	2015-05-28 10:43:03.365+05	t	2	0	{}	{}	{}	t	t	f	f	f	f
2122	226	52	end	2015-05-28 10:43:03.366+05	t	2	0	{}	{}	{}	t	t	f	f	f	f
2123	227	52	start	2015-05-28 10:43:17.034+05	t	0	0	{}	{}	{}	t	f	f	f	f	f
2124	227	52	moving	2015-05-28 10:43:17.034+05	t	0	0	{}	{}	{}	t	f	f	f	f	f
2125	227	52	prepareinvoking	2015-05-28 10:43:17.034+05	t	0	0	{}	{}	{}	t	f	f	f	f	f
2126	227	52	preparemovetospace	2015-05-28 10:43:17.036+05	t	0	0	{}	{}	{}	t	f	f	f	f	f
2127	227	52	movetospace	2015-05-28 10:43:17.036+05	t	0	1	{}	{}	{63}	t	f	t	f	f	f
2128	227	52	preparemovetocontainer	2015-05-28 10:43:17.036+05	t	0	1	{}	{}	{63}	t	f	t	f	f	f
2129	227	52	movetocontainer	2015-05-28 10:43:17.036+05	t	0	1	{1}	{}	{63}	t	f	t	t	f	f
2130	227	52	invoked	2015-05-28 10:43:17.036+05	t	0	1	{1}	{}	{63}	t	f	t	t	f	f
2131	227	52	moving	2015-05-28 10:43:17.036+05	t	0	1	{1}	{}	{63}	t	f	t	t	f	f
2132	227	52	prepareinvoking	2015-05-28 10:43:28.351+05	t	0	1	{1}	{}	{63}	t	f	t	t	f	f
2133	227	52	moving	2015-05-28 10:43:48.455+05	t	1	0	{}	{}	{}	t	f	f	f	f	f
2134	227	52	prepareinvoking	2015-05-28 10:43:48.459+05	t	1	0	{}	{}	{}	t	f	f	f	f	f
2135	227	52	invoked	2015-05-28 10:43:48.46+05	t	2	0	{}	{}	{}	t	f	f	f	f	f
2136	227	52	moving	2015-05-28 10:43:48.46+05	t	2	0	{}	{}	{}	t	f	f	f	f	f
2137	227	52	end	2015-05-28 10:43:48.46+05	t	2	0	{}	{}	{}	t	t	f	f	f	f
2138	227	52	moving	2015-05-28 10:43:51.157+05	t	2	0	{}	{}	{}	t	t	f	f	f	f
2139	227	52	end	2015-05-28 10:43:51.158+05	t	2	0	{}	{}	{}	t	t	f	f	f	f
2140	228	52	start	2015-05-28 10:44:24.34+05	t	0	0	{}	{}	{}	t	f	f	f	f	f
2141	228	52	moving	2015-05-28 10:44:24.34+05	t	0	0	{}	{}	{}	t	f	f	f	f	f
2142	228	52	prepareinvoking	2015-05-28 10:44:24.343+05	t	0	0	{}	{}	{}	t	f	f	f	f	f
2143	228	52	preparemovetospace	2015-05-28 10:44:24.343+05	t	0	0	{}	{}	{}	t	f	f	f	f	f
2144	228	52	movetospace	2015-05-28 10:44:24.343+05	t	0	1	{}	{}	{63}	t	f	t	f	f	f
2145	228	52	preparemovetocontainer	2015-05-28 10:44:24.343+05	t	0	1	{}	{}	{63}	t	f	t	f	f	f
2146	228	52	movetocontainer	2015-05-28 10:44:24.343+05	t	0	1	{1}	{}	{63}	t	f	t	t	f	f
2147	228	52	invoked	2015-05-28 10:44:24.343+05	t	0	1	{1}	{}	{63}	t	f	t	t	f	f
2148	228	52	moving	2015-05-28 10:44:24.344+05	t	0	1	{1}	{}	{63}	t	f	t	t	f	f
2149	228	52	prepareinvoking	2015-05-28 10:44:42.407+05	t	0	1	{1}	{}	{63}	t	f	t	t	f	f
2150	228	52	moving	2015-05-28 10:46:33.708+05	t	1	0	{}	{}	{}	t	f	f	f	f	f
2151	228	52	prepareinvoking	2015-05-28 10:46:33.708+05	t	1	0	{}	{}	{}	t	f	f	f	f	f
2152	228	52	invoked	2015-05-28 10:46:33.711+05	t	2	0	{}	{}	{}	t	f	f	f	f	f
2153	228	52	moving	2015-05-28 10:46:33.711+05	t	2	0	{}	{}	{}	t	f	f	f	f	f
2154	228	52	end	2015-05-28 10:46:33.713+05	t	2	0	{}	{}	{}	t	t	f	f	f	f
2155	228	52	moving	2015-05-28 10:46:33.761+05	t	2	0	{}	{}	{}	t	t	f	f	f	f
2156	228	52	end	2015-05-28 10:46:33.762+05	t	2	0	{}	{}	{}	t	t	f	f	f	f
2157	229	52	start	2015-05-28 10:48:06.196+05	t	0	0	{}	{}	{}	t	f	f	f	f	f
2158	229	52	moving	2015-05-28 10:48:06.21+05	t	0	0	{}	{}	{}	t	f	f	f	f	f
2159	229	52	prepareinvoking	2015-05-28 10:48:06.322+05	t	0	0	{}	{}	{}	t	f	f	f	f	f
2160	229	52	preparemovetospace	2015-05-28 10:48:06.406+05	t	0	0	{}	{}	{}	t	f	f	f	f	f
2161	229	52	movetospace	2015-05-28 10:48:06.406+05	t	0	1	{}	{}	{63}	t	f	t	f	f	f
2162	229	52	preparemovetocontainer	2015-05-28 10:48:06.406+05	t	0	1	{}	{}	{63}	t	f	t	f	f	f
2163	229	52	movetocontainer	2015-05-28 10:48:06.415+05	t	0	1	{1}	{}	{63}	t	f	t	t	f	f
2164	229	52	invoked	2015-05-28 10:48:06.416+05	t	0	1	{1}	{}	{63}	t	f	t	t	f	f
2165	229	52	moving	2015-05-28 10:48:06.417+05	t	0	1	{1}	{}	{63}	t	f	t	t	f	f
2166	229	52	prepareinvoking	2015-05-28 10:50:14.659+05	t	0	1	{1}	{}	{63}	t	f	t	t	f	f
2167	229	52	moving	2015-05-28 10:50:14.74+05	t	1	0	{}	{}	{}	t	f	f	f	f	f
2168	229	52	prepareinvoking	2015-05-28 10:50:14.741+05	t	1	0	{}	{}	{}	t	f	f	f	f	f
2169	229	52	invoked	2015-05-28 10:50:14.742+05	t	2	0	{}	{}	{}	t	f	f	f	f	f
2170	229	52	moving	2015-05-28 10:50:14.742+05	t	2	0	{}	{}	{}	t	f	f	f	f	f
2171	229	52	end	2015-05-28 10:50:14.743+05	t	2	0	{}	{}	{}	t	t	f	f	f	f
2172	229	52	moving	2015-05-28 10:50:14.743+05	t	2	0	{}	{}	{}	t	t	f	f	f	f
2173	229	52	end	2015-05-28 10:50:14.743+05	t	2	0	{}	{}	{}	t	t	f	f	f	f
2174	231	52	start	2015-05-28 10:53:04.826+05	t	0	0	{}	{}	{}	t	f	f	f	f	f
2175	231	52	moving	2015-05-28 10:53:04.828+05	t	0	0	{}	{}	{}	t	f	f	f	f	f
2176	231	52	prepareinvoking	2015-05-28 10:53:04.868+05	t	0	0	{}	{}	{}	t	f	f	f	f	f
2177	231	52	preparemovetospace	2015-05-28 10:53:04.897+05	t	0	0	{}	{}	{}	t	f	f	f	f	f
2178	231	52	movetospace	2015-05-28 10:53:04.897+05	t	0	1	{}	{}	{63}	t	f	t	f	f	f
2179	231	52	preparemovetocontainer	2015-05-28 10:53:04.897+05	t	0	1	{}	{}	{63}	t	f	t	f	f	f
2180	231	52	movetocontainer	2015-05-28 10:53:04.899+05	t	0	1	{2}	{}	{63}	t	f	t	t	f	f
2181	231	52	invoked	2015-05-28 10:53:04.9+05	t	0	1	{2}	{}	{63}	t	f	t	t	f	f
2182	231	52	moving	2015-05-28 10:53:04.9+05	t	0	1	{2}	{}	{63}	t	f	t	t	f	f
2183	231	52	prepareinvokinginspace	2015-05-28 10:53:18.599+05	t	0	1	{2}	{}	{63}	t	f	t	t	f	f
2184	231	52	prepareinvoking	2015-05-28 10:53:19.292+05	t	0	1	{2}	{}	{63}	t	f	t	t	f	f
2185	231	52	invoked	2015-05-28 10:53:19.293+05	t	0	1	{2}	{}	{63}	t	f	t	t	f	t
2186	231	52	invokinginspace	2015-05-28 10:53:19.293+05	t	0	1	{2}	{}	{63}	t	f	t	t	f	t
2187	231	52	prepareinvoking	2015-05-28 10:53:21.286+05	t	0	1	{2}	{}	{63}	t	f	t	t	f	t
2188	231	52	moving	2015-05-28 10:53:23.678+05	t	1	0	{}	{}	{}	t	f	f	f	f	t
2189	231	52	paused	2015-05-28 10:53:23.679+05	t	1	0	{}	{}	{}	t	f	f	f	f	t
2190	231	52	moving	2015-05-28 10:53:24.932+05	t	1	0	{}	{}	{}	t	f	f	f	f	t
2191	231	52	paused	2015-05-28 10:53:24.932+05	t	1	0	{}	{}	{}	t	f	f	f	f	t
2192	231	52	start	2015-05-28 10:53:40.537+05	t	0	0	{}	{}	{}	t	f	f	f	f	f
2193	231	52	moving	2015-05-28 10:53:40.537+05	t	0	0	{}	{}	{}	t	f	f	f	f	f
2194	231	52	prepareinvoking	2015-05-28 10:53:40.538+05	t	0	0	{}	{}	{}	t	f	f	f	f	f
2195	231	52	preparemovetospace	2015-05-28 10:53:40.538+05	t	0	0	{}	{}	{}	t	f	f	f	f	f
2196	231	52	movetospace	2015-05-28 10:53:40.538+05	t	0	1	{}	{}	{63}	t	f	t	f	f	f
2197	231	52	preparemovetocontainer	2015-05-28 10:53:40.538+05	t	0	1	{}	{}	{63}	t	f	t	f	f	f
2198	231	52	movetocontainer	2015-05-28 10:53:40.538+05	t	0	1	{3}	{}	{63}	t	f	t	t	f	f
2199	231	52	invoked	2015-05-28 10:53:40.538+05	t	0	1	{3}	{}	{63}	t	f	t	t	f	f
2200	231	52	moving	2015-05-28 10:53:40.538+05	t	0	1	{3}	{}	{63}	t	f	t	t	f	f
2201	231	52	prepareinvokinginspace	2015-05-28 10:53:49.939+05	t	0	1	{3}	{}	{63}	t	f	t	t	f	f
2202	231	52	prepareinvoking	2015-05-28 10:53:50.443+05	t	0	1	{3}	{}	{63}	t	f	t	t	f	f
2203	231	52	invoked	2015-05-28 10:53:50.445+05	t	0	1	{3}	{}	{63}	t	f	t	t	f	f
2204	231	52	invokinginspace	2015-05-28 10:53:50.445+05	t	0	1	{3}	{}	{63}	t	f	t	t	f	f
2205	231	52	prepareinvoking	2015-05-28 10:53:51.605+05	t	0	1	{3}	{}	{63}	t	f	t	t	f	f
2206	231	52	moving	2015-05-28 10:53:54.333+05	t	1	0	{}	{}	{}	t	f	f	f	f	f
2207	231	52	prepareinvoking	2015-05-28 10:53:54.335+05	t	1	0	{}	{}	{}	t	f	f	f	f	f
2208	231	52	invoked	2015-05-28 10:53:54.336+05	t	2	0	{}	{}	{}	t	f	f	f	f	f
2209	231	52	moving	2015-05-28 10:53:54.336+05	t	2	0	{}	{}	{}	t	f	f	f	f	f
2210	231	52	end	2015-05-28 10:53:54.338+05	t	2	0	{}	{}	{}	t	t	f	f	f	f
2211	231	52	moving	2015-05-28 10:53:55.566+05	t	2	0	{}	{}	{}	t	t	f	f	f	f
2212	231	52	end	2015-05-28 10:53:55.567+05	t	2	0	{}	{}	{}	t	t	f	f	f	f
2213	232	52	start	2015-05-28 10:55:19.868+05	t	0	0	{}	{}	{}	t	f	f	f	f	f
2214	232	52	moving	2015-05-28 10:55:19.868+05	t	0	0	{}	{}	{}	t	f	f	f	f	f
2215	232	52	prepareinvoking	2015-05-28 10:55:19.868+05	t	0	0	{}	{}	{}	t	f	f	f	f	f
2216	232	52	preparemovetospace	2015-05-28 10:55:19.868+05	t	0	0	{}	{}	{}	t	f	f	f	f	f
2217	232	52	movetospace	2015-05-28 10:55:19.869+05	t	0	1	{}	{}	{63}	t	f	t	f	f	f
2218	232	52	preparemovetocontainer	2015-05-28 10:55:19.869+05	t	0	1	{}	{}	{63}	t	f	t	f	f	f
2219	232	52	movetocontainer	2015-05-28 10:55:19.869+05	t	0	1	{3}	{}	{63}	t	f	t	t	f	f
2220	232	52	invoked	2015-05-28 10:55:19.869+05	t	0	1	{3}	{}	{63}	t	f	t	t	f	f
2221	232	52	moving	2015-05-28 10:55:19.869+05	t	0	1	{3}	{}	{63}	t	f	t	t	f	f
2222	232	52	prepareinvokinginspace	2015-05-28 10:55:22.848+05	t	0	1	{3}	{}	{63}	t	f	t	t	f	f
2223	232	52	prepareinvoking	2015-05-28 10:55:22.852+05	t	0	1	{3}	{}	{63}	t	f	t	t	f	f
2224	232	52	invoked	2015-05-28 10:55:22.852+05	t	0	1	{3}	{}	{63}	t	f	t	t	f	t
2225	232	52	invokinginspace	2015-05-28 10:55:22.852+05	t	0	1	{3}	{}	{63}	t	f	t	t	f	t
2226	232	52	prepareinvokinginspace	2015-05-28 10:55:22.853+05	t	0	1	{3}	{}	{63}	t	f	t	t	f	t
2227	232	52	prepareinvoking	2015-05-28 10:55:22.853+05	t	0	1	{3}	{}	{63}	t	f	t	t	f	t
2228	232	52	invoked	2015-05-28 10:55:22.853+05	t	0	1	{3}	{}	{63}	t	f	t	t	f	t
2229	232	52	invokinginspace	2015-05-28 10:55:22.853+05	t	0	1	{3}	{}	{63}	t	f	t	t	f	t
2230	232	52	prepareinvoking	2015-05-28 10:55:22.853+05	t	0	1	{3}	{}	{63}	t	f	t	t	f	t
2231	232	52	moving	2015-05-28 10:55:22.853+05	t	1	0	{}	{}	{}	t	f	f	f	f	t
2232	232	52	paused	2015-05-28 10:55:22.853+05	t	1	0	{}	{}	{}	t	f	f	f	f	t
2233	232	52	moving	2015-05-28 10:55:22.853+05	t	1	0	{}	{}	{}	t	f	f	f	f	t
2234	232	52	paused	2015-05-28 10:55:22.853+05	t	1	0	{}	{}	{}	t	f	f	f	f	t
2235	232	52	start	2015-05-28 10:55:42.092+05	t	0	0	{}	{}	{}	t	f	f	f	f	f
2236	232	52	moving	2015-05-28 10:55:42.092+05	t	0	0	{}	{}	{}	t	f	f	f	f	f
2237	232	52	prepareinvoking	2015-05-28 10:55:42.093+05	t	0	0	{}	{}	{}	t	f	f	f	f	f
2238	232	52	preparemovetospace	2015-05-28 10:55:42.093+05	t	0	0	{}	{}	{}	t	f	f	f	f	f
2239	232	52	movetospace	2015-05-28 10:55:42.093+05	t	0	1	{}	{}	{63}	t	f	t	f	f	f
2240	232	52	preparemovetocontainer	2015-05-28 10:55:42.093+05	t	0	1	{}	{}	{63}	t	f	t	f	f	f
2241	232	52	movetocontainer	2015-05-28 10:55:42.093+05	t	0	1	{4}	{}	{63}	t	f	t	t	f	f
2242	232	52	invoked	2015-05-28 10:55:42.093+05	t	0	1	{4}	{}	{63}	t	f	t	t	f	f
2243	232	52	moving	2015-05-28 10:55:42.093+05	t	0	1	{4}	{}	{63}	t	f	t	t	f	f
2244	232	52	prepareinvokinginspace	2015-05-28 10:56:08.675+05	t	0	1	{4}	{}	{63}	t	f	t	t	f	f
2245	232	52	prepareinvoking	2015-05-28 10:56:08.675+05	t	0	1	{4}	{}	{63}	t	f	t	t	f	f
2246	232	52	invoked	2015-05-28 10:56:08.675+05	t	0	1	{4}	{}	{63}	t	f	t	t	f	f
2247	232	52	invokinginspace	2015-05-28 10:56:08.676+05	t	0	1	{4}	{}	{63}	t	f	t	t	f	f
2248	232	52	prepareinvokinginspace	2015-05-28 10:56:08.676+05	t	0	1	{4}	{}	{63}	t	f	t	t	f	f
2249	232	52	prepareinvoking	2015-05-28 10:56:08.676+05	t	0	1	{4}	{}	{63}	t	f	t	t	f	f
2250	232	52	invoked	2015-05-28 10:56:08.676+05	t	0	1	{4}	{}	{63}	t	f	t	t	f	t
2251	232	52	invokinginspace	2015-05-28 10:56:08.676+05	t	0	1	{4}	{}	{63}	t	f	t	t	f	t
2252	232	52	prepareinvoking	2015-05-28 10:56:08.676+05	t	0	1	{4}	{}	{63}	t	f	t	t	f	t
2253	232	52	moving	2015-05-28 10:56:08.676+05	t	1	0	{}	{}	{}	t	f	f	f	f	t
2254	232	52	paused	2015-05-28 10:56:08.676+05	t	1	0	{}	{}	{}	t	f	f	f	f	t
2255	232	52	moving	2015-05-28 10:56:08.676+05	t	1	0	{}	{}	{}	t	f	f	f	f	t
2256	232	52	paused	2015-05-28 10:56:08.676+05	t	1	0	{}	{}	{}	t	f	f	f	f	t
2257	232	52	start	2015-05-28 10:56:26.182+05	t	0	0	{}	{}	{}	t	f	f	f	f	f
2258	232	52	moving	2015-05-28 10:56:26.182+05	t	0	0	{}	{}	{}	t	f	f	f	f	f
2259	232	52	prepareinvoking	2015-05-28 10:56:26.183+05	t	0	0	{}	{}	{}	t	f	f	f	f	f
2260	232	52	preparemovetospace	2015-05-28 10:56:26.183+05	t	0	0	{}	{}	{}	t	f	f	f	f	f
2261	232	52	movetospace	2015-05-28 10:56:26.183+05	t	0	1	{}	{}	{63}	t	f	t	f	f	f
2262	232	52	preparemovetocontainer	2015-05-28 10:56:26.183+05	t	0	1	{}	{}	{63}	t	f	t	f	f	f
2263	232	52	movetocontainer	2015-05-28 10:56:26.183+05	t	0	1	{5}	{}	{63}	t	f	t	t	f	f
2264	232	52	invoked	2015-05-28 10:56:26.184+05	t	0	1	{5}	{}	{63}	t	f	t	t	f	f
2265	232	52	moving	2015-05-28 10:56:26.184+05	t	0	1	{5}	{}	{63}	t	f	t	t	f	f
2266	232	52	prepareinvokinginspace	2015-05-28 10:56:45.736+05	t	0	1	{5}	{}	{63}	t	f	t	t	f	f
2267	232	52	prepareinvoking	2015-05-28 10:56:45.736+05	t	0	1	{5}	{}	{63}	t	f	t	t	f	f
2268	232	52	invoked	2015-05-28 10:56:45.744+05	t	0	1	{5}	{}	{63}	t	f	t	t	f	f
2269	232	52	invokinginspace	2015-05-28 10:56:45.745+05	t	0	1	{5}	{}	{63}	t	f	t	t	f	f
2270	232	52	prepareinvokinginspace	2015-05-28 10:56:45.745+05	t	0	1	{5}	{}	{63}	t	f	t	t	f	f
2271	232	52	prepareinvoking	2015-05-28 10:56:45.747+05	t	0	1	{5}	{}	{63}	t	f	t	t	f	f
2272	232	52	invoked	2015-05-28 10:56:45.747+05	t	0	1	{5}	{}	{63}	t	f	t	t	f	f
2273	232	52	invokinginspace	2015-05-28 10:56:45.747+05	t	0	1	{5}	{}	{63}	t	f	t	t	f	f
2274	232	52	prepareinvoking	2015-05-28 10:56:45.747+05	t	0	1	{5}	{}	{63}	t	f	t	t	f	f
2275	232	52	moving	2015-05-28 10:56:45.748+05	t	1	0	{}	{}	{}	t	f	f	f	f	f
2276	232	52	prepareinvoking	2015-05-28 10:56:45.748+05	t	1	0	{}	{}	{}	t	f	f	f	f	f
2277	232	52	invoked	2015-05-28 10:56:45.748+05	t	2	0	{}	{}	{}	t	f	f	f	f	f
2278	232	52	moving	2015-05-28 10:56:45.748+05	t	2	0	{}	{}	{}	t	f	f	f	f	f
2279	232	52	end	2015-05-28 10:56:45.748+05	t	2	0	{}	{}	{}	t	t	f	f	f	f
2280	232	52	moving	2015-05-28 10:56:45.748+05	t	2	0	{}	{}	{}	t	t	f	f	f	f
2281	232	52	end	2015-05-28 10:56:45.749+05	t	2	0	{}	{}	{}	t	t	f	f	f	f
2282	233	54	start	2015-06-11 18:40:17.517+05	t	0	0	{}	{}	{}	t	f	f	f	f	f
2283	233	54	moving	2015-06-11 18:40:17.519+05	t	0	0	{}	{}	{}	t	f	f	f	f	f
2284	233	54	prepareinvoking	2015-06-11 18:40:17.557+05	t	0	0	{}	{}	{}	t	f	f	f	f	f
2285	233	54	invoked	2015-06-11 18:40:17.561+05	t	1	0	{}	{}	{}	t	f	f	f	f	f
2286	233	54	moving	2015-06-11 18:40:17.561+05	t	1	0	{}	{}	{}	t	f	f	f	f	f
2287	233	54	prepareinvoking	2015-06-11 18:40:17.562+05	t	1	0	{}	{}	{}	t	f	f	f	f	f
2288	233	54	invoked	2015-06-11 18:40:17.563+05	t	1	0	{}	{}	{}	t	f	f	f	f	t
2289	233	54	moving	2015-06-11 18:40:17.563+05	t	1	0	{}	{}	{}	t	f	f	f	f	t
2290	233	54	paused	2015-06-11 18:40:17.564+05	t	1	0	{}	{}	{}	t	f	f	f	f	t
2291	233	54	start	2015-06-11 18:40:30.723+05	t	0	0	{}	{}	{}	t	f	f	f	f	f
2292	233	54	moving	2015-06-11 18:40:30.723+05	t	0	0	{}	{}	{}	t	f	f	f	f	f
2293	233	54	prepareinvoking	2015-06-11 18:40:30.723+05	t	0	0	{}	{}	{}	t	f	f	f	f	f
2294	233	54	invoked	2015-06-11 18:40:30.723+05	t	1	0	{}	{}	{}	t	f	f	f	f	f
2295	233	54	moving	2015-06-11 18:40:30.724+05	t	1	0	{}	{}	{}	t	f	f	f	f	f
2296	233	54	prepareinvoking	2015-06-11 18:40:30.724+05	t	1	0	{}	{}	{}	t	f	f	f	f	f
2297	233	54	invoked	2015-06-11 18:40:30.724+05	t	1	0	{}	{}	{}	t	f	f	f	f	t
2298	233	54	moving	2015-06-11 18:40:30.724+05	t	1	0	{}	{}	{}	t	f	f	f	f	t
2299	233	54	paused	2015-06-11 18:40:30.724+05	t	1	0	{}	{}	{}	t	f	f	f	f	t
2300	233	54	start	2015-06-11 18:40:38.782+05	t	0	0	{}	{}	{}	t	f	f	f	f	f
2301	233	54	moving	2015-06-11 18:40:38.782+05	t	0	0	{}	{}	{}	t	f	f	f	f	f
2302	233	54	prepareinvoking	2015-06-11 18:40:38.783+05	t	0	0	{}	{}	{}	t	f	f	f	f	f
2303	233	54	invoked	2015-06-11 18:40:38.783+05	t	1	0	{}	{}	{}	t	f	f	f	f	f
2304	233	54	moving	2015-06-11 18:40:38.783+05	t	1	0	{}	{}	{}	t	f	f	f	f	f
2305	233	54	prepareinvoking	2015-06-11 18:40:38.783+05	t	1	0	{}	{}	{}	t	f	f	f	f	f
2306	233	54	invoked	2015-06-11 18:40:38.784+05	t	1	0	{}	{}	{}	t	f	f	f	f	t
2307	233	54	moving	2015-06-11 18:40:38.784+05	t	1	0	{}	{}	{}	t	f	f	f	f	t
2308	233	54	paused	2015-06-11 18:40:38.785+05	t	1	0	{}	{}	{}	t	f	f	f	f	t
2309	234	54	start	2015-06-11 18:40:53.639+05	t	0	0	{}	{}	{}	t	f	f	f	f	f
2310	234	54	moving	2015-06-11 18:40:53.639+05	t	0	0	{}	{}	{}	t	f	f	f	f	f
2311	234	54	prepareinvoking	2015-06-11 18:40:53.639+05	t	0	0	{}	{}	{}	t	f	f	f	f	f
2312	234	54	invoked	2015-06-11 18:40:53.639+05	t	1	0	{}	{}	{}	t	f	f	f	f	f
2313	234	54	moving	2015-06-11 18:40:53.639+05	t	1	0	{}	{}	{}	t	f	f	f	f	f
2314	234	54	prepareinvoking	2015-06-11 18:40:53.64+05	t	1	0	{}	{}	{}	t	f	f	f	f	f
2315	234	54	invoked	2015-06-11 18:40:53.641+05	t	1	0	{}	{}	{}	t	f	f	f	f	t
2316	234	54	moving	2015-06-11 18:40:53.641+05	t	1	0	{}	{}	{}	t	f	f	f	f	t
2317	234	54	paused	2015-06-11 18:40:53.641+05	t	1	0	{}	{}	{}	t	f	f	f	f	t
2318	235	55	start	2015-06-11 18:47:56.847+05	t	0	0	{}	{}	{}	t	f	f	f	f	f
2319	235	55	moving	2015-06-11 18:47:56.848+05	t	0	0	{}	{}	{}	t	f	f	f	f	f
2320	235	55	prepareinvoking	2015-06-11 18:47:56.848+05	t	0	0	{}	{}	{}	t	f	f	f	f	f
2321	235	55	invoked	2015-06-11 18:47:56.848+05	t	0	0	{}	{}	{}	t	f	f	f	f	t
2322	235	55	moving	2015-06-11 18:47:56.848+05	t	0	0	{}	{}	{}	t	f	f	f	f	t
2323	235	55	paused	2015-06-11 18:47:56.848+05	t	0	0	{}	{}	{}	t	f	f	f	f	t
2324	235	55	start	2015-06-11 18:48:05.2+05	t	0	0	{}	{}	{}	t	f	f	f	f	f
2325	235	55	moving	2015-06-11 18:48:05.2+05	t	0	0	{}	{}	{}	t	f	f	f	f	f
2326	235	55	prepareinvoking	2015-06-11 18:48:05.2+05	t	0	0	{}	{}	{}	t	f	f	f	f	f
2327	235	55	invoked	2015-06-11 18:48:05.2+05	t	0	0	{}	{}	{}	t	f	f	f	f	t
2328	235	55	moving	2015-06-11 18:48:05.2+05	t	0	0	{}	{}	{}	t	f	f	f	f	t
2329	235	55	paused	2015-06-11 18:48:05.2+05	t	0	0	{}	{}	{}	t	f	f	f	f	t
2330	236	55	start	2015-06-11 20:48:52.099+05	t	0	0	{}	{}	{}	t	f	f	f	f	f
2331	236	55	moving	2015-06-11 20:48:52.101+05	t	0	0	{}	{}	{}	t	f	f	f	f	f
2332	236	55	prepareinvoking	2015-06-11 20:48:52.138+05	t	0	0	{}	{}	{}	t	f	f	f	f	f
2333	236	55	invoked	2015-06-11 20:48:52.143+05	t	0	0	{}	{}	{}	t	f	f	f	f	t
2334	236	55	moving	2015-06-11 20:48:52.143+05	t	0	0	{}	{}	{}	t	f	f	f	f	t
2335	236	55	paused	2015-06-11 20:48:52.143+05	t	0	0	{}	{}	{}	t	f	f	f	f	t
2336	236	55	start	2015-06-11 20:50:22.433+05	t	0	0	{}	{}	{}	t	f	f	f	f	f
2337	236	55	moving	2015-06-11 20:50:22.433+05	t	0	0	{}	{}	{}	t	f	f	f	f	f
2338	236	55	prepareinvoking	2015-06-11 20:50:22.434+05	t	0	0	{}	{}	{}	t	f	f	f	f	f
2339	236	55	invoked	2015-06-11 20:50:22.434+05	t	1	0	{}	{}	{}	t	f	f	f	f	f
2340	236	55	moving	2015-06-11 20:50:22.434+05	t	1	0	{}	{}	{}	t	f	f	f	f	f
2341	236	55	end	2015-06-11 20:50:22.434+05	t	1	0	{}	{}	{}	t	t	f	f	f	f
2342	237	55	start	2015-06-11 20:56:59.939+05	t	0	0	{}	{}	{}	t	f	f	f	f	f
2343	237	55	moving	2015-06-11 20:56:59.939+05	t	0	0	{}	{}	{}	t	f	f	f	f	f
2344	237	55	prepareinvoking	2015-06-11 20:56:59.94+05	t	0	0	{}	{}	{}	t	f	f	f	f	f
2345	237	55	invoked	2015-06-11 20:56:59.941+05	t	0	0	{}	{}	{}	t	f	f	f	f	t
2346	237	55	moving	2015-06-11 20:56:59.941+05	t	0	0	{}	{}	{}	t	f	f	f	f	t
2347	237	55	paused	2015-06-11 20:56:59.941+05	t	0	0	{}	{}	{}	t	f	f	f	f	t
2348	238	52	start	2015-06-11 21:00:14.53+05	t	0	0	{}	{}	{}	t	f	f	f	f	f
2349	238	52	moving	2015-06-11 21:00:14.531+05	t	0	0	{}	{}	{}	t	f	f	f	f	f
2350	238	52	prepareinvoking	2015-06-11 21:00:14.531+05	t	0	0	{}	{}	{}	t	f	f	f	f	f
2351	238	52	preparemovetospace	2015-06-11 21:00:14.532+05	t	0	0	{}	{}	{}	t	f	f	f	f	f
2352	238	52	movetospace	2015-06-11 21:00:14.532+05	t	0	1	{}	{}	{63}	t	f	t	f	f	f
2353	238	52	preparemovetocontainer	2015-06-11 21:00:14.532+05	t	0	1	{}	{}	{63}	t	f	t	f	f	f
2354	238	52	movetocontainer	2015-06-11 21:00:14.532+05	t	0	1	{3}	{}	{63}	t	f	t	t	f	f
2355	238	52	invoked	2015-06-11 21:00:14.533+05	t	0	1	{3}	{}	{63}	t	f	t	t	f	f
2356	238	52	moving	2015-06-11 21:00:14.533+05	t	0	1	{3}	{}	{63}	t	f	t	t	f	f
2357	238	52	prepareinvokinginspace	2015-06-11 21:00:14.536+05	t	0	1	{3}	{}	{63}	t	f	t	t	f	f
2358	238	52	prepareinvoking	2015-06-11 21:00:14.536+05	t	0	1	{3}	{}	{63}	t	f	t	t	f	f
2359	238	52	invoked	2015-06-11 21:00:14.536+05	t	0	1	{3}	{}	{63}	t	f	t	t	f	t
2360	238	52	invokinginspace	2015-06-11 21:00:14.536+05	t	0	1	{3}	{}	{63}	t	f	t	t	f	t
2361	238	52	prepareinvokinginspace	2015-06-11 21:00:14.536+05	t	0	1	{3}	{}	{63}	t	f	t	t	f	t
2362	238	52	prepareinvoking	2015-06-11 21:00:14.537+05	t	0	1	{3}	{}	{63}	t	f	t	t	f	t
2363	238	52	invoked	2015-06-11 21:00:14.537+05	t	0	1	{3}	{}	{63}	t	f	t	t	f	t
2364	238	52	invokinginspace	2015-06-11 21:00:14.537+05	t	0	1	{3}	{}	{63}	t	f	t	t	f	t
2365	238	52	prepareinvoking	2015-06-11 21:00:14.539+05	t	0	1	{3}	{}	{63}	t	f	t	t	f	t
2366	238	52	moving	2015-06-11 21:00:14.547+05	t	1	0	{}	{}	{}	t	f	f	f	f	t
2367	238	52	paused	2015-06-11 21:00:14.547+05	t	1	0	{}	{}	{}	t	f	f	f	f	t
2368	238	52	moving	2015-06-11 21:00:14.547+05	t	1	0	{}	{}	{}	t	f	f	f	f	t
2369	238	52	paused	2015-06-11 21:00:14.548+05	t	1	0	{}	{}	{}	t	f	f	f	f	t
2370	237	55	start	2015-06-11 21:00:47.816+05	t	0	0	{}	{}	{}	t	f	f	f	f	f
2371	237	55	moving	2015-06-11 21:00:47.816+05	t	0	0	{}	{}	{}	t	f	f	f	f	f
2372	237	55	prepareinvoking	2015-06-11 21:00:47.816+05	t	0	0	{}	{}	{}	t	f	f	f	f	f
2373	237	55	invoked	2015-06-11 21:00:47.816+05	t	0	0	{}	{}	{}	t	f	f	f	f	t
2374	237	55	moving	2015-06-11 21:00:47.817+05	t	0	0	{}	{}	{}	t	f	f	f	f	t
2375	237	55	paused	2015-06-11 21:00:47.817+05	t	0	0	{}	{}	{}	t	f	f	f	f	t
2376	237	55	start	2015-06-11 21:01:08.05+05	t	0	0	{}	{}	{}	t	f	f	f	f	f
2377	237	55	moving	2015-06-11 21:01:08.05+05	t	0	0	{}	{}	{}	t	f	f	f	f	f
2378	237	55	prepareinvoking	2015-06-11 21:01:08.051+05	t	0	0	{}	{}	{}	t	f	f	f	f	f
2379	237	55	invoked	2015-06-11 21:01:08.051+05	t	0	0	{}	{}	{}	t	f	f	f	f	t
2380	237	55	moving	2015-06-11 21:01:08.051+05	t	0	0	{}	{}	{}	t	f	f	f	f	t
2381	237	55	paused	2015-06-11 21:01:08.051+05	t	0	0	{}	{}	{}	t	f	f	f	f	t
2382	238	52	start	2015-06-11 21:01:19.485+05	t	0	0	{}	{}	{}	t	f	f	f	f	f
2383	238	52	moving	2015-06-11 21:01:19.485+05	t	0	0	{}	{}	{}	t	f	f	f	f	f
2384	238	52	prepareinvoking	2015-06-11 21:01:19.486+05	t	0	0	{}	{}	{}	t	f	f	f	f	f
2385	238	52	preparemovetospace	2015-06-11 21:01:19.486+05	t	0	0	{}	{}	{}	t	f	f	f	f	f
2386	238	52	movetospace	2015-06-11 21:01:19.486+05	t	0	1	{}	{}	{63}	t	f	t	f	f	f
2387	238	52	preparemovetocontainer	2015-06-11 21:01:19.486+05	t	0	1	{}	{}	{63}	t	f	t	f	f	f
2388	238	52	movetocontainer	2015-06-11 21:01:19.486+05	t	0	1	{5}	{}	{63}	t	f	t	t	f	f
2389	238	52	invoked	2015-06-11 21:01:19.486+05	t	0	1	{5}	{}	{63}	t	f	t	t	f	f
2390	238	52	moving	2015-06-11 21:01:19.486+05	t	0	1	{5}	{}	{63}	t	f	t	t	f	f
2391	238	52	prepareinvokinginspace	2015-06-11 21:01:19.487+05	t	0	1	{5}	{}	{63}	t	f	t	t	f	f
2392	238	52	prepareinvoking	2015-06-11 21:01:19.487+05	t	0	1	{5}	{}	{63}	t	f	t	t	f	f
2393	238	52	invoked	2015-06-11 21:01:19.487+05	t	0	1	{5}	{}	{63}	t	f	t	t	f	f
2394	238	52	invokinginspace	2015-06-11 21:01:19.487+05	t	0	1	{5}	{}	{63}	t	f	t	t	f	f
2395	238	52	prepareinvokinginspace	2015-06-11 21:01:19.487+05	t	0	1	{5}	{}	{63}	t	f	t	t	f	f
2396	238	52	prepareinvoking	2015-06-11 21:01:19.487+05	t	0	1	{5}	{}	{63}	t	f	t	t	f	f
2397	238	52	invoked	2015-06-11 21:01:19.487+05	t	0	1	{5}	{}	{63}	t	f	t	t	f	f
2398	238	52	invokinginspace	2015-06-11 21:01:19.488+05	t	0	1	{5}	{}	{63}	t	f	t	t	f	f
2399	238	52	prepareinvoking	2015-06-11 21:01:19.488+05	t	0	1	{5}	{}	{63}	t	f	t	t	f	f
2400	238	52	moving	2015-06-11 21:01:19.488+05	t	1	0	{}	{}	{}	t	f	f	f	f	f
2401	238	52	prepareinvoking	2015-06-11 21:01:19.488+05	t	1	0	{}	{}	{}	t	f	f	f	f	f
2402	238	52	invoked	2015-06-11 21:01:19.488+05	t	2	0	{}	{}	{}	t	f	f	f	f	f
2403	238	52	moving	2015-06-11 21:01:19.489+05	t	2	0	{}	{}	{}	t	f	f	f	f	f
2404	238	52	end	2015-06-11 21:01:19.489+05	t	2	0	{}	{}	{}	t	t	f	f	f	f
2405	238	52	moving	2015-06-11 21:01:19.489+05	t	2	0	{}	{}	{}	t	t	f	f	f	f
2406	238	52	end	2015-06-11 21:01:19.489+05	t	2	0	{}	{}	{}	t	t	f	f	f	f
2407	237	55	start	2015-06-11 21:01:59.631+05	t	0	0	{}	{}	{}	t	f	f	f	f	f
2408	237	55	moving	2015-06-11 21:01:59.631+05	t	0	0	{}	{}	{}	t	f	f	f	f	f
2409	237	55	prepareinvoking	2015-06-11 21:01:59.631+05	t	0	0	{}	{}	{}	t	f	f	f	f	f
2410	237	55	invoked	2015-06-11 21:01:59.632+05	t	1	0	{}	{}	{}	t	f	f	f	f	f
2411	237	55	moving	2015-06-11 21:01:59.632+05	t	1	0	{}	{}	{}	t	f	f	f	f	f
2412	237	55	end	2015-06-11 21:01:59.632+05	t	1	0	{}	{}	{}	t	t	f	f	f	f
2413	239	55	start	2015-06-11 21:02:04.777+05	t	0	0	{}	{}	{}	t	f	f	f	f	f
2414	239	55	moving	2015-06-11 21:02:04.777+05	t	0	0	{}	{}	{}	t	f	f	f	f	f
2415	239	55	prepareinvoking	2015-06-11 21:02:04.777+05	t	0	0	{}	{}	{}	t	f	f	f	f	f
2416	239	55	invoked	2015-06-11 21:02:04.777+05	t	0	0	{}	{}	{}	t	f	f	f	f	t
2417	239	55	moving	2015-06-11 21:02:04.777+05	t	0	0	{}	{}	{}	t	f	f	f	f	t
2418	239	55	paused	2015-06-11 21:02:04.778+05	t	0	0	{}	{}	{}	t	f	f	f	f	t
2419	239	55	start	2015-06-11 21:02:09.932+05	t	0	0	{}	{}	{}	t	f	f	f	f	f
2420	239	55	moving	2015-06-11 21:02:09.932+05	t	0	0	{}	{}	{}	t	f	f	f	f	f
2421	239	55	prepareinvoking	2015-06-11 21:02:09.932+05	t	0	0	{}	{}	{}	t	f	f	f	f	f
2422	239	55	invoked	2015-06-11 21:02:09.933+05	t	0	0	{}	{}	{}	t	f	f	f	f	t
2423	239	55	moving	2015-06-11 21:02:09.933+05	t	0	0	{}	{}	{}	t	f	f	f	f	t
2424	239	55	paused	2015-06-11 21:02:09.933+05	t	0	0	{}	{}	{}	t	f	f	f	f	t
2425	239	55	start	2015-06-11 21:13:57.311+05	t	0	0	{}	{}	{}	t	f	f	f	f	f
2426	239	55	moving	2015-06-11 21:13:57.312+05	t	0	0	{}	{}	{}	t	f	f	f	f	f
2427	239	55	prepareinvoking	2015-06-11 21:13:57.346+05	t	0	0	{}	{}	{}	t	f	f	f	f	f
2428	239	55	invoked	2015-06-11 21:13:57.351+05	t	1	0	{}	{}	{}	t	f	f	f	f	f
2429	239	55	moving	2015-06-11 21:13:57.351+05	t	1	0	{}	{}	{}	t	f	f	f	f	f
2430	239	55	end	2015-06-11 21:13:57.352+05	t	1	0	{}	{}	{}	t	t	f	f	f	f
2431	240	55	start	2015-06-11 21:14:01.779+05	t	0	0	{}	{}	{}	t	f	f	f	f	f
2432	240	55	moving	2015-06-11 21:14:01.779+05	t	0	0	{}	{}	{}	t	f	f	f	f	f
2433	240	55	prepareinvoking	2015-06-11 21:14:01.78+05	t	0	0	{}	{}	{}	t	f	f	f	f	f
2434	240	55	invoked	2015-06-11 21:14:01.78+05	t	0	0	{}	{}	{}	t	f	f	f	f	t
2435	240	55	moving	2015-06-11 21:14:01.78+05	t	0	0	{}	{}	{}	t	f	f	f	f	t
2436	240	55	paused	2015-06-11 21:14:01.78+05	t	0	0	{}	{}	{}	t	f	f	f	f	t
2437	241	55	start	2015-06-17 10:19:52.771+05	t	0	0	{}	{}	{}	t	f	f	f	f	f
2438	241	55	moving	2015-06-17 10:19:52.772+05	t	0	0	{}	{}	{}	t	f	f	f	f	f
2439	241	55	prepareinvoking	2015-06-17 10:19:52.819+05	t	0	0	{}	{}	{}	t	f	f	f	f	f
2440	241	55	invoked	2015-06-17 10:19:52.823+05	t	0	0	{}	{}	{}	t	f	f	f	f	t
2441	241	55	moving	2015-06-17 10:19:52.824+05	t	0	0	{}	{}	{}	t	f	f	f	f	t
2442	241	55	paused	2015-06-17 10:19:52.824+05	t	0	0	{}	{}	{}	t	f	f	f	f	t
2443	242	57	start	2015-07-09 00:24:25.409+05	t	0	0	{}	{}	{}	t	f	f	f	f	f
2444	242	57	moving	2015-07-09 00:24:25.41+05	t	0	0	{}	{}	{}	t	f	f	f	f	f
2445	242	57	prepareinvoking	2015-07-09 00:24:25.452+05	t	0	0	{}	{}	{}	t	f	f	f	f	f
2446	242	57	invoked	2015-07-09 00:24:25.464+05	t	0	0	{}	{}	{}	t	f	f	f	f	t
2447	242	57	moving	2015-07-09 00:24:25.465+05	t	0	0	{}	{}	{}	t	f	f	f	f	t
2448	242	57	paused	2015-07-09 00:24:25.465+05	t	0	0	{}	{}	{}	t	f	f	f	f	t
2449	240	55	start	2015-07-25 10:00:24.816+05	t	0	0	{}	{}	{}	t	f	f	f	f	f
2450	240	55	moving	2015-07-25 10:00:24.819+05	t	0	0	{}	{}	{}	t	f	f	f	f	f
2451	240	55	prepareinvoking	2015-07-25 10:00:24.896+05	t	0	0	{}	{}	{}	t	f	f	f	f	f
2452	240	55	invoked	2015-07-25 10:00:24.912+05	t	1	0	{}	{}	{}	t	f	f	f	f	f
2453	240	55	moving	2015-07-25 10:00:24.912+05	t	1	0	{}	{}	{}	t	f	f	f	f	f
2454	240	55	end	2015-07-25 10:00:24.912+05	t	1	0	{}	{}	{}	t	t	f	f	f	f
2455	241	55	start	2015-07-25 10:00:35.902+05	t	0	0	{}	{}	{}	t	f	f	f	f	f
2456	241	55	moving	2015-07-25 10:00:35.902+05	t	0	0	{}	{}	{}	t	f	f	f	f	f
2457	241	55	prepareinvoking	2015-07-25 10:00:35.903+05	t	0	0	{}	{}	{}	t	f	f	f	f	f
2458	241	55	invoked	2015-07-25 10:00:35.903+05	t	0	0	{}	{}	{}	t	f	f	f	f	t
2459	241	55	moving	2015-07-25 10:00:35.903+05	t	0	0	{}	{}	{}	t	f	f	f	f	t
2460	241	55	paused	2015-07-25 10:00:35.903+05	t	0	0	{}	{}	{}	t	f	f	f	f	t
2461	241	55	start	2015-07-25 10:00:47.138+05	t	0	0	{}	{}	{}	t	f	f	f	f	f
2462	241	55	moving	2015-07-25 10:00:47.138+05	t	0	0	{}	{}	{}	t	f	f	f	f	f
2463	241	55	prepareinvoking	2015-07-25 10:00:47.138+05	t	0	0	{}	{}	{}	t	f	f	f	f	f
2464	241	55	invoked	2015-07-25 10:00:47.138+05	t	0	0	{}	{}	{}	t	f	f	f	f	t
2465	241	55	moving	2015-07-25 10:00:47.138+05	t	0	0	{}	{}	{}	t	f	f	f	f	t
2466	241	55	paused	2015-07-25 10:00:47.138+05	t	0	0	{}	{}	{}	t	f	f	f	f	t
2467	241	55	start	2015-07-25 10:00:52.153+05	t	0	0	{}	{}	{}	t	f	f	f	f	f
2468	241	55	moving	2015-07-25 10:00:52.153+05	t	0	0	{}	{}	{}	t	f	f	f	f	f
2469	241	55	prepareinvoking	2015-07-25 10:00:52.153+05	t	0	0	{}	{}	{}	t	f	f	f	f	f
2470	241	55	invoked	2015-07-25 10:00:52.153+05	t	1	0	{}	{}	{}	t	f	f	f	f	f
2471	241	55	moving	2015-07-25 10:00:52.153+05	t	1	0	{}	{}	{}	t	f	f	f	f	f
2472	241	55	end	2015-07-25 10:00:52.153+05	t	1	0	{}	{}	{}	t	t	f	f	f	f
2473	243	60	start	2015-07-25 10:07:19.782+05	t	0	0	{}	{}	{}	t	f	f	f	f	f
2474	243	60	moving	2015-07-25 10:07:19.782+05	t	0	0	{}	{}	{}	t	f	f	f	f	f
2475	243	60	prepareinvoking	2015-07-25 10:07:19.782+05	t	0	0	{}	{}	{}	t	f	f	f	f	f
2476	243	60	invoked	2015-07-25 10:07:19.783+05	t	1	0	{}	{}	{}	t	f	f	f	f	f
2477	243	60	moving	2015-07-25 10:07:19.789+05	t	1	0	{}	{}	{}	t	f	f	f	f	f
2478	243	60	end	2015-07-25 10:07:19.789+05	t	1	0	{}	{}	{}	t	t	f	f	f	f
2479	244	62	start	2015-07-26 12:06:09.557+05	t	0	0	{}	{}	{}	t	f	f	f	f	f
2480	244	62	moving	2015-07-26 12:06:09.557+05	t	0	0	{}	{}	{}	t	f	f	f	f	f
2481	244	62	prepareinvoking	2015-07-26 12:06:09.558+05	t	0	0	{}	{}	{}	t	f	f	f	f	f
2482	244	62	invoked	2015-07-26 12:06:09.558+05	t	0	0	{}	{}	{}	t	f	f	f	f	t
2483	244	62	moving	2015-07-26 12:06:09.558+05	t	0	0	{}	{}	{}	t	f	f	f	f	t
2484	244	62	paused	2015-07-26 12:06:09.558+05	t	0	0	{}	{}	{}	t	f	f	f	f	t
2485	245	62	start	2015-07-30 11:28:19.84+05	t	0	0	{}	{}	{}	t	f	f	f	f	f
2486	245	62	moving	2015-07-30 11:28:19.841+05	t	0	0	{}	{}	{}	t	f	f	f	f	f
2487	245	62	prepareinvoking	2015-07-30 11:28:19.871+05	t	0	0	{}	{}	{}	t	f	f	f	f	f
2488	245	62	invoked	2015-07-30 11:28:19.874+05	t	0	0	{}	{}	{}	t	f	f	f	f	t
2489	245	62	moving	2015-07-30 11:28:19.874+05	t	0	0	{}	{}	{}	t	f	f	f	f	t
2490	245	62	paused	2015-07-30 11:28:19.874+05	t	0	0	{}	{}	{}	t	f	f	f	f	t
2491	246	62	start	2015-07-30 11:28:53.27+05	t	0	0	{}	{}	{}	t	f	f	f	f	f
2492	246	62	moving	2015-07-30 11:28:53.271+05	t	0	0	{}	{}	{}	t	f	f	f	f	f
2493	246	62	prepareinvoking	2015-07-30 11:28:53.271+05	t	0	0	{}	{}	{}	t	f	f	f	f	f
2494	246	62	invoked	2015-07-30 11:28:53.271+05	t	0	0	{}	{}	{}	t	f	f	f	f	t
2495	246	62	moving	2015-07-30 11:28:53.271+05	t	0	0	{}	{}	{}	t	f	f	f	f	t
2496	246	62	paused	2015-07-30 11:28:53.271+05	t	0	0	{}	{}	{}	t	f	f	f	f	t
2497	244	62	start	2015-08-20 17:35:13.234+05	t	0	0	{}	{}	{}	t	f	f	f	f	f
2498	244	62	moving	2015-08-20 17:35:13.236+05	t	0	0	{}	{}	{}	t	f	f	f	f	f
2499	244	62	prepareinvoking	2015-08-20 17:35:13.267+05	t	0	0	{}	{}	{}	t	f	f	f	f	f
2500	244	62	invoked	2015-08-20 17:35:13.27+05	t	1	0	{}	{}	{}	t	f	f	f	f	f
2501	244	62	moving	2015-08-20 17:35:13.27+05	t	1	0	{}	{}	{}	t	f	f	f	f	f
2502	244	62	prepareinvoking	2015-08-20 17:35:13.27+05	t	1	0	{}	{}	{}	t	f	f	f	f	f
2503	244	62	invoked	2015-08-20 17:35:13.27+05	t	1	0	{}	{}	{}	t	f	f	f	f	t
2504	244	62	moving	2015-08-20 17:35:13.27+05	t	1	0	{}	{}	{}	t	f	f	f	f	t
2505	244	62	paused	2015-08-20 17:35:13.271+05	t	1	0	{}	{}	{}	t	f	f	f	f	t
2506	244	62	start	2015-08-20 17:35:35.693+05	t	0	0	{}	{}	{}	t	f	f	f	f	f
2507	244	62	moving	2015-08-20 17:35:35.693+05	t	0	0	{}	{}	{}	t	f	f	f	f	f
2508	244	62	prepareinvoking	2015-08-20 17:35:35.693+05	t	0	0	{}	{}	{}	t	f	f	f	f	f
2509	244	62	invoked	2015-08-20 17:35:35.693+05	t	1	0	{}	{}	{}	t	f	f	f	f	f
2510	244	62	moving	2015-08-20 17:35:35.693+05	t	1	0	{}	{}	{}	t	f	f	f	f	f
2511	244	62	prepareinvoking	2015-08-20 17:35:35.694+05	t	1	0	{}	{}	{}	t	f	f	f	f	f
2512	244	62	invoked	2015-08-20 17:35:35.694+05	t	2	0	{}	{}	{}	t	f	f	f	f	f
2513	244	62	moving	2015-08-20 17:35:35.694+05	t	2	0	{}	{}	{}	t	f	f	f	f	f
2514	244	62	prepareinvoking	2015-08-20 17:35:35.694+05	t	2	0	{}	{}	{}	t	f	f	f	f	f
2515	244	62	invoked	2015-08-20 17:35:35.694+05	t	2	0	{}	{}	{}	t	f	f	f	f	t
2516	244	62	moving	2015-08-20 17:35:35.694+05	t	2	0	{}	{}	{}	t	f	f	f	f	t
2517	244	62	paused	2015-08-20 17:35:35.695+05	t	2	0	{}	{}	{}	t	f	f	f	f	t
2518	244	62	start	2015-08-21 00:26:17.287+05	t	0	0	{}	{}	{}	t	f	f	f	f	f
2519	244	62	moving	2015-08-21 00:26:17.287+05	t	0	0	{}	{}	{}	t	f	f	f	f	f
2520	244	62	prepareinvoking	2015-08-21 00:26:17.288+05	t	0	0	{}	{}	{}	t	f	f	f	f	f
2521	244	62	invoked	2015-08-21 00:26:17.288+05	t	1	0	{}	{}	{}	t	f	f	f	f	f
2522	244	62	moving	2015-08-21 00:26:17.288+05	t	1	0	{}	{}	{}	t	f	f	f	f	f
2523	244	62	prepareinvoking	2015-08-21 00:26:17.288+05	t	1	0	{}	{}	{}	t	f	f	f	f	f
2524	244	62	invoked	2015-08-21 00:26:17.288+05	t	2	0	{}	{}	{}	t	f	f	f	f	f
2525	244	62	moving	2015-08-21 00:26:17.288+05	t	2	0	{}	{}	{}	t	f	f	f	f	f
2526	244	62	prepareinvoking	2015-08-21 00:26:17.288+05	t	2	0	{}	{}	{}	t	f	f	f	f	f
2527	244	62	invoked	2015-08-21 00:26:17.288+05	t	3	0	{}	{}	{}	t	f	f	f	f	f
2528	244	62	moving	2015-08-21 00:26:17.288+05	t	3	0	{}	{}	{}	t	f	f	f	f	f
2529	244	62	prepareinvoking	2015-08-21 00:26:17.289+05	t	3	0	{}	{}	{}	t	f	f	f	f	f
2530	244	62	invoked	2015-08-21 00:26:17.289+05	t	3	0	{}	{}	{}	t	f	f	f	f	t
2531	244	62	moving	2015-08-21 00:26:17.289+05	t	3	0	{}	{}	{}	t	f	f	f	f	t
2532	244	62	paused	2015-08-21 00:26:17.289+05	t	3	0	{}	{}	{}	t	f	f	f	f	t
2533	244	62	start	2015-08-21 00:26:39.033+05	t	0	0	{}	{}	{}	t	f	f	f	f	f
2534	244	62	moving	2015-08-21 00:26:39.033+05	t	0	0	{}	{}	{}	t	f	f	f	f	f
2535	244	62	prepareinvoking	2015-08-21 00:26:39.033+05	t	0	0	{}	{}	{}	t	f	f	f	f	f
2536	244	62	invoked	2015-08-21 00:26:39.034+05	t	1	0	{}	{}	{}	t	f	f	f	f	f
2537	244	62	moving	2015-08-21 00:26:39.034+05	t	1	0	{}	{}	{}	t	f	f	f	f	f
2538	244	62	prepareinvoking	2015-08-21 00:26:39.034+05	t	1	0	{}	{}	{}	t	f	f	f	f	f
2539	244	62	invoked	2015-08-21 00:26:39.034+05	t	2	0	{}	{}	{}	t	f	f	f	f	f
2540	244	62	moving	2015-08-21 00:26:39.034+05	t	2	0	{}	{}	{}	t	f	f	f	f	f
2541	244	62	prepareinvoking	2015-08-21 00:26:39.034+05	t	2	0	{}	{}	{}	t	f	f	f	f	f
2542	244	62	invoked	2015-08-21 00:26:39.034+05	t	3	0	{}	{}	{}	t	f	f	f	f	f
2543	244	62	moving	2015-08-21 00:26:39.034+05	t	3	0	{}	{}	{}	t	f	f	f	f	f
2544	244	62	prepareinvoking	2015-08-21 00:26:39.036+05	t	3	0	{}	{}	{}	t	f	f	f	f	f
2545	244	62	invoked	2015-08-21 00:26:39.037+05	t	4	0	{}	{}	{}	t	f	f	f	f	f
2546	244	62	moving	2015-08-21 00:26:39.037+05	t	4	0	{}	{}	{}	t	f	f	f	f	f
2547	244	62	prepareinvoking	2015-08-21 00:26:39.037+05	t	4	0	{}	{}	{}	t	f	f	f	f	f
2548	244	62	invoked	2015-08-21 00:26:39.037+05	t	4	0	{}	{}	{}	t	f	f	f	f	t
2549	244	62	moving	2015-08-21 00:26:39.037+05	t	4	0	{}	{}	{}	t	f	f	f	f	t
2550	244	62	paused	2015-08-21 00:26:39.037+05	t	4	0	{}	{}	{}	t	f	f	f	f	t
2551	244	62	start	2015-08-21 00:26:48.002+05	t	0	0	{}	{}	{}	t	f	f	f	f	f
2552	244	62	moving	2015-08-21 00:26:48.003+05	t	0	0	{}	{}	{}	t	f	f	f	f	f
2553	244	62	prepareinvoking	2015-08-21 00:26:48.003+05	t	0	0	{}	{}	{}	t	f	f	f	f	f
2554	244	62	invoked	2015-08-21 00:26:48.003+05	t	1	0	{}	{}	{}	t	f	f	f	f	f
2555	244	62	moving	2015-08-21 00:26:48.003+05	t	1	0	{}	{}	{}	t	f	f	f	f	f
2556	244	62	prepareinvoking	2015-08-21 00:26:48.003+05	t	1	0	{}	{}	{}	t	f	f	f	f	f
2557	244	62	invoked	2015-08-21 00:26:48.003+05	t	2	0	{}	{}	{}	t	f	f	f	f	f
2558	244	62	moving	2015-08-21 00:26:48.003+05	t	2	0	{}	{}	{}	t	f	f	f	f	f
2559	244	62	prepareinvoking	2015-08-21 00:26:48.003+05	t	2	0	{}	{}	{}	t	f	f	f	f	f
2560	244	62	invoked	2015-08-21 00:26:48.004+05	t	3	0	{}	{}	{}	t	f	f	f	f	f
2561	244	62	moving	2015-08-21 00:26:48.004+05	t	3	0	{}	{}	{}	t	f	f	f	f	f
2562	244	62	prepareinvoking	2015-08-21 00:26:48.004+05	t	3	0	{}	{}	{}	t	f	f	f	f	f
2563	244	62	invoked	2015-08-21 00:26:48.004+05	t	4	0	{}	{}	{}	t	f	f	f	f	f
2564	244	62	moving	2015-08-21 00:26:48.004+05	t	4	0	{}	{}	{}	t	f	f	f	f	f
2565	244	62	prepareinvoking	2015-08-21 00:26:48.004+05	t	4	0	{}	{}	{}	t	f	f	f	f	f
2566	244	62	invoked	2015-08-21 00:26:48.004+05	t	5	0	{}	{}	{}	t	f	f	f	f	f
2567	244	62	moving	2015-08-21 00:26:48.004+05	t	5	0	{}	{}	{}	t	f	f	f	f	f
2568	244	62	prepareinvoking	2015-08-21 00:26:48.004+05	t	5	0	{}	{}	{}	t	f	f	f	f	f
2569	244	62	invoked	2015-08-21 00:26:48.004+05	t	5	0	{}	{}	{}	t	f	f	f	f	t
2570	244	62	moving	2015-08-21 00:26:48.004+05	t	5	0	{}	{}	{}	t	f	f	f	f	t
2571	244	62	paused	2015-08-21 00:26:48.004+05	t	5	0	{}	{}	{}	t	f	f	f	f	t
2572	247	62	start	2015-08-22 10:08:55.263+05	t	0	0	{}	{}	{}	t	f	f	f	f	f
2573	247	62	moving	2015-08-22 10:08:55.264+05	t	0	0	{}	{}	{}	t	f	f	f	f	f
2574	247	62	prepareinvoking	2015-08-22 10:08:55.292+05	t	0	0	{}	{}	{}	t	f	f	f	f	f
2575	247	62	invoked	2015-08-22 10:08:55.296+05	t	0	0	{}	{}	{}	t	f	f	f	f	t
2576	247	62	moving	2015-08-22 10:08:55.296+05	t	0	0	{}	{}	{}	t	f	f	f	f	t
2577	247	62	paused	2015-08-22 10:08:55.297+05	t	0	0	{}	{}	{}	t	f	f	f	f	t
2578	246	62	start	2015-08-22 10:09:42.129+05	t	0	0	{}	{}	{}	t	f	f	f	f	f
2579	246	62	moving	2015-08-22 10:09:42.129+05	t	0	0	{}	{}	{}	t	f	f	f	f	f
2580	246	62	prepareinvoking	2015-08-22 10:09:42.129+05	t	0	0	{}	{}	{}	t	f	f	f	f	f
2581	246	62	invoked	2015-08-22 10:09:42.129+05	t	1	0	{}	{}	{}	t	f	f	f	f	f
2582	246	62	moving	2015-08-22 10:09:42.129+05	t	1	0	{}	{}	{}	t	f	f	f	f	f
2583	246	62	prepareinvoking	2015-08-22 10:09:42.13+05	t	1	0	{}	{}	{}	t	f	f	f	f	f
2584	246	62	invoked	2015-08-22 10:09:42.13+05	t	1	0	{}	{}	{}	t	f	f	f	f	t
2585	246	62	moving	2015-08-22 10:09:42.13+05	t	1	0	{}	{}	{}	t	f	f	f	f	t
2586	246	62	paused	2015-08-22 10:09:42.13+05	t	1	0	{}	{}	{}	t	f	f	f	f	t
2587	247	62	start	2015-08-22 23:06:30.557+05	t	0	0	{}	{}	{}	t	f	f	f	f	f
2588	247	62	moving	2015-08-22 23:06:30.559+05	t	0	0	{}	{}	{}	t	f	f	f	f	f
2589	247	62	prepareinvoking	2015-08-22 23:06:30.586+05	t	0	0	{}	{}	{}	t	f	f	f	f	f
2590	247	62	invoked	2015-08-22 23:06:30.589+05	t	1	0	{}	{}	{}	t	f	f	f	f	f
2591	247	62	moving	2015-08-22 23:06:30.589+05	t	1	0	{}	{}	{}	t	f	f	f	f	f
2592	247	62	prepareinvoking	2015-08-22 23:06:30.589+05	t	1	0	{}	{}	{}	t	f	f	f	f	f
2593	247	62	invoked	2015-08-22 23:06:30.589+05	t	1	0	{}	{}	{}	t	f	f	f	f	t
2594	247	62	moving	2015-08-22 23:06:30.59+05	t	1	0	{}	{}	{}	t	f	f	f	f	t
2595	247	62	paused	2015-08-22 23:06:30.59+05	t	1	0	{}	{}	{}	t	f	f	f	f	t
2596	246	62	start	2015-08-22 23:07:13.603+05	t	0	0	{}	{}	{}	t	f	f	f	f	f
2597	246	62	moving	2015-08-22 23:07:13.603+05	t	0	0	{}	{}	{}	t	f	f	f	f	f
2598	246	62	prepareinvoking	2015-08-22 23:07:13.603+05	t	0	0	{}	{}	{}	t	f	f	f	f	f
2599	246	62	invoked	2015-08-22 23:07:13.603+05	t	1	0	{}	{}	{}	t	f	f	f	f	f
2600	246	62	moving	2015-08-22 23:07:13.603+05	t	1	0	{}	{}	{}	t	f	f	f	f	f
2601	246	62	prepareinvoking	2015-08-22 23:07:13.603+05	t	1	0	{}	{}	{}	t	f	f	f	f	f
2602	246	62	invoked	2015-08-22 23:07:13.604+05	t	2	0	{}	{}	{}	t	f	f	f	f	f
2603	246	62	moving	2015-08-22 23:07:13.604+05	t	2	0	{}	{}	{}	t	f	f	f	f	f
2604	246	62	prepareinvoking	2015-08-22 23:07:13.604+05	t	2	0	{}	{}	{}	t	f	f	f	f	f
2605	246	62	invoked	2015-08-22 23:07:13.604+05	t	2	0	{}	{}	{}	t	f	f	f	f	t
2606	246	62	moving	2015-08-22 23:07:13.604+05	t	2	0	{}	{}	{}	t	f	f	f	f	t
2607	246	62	paused	2015-08-22 23:07:13.604+05	t	2	0	{}	{}	{}	t	f	f	f	f	t
2608	248	62	start	2015-08-22 23:14:08.32+05	t	0	0	{}	{}	{}	t	f	f	f	f	f
2609	248	62	moving	2015-08-22 23:14:08.32+05	t	0	0	{}	{}	{}	t	f	f	f	f	f
2610	248	62	prepareinvoking	2015-08-22 23:14:08.32+05	t	0	0	{}	{}	{}	t	f	f	f	f	f
2611	248	62	invoked	2015-08-22 23:14:08.32+05	t	0	0	{}	{}	{}	t	f	f	f	f	t
2612	248	62	moving	2015-08-22 23:14:08.32+05	t	0	0	{}	{}	{}	t	f	f	f	f	t
2613	248	62	paused	2015-08-22 23:14:08.32+05	t	0	0	{}	{}	{}	t	f	f	f	f	t
2614	249	62	start	2015-08-22 23:18:26.716+05	t	0	0	{}	{}	{}	t	f	f	f	f	f
2615	249	62	moving	2015-08-22 23:18:26.716+05	t	0	0	{}	{}	{}	t	f	f	f	f	f
2616	249	62	prepareinvoking	2015-08-22 23:18:26.716+05	t	0	0	{}	{}	{}	t	f	f	f	f	f
2617	249	62	invoked	2015-08-22 23:18:26.716+05	t	0	0	{}	{}	{}	t	f	f	f	f	t
2618	249	62	moving	2015-08-22 23:18:26.716+05	t	0	0	{}	{}	{}	t	f	f	f	f	t
2619	249	62	paused	2015-08-22 23:18:26.716+05	t	0	0	{}	{}	{}	t	f	f	f	f	t
2620	250	62	start	2015-08-22 23:19:25.882+05	t	0	0	{}	{}	{}	t	f	f	f	f	f
2621	250	62	moving	2015-08-22 23:19:25.882+05	t	0	0	{}	{}	{}	t	f	f	f	f	f
2622	250	62	prepareinvoking	2015-08-22 23:19:25.882+05	t	0	0	{}	{}	{}	t	f	f	f	f	f
2623	250	62	invoked	2015-08-22 23:19:25.883+05	t	0	0	{}	{}	{}	t	f	f	f	f	t
2624	250	62	moving	2015-08-22 23:19:25.883+05	t	0	0	{}	{}	{}	t	f	f	f	f	t
2625	250	62	paused	2015-08-22 23:19:25.883+05	t	0	0	{}	{}	{}	t	f	f	f	f	t
2626	247	62	start	2015-08-23 03:56:22.291+05	t	0	0	{}	{}	{}	t	f	f	f	f	f
2627	247	62	moving	2015-08-23 03:56:22.292+05	t	0	0	{}	{}	{}	t	f	f	f	f	f
2628	247	62	prepareinvoking	2015-08-23 03:56:22.325+05	t	0	0	{}	{}	{}	t	f	f	f	f	f
2629	247	62	invoked	2015-08-23 03:56:22.328+05	t	1	0	{}	{}	{}	t	f	f	f	f	f
2630	247	62	moving	2015-08-23 03:56:22.328+05	t	1	0	{}	{}	{}	t	f	f	f	f	f
2631	247	62	prepareinvoking	2015-08-23 03:56:22.329+05	t	1	0	{}	{}	{}	t	f	f	f	f	f
2632	247	62	invoked	2015-08-23 03:56:22.329+05	t	2	0	{}	{}	{}	t	f	f	f	f	f
2633	247	62	moving	2015-08-23 03:56:22.329+05	t	2	0	{}	{}	{}	t	f	f	f	f	f
2634	247	62	prepareinvoking	2015-08-23 03:56:22.329+05	t	2	0	{}	{}	{}	t	f	f	f	f	f
2635	247	62	invoked	2015-08-23 03:56:22.33+05	t	2	0	{}	{}	{}	t	f	f	f	f	t
2636	247	62	moving	2015-08-23 03:56:22.33+05	t	2	0	{}	{}	{}	t	f	f	f	f	t
2637	247	62	paused	2015-08-23 03:56:22.33+05	t	2	0	{}	{}	{}	t	f	f	f	f	t
2638	246	62	start	2015-08-23 03:56:37.414+05	t	0	0	{}	{}	{}	t	f	f	f	f	f
2639	246	62	moving	2015-08-23 03:56:37.414+05	t	0	0	{}	{}	{}	t	f	f	f	f	f
2640	246	62	prepareinvoking	2015-08-23 03:56:37.414+05	t	0	0	{}	{}	{}	t	f	f	f	f	f
2641	246	62	invoked	2015-08-23 03:56:37.414+05	t	1	0	{}	{}	{}	t	f	f	f	f	f
2642	246	62	moving	2015-08-23 03:56:37.414+05	t	1	0	{}	{}	{}	t	f	f	f	f	f
2643	246	62	prepareinvoking	2015-08-23 03:56:37.414+05	t	1	0	{}	{}	{}	t	f	f	f	f	f
2644	246	62	invoked	2015-08-23 03:56:37.415+05	t	2	0	{}	{}	{}	t	f	f	f	f	f
2645	246	62	moving	2015-08-23 03:56:37.415+05	t	2	0	{}	{}	{}	t	f	f	f	f	f
2646	246	62	prepareinvoking	2015-08-23 03:56:37.415+05	t	2	0	{}	{}	{}	t	f	f	f	f	f
2647	246	62	invoked	2015-08-23 03:56:37.415+05	t	3	0	{}	{}	{}	t	f	f	f	f	f
2648	246	62	moving	2015-08-23 03:56:37.415+05	t	3	0	{}	{}	{}	t	f	f	f	f	f
2649	246	62	prepareinvoking	2015-08-23 03:56:37.415+05	t	3	0	{}	{}	{}	t	f	f	f	f	f
2650	246	62	invoked	2015-08-23 03:56:37.415+05	t	3	0	{}	{}	{}	t	f	f	f	f	t
2651	246	62	moving	2015-08-23 03:56:37.416+05	t	3	0	{}	{}	{}	t	f	f	f	f	t
2652	246	62	paused	2015-08-23 03:56:37.416+05	t	3	0	{}	{}	{}	t	f	f	f	f	t
2653	247	62	start	2015-08-23 14:24:08.006+05	t	0	0	{}	{}	{}	t	f	f	f	f	f
2654	247	62	moving	2015-08-23 14:24:08.007+05	t	0	0	{}	{}	{}	t	f	f	f	f	f
2655	247	62	prepareinvoking	2015-08-23 14:24:08.037+05	t	0	0	{}	{}	{}	t	f	f	f	f	f
2656	247	62	invoked	2015-08-23 14:24:08.04+05	t	1	0	{}	{}	{}	t	f	f	f	f	f
2657	247	62	moving	2015-08-23 14:24:08.041+05	t	1	0	{}	{}	{}	t	f	f	f	f	f
2658	247	62	prepareinvoking	2015-08-23 14:24:08.041+05	t	1	0	{}	{}	{}	t	f	f	f	f	f
2659	247	62	invoked	2015-08-23 14:24:08.041+05	t	2	0	{}	{}	{}	t	f	f	f	f	f
2660	247	62	moving	2015-08-23 14:24:08.041+05	t	2	0	{}	{}	{}	t	f	f	f	f	f
2661	247	62	prepareinvoking	2015-08-23 14:24:08.041+05	t	2	0	{}	{}	{}	t	f	f	f	f	f
2662	247	62	invoked	2015-08-23 14:24:08.042+05	t	3	0	{}	{}	{}	t	f	f	f	f	f
2663	247	62	moving	2015-08-23 14:24:08.042+05	t	3	0	{}	{}	{}	t	f	f	f	f	f
2664	247	62	prepareinvoking	2015-08-23 14:24:08.042+05	t	3	0	{}	{}	{}	t	f	f	f	f	f
2665	247	62	invoked	2015-08-23 14:24:08.042+05	t	3	0	{}	{}	{}	t	f	f	f	f	t
2666	247	62	moving	2015-08-23 14:24:08.042+05	t	3	0	{}	{}	{}	t	f	f	f	f	t
2667	247	62	paused	2015-08-23 14:24:08.043+05	t	3	0	{}	{}	{}	t	f	f	f	f	t
2668	247	62	start	2015-08-23 14:28:28.136+05	t	0	0	{}	{}	{}	t	f	f	f	f	f
2669	247	62	moving	2015-08-23 14:28:28.136+05	t	0	0	{}	{}	{}	t	f	f	f	f	f
2670	247	62	prepareinvoking	2015-08-23 14:28:28.136+05	t	0	0	{}	{}	{}	t	f	f	f	f	f
2671	247	62	invoked	2015-08-23 14:28:28.136+05	t	1	0	{}	{}	{}	t	f	f	f	f	f
2672	247	62	moving	2015-08-23 14:28:28.136+05	t	1	0	{}	{}	{}	t	f	f	f	f	f
2673	247	62	prepareinvoking	2015-08-23 14:28:28.136+05	t	1	0	{}	{}	{}	t	f	f	f	f	f
2674	247	62	invoked	2015-08-23 14:28:28.137+05	t	2	0	{}	{}	{}	t	f	f	f	f	f
2675	247	62	moving	2015-08-23 14:28:28.137+05	t	2	0	{}	{}	{}	t	f	f	f	f	f
2676	247	62	prepareinvoking	2015-08-23 14:28:28.137+05	t	2	0	{}	{}	{}	t	f	f	f	f	f
2677	247	62	invoked	2015-08-23 14:28:28.137+05	t	3	0	{}	{}	{}	t	f	f	f	f	f
2678	247	62	moving	2015-08-23 14:28:28.137+05	t	3	0	{}	{}	{}	t	f	f	f	f	f
2679	247	62	prepareinvoking	2015-08-23 14:28:28.137+05	t	3	0	{}	{}	{}	t	f	f	f	f	f
2680	247	62	invoked	2015-08-23 14:28:28.137+05	t	4	0	{}	{}	{}	t	f	f	f	f	f
2681	247	62	moving	2015-08-23 14:28:28.137+05	t	4	0	{}	{}	{}	t	f	f	f	f	f
2682	247	62	prepareinvoking	2015-08-23 14:28:28.137+05	t	4	0	{}	{}	{}	t	f	f	f	f	f
2683	247	62	invoked	2015-08-23 14:28:28.137+05	t	4	0	{}	{}	{}	t	f	f	f	f	t
2684	247	62	moving	2015-08-23 14:28:28.137+05	t	4	0	{}	{}	{}	t	f	f	f	f	t
2685	247	62	paused	2015-08-23 14:28:28.137+05	t	4	0	{}	{}	{}	t	f	f	f	f	t
2686	246	62	start	2015-08-23 14:33:05.838+05	t	0	0	{}	{}	{}	t	f	f	f	f	f
2687	246	62	moving	2015-08-23 14:33:05.838+05	t	0	0	{}	{}	{}	t	f	f	f	f	f
2688	246	62	prepareinvoking	2015-08-23 14:33:05.838+05	t	0	0	{}	{}	{}	t	f	f	f	f	f
2689	246	62	invoked	2015-08-23 14:33:05.838+05	t	1	0	{}	{}	{}	t	f	f	f	f	f
2690	246	62	moving	2015-08-23 14:33:05.838+05	t	1	0	{}	{}	{}	t	f	f	f	f	f
2691	246	62	prepareinvoking	2015-08-23 14:33:05.838+05	t	1	0	{}	{}	{}	t	f	f	f	f	f
2692	246	62	invoked	2015-08-23 14:33:05.838+05	t	2	0	{}	{}	{}	t	f	f	f	f	f
2693	246	62	moving	2015-08-23 14:33:05.838+05	t	2	0	{}	{}	{}	t	f	f	f	f	f
2694	246	62	prepareinvoking	2015-08-23 14:33:05.838+05	t	2	0	{}	{}	{}	t	f	f	f	f	f
2695	246	62	invoked	2015-08-23 14:33:05.838+05	t	3	0	{}	{}	{}	t	f	f	f	f	f
2696	246	62	moving	2015-08-23 14:33:05.839+05	t	3	0	{}	{}	{}	t	f	f	f	f	f
2697	246	62	prepareinvoking	2015-08-23 14:33:05.839+05	t	3	0	{}	{}	{}	t	f	f	f	f	f
2698	246	62	invoked	2015-08-23 14:33:05.839+05	t	4	0	{}	{}	{}	t	f	f	f	f	f
2699	246	62	moving	2015-08-23 14:33:05.839+05	t	4	0	{}	{}	{}	t	f	f	f	f	f
2700	246	62	prepareinvoking	2015-08-23 14:33:05.839+05	t	4	0	{}	{}	{}	t	f	f	f	f	f
2701	246	62	invoked	2015-08-23 14:33:05.839+05	t	4	0	{}	{}	{}	t	f	f	f	f	t
2702	246	62	moving	2015-08-23 14:33:05.839+05	t	4	0	{}	{}	{}	t	f	f	f	f	t
2703	246	62	paused	2015-08-23 14:33:05.839+05	t	4	0	{}	{}	{}	t	f	f	f	f	t
2704	246	62	start	2015-08-23 14:33:15.08+05	t	0	0	{}	{}	{}	t	f	f	f	f	f
2705	246	62	moving	2015-08-23 14:33:15.08+05	t	0	0	{}	{}	{}	t	f	f	f	f	f
2706	246	62	prepareinvoking	2015-08-23 14:33:15.08+05	t	0	0	{}	{}	{}	t	f	f	f	f	f
2707	246	62	invoked	2015-08-23 14:33:15.08+05	t	1	0	{}	{}	{}	t	f	f	f	f	f
2708	246	62	moving	2015-08-23 14:33:15.08+05	t	1	0	{}	{}	{}	t	f	f	f	f	f
2709	246	62	prepareinvoking	2015-08-23 14:33:15.08+05	t	1	0	{}	{}	{}	t	f	f	f	f	f
2710	246	62	invoked	2015-08-23 14:33:15.08+05	t	2	0	{}	{}	{}	t	f	f	f	f	f
2711	246	62	moving	2015-08-23 14:33:15.08+05	t	2	0	{}	{}	{}	t	f	f	f	f	f
2712	246	62	prepareinvoking	2015-08-23 14:33:15.08+05	t	2	0	{}	{}	{}	t	f	f	f	f	f
2713	246	62	invoked	2015-08-23 14:33:15.08+05	t	3	0	{}	{}	{}	t	f	f	f	f	f
2714	246	62	moving	2015-08-23 14:33:15.08+05	t	3	0	{}	{}	{}	t	f	f	f	f	f
2715	246	62	prepareinvoking	2015-08-23 14:33:15.081+05	t	3	0	{}	{}	{}	t	f	f	f	f	f
2716	246	62	invoked	2015-08-23 14:33:15.081+05	t	4	0	{}	{}	{}	t	f	f	f	f	f
2717	246	62	moving	2015-08-23 14:33:15.081+05	t	4	0	{}	{}	{}	t	f	f	f	f	f
2718	246	62	prepareinvoking	2015-08-23 14:33:15.081+05	t	4	0	{}	{}	{}	t	f	f	f	f	f
2719	246	62	invoked	2015-08-23 14:33:15.081+05	t	5	0	{}	{}	{}	t	f	f	f	f	f
2720	246	62	moving	2015-08-23 14:33:15.081+05	t	5	0	{}	{}	{}	t	f	f	f	f	f
2721	246	62	prepareinvoking	2015-08-23 14:33:15.081+05	t	5	0	{}	{}	{}	t	f	f	f	f	f
2722	246	62	invoked	2015-08-23 14:33:15.081+05	t	5	0	{}	{}	{}	t	f	f	f	f	t
2723	246	62	moving	2015-08-23 14:33:15.081+05	t	5	0	{}	{}	{}	t	f	f	f	f	t
2724	246	62	paused	2015-08-23 14:33:15.081+05	t	5	0	{}	{}	{}	t	f	f	f	f	t
2725	251	62	start	2015-08-23 14:36:12.706+05	t	0	0	{}	{}	{}	t	f	f	f	f	f
2726	251	62	moving	2015-08-23 14:36:12.706+05	t	0	0	{}	{}	{}	t	f	f	f	f	f
2727	251	62	prepareinvoking	2015-08-23 14:36:12.706+05	t	0	0	{}	{}	{}	t	f	f	f	f	f
2728	251	62	invoked	2015-08-23 14:36:12.706+05	t	0	0	{}	{}	{}	t	f	f	f	f	t
2729	251	62	moving	2015-08-23 14:36:12.706+05	t	0	0	{}	{}	{}	t	f	f	f	f	t
2730	251	62	paused	2015-08-23 14:36:12.706+05	t	0	0	{}	{}	{}	t	f	f	f	f	t
2731	252	62	start	2015-08-23 14:38:42.723+05	t	0	0	{}	{}	{}	t	f	f	f	f	f
2732	252	62	moving	2015-08-23 14:38:42.724+05	t	0	0	{}	{}	{}	t	f	f	f	f	f
2733	252	62	prepareinvoking	2015-08-23 14:38:42.725+05	t	0	0	{}	{}	{}	t	f	f	f	f	f
2734	252	62	invoked	2015-08-23 14:38:42.725+05	t	0	0	{}	{}	{}	t	f	f	f	f	t
2735	252	62	moving	2015-08-23 14:38:42.725+05	t	0	0	{}	{}	{}	t	f	f	f	f	t
2736	252	62	paused	2015-08-23 14:38:42.725+05	t	0	0	{}	{}	{}	t	f	f	f	f	t
2737	252	62	start	2015-08-23 14:41:38.535+05	t	0	0	{}	{}	{}	t	f	f	f	f	f
2738	252	62	moving	2015-08-23 14:41:38.535+05	t	0	0	{}	{}	{}	t	f	f	f	f	f
2739	252	62	prepareinvoking	2015-08-23 14:41:38.535+05	t	0	0	{}	{}	{}	t	f	f	f	f	f
2740	252	62	invoked	2015-08-23 14:41:38.535+05	t	1	0	{}	{}	{}	t	f	f	f	f	f
2741	252	62	moving	2015-08-23 14:41:38.535+05	t	1	0	{}	{}	{}	t	f	f	f	f	f
2742	252	62	prepareinvoking	2015-08-23 14:41:38.535+05	t	1	0	{}	{}	{}	t	f	f	f	f	f
2743	252	62	invoked	2015-08-23 14:41:38.535+05	t	1	0	{}	{}	{}	t	f	f	f	f	t
2744	252	62	moving	2015-08-23 14:41:38.535+05	t	1	0	{}	{}	{}	t	f	f	f	f	t
2745	252	62	paused	2015-08-23 14:41:38.535+05	t	1	0	{}	{}	{}	t	f	f	f	f	t
2746	253	62	start	2015-08-24 04:23:05.259+05	t	0	0	{}	{}	{}	t	f	f	f	f	f
2747	253	62	moving	2015-08-24 04:23:05.261+05	t	0	0	{}	{}	{}	t	f	f	f	f	f
2748	253	62	prepareinvoking	2015-08-24 04:23:05.291+05	t	0	0	{}	{}	{}	t	f	f	f	f	f
2749	253	62	invoked	2015-08-24 04:23:05.294+05	t	0	0	{}	{}	{}	t	f	f	f	f	t
2750	253	62	moving	2015-08-24 04:23:05.294+05	t	0	0	{}	{}	{}	t	f	f	f	f	t
2751	253	62	paused	2015-08-24 04:23:05.294+05	t	0	0	{}	{}	{}	t	f	f	f	f	t
2752	253	62	start	2015-08-24 04:23:20.908+05	t	0	0	{}	{}	{}	t	f	f	f	f	f
2753	253	62	moving	2015-08-24 04:23:20.908+05	t	0	0	{}	{}	{}	t	f	f	f	f	f
2754	253	62	prepareinvoking	2015-08-24 04:23:20.909+05	t	0	0	{}	{}	{}	t	f	f	f	f	f
2755	253	62	invoked	2015-08-24 04:23:20.909+05	t	1	0	{}	{}	{}	t	f	f	f	f	f
2756	253	62	moving	2015-08-24 04:23:20.909+05	t	1	0	{}	{}	{}	t	f	f	f	f	f
2757	253	62	prepareinvoking	2015-08-24 04:23:20.91+05	t	1	0	{}	{}	{}	t	f	f	f	f	f
2758	253	62	invoked	2015-08-24 04:23:20.91+05	t	1	0	{}	{}	{}	t	f	f	f	f	t
2759	253	62	moving	2015-08-24 04:23:20.911+05	t	1	0	{}	{}	{}	t	f	f	f	f	t
2760	253	62	paused	2015-08-24 04:23:20.913+05	t	1	0	{}	{}	{}	t	f	f	f	f	t
2761	253	62	start	2015-08-24 04:23:28.928+05	t	0	0	{}	{}	{}	t	f	f	f	f	f
2762	253	62	moving	2015-08-24 04:23:28.928+05	t	0	0	{}	{}	{}	t	f	f	f	f	f
2763	253	62	prepareinvoking	2015-08-24 04:23:28.928+05	t	0	0	{}	{}	{}	t	f	f	f	f	f
2764	253	62	invoked	2015-08-24 04:23:28.928+05	t	1	0	{}	{}	{}	t	f	f	f	f	f
2765	253	62	moving	2015-08-24 04:23:28.928+05	t	1	0	{}	{}	{}	t	f	f	f	f	f
2766	253	62	prepareinvoking	2015-08-24 04:23:28.929+05	t	1	0	{}	{}	{}	t	f	f	f	f	f
2767	253	62	invoked	2015-08-24 04:23:28.929+05	t	2	0	{}	{}	{}	t	f	f	f	f	f
2768	253	62	moving	2015-08-24 04:23:28.929+05	t	2	0	{}	{}	{}	t	f	f	f	f	f
2769	253	62	prepareinvoking	2015-08-24 04:23:28.929+05	t	2	0	{}	{}	{}	t	f	f	f	f	f
2770	253	62	invoked	2015-08-24 04:23:28.933+05	t	2	0	{}	{}	{}	t	f	f	f	f	t
2771	253	62	moving	2015-08-24 04:23:28.933+05	t	2	0	{}	{}	{}	t	f	f	f	f	t
2772	253	62	paused	2015-08-24 04:23:28.933+05	t	2	0	{}	{}	{}	t	f	f	f	f	t
2773	253	62	start	2015-08-24 04:23:35.784+05	t	0	0	{}	{}	{}	t	f	f	f	f	f
2774	253	62	moving	2015-08-24 04:23:35.784+05	t	0	0	{}	{}	{}	t	f	f	f	f	f
2775	253	62	prepareinvoking	2015-08-24 04:23:35.785+05	t	0	0	{}	{}	{}	t	f	f	f	f	f
2776	253	62	invoked	2015-08-24 04:23:35.785+05	t	1	0	{}	{}	{}	t	f	f	f	f	f
2777	253	62	moving	2015-08-24 04:23:35.785+05	t	1	0	{}	{}	{}	t	f	f	f	f	f
2778	253	62	prepareinvoking	2015-08-24 04:23:35.785+05	t	1	0	{}	{}	{}	t	f	f	f	f	f
2779	253	62	invoked	2015-08-24 04:23:35.786+05	t	2	0	{}	{}	{}	t	f	f	f	f	f
2780	253	62	moving	2015-08-24 04:23:35.786+05	t	2	0	{}	{}	{}	t	f	f	f	f	f
2781	253	62	prepareinvoking	2015-08-24 04:23:35.786+05	t	2	0	{}	{}	{}	t	f	f	f	f	f
2782	253	62	invoked	2015-08-24 04:23:35.786+05	t	3	0	{}	{}	{}	t	f	f	f	f	f
2783	253	62	moving	2015-08-24 04:23:35.786+05	t	3	0	{}	{}	{}	t	f	f	f	f	f
2784	253	62	prepareinvoking	2015-08-24 04:23:35.786+05	t	3	0	{}	{}	{}	t	f	f	f	f	f
2785	253	62	invoked	2015-08-24 04:23:35.787+05	t	3	0	{}	{}	{}	t	f	f	f	f	t
2786	253	62	moving	2015-08-24 04:23:35.787+05	t	3	0	{}	{}	{}	t	f	f	f	f	t
2787	253	62	paused	2015-08-24 04:23:35.787+05	t	3	0	{}	{}	{}	t	f	f	f	f	t
2788	253	62	start	2015-08-24 04:24:28.813+05	t	0	0	{}	{}	{}	t	f	f	f	f	f
2789	253	62	moving	2015-08-24 04:24:28.813+05	t	0	0	{}	{}	{}	t	f	f	f	f	f
2790	253	62	prepareinvoking	2015-08-24 04:24:28.813+05	t	0	0	{}	{}	{}	t	f	f	f	f	f
2791	253	62	invoked	2015-08-24 04:24:28.813+05	t	1	0	{}	{}	{}	t	f	f	f	f	f
2792	253	62	moving	2015-08-24 04:24:28.813+05	t	1	0	{}	{}	{}	t	f	f	f	f	f
2793	253	62	prepareinvoking	2015-08-24 04:24:28.814+05	t	1	0	{}	{}	{}	t	f	f	f	f	f
2794	253	62	invoked	2015-08-24 04:24:28.814+05	t	2	0	{}	{}	{}	t	f	f	f	f	f
2795	253	62	moving	2015-08-24 04:24:28.814+05	t	2	0	{}	{}	{}	t	f	f	f	f	f
2796	253	62	prepareinvoking	2015-08-24 04:24:28.814+05	t	2	0	{}	{}	{}	t	f	f	f	f	f
2797	253	62	invoked	2015-08-24 04:24:28.814+05	t	3	0	{}	{}	{}	t	f	f	f	f	f
2798	253	62	moving	2015-08-24 04:24:28.814+05	t	3	0	{}	{}	{}	t	f	f	f	f	f
2799	253	62	prepareinvoking	2015-08-24 04:24:28.814+05	t	3	0	{}	{}	{}	t	f	f	f	f	f
2800	253	62	invoked	2015-08-24 04:24:28.814+05	t	4	0	{}	{}	{}	t	f	f	f	f	f
2801	253	62	moving	2015-08-24 04:24:28.815+05	t	4	0	{}	{}	{}	t	f	f	f	f	f
2802	253	62	prepareinvoking	2015-08-24 04:24:28.815+05	t	4	0	{}	{}	{}	t	f	f	f	f	f
2803	253	62	invoked	2015-08-24 04:24:28.815+05	t	4	0	{}	{}	{}	t	f	f	f	f	t
2804	253	62	moving	2015-08-24 04:24:28.815+05	t	4	0	{}	{}	{}	t	f	f	f	f	t
2805	253	62	paused	2015-08-24 04:24:28.815+05	t	4	0	{}	{}	{}	t	f	f	f	f	t
2806	253	62	start	2015-08-24 04:40:47.296+05	t	0	0	{}	{}	{}	t	f	f	f	f	f
2807	253	62	moving	2015-08-24 04:40:47.296+05	t	0	0	{}	{}	{}	t	f	f	f	f	f
2808	253	62	prepareinvoking	2015-08-24 04:40:47.296+05	t	0	0	{}	{}	{}	t	f	f	f	f	f
2809	253	62	invoked	2015-08-24 04:40:47.296+05	t	1	0	{}	{}	{}	t	f	f	f	f	f
2810	253	62	moving	2015-08-24 04:40:47.296+05	t	1	0	{}	{}	{}	t	f	f	f	f	f
2811	253	62	prepareinvoking	2015-08-24 04:40:47.297+05	t	1	0	{}	{}	{}	t	f	f	f	f	f
2812	253	62	invoked	2015-08-24 04:40:47.297+05	t	2	0	{}	{}	{}	t	f	f	f	f	f
2813	253	62	moving	2015-08-24 04:40:47.297+05	t	2	0	{}	{}	{}	t	f	f	f	f	f
2814	253	62	prepareinvoking	2015-08-24 04:40:47.298+05	t	2	0	{}	{}	{}	t	f	f	f	f	f
2815	253	62	invoked	2015-08-24 04:40:47.298+05	t	3	0	{}	{}	{}	t	f	f	f	f	f
2816	253	62	moving	2015-08-24 04:40:47.298+05	t	3	0	{}	{}	{}	t	f	f	f	f	f
2817	253	62	prepareinvoking	2015-08-24 04:40:47.299+05	t	3	0	{}	{}	{}	t	f	f	f	f	f
2818	253	62	invoked	2015-08-24 04:40:47.299+05	t	4	0	{}	{}	{}	t	f	f	f	f	f
2819	253	62	moving	2015-08-24 04:40:47.299+05	t	4	0	{}	{}	{}	t	f	f	f	f	f
2820	253	62	prepareinvoking	2015-08-24 04:40:47.299+05	t	4	0	{}	{}	{}	t	f	f	f	f	f
2821	253	62	invoked	2015-08-24 04:40:47.299+05	t	5	0	{}	{}	{}	t	f	f	f	f	f
2822	253	62	moving	2015-08-24 04:40:47.299+05	t	5	0	{}	{}	{}	t	f	f	f	f	f
2823	253	62	prepareinvoking	2015-08-24 04:40:47.3+05	t	5	0	{}	{}	{}	t	f	f	f	f	f
2824	253	62	invoked	2015-08-24 04:40:47.3+05	t	5	0	{}	{}	{}	t	f	f	f	f	t
2825	253	62	moving	2015-08-24 04:40:47.3+05	t	5	0	{}	{}	{}	t	f	f	f	f	t
2826	253	62	paused	2015-08-24 04:40:47.3+05	t	5	0	{}	{}	{}	t	f	f	f	f	t
2827	253	62	start	2015-08-24 04:40:49.162+05	t	0	0	{}	{}	{}	t	f	f	f	f	f
2828	253	62	moving	2015-08-24 04:40:49.162+05	t	0	0	{}	{}	{}	t	f	f	f	f	f
2829	253	62	start	2015-08-24 04:40:49.363+05	t	0	0	{}	{}	{}	t	f	f	f	f	f
2830	253	62	prepareinvoking	2015-08-24 04:40:49.162+05	t	0	0	{}	{}	{}	t	f	f	f	f	f
2831	253	62	moving	2015-08-24 04:40:49.363+05	t	0	0	{}	{}	{}	t	f	f	f	f	f
2832	253	62	invoked	2015-08-24 04:40:49.162+05	t	1	0	{}	{}	{}	t	f	f	f	f	f
2833	253	62	prepareinvoking	2015-08-24 04:40:49.364+05	t	0	0	{}	{}	{}	t	f	f	f	f	f
2834	253	62	moving	2015-08-24 04:40:49.162+05	t	1	0	{}	{}	{}	t	f	f	f	f	f
2835	253	62	invoked	2015-08-24 04:40:49.364+05	t	1	0	{}	{}	{}	t	f	f	f	f	f
2836	253	62	prepareinvoking	2015-08-24 04:40:49.162+05	t	1	0	{}	{}	{}	t	f	f	f	f	f
2837	253	62	moving	2015-08-24 04:40:49.364+05	t	1	0	{}	{}	{}	t	f	f	f	f	f
2838	253	62	invoked	2015-08-24 04:40:49.162+05	t	2	0	{}	{}	{}	t	f	f	f	f	f
2839	253	62	prepareinvoking	2015-08-24 04:40:49.364+05	t	1	0	{}	{}	{}	t	f	f	f	f	f
2840	253	62	moving	2015-08-24 04:40:49.162+05	t	2	0	{}	{}	{}	t	f	f	f	f	f
2841	253	62	invoked	2015-08-24 04:40:49.364+05	t	2	0	{}	{}	{}	t	f	f	f	f	f
2842	253	62	prepareinvoking	2015-08-24 04:40:49.163+05	t	2	0	{}	{}	{}	t	f	f	f	f	f
2843	253	62	moving	2015-08-24 04:40:49.364+05	t	2	0	{}	{}	{}	t	f	f	f	f	f
2844	253	62	invoked	2015-08-24 04:40:49.163+05	t	3	0	{}	{}	{}	t	f	f	f	f	f
2845	253	62	prepareinvoking	2015-08-24 04:40:49.364+05	t	2	0	{}	{}	{}	t	f	f	f	f	f
2846	253	62	moving	2015-08-24 04:40:49.163+05	t	3	0	{}	{}	{}	t	f	f	f	f	f
2847	253	62	invoked	2015-08-24 04:40:49.364+05	t	3	0	{}	{}	{}	t	f	f	f	f	f
2848	253	62	prepareinvoking	2015-08-24 04:40:49.163+05	t	3	0	{}	{}	{}	t	f	f	f	f	f
2849	253	62	moving	2015-08-24 04:40:49.364+05	t	3	0	{}	{}	{}	t	f	f	f	f	f
2850	253	62	invoked	2015-08-24 04:40:49.163+05	t	4	0	{}	{}	{}	t	f	f	f	f	f
2851	253	62	prepareinvoking	2015-08-24 04:40:49.365+05	t	3	0	{}	{}	{}	t	f	f	f	f	f
2852	253	62	moving	2015-08-24 04:40:49.163+05	t	4	0	{}	{}	{}	t	f	f	f	f	f
2853	253	62	invoked	2015-08-24 04:40:49.365+05	t	4	0	{}	{}	{}	t	f	f	f	f	f
2854	253	62	prepareinvoking	2015-08-24 04:40:49.163+05	t	4	0	{}	{}	{}	t	f	f	f	f	f
2855	253	62	moving	2015-08-24 04:40:49.365+05	t	4	0	{}	{}	{}	t	f	f	f	f	f
2856	253	62	invoked	2015-08-24 04:40:49.163+05	t	5	0	{}	{}	{}	t	f	f	f	f	f
2857	253	62	prepareinvoking	2015-08-24 04:40:49.365+05	t	4	0	{}	{}	{}	t	f	f	f	f	f
2858	253	62	moving	2015-08-24 04:40:49.163+05	t	5	0	{}	{}	{}	t	f	f	f	f	f
2859	253	62	invoked	2015-08-24 04:40:49.365+05	t	5	0	{}	{}	{}	t	f	f	f	f	f
2860	253	62	prepareinvoking	2015-08-24 04:40:49.163+05	t	5	0	{}	{}	{}	t	f	f	f	f	f
2861	253	62	moving	2015-08-24 04:40:49.365+05	t	5	0	{}	{}	{}	t	f	f	f	f	f
2862	253	62	invoked	2015-08-24 04:40:49.164+05	t	5	0	{}	{}	{}	t	f	f	f	f	t
2863	253	62	prepareinvoking	2015-08-24 04:40:49.365+05	t	5	0	{}	{}	{}	t	f	f	f	f	f
2864	253	62	moving	2015-08-24 04:40:49.164+05	t	5	0	{}	{}	{}	t	f	f	f	f	t
2865	253	62	invoked	2015-08-24 04:40:49.366+05	t	5	0	{}	{}	{}	t	f	f	f	f	t
2866	253	62	paused	2015-08-24 04:40:49.164+05	t	5	0	{}	{}	{}	t	f	f	f	f	t
2867	253	62	moving	2015-08-24 04:40:49.366+05	t	5	0	{}	{}	{}	t	f	f	f	f	t
2868	253	62	paused	2015-08-24 04:40:49.366+05	t	5	0	{}	{}	{}	t	f	f	f	f	t
2869	254	62	start	2015-08-25 14:01:51.783+05	t	0	0	{}	{}	{}	t	f	f	f	f	f
2870	254	62	moving	2015-08-25 14:01:51.783+05	t	0	0	{}	{}	{}	t	f	f	f	f	f
2871	254	62	prepareinvoking	2015-08-25 14:01:51.783+05	t	0	0	{}	{}	{}	t	f	f	f	f	f
2872	254	62	invoked	2015-08-25 14:01:51.785+05	t	0	0	{}	{}	{}	t	f	f	f	f	t
2873	254	62	moving	2015-08-25 14:01:51.785+05	t	0	0	{}	{}	{}	t	f	f	f	f	t
2874	254	62	paused	2015-08-25 14:01:51.785+05	t	0	0	{}	{}	{}	t	f	f	f	f	t
2875	254	62	start	2015-08-25 14:02:04.322+05	t	0	0	{}	{}	{}	t	f	f	f	f	f
2876	254	62	moving	2015-08-25 14:02:04.322+05	t	0	0	{}	{}	{}	t	f	f	f	f	f
2877	254	62	prepareinvoking	2015-08-25 14:02:04.322+05	t	0	0	{}	{}	{}	t	f	f	f	f	f
2878	254	62	invoked	2015-08-25 14:02:04.322+05	t	0	0	{}	{}	{}	t	f	f	f	f	t
2879	254	62	moving	2015-08-25 14:02:04.322+05	t	0	0	{}	{}	{}	t	f	f	f	f	t
2880	254	62	paused	2015-08-25 14:02:04.322+05	t	0	0	{}	{}	{}	t	f	f	f	f	t
2881	254	62	start	2015-08-25 14:02:19.365+05	t	0	0	{}	{}	{}	t	f	f	f	f	f
2882	254	62	moving	2015-08-25 14:02:19.365+05	t	0	0	{}	{}	{}	t	f	f	f	f	f
2883	254	62	prepareinvoking	2015-08-25 14:02:19.365+05	t	0	0	{}	{}	{}	t	f	f	f	f	f
2884	254	62	invoked	2015-08-25 14:02:19.366+05	t	1	0	{}	{}	{}	t	f	f	f	f	f
2885	254	62	moving	2015-08-25 14:02:19.366+05	t	1	0	{}	{}	{}	t	f	f	f	f	f
2886	254	62	prepareinvoking	2015-08-25 14:02:19.366+05	t	1	0	{}	{}	{}	t	f	f	f	f	f
2887	254	62	invoked	2015-08-25 14:02:19.366+05	t	1	0	{}	{}	{}	t	f	f	f	f	t
2888	254	62	moving	2015-08-25 14:02:19.366+05	t	1	0	{}	{}	{}	t	f	f	f	f	t
2889	254	62	paused	2015-08-25 14:02:19.366+05	t	1	0	{}	{}	{}	t	f	f	f	f	t
2890	254	62	start	2015-08-25 14:03:08.303+05	t	0	0	{}	{}	{}	t	f	f	f	f	f
2891	254	62	moving	2015-08-25 14:03:08.303+05	t	0	0	{}	{}	{}	t	f	f	f	f	f
2892	254	62	prepareinvoking	2015-08-25 14:03:08.304+05	t	0	0	{}	{}	{}	t	f	f	f	f	f
2893	254	62	invoked	2015-08-25 14:03:08.304+05	t	1	0	{}	{}	{}	t	f	f	f	f	f
2894	254	62	moving	2015-08-25 14:03:08.304+05	t	1	0	{}	{}	{}	t	f	f	f	f	f
2895	254	62	prepareinvoking	2015-08-25 14:03:08.304+05	t	1	0	{}	{}	{}	t	f	f	f	f	f
2896	254	62	invoked	2015-08-25 14:03:08.304+05	t	2	0	{}	{}	{}	t	f	f	f	f	f
2897	254	62	moving	2015-08-25 14:03:08.304+05	t	2	0	{}	{}	{}	t	f	f	f	f	f
2898	254	62	prepareinvoking	2015-08-25 14:03:08.304+05	t	2	0	{}	{}	{}	t	f	f	f	f	f
2899	254	62	invoked	2015-08-25 14:03:08.304+05	t	2	0	{}	{}	{}	t	f	f	f	f	t
2900	254	62	moving	2015-08-25 14:03:08.304+05	t	2	0	{}	{}	{}	t	f	f	f	f	t
2901	254	62	paused	2015-08-25 14:03:08.304+05	t	2	0	{}	{}	{}	t	f	f	f	f	t
2902	254	62	start	2015-08-25 14:25:55.116+05	t	0	0	{}	{}	{}	t	f	f	f	f	f
2903	254	62	moving	2015-08-25 14:25:55.116+05	t	0	0	{}	{}	{}	t	f	f	f	f	f
2904	254	62	prepareinvoking	2015-08-25 14:25:55.116+05	t	0	0	{}	{}	{}	t	f	f	f	f	f
2905	254	62	invoked	2015-08-25 14:25:55.116+05	t	1	0	{}	{}	{}	t	f	f	f	f	f
2906	254	62	moving	2015-08-25 14:25:55.116+05	t	1	0	{}	{}	{}	t	f	f	f	f	f
2907	254	62	prepareinvoking	2015-08-25 14:25:55.116+05	t	1	0	{}	{}	{}	t	f	f	f	f	f
2908	254	62	invoked	2015-08-25 14:25:55.117+05	t	2	0	{}	{}	{}	t	f	f	f	f	f
2909	254	62	moving	2015-08-25 14:25:55.117+05	t	2	0	{}	{}	{}	t	f	f	f	f	f
2910	254	62	prepareinvoking	2015-08-25 14:25:55.117+05	t	2	0	{}	{}	{}	t	f	f	f	f	f
2911	254	62	invoked	2015-08-25 14:25:55.117+05	t	3	0	{}	{}	{}	t	f	f	f	f	f
2912	254	62	moving	2015-08-25 14:25:55.117+05	t	3	0	{}	{}	{}	t	f	f	f	f	f
2913	254	62	prepareinvoking	2015-08-25 14:25:55.117+05	t	3	0	{}	{}	{}	t	f	f	f	f	f
2914	254	62	invoked	2015-08-25 14:25:55.117+05	t	3	0	{}	{}	{}	t	f	f	f	f	t
2915	254	62	moving	2015-08-25 14:25:55.117+05	t	3	0	{}	{}	{}	t	f	f	f	f	t
2916	254	62	paused	2015-08-25 14:25:55.117+05	t	3	0	{}	{}	{}	t	f	f	f	f	t
2917	254	62	start	2015-08-25 14:26:29.493+05	t	0	0	{}	{}	{}	t	f	f	f	f	f
2918	254	62	moving	2015-08-25 14:26:29.493+05	t	0	0	{}	{}	{}	t	f	f	f	f	f
2919	254	62	prepareinvoking	2015-08-25 14:26:29.493+05	t	0	0	{}	{}	{}	t	f	f	f	f	f
2920	254	62	invoked	2015-08-25 14:26:29.493+05	t	1	0	{}	{}	{}	t	f	f	f	f	f
2921	254	62	moving	2015-08-25 14:26:29.493+05	t	1	0	{}	{}	{}	t	f	f	f	f	f
2922	254	62	prepareinvoking	2015-08-25 14:26:29.493+05	t	1	0	{}	{}	{}	t	f	f	f	f	f
2923	254	62	invoked	2015-08-25 14:26:29.494+05	t	2	0	{}	{}	{}	t	f	f	f	f	f
2924	254	62	moving	2015-08-25 14:26:29.494+05	t	2	0	{}	{}	{}	t	f	f	f	f	f
2925	254	62	prepareinvoking	2015-08-25 14:26:29.494+05	t	2	0	{}	{}	{}	t	f	f	f	f	f
2926	254	62	invoked	2015-08-25 14:26:29.494+05	t	3	0	{}	{}	{}	t	f	f	f	f	f
2927	254	62	moving	2015-08-25 14:26:29.494+05	t	3	0	{}	{}	{}	t	f	f	f	f	f
2928	254	62	prepareinvoking	2015-08-25 14:26:29.494+05	t	3	0	{}	{}	{}	t	f	f	f	f	f
2929	254	62	invoked	2015-08-25 14:26:29.494+05	t	4	0	{}	{}	{}	t	f	f	f	f	f
2930	254	62	moving	2015-08-25 14:26:29.494+05	t	4	0	{}	{}	{}	t	f	f	f	f	f
2931	254	62	prepareinvoking	2015-08-25 14:26:29.494+05	t	4	0	{}	{}	{}	t	f	f	f	f	f
2932	254	62	invoked	2015-08-25 14:26:29.494+05	t	4	0	{}	{}	{}	t	f	f	f	f	t
2933	254	62	moving	2015-08-25 14:26:29.494+05	t	4	0	{}	{}	{}	t	f	f	f	f	t
2934	254	62	paused	2015-08-25 14:26:29.494+05	t	4	0	{}	{}	{}	t	f	f	f	f	t
2935	264	66	start	2015-08-25 15:45:16.092+05	t	0	0	{}	{}	{}	t	f	f	f	f	f
2936	264	66	moving	2015-08-25 15:45:16.092+05	t	0	0	{}	{}	{}	t	f	f	f	f	f
2937	264	66	prepareinvoking	2015-08-25 15:45:16.092+05	t	0	0	{}	{}	{}	t	f	f	f	f	f
2938	264	66	preparemovetospace	2015-08-25 15:45:16.092+05	t	0	0	{}	{}	{}	t	f	f	f	f	f
2939	264	66	movetospace	2015-08-25 15:45:16.092+05	t	0	1	{}	{}	{84}	t	f	t	f	f	f
2940	264	66	preparemovetocontainer	2015-08-25 15:45:16.092+05	t	0	1	{}	{}	{84}	t	f	t	f	f	f
2941	264	66	movetocontainer	2015-08-25 15:45:16.092+05	t	0	1	{1}	{}	{84}	t	f	t	t	f	f
2942	264	66	invoked	2015-08-25 15:45:16.093+05	t	0	1	{1}	{}	{84}	t	f	t	t	f	f
2943	264	66	moving	2015-08-25 15:45:16.093+05	t	0	1	{1}	{}	{84}	t	f	t	t	f	f
2944	264	66	end	2015-08-25 15:45:16.093+05	t	0	1	{1}	{}	{84}	t	t	t	t	f	f
2945	265	66	start	2015-08-25 15:45:25.79+05	t	0	0	{}	{}	{}	t	f	f	f	f	f
2946	265	66	moving	2015-08-25 15:45:25.79+05	t	0	0	{}	{}	{}	t	f	f	f	f	f
2947	265	66	prepareinvoking	2015-08-25 15:45:25.79+05	t	0	0	{}	{}	{}	t	f	f	f	f	f
2948	265	66	preparemovetospace	2015-08-25 15:45:25.79+05	t	0	0	{}	{}	{}	t	f	f	f	f	f
2949	265	66	movetospace	2015-08-25 15:45:25.79+05	t	0	1	{}	{}	{84}	t	f	t	f	f	f
2950	265	66	preparemovetocontainer	2015-08-25 15:45:25.79+05	t	0	1	{}	{}	{84}	t	f	t	f	f	f
2951	265	66	movetocontainer	2015-08-25 15:45:25.79+05	t	0	1	{1}	{}	{84}	t	f	t	t	f	f
2952	265	66	invoked	2015-08-25 15:45:25.79+05	t	0	1	{1}	{}	{84}	t	f	t	t	f	f
2953	265	66	moving	2015-08-25 15:45:25.79+05	t	0	1	{1}	{}	{84}	t	f	t	t	f	f
2954	265	66	end	2015-08-25 15:45:25.79+05	t	0	1	{1}	{}	{84}	t	t	t	t	f	f
2955	266	67	start	2015-08-25 15:46:38.618+05	t	0	0	{}	{}	{}	t	f	f	f	f	f
2956	266	67	moving	2015-08-25 15:46:38.618+05	t	0	0	{}	{}	{}	t	f	f	f	f	f
2957	266	67	prepareinvoking	2015-08-25 15:46:38.618+05	t	0	0	{}	{}	{}	t	f	f	f	f	f
2958	266	67	invoked	2015-08-25 15:46:38.618+05	t	1	0	{}	{}	{}	t	f	f	f	f	f
2959	266	67	moving	2015-08-25 15:46:38.618+05	t	1	0	{}	{}	{}	t	f	f	f	f	f
2960	266	67	end	2015-08-25 15:46:38.618+05	t	1	0	{}	{}	{}	t	t	f	f	f	f
2961	267	66	start	2015-08-26 14:25:26.259+05	t	0	0	{}	{}	{}	t	f	f	f	f	f
2962	267	66	moving	2015-08-26 14:25:26.261+05	t	0	0	{}	{}	{}	t	f	f	f	f	f
2963	267	66	prepareinvoking	2015-08-26 14:25:26.295+05	t	0	0	{}	{}	{}	t	f	f	f	f	f
2964	267	66	preparemovetospace	2015-08-26 14:25:26.298+05	t	0	0	{}	{}	{}	t	f	f	f	f	f
2965	267	66	movetospace	2015-08-26 14:25:26.298+05	t	0	1	{}	{}	{84}	t	f	t	f	f	f
2966	267	66	preparemovetocontainer	2015-08-26 14:25:26.298+05	t	0	1	{}	{}	{84}	t	f	t	f	f	f
2967	267	66	movetocontainer	2015-08-26 14:25:26.302+05	t	0	1	{1}	{}	{84}	t	f	t	t	f	f
2968	267	66	invoked	2015-08-26 14:25:26.302+05	t	0	1	{1}	{}	{84}	t	f	t	t	f	f
2969	267	66	moving	2015-08-26 14:25:26.302+05	t	0	1	{1}	{}	{84}	t	f	t	t	f	f
2970	267	66	prepareinvoking	2015-08-26 14:25:26.306+05	t	0	1	{1}	{}	{84}	t	f	t	t	f	f
2971	267	66	moving	2015-08-26 14:25:26.313+05	t	1	0	{}	{}	{}	t	f	f	f	f	f
2972	267	66	prepareinvoking	2015-08-26 14:25:26.314+05	t	1	0	{}	{}	{}	t	f	f	f	f	f
2973	267	66	preparemovetospace	2015-08-26 14:25:26.314+05	t	1	0	{}	{}	{}	t	f	f	f	f	f
2974	267	66	movetospace	2015-08-26 14:25:26.314+05	t	1	1	{}	{}	{85}	t	f	t	f	f	f
2975	267	66	preparemovetocontainer	2015-08-26 14:25:26.314+05	t	1	1	{}	{}	{85}	t	f	t	f	f	f
2976	267	66	movetocontainer	2015-08-26 14:25:26.314+05	t	1	1	{1}	{}	{85}	t	f	t	t	f	f
2977	267	66	invoked	2015-08-26 14:25:26.314+05	t	1	1	{1}	{}	{85}	t	f	t	t	f	f
2978	267	66	moving	2015-08-26 14:25:26.314+05	t	1	1	{1}	{}	{85}	t	f	t	t	f	f
2979	267	66	prepareinvoking	2015-08-26 14:25:26.315+05	t	1	1	{1}	{}	{85}	t	f	t	t	f	f
2980	267	66	moving	2015-08-26 14:25:26.315+05	t	2	0	{}	{}	{}	t	f	f	f	f	f
2981	267	66	end	2015-08-26 14:25:26.315+05	t	2	0	{}	{}	{}	t	t	f	f	f	f
2982	267	66	moving	2015-08-26 14:25:26.315+05	t	2	0	{}	{}	{}	t	t	f	f	f	f
2983	267	66	end	2015-08-26 14:25:26.316+05	t	2	0	{}	{}	{}	t	t	f	f	f	f
2984	267	66	moving	2015-08-26 14:25:26.316+05	t	2	0	{}	{}	{}	t	t	f	f	f	f
2985	267	66	end	2015-08-26 14:25:26.316+05	t	2	0	{}	{}	{}	t	t	f	f	f	f
2986	269	62	start	2015-08-26 14:33:35.84+05	t	0	0	{}	{}	{}	t	f	f	f	f	f
2987	269	62	moving	2015-08-26 14:33:35.84+05	t	0	0	{}	{}	{}	t	f	f	f	f	f
2988	269	62	prepareinvoking	2015-08-26 14:33:35.84+05	t	0	0	{}	{}	{}	t	f	f	f	f	f
2989	269	62	invoked	2015-08-26 14:33:35.841+05	t	0	0	{}	{}	{}	t	f	f	f	f	t
2990	269	62	moving	2015-08-26 14:33:35.841+05	t	0	0	{}	{}	{}	t	f	f	f	f	t
2991	269	62	paused	2015-08-26 14:33:35.841+05	t	0	0	{}	{}	{}	t	f	f	f	f	t
2992	269	62	start	2015-08-26 14:33:51.092+05	t	0	0	{}	{}	{}	t	f	f	f	f	f
2993	269	62	moving	2015-08-26 14:33:51.092+05	t	0	0	{}	{}	{}	t	f	f	f	f	f
2994	269	62	prepareinvoking	2015-08-26 14:33:51.092+05	t	0	0	{}	{}	{}	t	f	f	f	f	f
2995	269	62	invoked	2015-08-26 14:33:51.093+05	t	1	0	{}	{}	{}	t	f	f	f	f	f
2996	269	62	moving	2015-08-26 14:33:51.093+05	t	1	0	{}	{}	{}	t	f	f	f	f	f
2997	269	62	prepareinvoking	2015-08-26 14:33:51.093+05	t	1	0	{}	{}	{}	t	f	f	f	f	f
2998	269	62	invoked	2015-08-26 14:33:51.093+05	t	2	0	{}	{}	{}	t	f	f	f	f	f
2999	269	62	moving	2015-08-26 14:33:51.093+05	t	2	0	{}	{}	{}	t	f	f	f	f	f
3000	269	62	prepareinvoking	2015-08-26 14:33:51.093+05	t	2	0	{}	{}	{}	t	f	f	f	f	f
3001	269	62	invoked	2015-08-26 14:33:51.094+05	t	3	0	{}	{}	{}	t	f	f	f	f	f
3002	269	62	moving	2015-08-26 14:33:51.094+05	t	3	0	{}	{}	{}	t	f	f	f	f	f
3003	269	62	prepareinvoking	2015-08-26 14:33:51.094+05	t	3	0	{}	{}	{}	t	f	f	f	f	f
3004	269	62	invoked	2015-08-26 14:33:51.094+05	t	4	0	{}	{}	{}	t	f	f	f	f	f
3005	269	62	moving	2015-08-26 14:33:51.094+05	t	4	0	{}	{}	{}	t	f	f	f	f	f
3006	269	62	prepareinvoking	2015-08-26 14:33:51.094+05	t	4	0	{}	{}	{}	t	f	f	f	f	f
3007	269	62	invoked	2015-08-26 14:33:51.095+05	t	5	0	{}	{}	{}	t	f	f	f	f	f
3008	269	62	moving	2015-08-26 14:33:51.095+05	t	5	0	{}	{}	{}	t	f	f	f	f	f
3009	269	62	prepareinvoking	2015-08-26 14:33:51.095+05	t	5	0	{}	{}	{}	t	f	f	f	f	f
3010	269	62	invoked	2015-08-26 14:33:51.095+05	t	6	0	{}	{}	{}	t	f	f	f	f	f
3011	269	62	moving	2015-08-26 14:33:51.095+05	t	6	0	{}	{}	{}	t	f	f	f	f	f
3012	269	62	prepareinvoking	2015-08-26 14:33:51.095+05	t	6	0	{}	{}	{}	t	f	f	f	f	f
3013	269	62	preparemovetospace	2015-08-26 14:33:51.095+05	t	6	0	{}	{}	{}	t	f	f	f	f	f
3014	269	62	movetospace	2015-08-26 14:33:51.095+05	t	6	1	{}	{}	{81}	t	f	t	f	f	f
3015	269	62	preparemovetocontainer	2015-08-26 14:33:51.095+05	t	6	1	{}	{}	{81}	t	f	t	f	f	f
3016	269	62	movetocontainer	2015-08-26 14:33:51.095+05	t	6	1	{3}	{}	{81}	t	f	t	t	f	f
3017	269	62	invoked	2015-08-26 14:33:51.096+05	t	6	1	{3}	{}	{81}	t	f	t	t	f	f
3018	269	62	moving	2015-08-26 14:33:51.096+05	t	6	1	{3}	{}	{81}	t	f	t	t	f	f
3019	269	62	prepareinvokinginspace	2015-08-26 14:33:51.096+05	t	6	1	{3}	{}	{81}	t	f	t	t	f	f
3020	269	62	prepareinvoking	2015-08-26 14:33:51.096+05	t	6	1	{3}	{}	{81}	t	f	t	t	f	f
3021	269	62	invoked	2015-08-26 14:33:51.096+05	t	6	1	{3}	{}	{81}	t	f	t	t	f	f
3022	269	62	invokinginspace	2015-08-26 14:33:51.096+05	t	6	1	{3}	{}	{81}	t	f	t	t	f	f
3023	269	62	prepareinvoking	2015-08-26 14:33:51.096+05	t	6	1	{3}	{}	{81}	t	f	t	t	f	f
3024	269	62	moving	2015-08-26 14:33:51.096+05	t	7	0	{}	{}	{}	t	f	f	f	f	f
3025	269	62	end	2015-08-26 14:33:51.096+05	t	7	0	{}	{}	{}	t	t	f	f	f	f
3026	269	62	moving	2015-08-26 14:33:51.096+05	t	7	0	{}	{}	{}	t	t	f	f	f	f
3027	269	62	end	2015-08-26 14:33:51.097+05	t	7	0	{}	{}	{}	t	t	f	f	f	f
3028	270	62	start	2015-08-27 14:55:16.872+05	t	0	0	{}	{}	{}	t	f	f	f	f	f
3029	270	62	moving	2015-08-27 14:55:16.873+05	t	0	0	{}	{}	{}	t	f	f	f	f	f
3030	270	62	prepareinvoking	2015-08-27 14:55:16.904+05	t	0	0	{}	{}	{}	t	f	f	f	f	f
3031	270	62	invoked	2015-08-27 14:55:16.908+05	t	0	0	{}	{}	{}	t	f	f	f	f	t
3032	270	62	moving	2015-08-27 14:55:16.908+05	t	0	0	{}	{}	{}	t	f	f	f	f	t
3033	270	62	paused	2015-08-27 14:55:16.908+05	t	0	0	{}	{}	{}	t	f	f	f	f	t
3034	271	62	start	2015-08-27 14:55:18.978+05	t	0	0	{}	{}	{}	t	f	f	f	f	f
3035	271	62	moving	2015-08-27 14:55:18.978+05	t	0	0	{}	{}	{}	t	f	f	f	f	f
3036	271	62	prepareinvoking	2015-08-27 14:55:18.978+05	t	0	0	{}	{}	{}	t	f	f	f	f	f
3037	271	62	invoked	2015-08-27 14:55:18.979+05	t	0	0	{}	{}	{}	t	f	f	f	f	t
3038	271	62	moving	2015-08-27 14:55:18.979+05	t	0	0	{}	{}	{}	t	f	f	f	f	t
3039	271	62	paused	2015-08-27 14:55:18.979+05	t	0	0	{}	{}	{}	t	f	f	f	f	t
3040	272	62	start	2015-08-27 14:55:21.262+05	t	0	0	{}	{}	{}	t	f	f	f	f	f
3041	272	62	moving	2015-08-27 14:55:21.262+05	t	0	0	{}	{}	{}	t	f	f	f	f	f
3042	272	62	prepareinvoking	2015-08-27 14:55:21.262+05	t	0	0	{}	{}	{}	t	f	f	f	f	f
3043	272	62	invoked	2015-08-27 14:55:21.263+05	t	0	0	{}	{}	{}	t	f	f	f	f	t
3044	272	62	moving	2015-08-27 14:55:21.263+05	t	0	0	{}	{}	{}	t	f	f	f	f	t
3045	272	62	paused	2015-08-27 14:55:21.263+05	t	0	0	{}	{}	{}	t	f	f	f	f	t
3046	270	62	start	2015-08-27 15:06:52.002+05	t	0	0	{}	{}	{}	t	f	f	f	f	f
3047	270	62	moving	2015-08-27 15:06:52.003+05	t	0	0	{}	{}	{}	t	f	f	f	f	f
3048	270	62	prepareinvoking	2015-08-27 15:06:52.003+05	t	0	0	{}	{}	{}	t	f	f	f	f	f
3049	270	62	invoked	2015-08-27 15:06:52.003+05	t	1	0	{}	{}	{}	t	f	f	f	f	f
3050	270	62	moving	2015-08-27 15:06:52.003+05	t	1	0	{}	{}	{}	t	f	f	f	f	f
3051	270	62	prepareinvoking	2015-08-27 15:06:52.003+05	t	1	0	{}	{}	{}	t	f	f	f	f	f
3052	270	62	invoked	2015-08-27 15:06:52.004+05	t	1	0	{}	{}	{}	t	f	f	f	f	t
3053	270	62	moving	2015-08-27 15:06:52.004+05	t	1	0	{}	{}	{}	t	f	f	f	f	t
3054	270	62	paused	2015-08-27 15:06:52.004+05	t	1	0	{}	{}	{}	t	f	f	f	f	t
3055	271	62	start	2015-08-27 15:06:53.45+05	t	0	0	{}	{}	{}	t	f	f	f	f	f
3056	271	62	moving	2015-08-27 15:06:53.45+05	t	0	0	{}	{}	{}	t	f	f	f	f	f
3057	271	62	prepareinvoking	2015-08-27 15:06:53.45+05	t	0	0	{}	{}	{}	t	f	f	f	f	f
3058	271	62	invoked	2015-08-27 15:06:53.451+05	t	1	0	{}	{}	{}	t	f	f	f	f	f
3059	271	62	moving	2015-08-27 15:06:53.451+05	t	1	0	{}	{}	{}	t	f	f	f	f	f
3060	271	62	prepareinvoking	2015-08-27 15:06:53.452+05	t	1	0	{}	{}	{}	t	f	f	f	f	f
3061	271	62	invoked	2015-08-27 15:06:53.452+05	t	1	0	{}	{}	{}	t	f	f	f	f	t
3062	271	62	moving	2015-08-27 15:06:53.452+05	t	1	0	{}	{}	{}	t	f	f	f	f	t
3063	271	62	paused	2015-08-27 15:06:53.452+05	t	1	0	{}	{}	{}	t	f	f	f	f	t
3064	273	70	start	2015-09-04 19:32:09.372+05	t	0	0	{}	{}	{}	t	f	f	f	f	f
3065	273	70	moving	2015-09-04 19:32:09.384+05	t	0	0	{}	{}	{}	t	f	f	f	f	f
3066	273	70	prepareinvoking	2015-09-04 19:32:09.439+05	t	0	0	{}	{}	{}	t	f	f	f	f	f
3067	273	70	invoked	2015-09-04 19:32:09.454+05	t	0	0	{}	{}	{}	t	f	f	f	f	t
3068	273	70	moving	2015-09-04 19:32:09.465+05	t	0	0	{}	{}	{}	t	f	f	f	f	t
3069	273	70	paused	2015-09-04 19:32:09.465+05	t	0	0	{}	{}	{}	t	f	f	f	f	t
3070	273	70	start	2015-09-04 19:32:38.553+05	t	0	0	{}	{}	{}	t	f	f	f	f	f
3071	273	70	moving	2015-09-04 19:32:38.565+05	t	0	0	{}	{}	{}	t	f	f	f	f	f
3072	273	70	prepareinvoking	2015-09-04 19:32:38.585+05	t	0	0	{}	{}	{}	t	f	f	f	f	f
3073	273	70	invoked	2015-09-04 19:32:38.596+05	t	1	0	{}	{}	{}	t	f	f	f	f	f
3074	273	70	moving	2015-09-04 19:32:38.607+05	t	1	0	{}	{}	{}	t	f	f	f	f	f
3075	273	70	prepareinvoking	2015-09-04 19:32:38.628+05	t	1	0	{}	{}	{}	t	f	f	f	f	f
3076	273	70	invoked	2015-09-04 19:32:38.638+05	t	1	0	{}	{}	{}	t	f	f	f	f	t
3077	273	70	moving	2015-09-04 19:32:38.649+05	t	1	0	{}	{}	{}	t	f	f	f	f	t
3078	273	70	paused	2015-09-04 19:32:38.649+05	t	1	0	{}	{}	{}	t	f	f	f	f	t
3079	273	70	start	2015-09-10 03:20:49.324+05	t	0	0	{}	{}	{}	t	f	f	f	f	f
3080	273	70	moving	2015-09-10 03:20:49.336+05	t	0	0	{}	{}	{}	t	f	f	f	f	f
3081	273	70	prepareinvoking	2015-09-10 03:20:49.388+05	t	0	0	{}	{}	{}	t	f	f	f	f	f
3082	273	70	invoked	2015-09-10 03:20:49.403+05	t	1	0	{}	{}	{}	t	f	f	f	f	f
3083	273	70	moving	2015-09-10 03:20:49.415+05	t	1	0	{}	{}	{}	t	f	f	f	f	f
3084	273	70	prepareinvoking	2015-09-10 03:20:49.438+05	t	1	0	{}	{}	{}	t	f	f	f	f	f
3085	273	70	invoked	2015-09-10 03:20:49.451+05	t	2	0	{}	{}	{}	t	f	f	f	f	f
3086	273	70	moving	2015-09-10 03:20:49.462+05	t	2	0	{}	{}	{}	t	f	f	f	f	f
3087	273	70	prepareinvoking	2015-09-10 03:20:49.483+05	t	2	0	{}	{}	{}	t	f	f	f	f	f
3088	273	70	invoked	2015-09-10 03:20:49.493+05	t	2	0	{}	{}	{}	t	f	f	f	f	t
3089	273	70	moving	2015-09-10 03:20:49.505+05	t	2	0	{}	{}	{}	t	f	f	f	f	t
3090	273	70	paused	2015-09-10 03:20:49.505+05	t	2	0	{}	{}	{}	t	f	f	f	f	t
3091	273	70	start	2015-09-12 04:22:42.979+05	t	0	0	{}	{}	{}	t	f	f	f	f	f
3092	273	70	moving	2015-09-12 04:22:42.991+05	t	0	0	{}	{}	{}	t	f	f	f	f	f
3093	273	70	prepareinvoking	2015-09-12 04:22:43.013+05	t	0	0	{}	{}	{}	t	f	f	f	f	f
3094	273	70	invoked	2015-09-12 04:22:43.024+05	t	1	0	{}	{}	{}	t	f	f	f	f	f
3095	273	70	moving	2015-09-12 04:22:43.035+05	t	1	0	{}	{}	{}	t	f	f	f	f	f
3096	273	70	prepareinvoking	2015-09-12 04:22:43.056+05	t	1	0	{}	{}	{}	t	f	f	f	f	f
3097	273	70	invoked	2015-09-12 04:22:43.067+05	t	2	0	{}	{}	{}	t	f	f	f	f	f
3098	273	70	moving	2015-09-12 04:22:43.077+05	t	2	0	{}	{}	{}	t	f	f	f	f	f
3099	273	70	prepareinvoking	2015-09-12 04:22:43.099+05	t	2	0	{}	{}	{}	t	f	f	f	f	f
3100	273	70	invoked	2015-09-12 04:22:43.11+05	t	3	0	{}	{}	{}	t	f	f	f	f	f
3101	273	70	moving	2015-09-12 04:22:43.121+05	t	3	0	{}	{}	{}	t	f	f	f	f	f
3102	273	70	prepareinvoking	2015-09-12 04:22:43.138+05	t	3	0	{}	{}	{}	t	f	f	f	f	f
3103	273	70	invoked	2015-09-12 04:22:43.148+05	t	4	0	{}	{}	{}	t	f	f	f	f	f
3104	273	70	moving	2015-09-12 04:22:43.159+05	t	4	0	{}	{}	{}	t	f	f	f	f	f
3105	273	70	end	2015-09-12 04:22:43.163+05	t	4	0	{}	{}	{}	t	t	f	f	f	f
3106	273	70	start	2015-09-12 04:22:46.227+05	t	0	0	{}	{}	{}	t	f	f	f	f	f
3107	273	70	start	2015-09-12 04:22:46.21+05	t	0	0	{}	{}	{}	t	f	f	f	f	f
3108	273	70	moving	2015-09-12 04:22:46.246+05	t	0	0	{}	{}	{}	t	f	f	f	f	f
3109	273	70	moving	2015-09-12 04:22:46.23+05	t	0	0	{}	{}	{}	t	f	f	f	f	f
3110	273	70	prepareinvoking	2015-09-12 04:22:46.298+05	t	0	0	{}	{}	{}	t	f	f	f	f	f
3111	273	70	prepareinvoking	2015-09-12 04:22:46.271+05	t	0	0	{}	{}	{}	t	f	f	f	f	f
3112	273	70	invoked	2015-09-12 04:22:46.321+05	t	1	0	{}	{}	{}	t	f	f	f	f	f
3113	273	70	invoked	2015-09-12 04:22:46.294+05	t	1	0	{}	{}	{}	t	f	f	f	f	f
3114	273	70	moving	2015-09-12 04:22:46.344+05	t	1	0	{}	{}	{}	t	f	f	f	f	f
3115	273	70	moving	2015-09-12 04:22:46.317+05	t	1	0	{}	{}	{}	t	f	f	f	f	f
3116	273	70	prepareinvoking	2015-09-12 04:22:46.392+05	t	1	0	{}	{}	{}	t	f	f	f	f	f
3117	273	70	prepareinvoking	2015-09-12 04:22:46.367+05	t	1	0	{}	{}	{}	t	f	f	f	f	f
3118	273	70	invoked	2015-09-12 04:22:46.418+05	t	2	0	{}	{}	{}	t	f	f	f	f	f
3119	273	70	invoked	2015-09-12 04:22:46.389+05	t	2	0	{}	{}	{}	t	f	f	f	f	f
3120	273	70	moving	2015-09-12 04:22:46.445+05	t	2	0	{}	{}	{}	t	f	f	f	f	f
3121	273	70	moving	2015-09-12 04:22:46.414+05	t	2	0	{}	{}	{}	t	f	f	f	f	f
3122	273	70	prepareinvoking	2015-09-12 04:22:46.499+05	t	2	0	{}	{}	{}	t	f	f	f	f	f
3123	273	70	prepareinvoking	2015-09-12 04:22:46.473+05	t	2	0	{}	{}	{}	t	f	f	f	f	f
3124	273	70	invoked	2015-09-12 04:22:46.534+05	t	3	0	{}	{}	{}	t	f	f	f	f	f
3125	273	70	invoked	2015-09-12 04:22:46.495+05	t	3	0	{}	{}	{}	t	f	f	f	f	f
3126	273	70	moving	2015-09-12 04:22:46.565+05	t	3	0	{}	{}	{}	t	f	f	f	f	f
3127	273	70	moving	2015-09-12 04:22:46.524+05	t	3	0	{}	{}	{}	t	f	f	f	f	f
3128	273	70	prepareinvoking	2015-09-12 04:22:46.603+05	t	3	0	{}	{}	{}	t	f	f	f	f	f
3129	273	70	invoked	2015-09-12 04:22:46.632+05	t	4	0	{}	{}	{}	t	f	f	f	f	f
3130	273	70	prepareinvoking	2015-09-12 04:22:46.579+05	t	3	0	{}	{}	{}	t	f	f	f	f	f
3131	273	70	moving	2015-09-12 04:22:46.646+05	t	4	0	{}	{}	{}	t	f	f	f	f	f
3132	273	70	invoked	2015-09-12 04:22:46.653+05	t	4	0	{}	{}	{}	t	f	f	f	f	f
3133	273	70	end	2015-09-12 04:22:46.65+05	t	4	0	{}	{}	{}	t	t	f	f	f	f
3134	273	70	moving	2015-09-12 04:22:46.677+05	t	4	0	{}	{}	{}	t	f	f	f	f	f
3135	273	70	end	2015-09-12 04:22:46.682+05	t	4	0	{}	{}	{}	t	t	f	f	f	f
3136	274	70	start	2015-09-12 04:23:08.034+05	t	0	0	{}	{}	{}	t	f	f	f	f	f
3137	274	70	moving	2015-09-12 04:23:08.044+05	t	0	0	{}	{}	{}	t	f	f	f	f	f
3138	274	70	prepareinvoking	2015-09-12 04:23:08.065+05	t	0	0	{}	{}	{}	t	f	f	f	f	f
3139	274	70	invoked	2015-09-12 04:23:08.076+05	t	0	0	{}	{}	{}	t	f	f	f	f	t
3140	274	70	moving	2015-09-12 04:23:08.088+05	t	0	0	{}	{}	{}	t	f	f	f	f	t
3141	274	70	paused	2015-09-12 04:23:08.088+05	t	0	0	{}	{}	{}	t	f	f	f	f	t
3142	274	70	start	2015-09-12 04:23:18.281+05	t	0	0	{}	{}	{}	t	f	f	f	f	f
3143	274	70	moving	2015-09-12 04:23:18.296+05	t	0	0	{}	{}	{}	t	f	f	f	f	f
3144	274	70	prepareinvoking	2015-09-12 04:23:18.32+05	t	0	0	{}	{}	{}	t	f	f	f	f	f
3145	274	70	invoked	2015-09-12 04:23:18.331+05	t	1	0	{}	{}	{}	t	f	f	f	f	f
3146	274	70	moving	2015-09-12 04:23:18.343+05	t	1	0	{}	{}	{}	t	f	f	f	f	f
3147	274	70	prepareinvoking	2015-09-12 04:23:18.365+05	t	1	0	{}	{}	{}	t	f	f	f	f	f
3148	274	70	invoked	2015-09-12 04:23:18.376+05	t	1	0	{}	{}	{}	t	f	f	f	f	t
3149	274	70	moving	2015-09-12 04:23:18.388+05	t	1	0	{}	{}	{}	t	f	f	f	f	t
3150	274	70	paused	2015-09-12 04:23:18.388+05	t	1	0	{}	{}	{}	t	f	f	f	f	t
3151	276	72	start	2015-09-22 12:59:56.637+05	t	0	0	{}	{}	{}	t	f	f	f	f	f
3152	276	72	moving	2015-09-22 12:59:56.647+05	t	0	0	{}	{}	{}	t	f	f	f	f	f
3153	276	72	prepareinvoking	2015-09-22 12:59:56.727+05	t	0	0	{}	{}	{}	t	f	f	f	f	f
3154	276	72	invoked	2015-09-22 12:59:56.744+05	t	0	0	{}	{}	{}	t	f	f	f	f	t
3155	276	72	moving	2015-09-22 12:59:56.753+05	t	0	0	{}	{}	{}	t	f	f	f	f	t
3156	276	72	paused	2015-09-22 12:59:56.753+05	t	0	0	{}	{}	{}	t	f	f	f	f	t
3157	276	72	start	2015-09-22 13:07:59.007+05	t	0	0	{}	{}	{}	t	f	f	f	f	f
3158	276	72	moving	2015-09-22 13:07:59.016+05	t	0	0	{}	{}	{}	t	f	f	f	f	f
3159	276	72	prepareinvoking	2015-09-22 13:07:59.094+05	t	0	0	{}	{}	{}	t	f	f	f	f	f
3160	276	72	invoked	2015-09-22 13:07:59.107+05	t	1	0	{}	{}	{}	t	f	f	f	f	f
3161	276	72	moving	2015-09-22 13:07:59.116+05	t	1	0	{}	{}	{}	t	f	f	f	f	f
3162	276	72	end	2015-09-22 13:07:59.119+05	t	1	0	{}	{}	{}	t	t	f	f	f	f
3163	277	67	start	2015-09-22 17:27:28.471+05	t	0	0	{}	{}	{}	t	f	f	f	f	f
3164	277	67	moving	2015-09-22 17:27:28.48+05	t	0	0	{}	{}	{}	t	f	f	f	f	f
3165	277	67	prepareinvoking	2015-09-22 17:27:28.493+05	t	0	0	{}	{}	{}	t	f	f	f	f	f
3166	277	67	invoked	2015-09-22 17:27:28.502+05	t	1	0	{}	{}	{}	t	f	f	f	f	f
3167	277	67	moving	2015-09-22 17:27:28.512+05	t	1	0	{}	{}	{}	t	f	f	f	f	f
3168	277	67	end	2015-09-22 17:27:28.516+05	t	1	0	{}	{}	{}	t	t	f	f	f	f
3169	278	61	start	2015-09-23 14:28:16.143+05	t	0	0	{}	{}	{}	t	f	f	f	f	f
3170	278	61	moving	2015-09-23 14:28:16.163+05	t	0	0	{}	{}	{}	t	f	f	f	f	f
3171	278	61	prepareinvoking	2015-09-23 14:28:16.245+05	t	0	0	{}	{}	{}	t	f	f	f	f	f
3172	278	61	preparemovetospace	2015-09-23 14:28:16.269+05	t	0	0	{}	{}	{}	t	f	f	f	f	f
3173	278	61	movetospace	2015-09-23 14:28:16.269+05	t	0	1	{}	{}	{4}	t	f	t	f	f	f
3174	278	61	preparemovetocontainer	2015-09-23 14:28:16.269+05	t	0	1	{}	{}	{4}	t	f	t	f	f	f
3175	278	61	movetocontainer	2015-09-23 14:28:16.271+05	t	0	1	{3}	{}	{4}	t	f	t	t	f	f
3176	278	61	invoked	2015-09-23 14:28:16.271+05	t	0	1	{3}	{}	{4}	t	f	t	t	f	f
3177	278	61	moving	2015-09-23 14:28:16.286+05	t	0	1	{3}	{}	{4}	t	f	t	t	f	f
3178	278	61	prepareinvokinginspace	2015-09-23 14:28:16.321+05	t	0	1	{3}	{}	{4}	t	f	t	t	f	f
3179	278	61	prepareinvoking	2015-09-23 14:28:16.331+05	t	0	1	{3}	{}	{4}	t	f	t	t	f	f
3180	278	61	invoked	2015-09-23 14:28:16.347+05	t	0	1	{3}	{}	{4}	t	f	t	t	f	f
3181	278	61	invokinginspace	2015-09-23 14:28:16.351+05	t	0	1	{3}	{}	{4}	t	f	t	t	f	f
3182	278	61	prepareinvoking	2015-09-23 14:28:16.367+05	t	0	1	{3}	{}	{4}	t	f	t	t	f	f
3183	278	61	moving	2015-09-23 14:28:16.394+05	t	1	0	{}	{}	{}	t	f	f	f	f	f
3184	278	61	prepareinvoking	2015-09-23 14:28:16.411+05	t	1	0	{}	{}	{}	t	f	f	f	f	f
3185	278	61	invoked	2015-09-23 14:28:16.42+05	t	1	0	{}	{}	{}	t	f	f	f	f	t
3186	278	61	moving	2015-09-23 14:28:16.428+05	t	1	0	{}	{}	{}	t	f	f	f	f	t
3187	278	61	paused	2015-09-23 14:28:16.428+05	t	1	0	{}	{}	{}	t	f	f	f	f	t
3188	278	61	moving	2015-09-23 14:28:16.441+05	t	1	0	{}	{}	{}	t	f	f	f	f	t
3189	278	61	paused	2015-09-23 14:28:16.441+05	t	1	0	{}	{}	{}	t	f	f	f	f	t
3190	278	61	start	2015-09-23 14:28:26.636+05	t	0	0	{}	{}	{}	t	f	f	f	f	f
3191	278	61	moving	2015-09-23 14:28:26.65+05	t	0	0	{}	{}	{}	t	f	f	f	f	f
3192	278	61	prepareinvoking	2015-09-23 14:28:26.661+05	t	0	0	{}	{}	{}	t	f	f	f	f	f
3193	278	61	preparemovetospace	2015-09-23 14:28:26.668+05	t	0	0	{}	{}	{}	t	f	f	f	f	f
3194	278	61	movetospace	2015-09-23 14:28:26.668+05	t	0	1	{}	{}	{4}	t	f	t	f	f	f
3195	278	61	preparemovetocontainer	2015-09-23 14:28:26.668+05	t	0	1	{}	{}	{4}	t	f	t	f	f	f
3196	278	61	movetocontainer	2015-09-23 14:28:26.668+05	t	0	1	{3}	{}	{4}	t	f	t	t	f	f
3197	278	61	invoked	2015-09-23 14:28:26.669+05	t	0	1	{3}	{}	{4}	t	f	t	t	f	f
3198	278	61	moving	2015-09-23 14:28:26.676+05	t	0	1	{3}	{}	{4}	t	f	t	t	f	f
3199	278	61	prepareinvokinginspace	2015-09-23 14:28:26.703+05	t	0	1	{3}	{}	{4}	t	f	t	t	f	f
3200	278	61	prepareinvoking	2015-09-23 14:28:26.721+05	t	0	1	{3}	{}	{4}	t	f	t	t	f	f
3201	278	61	invoked	2015-09-23 14:28:26.73+05	t	0	1	{3}	{}	{4}	t	f	t	t	f	f
3202	278	61	invokinginspace	2015-09-23 14:28:26.738+05	t	0	1	{3}	{}	{4}	t	f	t	t	f	f
3203	278	61	prepareinvoking	2015-09-23 14:28:26.75+05	t	0	1	{3}	{}	{4}	t	f	t	t	f	f
3204	278	61	moving	2015-09-23 14:28:26.771+05	t	1	0	{}	{}	{}	t	f	f	f	f	f
3205	278	61	prepareinvoking	2015-09-23 14:28:26.788+05	t	1	0	{}	{}	{}	t	f	f	f	f	f
3206	278	61	invoked	2015-09-23 14:28:26.797+05	t	2	0	{}	{}	{}	t	f	f	f	f	f
3207	278	61	moving	2015-09-23 14:28:26.805+05	t	2	0	{}	{}	{}	t	f	f	f	f	f
3208	278	61	end	2015-09-23 14:28:26.809+05	t	2	0	{}	{}	{}	t	t	f	f	f	f
3209	278	61	moving	2015-09-23 14:28:26.821+05	t	2	0	{}	{}	{}	t	t	f	f	f	f
3210	278	61	end	2015-09-23 14:28:26.823+05	t	2	0	{}	{}	{}	t	t	f	f	f	f
3211	279	61	start	2015-10-01 00:54:20.704+05	t	0	0	{}	{}	{}	t	f	f	f	f	f
3212	279	61	moving	2015-10-01 00:54:20.718+05	t	0	0	{}	{}	{}	t	f	f	f	f	f
3213	279	61	prepareinvoking	2015-10-01 00:54:20.78+05	t	0	0	{}	{}	{}	t	f	f	f	f	f
3214	279	61	preparemovetospace	2015-10-01 00:54:20.789+05	t	0	0	{}	{}	{}	t	f	f	f	f	f
3215	279	61	movetospace	2015-10-01 00:54:20.789+05	t	0	1	{}	{}	{5}	t	f	t	f	f	f
3216	279	61	preparemovetocontainer	2015-10-01 00:54:20.789+05	t	0	1	{}	{}	{5}	t	f	t	f	f	f
3217	279	61	movetocontainer	2015-10-01 00:54:20.791+05	t	0	1	{3}	{}	{5}	t	f	t	t	f	f
3218	279	61	invoked	2015-10-01 00:54:20.792+05	t	0	1	{3}	{}	{5}	t	f	t	t	f	f
3219	279	61	moving	2015-10-01 00:54:20.804+05	t	0	1	{3}	{}	{5}	t	f	t	t	f	f
3220	279	61	prepareinvokinginspace	2015-10-01 00:54:20.827+05	t	0	1	{3}	{}	{5}	t	f	t	t	f	f
3221	279	61	prepareinvoking	2015-10-01 00:54:20.835+05	t	0	1	{3}	{}	{5}	t	f	t	t	f	f
3222	279	61	invoked	2015-10-01 00:54:20.842+05	t	0	1	{3}	{}	{5}	t	f	t	t	f	f
3223	279	61	invokinginspace	2015-10-01 00:54:20.844+05	t	0	1	{3}	{}	{5}	t	f	t	t	f	f
3224	279	61	prepareinvoking	2015-10-01 00:54:20.855+05	t	0	1	{3}	{}	{5}	t	f	t	t	f	f
3225	279	61	moving	2015-10-01 00:54:20.882+05	t	1	0	{}	{}	{}	t	f	f	f	f	f
3226	279	61	prepareinvoking	2015-10-01 00:54:20.895+05	t	1	0	{}	{}	{}	t	f	f	f	f	f
3227	279	61	invoked	2015-10-01 00:54:20.901+05	t	1	0	{}	{}	{}	t	f	f	f	f	t
3228	279	61	moving	2015-10-01 00:54:20.908+05	t	1	0	{}	{}	{}	t	f	f	f	f	t
3229	279	61	paused	2015-10-01 00:54:20.908+05	t	1	0	{}	{}	{}	t	f	f	f	f	t
3230	279	61	moving	2015-10-01 00:54:20.916+05	t	1	0	{}	{}	{}	t	f	f	f	f	t
3231	279	61	paused	2015-10-01 00:54:20.916+05	t	1	0	{}	{}	{}	t	f	f	f	f	t
3232	280	70	start	2015-10-03 20:57:24.549+05	t	0	0	{}	{}	{}	t	f	f	f	f	f
3233	280	70	moving	2015-10-03 20:57:24.558+05	t	0	0	{}	{}	{}	t	f	f	f	f	f
3234	280	70	prepareinvoking	2015-10-03 20:57:24.579+05	t	0	0	{}	{}	{}	t	f	f	f	f	f
3235	280	70	invoked	2015-10-03 20:57:24.586+05	t	0	0	{}	{}	{}	t	f	f	f	f	t
3236	280	70	moving	2015-10-03 20:57:24.604+05	t	0	0	{}	{}	{}	t	f	f	f	f	t
3237	280	70	paused	2015-10-03 20:57:24.604+05	t	0	0	{}	{}	{}	t	f	f	f	f	t
3238	281	70	start	2015-10-03 20:57:35.387+05	t	0	0	{}	{}	{}	t	f	f	f	f	f
3239	281	70	moving	2015-10-03 20:57:35.394+05	t	0	0	{}	{}	{}	t	f	f	f	f	f
3240	281	70	prepareinvoking	2015-10-03 20:57:35.409+05	t	0	0	{}	{}	{}	t	f	f	f	f	f
3241	281	70	invoked	2015-10-03 20:57:35.416+05	t	0	0	{}	{}	{}	t	f	f	f	f	t
3242	281	70	moving	2015-10-03 20:57:35.423+05	t	0	0	{}	{}	{}	t	f	f	f	f	t
3243	281	70	paused	2015-10-03 20:57:35.423+05	t	0	0	{}	{}	{}	t	f	f	f	f	t
3244	280	70	start	2015-10-03 21:19:18.748+05	t	0	0	{}	{}	{}	t	f	f	f	f	f
3245	280	70	moving	2015-10-03 21:19:18.755+05	t	0	0	{}	{}	{}	t	f	f	f	f	f
3246	280	70	prepareinvoking	2015-10-03 21:19:18.771+05	t	0	0	{}	{}	{}	t	f	f	f	f	f
3247	280	70	invoked	2015-10-03 21:19:18.778+05	t	1	0	{}	{}	{}	t	f	f	f	f	f
3248	280	70	moving	2015-10-03 21:19:18.785+05	t	1	0	{}	{}	{}	t	f	f	f	f	f
3249	280	70	prepareinvoking	2015-10-03 21:19:18.799+05	t	1	0	{}	{}	{}	t	f	f	f	f	f
3250	280	70	invoked	2015-10-03 21:19:18.807+05	t	2	0	{}	{}	{}	t	f	f	f	f	f
3251	280	70	moving	2015-10-03 21:19:18.814+05	t	2	0	{}	{}	{}	t	f	f	f	f	f
3252	280	70	prepareinvoking	2015-10-03 21:19:18.829+05	t	2	0	{}	{}	{}	t	f	f	f	f	f
3253	280	70	invoked	2015-10-03 21:19:18.836+05	t	3	0	{}	{}	{}	t	f	f	f	f	f
3254	280	70	moving	2015-10-03 21:19:18.843+05	t	3	0	{}	{}	{}	t	f	f	f	f	f
3255	280	70	prepareinvoking	2015-10-03 21:19:18.852+05	t	3	0	{}	{}	{}	t	f	f	f	f	f
3256	280	70	invoked	2015-10-03 21:19:18.858+05	t	4	0	{}	{}	{}	t	f	f	f	f	f
3257	280	70	moving	2015-10-03 21:19:18.865+05	t	4	0	{}	{}	{}	t	f	f	f	f	f
3258	280	70	end	2015-10-03 21:19:18.867+05	t	4	0	{}	{}	{}	t	t	f	f	f	f
3259	282	70	start	2015-10-03 23:05:26.512+05	t	0	0	{}	{}	{}	t	f	f	f	f	f
3260	282	70	moving	2015-10-03 23:05:26.525+05	t	0	0	{}	{}	{}	t	f	f	f	f	f
3261	282	70	prepareinvoking	2015-10-03 23:05:26.539+05	t	0	0	{}	{}	{}	t	f	f	f	f	f
3262	282	70	invoked	2015-10-03 23:05:26.545+05	t	0	0	{}	{}	{}	t	f	f	f	f	t
3263	282	70	moving	2015-10-03 23:05:26.552+05	t	0	0	{}	{}	{}	t	f	f	f	f	t
3264	282	70	paused	2015-10-03 23:05:26.552+05	t	0	0	{}	{}	{}	t	f	f	f	f	t
3265	281	70	start	2015-10-03 23:33:53.558+05	t	0	0	{}	{}	{}	t	f	f	f	f	f
3266	281	70	moving	2015-10-03 23:33:53.564+05	t	0	0	{}	{}	{}	t	f	f	f	f	f
3267	281	70	prepareinvoking	2015-10-03 23:33:53.577+05	t	0	0	{}	{}	{}	t	f	f	f	f	f
3268	281	70	invoked	2015-10-03 23:33:53.586+05	t	1	0	{}	{}	{}	t	f	f	f	f	f
3269	281	70	moving	2015-10-03 23:33:53.592+05	t	1	0	{}	{}	{}	t	f	f	f	f	f
3270	281	70	prepareinvoking	2015-10-03 23:33:53.607+05	t	1	0	{}	{}	{}	t	f	f	f	f	f
3271	281	70	invoked	2015-10-03 23:33:53.616+05	t	1	0	{}	{}	{}	t	f	f	f	f	t
3272	281	70	moving	2015-10-03 23:33:53.623+05	t	1	0	{}	{}	{}	t	f	f	f	f	t
3273	281	70	paused	2015-10-03 23:33:53.623+05	t	1	0	{}	{}	{}	t	f	f	f	f	t
3274	283	62	start	2015-10-10 04:25:34.737+05	t	0	0	{}	{}	{}	t	f	f	f	f	f
3275	283	62	moving	2015-10-10 04:25:34.745+05	t	0	0	{}	{}	{}	t	f	f	f	f	f
3276	283	62	prepareinvoking	2015-10-10 04:25:34.838+05	t	0	0	{}	{}	{}	t	f	f	f	f	f
3277	283	62	invoked	2015-10-10 04:25:34.847+05	t	0	0	{}	{}	{}	t	f	f	f	f	t
3278	283	62	moving	2015-10-10 04:25:34.853+05	t	0	0	{}	{}	{}	t	f	f	f	f	t
3279	283	62	paused	2015-10-10 04:25:34.853+05	t	0	0	{}	{}	{}	t	f	f	f	f	t
3280	284	62	start	2015-10-10 04:25:57.26+05	t	0	0	{}	{}	{}	t	f	f	f	f	f
3281	284	62	moving	2015-10-10 04:25:57.268+05	t	0	0	{}	{}	{}	t	f	f	f	f	f
3282	284	62	prepareinvoking	2015-10-10 04:25:57.286+05	t	0	0	{}	{}	{}	t	f	f	f	f	f
3283	284	62	invoked	2015-10-10 04:25:57.293+05	t	0	0	{}	{}	{}	t	f	f	f	f	t
3284	284	62	moving	2015-10-10 04:25:57.3+05	t	0	0	{}	{}	{}	t	f	f	f	f	t
3285	284	62	paused	2015-10-10 04:25:57.3+05	t	0	0	{}	{}	{}	t	f	f	f	f	t
3286	285	62	start	2015-10-10 04:28:48.388+05	t	0	0	{}	{}	{}	t	f	f	f	f	f
3287	285	62	moving	2015-10-10 04:28:48.394+05	t	0	0	{}	{}	{}	t	f	f	f	f	f
3288	285	62	prepareinvoking	2015-10-10 04:28:48.407+05	t	0	0	{}	{}	{}	t	f	f	f	f	f
3289	285	62	invoked	2015-10-10 04:28:48.414+05	t	0	0	{}	{}	{}	t	f	f	f	f	t
3290	285	62	moving	2015-10-10 04:28:48.42+05	t	0	0	{}	{}	{}	t	f	f	f	f	t
3291	285	62	paused	2015-10-10 04:28:48.42+05	t	0	0	{}	{}	{}	t	f	f	f	f	t
3292	284	62	start	2015-10-10 04:29:04.119+05	t	0	0	{}	{}	{}	t	f	f	f	f	f
3293	284	62	moving	2015-10-10 04:29:04.126+05	t	0	0	{}	{}	{}	t	f	f	f	f	f
3294	284	62	prepareinvoking	2015-10-10 04:29:04.14+05	t	0	0	{}	{}	{}	t	f	f	f	f	f
3295	284	62	invoked	2015-10-10 04:29:04.147+05	t	1	0	{}	{}	{}	t	f	f	f	f	f
3296	284	62	moving	2015-10-10 04:29:04.153+05	t	1	0	{}	{}	{}	t	f	f	f	f	f
3297	284	62	prepareinvoking	2015-10-10 04:29:04.167+05	t	1	0	{}	{}	{}	t	f	f	f	f	f
3298	284	62	invoked	2015-10-10 04:29:04.174+05	t	1	0	{}	{}	{}	t	f	f	f	f	t
3299	284	62	moving	2015-10-10 04:29:04.182+05	t	1	0	{}	{}	{}	t	f	f	f	f	t
3300	284	62	paused	2015-10-10 04:29:04.182+05	t	1	0	{}	{}	{}	t	f	f	f	f	t
3301	284	62	start	2015-10-10 04:29:15.749+05	t	0	0	{}	{}	{}	t	f	f	f	f	f
3302	284	62	moving	2015-10-10 04:29:15.756+05	t	0	0	{}	{}	{}	t	f	f	f	f	f
3303	284	62	prepareinvoking	2015-10-10 04:29:15.769+05	t	0	0	{}	{}	{}	t	f	f	f	f	f
3304	284	62	invoked	2015-10-10 04:29:15.776+05	t	1	0	{}	{}	{}	t	f	f	f	f	f
3305	284	62	moving	2015-10-10 04:29:15.783+05	t	1	0	{}	{}	{}	t	f	f	f	f	f
3306	284	62	prepareinvoking	2015-10-10 04:29:15.802+05	t	1	0	{}	{}	{}	t	f	f	f	f	f
3307	284	62	invoked	2015-10-10 04:29:15.808+05	t	2	0	{}	{}	{}	t	f	f	f	f	f
3308	284	62	moving	2015-10-10 04:29:15.814+05	t	2	0	{}	{}	{}	t	f	f	f	f	f
3309	284	62	prepareinvoking	2015-10-10 04:29:15.833+05	t	2	0	{}	{}	{}	t	f	f	f	f	f
3310	284	62	invoked	2015-10-10 04:29:15.839+05	t	2	0	{}	{}	{}	t	f	f	f	f	t
3311	284	62	moving	2015-10-10 04:29:15.848+05	t	2	0	{}	{}	{}	t	f	f	f	f	t
3312	284	62	paused	2015-10-10 04:29:15.848+05	t	2	0	{}	{}	{}	t	f	f	f	f	t
3313	284	62	start	2015-10-10 04:29:27.293+05	t	0	0	{}	{}	{}	t	f	f	f	f	f
3314	284	62	moving	2015-10-10 04:29:27.301+05	t	0	0	{}	{}	{}	t	f	f	f	f	f
3315	284	62	prepareinvoking	2015-10-10 04:29:27.316+05	t	0	0	{}	{}	{}	t	f	f	f	f	f
3316	284	62	invoked	2015-10-10 04:29:27.323+05	t	1	0	{}	{}	{}	t	f	f	f	f	f
3317	284	62	moving	2015-10-10 04:29:27.329+05	t	1	0	{}	{}	{}	t	f	f	f	f	f
3318	284	62	prepareinvoking	2015-10-10 04:29:27.344+05	t	1	0	{}	{}	{}	t	f	f	f	f	f
3319	284	62	invoked	2015-10-10 04:29:27.353+05	t	2	0	{}	{}	{}	t	f	f	f	f	f
3320	284	62	moving	2015-10-10 04:29:27.36+05	t	2	0	{}	{}	{}	t	f	f	f	f	f
3321	284	62	prepareinvoking	2015-10-10 04:29:27.373+05	t	2	0	{}	{}	{}	t	f	f	f	f	f
3322	284	62	invoked	2015-10-10 04:29:27.381+05	t	3	0	{}	{}	{}	t	f	f	f	f	f
3323	284	62	moving	2015-10-10 04:29:27.388+05	t	3	0	{}	{}	{}	t	f	f	f	f	f
3324	284	62	prepareinvoking	2015-10-10 04:29:27.402+05	t	3	0	{}	{}	{}	t	f	f	f	f	f
3325	284	62	invoked	2015-10-10 04:29:27.411+05	t	3	0	{}	{}	{}	t	f	f	f	f	t
3326	284	62	moving	2015-10-10 04:29:27.417+05	t	3	0	{}	{}	{}	t	f	f	f	f	t
3327	284	62	paused	2015-10-10 04:29:27.417+05	t	3	0	{}	{}	{}	t	f	f	f	f	t
3328	284	62	start	2015-10-10 04:29:43.789+05	t	0	0	{}	{}	{}	t	f	f	f	f	f
3329	284	62	moving	2015-10-10 04:29:43.795+05	t	0	0	{}	{}	{}	t	f	f	f	f	f
3330	284	62	prepareinvoking	2015-10-10 04:29:43.862+05	t	0	0	{}	{}	{}	t	f	f	f	f	f
3331	284	62	invoked	2015-10-10 04:29:43.875+05	t	1	0	{}	{}	{}	t	f	f	f	f	f
3332	284	62	moving	2015-10-10 04:29:43.89+05	t	1	0	{}	{}	{}	t	f	f	f	f	f
3333	284	62	prepareinvoking	2015-10-10 04:29:43.907+05	t	1	0	{}	{}	{}	t	f	f	f	f	f
3334	284	62	invoked	2015-10-10 04:29:43.915+05	t	2	0	{}	{}	{}	t	f	f	f	f	f
3335	284	62	moving	2015-10-10 04:29:43.926+05	t	2	0	{}	{}	{}	t	f	f	f	f	f
3336	284	62	prepareinvoking	2015-10-10 04:29:43.945+05	t	2	0	{}	{}	{}	t	f	f	f	f	f
3337	284	62	invoked	2015-10-10 04:29:43.952+05	t	3	0	{}	{}	{}	t	f	f	f	f	f
3338	284	62	moving	2015-10-10 04:29:43.963+05	t	3	0	{}	{}	{}	t	f	f	f	f	f
3339	284	62	prepareinvoking	2015-10-10 04:29:43.982+05	t	3	0	{}	{}	{}	t	f	f	f	f	f
3340	284	62	invoked	2015-10-10 04:29:43.993+05	t	4	0	{}	{}	{}	t	f	f	f	f	f
3341	284	62	moving	2015-10-10 04:29:43.999+05	t	4	0	{}	{}	{}	t	f	f	f	f	f
3342	284	62	prepareinvoking	2015-10-10 04:29:44.018+05	t	4	0	{}	{}	{}	t	f	f	f	f	f
3343	284	62	invoked	2015-10-10 04:29:44.025+05	t	4	0	{}	{}	{}	t	f	f	f	f	t
3344	284	62	moving	2015-10-10 04:29:44.031+05	t	4	0	{}	{}	{}	t	f	f	f	f	t
3345	284	62	paused	2015-10-10 04:29:44.031+05	t	4	0	{}	{}	{}	t	f	f	f	f	t
3346	284	62	start	2015-10-10 04:29:58.913+05	t	0	0	{}	{}	{}	t	f	f	f	f	f
3347	284	62	moving	2015-10-10 04:29:58.924+05	t	0	0	{}	{}	{}	t	f	f	f	f	f
3348	284	62	prepareinvoking	2015-10-10 04:29:58.943+05	t	0	0	{}	{}	{}	t	f	f	f	f	f
3349	284	62	invoked	2015-10-10 04:29:58.95+05	t	1	0	{}	{}	{}	t	f	f	f	f	f
3350	284	62	moving	2015-10-10 04:29:58.956+05	t	1	0	{}	{}	{}	t	f	f	f	f	f
3351	284	62	prepareinvoking	2015-10-10 04:29:58.969+05	t	1	0	{}	{}	{}	t	f	f	f	f	f
3352	284	62	invoked	2015-10-10 04:29:58.977+05	t	2	0	{}	{}	{}	t	f	f	f	f	f
3353	284	62	moving	2015-10-10 04:29:58.985+05	t	2	0	{}	{}	{}	t	f	f	f	f	f
3354	284	62	prepareinvoking	2015-10-10 04:29:58.999+05	t	2	0	{}	{}	{}	t	f	f	f	f	f
3355	284	62	invoked	2015-10-10 04:29:59.006+05	t	3	0	{}	{}	{}	t	f	f	f	f	f
3356	284	62	moving	2015-10-10 04:29:59.013+05	t	3	0	{}	{}	{}	t	f	f	f	f	f
3357	284	62	prepareinvoking	2015-10-10 04:29:59.031+05	t	3	0	{}	{}	{}	t	f	f	f	f	f
3358	284	62	invoked	2015-10-10 04:29:59.039+05	t	4	0	{}	{}	{}	t	f	f	f	f	f
3359	284	62	moving	2015-10-10 04:29:59.045+05	t	4	0	{}	{}	{}	t	f	f	f	f	f
3360	284	62	prepareinvoking	2015-10-10 04:29:59.06+05	t	4	0	{}	{}	{}	t	f	f	f	f	f
3361	284	62	invoked	2015-10-10 04:29:59.066+05	t	5	0	{}	{}	{}	t	f	f	f	f	f
3362	284	62	moving	2015-10-10 04:29:59.073+05	t	5	0	{}	{}	{}	t	f	f	f	f	f
3363	284	62	prepareinvoking	2015-10-10 04:29:59.087+05	t	5	0	{}	{}	{}	t	f	f	f	f	f
3364	284	62	invoked	2015-10-10 04:29:59.094+05	t	5	0	{}	{}	{}	t	f	f	f	f	t
3365	284	62	moving	2015-10-10 04:29:59.1+05	t	5	0	{}	{}	{}	t	f	f	f	f	t
3366	284	62	paused	2015-10-10 04:29:59.1+05	t	5	0	{}	{}	{}	t	f	f	f	f	t
3367	284	62	start	2015-10-10 04:30:17.218+05	t	0	0	{}	{}	{}	t	f	f	f	f	f
3368	284	62	moving	2015-10-10 04:30:17.225+05	t	0	0	{}	{}	{}	t	f	f	f	f	f
3369	284	62	prepareinvoking	2015-10-10 04:30:17.241+05	t	0	0	{}	{}	{}	t	f	f	f	f	f
3370	284	62	invoked	2015-10-10 04:30:17.255+05	t	1	0	{}	{}	{}	t	f	f	f	f	f
3371	284	62	moving	2015-10-10 04:30:17.265+05	t	1	0	{}	{}	{}	t	f	f	f	f	f
3372	284	62	prepareinvoking	2015-10-10 04:30:17.282+05	t	1	0	{}	{}	{}	t	f	f	f	f	f
3373	284	62	invoked	2015-10-10 04:30:17.29+05	t	2	0	{}	{}	{}	t	f	f	f	f	f
3374	284	62	moving	2015-10-10 04:30:17.304+05	t	2	0	{}	{}	{}	t	f	f	f	f	f
3375	284	62	prepareinvoking	2015-10-10 04:30:17.32+05	t	2	0	{}	{}	{}	t	f	f	f	f	f
3376	284	62	invoked	2015-10-10 04:30:17.33+05	t	3	0	{}	{}	{}	t	f	f	f	f	f
3377	284	62	moving	2015-10-10 04:30:17.338+05	t	3	0	{}	{}	{}	t	f	f	f	f	f
3378	284	62	prepareinvoking	2015-10-10 04:30:17.353+05	t	3	0	{}	{}	{}	t	f	f	f	f	f
3379	284	62	invoked	2015-10-10 04:30:17.361+05	t	4	0	{}	{}	{}	t	f	f	f	f	f
3380	284	62	moving	2015-10-10 04:30:17.368+05	t	4	0	{}	{}	{}	t	f	f	f	f	f
3381	284	62	prepareinvoking	2015-10-10 04:30:17.383+05	t	4	0	{}	{}	{}	t	f	f	f	f	f
3382	284	62	invoked	2015-10-10 04:30:17.391+05	t	5	0	{}	{}	{}	t	f	f	f	f	f
3383	284	62	moving	2015-10-10 04:30:17.398+05	t	5	0	{}	{}	{}	t	f	f	f	f	f
3384	284	62	prepareinvoking	2015-10-10 04:30:17.412+05	t	5	0	{}	{}	{}	t	f	f	f	f	f
3385	284	62	invoked	2015-10-10 04:30:17.42+05	t	6	0	{}	{}	{}	t	f	f	f	f	f
3386	284	62	moving	2015-10-10 04:30:17.426+05	t	6	0	{}	{}	{}	t	f	f	f	f	f
3387	284	62	prepareinvoking	2015-10-10 04:30:17.435+05	t	6	0	{}	{}	{}	t	f	f	f	f	f
3388	284	62	preparemovetospace	2015-10-10 04:30:17.442+05	t	6	0	{}	{}	{}	t	f	f	f	f	f
3389	284	62	movetospace	2015-10-10 04:30:17.442+05	t	6	1	{}	{}	{8}	t	f	t	f	f	f
3390	284	62	preparemovetocontainer	2015-10-10 04:30:17.442+05	t	6	1	{}	{}	{8}	t	f	t	f	f	f
3391	284	62	movetocontainer	2015-10-10 04:30:17.451+05	t	6	1	{4}	{}	{8}	t	f	t	t	f	f
3392	284	62	invoked	2015-10-10 04:30:17.451+05	t	6	1	{4}	{}	{8}	t	f	t	t	f	f
3393	284	62	moving	2015-10-10 04:30:17.46+05	t	6	1	{4}	{}	{8}	t	f	t	t	f	f
3394	284	62	prepareinvokinginspace	2015-10-10 04:30:17.486+05	t	6	1	{4}	{}	{8}	t	f	t	t	f	f
3395	284	62	prepareinvoking	2015-10-10 04:30:17.501+05	t	6	1	{4}	{}	{8}	t	f	t	t	f	f
3396	284	62	invoked	2015-10-10 04:30:17.508+05	t	6	1	{4}	{}	{8}	t	f	t	t	f	t
3397	284	62	invokinginspace	2015-10-10 04:30:17.511+05	t	6	1	{4}	{}	{8}	t	f	t	t	f	t
3398	284	62	prepareinvokinginspace	2015-10-10 04:30:17.516+05	t	6	1	{4}	{}	{8}	t	f	t	t	f	t
3399	284	62	prepareinvoking	2015-10-10 04:30:17.525+05	t	6	1	{4}	{}	{8}	t	f	t	t	f	t
3400	284	62	invoked	2015-10-10 04:30:17.535+05	t	6	1	{4}	{}	{8}	t	f	t	t	f	t
3401	284	62	invokinginspace	2015-10-10 04:30:17.538+05	t	6	1	{4}	{}	{8}	t	f	t	t	f	t
3402	284	62	prepareinvoking	2015-10-10 04:30:17.552+05	t	6	1	{4}	{}	{8}	t	f	t	t	f	t
3403	284	62	moving	2015-10-10 04:30:17.635+05	t	7	0	{}	{}	{}	t	f	f	f	f	t
3404	284	62	paused	2015-10-10 04:30:17.635+05	t	7	0	{}	{}	{}	t	f	f	f	f	t
3405	284	62	moving	2015-10-10 04:30:17.656+05	t	7	0	{}	{}	{}	t	f	f	f	f	t
3406	284	62	paused	2015-10-10 04:30:17.656+05	t	7	0	{}	{}	{}	t	f	f	f	f	t
3407	283	62	start	2015-10-10 04:30:39.301+05	t	0	0	{}	{}	{}	t	f	f	f	f	f
3408	283	62	moving	2015-10-10 04:30:39.307+05	t	0	0	{}	{}	{}	t	f	f	f	f	f
3409	283	62	prepareinvoking	2015-10-10 04:30:39.321+05	t	0	0	{}	{}	{}	t	f	f	f	f	f
3410	283	62	invoked	2015-10-10 04:30:39.327+05	t	1	0	{}	{}	{}	t	f	f	f	f	f
3411	283	62	moving	2015-10-10 04:30:39.334+05	t	1	0	{}	{}	{}	t	f	f	f	f	f
3412	283	62	prepareinvoking	2015-10-10 04:30:39.347+05	t	1	0	{}	{}	{}	t	f	f	f	f	f
3413	283	62	invoked	2015-10-10 04:30:39.355+05	t	1	0	{}	{}	{}	t	f	f	f	f	t
3414	283	62	moving	2015-10-10 04:30:39.362+05	t	1	0	{}	{}	{}	t	f	f	f	f	t
3415	283	62	paused	2015-10-10 04:30:39.362+05	t	1	0	{}	{}	{}	t	f	f	f	f	t
3416	285	62	start	2015-10-10 04:30:51.749+05	t	0	0	{}	{}	{}	t	f	f	f	f	f
3417	285	62	moving	2015-10-10 04:30:51.757+05	t	0	0	{}	{}	{}	t	f	f	f	f	f
3418	285	62	prepareinvoking	2015-10-10 04:30:51.77+05	t	0	0	{}	{}	{}	t	f	f	f	f	f
3419	285	62	invoked	2015-10-10 04:30:51.777+05	t	1	0	{}	{}	{}	t	f	f	f	f	f
3420	285	62	moving	2015-10-10 04:30:51.784+05	t	1	0	{}	{}	{}	t	f	f	f	f	f
3421	285	62	prepareinvoking	2015-10-10 04:30:51.798+05	t	1	0	{}	{}	{}	t	f	f	f	f	f
3422	285	62	invoked	2015-10-10 04:30:51.804+05	t	1	0	{}	{}	{}	t	f	f	f	f	t
3423	285	62	moving	2015-10-10 04:30:51.811+05	t	1	0	{}	{}	{}	t	f	f	f	f	t
3424	285	62	paused	2015-10-10 04:30:51.811+05	t	1	0	{}	{}	{}	t	f	f	f	f	t
3425	284	62	start	2015-10-10 04:30:49.705+05	t	0	0	{}	{}	{}	t	f	f	f	f	f
3426	284	62	moving	2015-10-10 04:30:49.711+05	t	0	0	{}	{}	{}	t	f	f	f	f	f
3427	284	62	prepareinvoking	2015-10-10 04:30:49.727+05	t	0	0	{}	{}	{}	t	f	f	f	f	f
3428	284	62	invoked	2015-10-10 04:30:49.734+05	t	1	0	{}	{}	{}	t	f	f	f	f	f
3429	284	62	moving	2015-10-10 04:30:49.741+05	t	1	0	{}	{}	{}	t	f	f	f	f	f
3430	284	62	prepareinvoking	2015-10-10 04:30:49.76+05	t	1	0	{}	{}	{}	t	f	f	f	f	f
3431	284	62	invoked	2015-10-10 04:30:49.767+05	t	2	0	{}	{}	{}	t	f	f	f	f	f
3432	284	62	moving	2015-10-10 04:30:49.794+05	t	2	0	{}	{}	{}	t	f	f	f	f	f
3433	284	62	prepareinvoking	2015-10-10 04:30:49.809+05	t	2	0	{}	{}	{}	t	f	f	f	f	f
3434	284	62	invoked	2015-10-10 04:30:49.815+05	t	3	0	{}	{}	{}	t	f	f	f	f	f
3435	284	62	moving	2015-10-10 04:30:49.831+05	t	3	0	{}	{}	{}	t	f	f	f	f	f
3436	284	62	prepareinvoking	2015-10-10 04:30:49.845+05	t	3	0	{}	{}	{}	t	f	f	f	f	f
3437	284	62	invoked	2015-10-10 04:30:49.852+05	t	4	0	{}	{}	{}	t	f	f	f	f	f
3438	284	62	moving	2015-10-10 04:30:49.859+05	t	4	0	{}	{}	{}	t	f	f	f	f	f
3439	284	62	prepareinvoking	2015-10-10 04:30:49.878+05	t	4	0	{}	{}	{}	t	f	f	f	f	f
3440	284	62	invoked	2015-10-10 04:30:49.885+05	t	5	0	{}	{}	{}	t	f	f	f	f	f
3441	284	62	moving	2015-10-10 04:30:49.894+05	t	5	0	{}	{}	{}	t	f	f	f	f	f
3442	284	62	prepareinvoking	2015-10-10 04:30:49.907+05	t	5	0	{}	{}	{}	t	f	f	f	f	f
3443	284	62	invoked	2015-10-10 04:30:49.917+05	t	6	0	{}	{}	{}	t	f	f	f	f	f
3444	284	62	moving	2015-10-10 04:30:49.925+05	t	6	0	{}	{}	{}	t	f	f	f	f	f
3445	284	62	prepareinvoking	2015-10-10 04:30:49.935+05	t	6	0	{}	{}	{}	t	f	f	f	f	f
3446	284	62	preparemovetospace	2015-10-10 04:30:49.942+05	t	6	0	{}	{}	{}	t	f	f	f	f	f
3447	284	62	movetospace	2015-10-10 04:30:49.942+05	t	6	1	{}	{}	{8}	t	f	t	f	f	f
3448	284	62	preparemovetocontainer	2015-10-10 04:30:49.942+05	t	6	1	{}	{}	{8}	t	f	t	f	f	f
3449	284	62	movetocontainer	2015-10-10 04:30:49.942+05	t	6	1	{5}	{}	{8}	t	f	t	t	f	f
3450	284	62	invoked	2015-10-10 04:30:49.942+05	t	6	1	{5}	{}	{8}	t	f	t	t	f	f
3451	284	62	moving	2015-10-10 04:30:49.949+05	t	6	1	{5}	{}	{8}	t	f	t	t	f	f
3452	284	62	prepareinvokinginspace	2015-10-10 04:30:49.975+05	t	6	1	{5}	{}	{8}	t	f	t	t	f	f
3453	284	62	prepareinvoking	2015-10-10 04:30:49.99+05	t	6	1	{5}	{}	{8}	t	f	t	t	f	f
3454	284	62	invoked	2015-10-10 04:30:49.996+05	t	6	1	{5}	{}	{8}	t	f	t	t	f	f
3455	284	62	invokinginspace	2015-10-10 04:30:49.999+05	t	6	1	{5}	{}	{8}	t	f	t	t	f	f
3456	284	62	prepareinvokinginspace	2015-10-10 04:30:50.004+05	t	6	1	{5}	{}	{8}	t	f	t	t	f	f
3457	284	62	prepareinvoking	2015-10-10 04:30:50.013+05	t	6	1	{5}	{}	{8}	t	f	t	t	f	f
3458	284	62	invoked	2015-10-10 04:30:50.019+05	t	6	1	{5}	{}	{8}	t	f	t	t	f	f
3459	284	62	invokinginspace	2015-10-10 04:30:50.021+05	t	6	1	{5}	{}	{8}	t	f	t	t	f	f
3460	284	62	prepareinvoking	2015-10-10 04:30:50.031+05	t	6	1	{5}	{}	{8}	t	f	t	t	f	f
3461	284	62	moving	2015-10-10 04:30:50.05+05	t	7	0	{}	{}	{}	t	f	f	f	f	f
3462	284	62	prepareinvoking	2015-10-10 04:30:50.059+05	t	7	0	{}	{}	{}	t	f	f	f	f	f
3463	284	62	preparemovetospace	2015-10-10 04:30:50.067+05	t	7	0	{}	{}	{}	t	f	f	f	f	f
3464	284	62	movetospace	2015-10-10 04:30:50.067+05	t	7	1	{}	{}	{9}	t	f	t	f	f	f
3465	284	62	preparemovetocontainer	2015-10-10 04:30:50.067+05	t	7	1	{}	{}	{9}	t	f	t	f	f	f
3466	284	62	movetocontainer	2015-10-10 04:30:50.067+05	t	7	1	{1}	{}	{9}	t	f	t	t	f	f
3467	284	62	invoked	2015-10-10 04:30:50.067+05	t	7	1	{1}	{}	{9}	t	f	t	t	f	f
3468	284	62	moving	2015-10-10 04:30:50.073+05	t	7	1	{1}	{}	{9}	t	f	t	t	f	f
3469	284	62	prepareinvoking	2015-10-10 04:30:50.132+05	t	7	1	{1}	{}	{9}	t	f	t	t	f	f
3470	284	62	moving	2015-10-10 04:30:50.151+05	t	8	0	{}	{}	{}	t	f	f	f	f	f
3471	284	62	prepareinvoking	2015-10-10 04:30:50.159+05	t	8	0	{}	{}	{}	t	f	f	f	f	f
3472	284	62	invoked	2015-10-10 04:30:50.167+05	t	9	0	{}	{}	{}	t	f	f	f	f	f
3473	284	62	moving	2015-10-10 04:30:50.174+05	t	9	0	{}	{}	{}	t	f	f	f	f	f
3474	284	62	end	2015-10-10 04:30:50.176+05	t	9	0	{}	{}	{}	t	t	f	f	f	f
3475	284	62	moving	2015-10-10 04:30:50.184+05	t	9	0	{}	{}	{}	t	t	f	f	f	f
3476	284	62	end	2015-10-10 04:30:50.186+05	t	9	0	{}	{}	{}	t	t	f	f	f	f
3477	284	62	moving	2015-10-10 04:30:50.194+05	t	9	0	{}	{}	{}	t	t	f	f	f	f
3478	284	62	end	2015-10-10 04:30:50.196+05	t	9	0	{}	{}	{}	t	t	f	f	f	f
3479	285	62	start	2015-10-10 04:31:04.588+05	t	0	0	{}	{}	{}	t	f	f	f	f	f
3480	285	62	moving	2015-10-10 04:31:04.594+05	t	0	0	{}	{}	{}	t	f	f	f	f	f
3481	285	62	prepareinvoking	2015-10-10 04:31:04.608+05	t	0	0	{}	{}	{}	t	f	f	f	f	f
3482	285	62	invoked	2015-10-10 04:31:04.615+05	t	1	0	{}	{}	{}	t	f	f	f	f	f
3483	285	62	moving	2015-10-10 04:31:04.622+05	t	1	0	{}	{}	{}	t	f	f	f	f	f
3484	285	62	prepareinvoking	2015-10-10 04:31:04.637+05	t	1	0	{}	{}	{}	t	f	f	f	f	f
3485	285	62	invoked	2015-10-10 04:31:04.644+05	t	2	0	{}	{}	{}	t	f	f	f	f	f
3486	285	62	moving	2015-10-10 04:31:04.65+05	t	2	0	{}	{}	{}	t	f	f	f	f	f
3487	285	62	prepareinvoking	2015-10-10 04:31:04.664+05	t	2	0	{}	{}	{}	t	f	f	f	f	f
3488	285	62	invoked	2015-10-10 04:31:04.671+05	t	2	0	{}	{}	{}	t	f	f	f	f	t
3489	285	62	moving	2015-10-10 04:31:04.678+05	t	2	0	{}	{}	{}	t	f	f	f	f	t
3490	285	62	paused	2015-10-10 04:31:04.678+05	t	2	0	{}	{}	{}	t	f	f	f	f	t
3491	285	62	start	2015-10-10 04:31:22.059+05	t	0	0	{}	{}	{}	t	f	f	f	f	f
3492	285	62	moving	2015-10-10 04:31:22.067+05	t	0	0	{}	{}	{}	t	f	f	f	f	f
3493	285	62	prepareinvoking	2015-10-10 04:31:22.082+05	t	0	0	{}	{}	{}	t	f	f	f	f	f
3494	285	62	invoked	2015-10-10 04:31:22.09+05	t	1	0	{}	{}	{}	t	f	f	f	f	f
3495	285	62	moving	2015-10-10 04:31:22.097+05	t	1	0	{}	{}	{}	t	f	f	f	f	f
3496	285	62	prepareinvoking	2015-10-10 04:31:22.11+05	t	1	0	{}	{}	{}	t	f	f	f	f	f
3497	285	62	invoked	2015-10-10 04:31:22.12+05	t	2	0	{}	{}	{}	t	f	f	f	f	f
3498	285	62	moving	2015-10-10 04:31:22.127+05	t	2	0	{}	{}	{}	t	f	f	f	f	f
3499	285	62	prepareinvoking	2015-10-10 04:31:22.142+05	t	2	0	{}	{}	{}	t	f	f	f	f	f
3500	285	62	invoked	2015-10-10 04:31:22.149+05	t	3	0	{}	{}	{}	t	f	f	f	f	f
3501	285	62	moving	2015-10-10 04:31:22.156+05	t	3	0	{}	{}	{}	t	f	f	f	f	f
3502	285	62	prepareinvoking	2015-10-10 04:31:22.17+05	t	3	0	{}	{}	{}	t	f	f	f	f	f
3503	285	62	invoked	2015-10-10 04:31:22.176+05	t	3	0	{}	{}	{}	t	f	f	f	f	t
3504	285	62	moving	2015-10-10 04:31:22.183+05	t	3	0	{}	{}	{}	t	f	f	f	f	t
3505	285	62	paused	2015-10-10 04:31:22.183+05	t	3	0	{}	{}	{}	t	f	f	f	f	t
3506	286	74	start	2015-10-10 04:52:33.712+05	t	0	0	{}	{}	{}	t	f	f	f	f	f
3507	286	74	moving	2015-10-10 04:52:33.72+05	t	0	0	{}	{}	{}	t	f	f	f	f	f
3508	286	74	prepareinvoking	2015-10-10 04:52:33.734+05	t	0	0	{}	{}	{}	t	f	f	f	f	f
3509	286	74	invoked	2015-10-10 04:52:33.741+05	t	0	0	{}	{}	{}	t	f	f	f	f	t
3510	286	74	moving	2015-10-10 04:52:33.748+05	t	0	0	{}	{}	{}	t	f	f	f	f	t
3511	286	74	paused	2015-10-10 04:52:33.748+05	t	0	0	{}	{}	{}	t	f	f	f	f	t
3512	286	74	start	2015-10-10 04:52:45.416+05	t	0	0	{}	{}	{}	t	f	f	f	f	f
3513	286	74	moving	2015-10-10 04:52:45.431+05	t	0	0	{}	{}	{}	t	f	f	f	f	f
3514	286	74	prepareinvoking	2015-10-10 04:52:45.46+05	t	0	0	{}	{}	{}	t	f	f	f	f	f
3515	286	74	invoked	2015-10-10 04:52:45.467+05	t	1	0	{}	{}	{}	t	f	f	f	f	f
3516	286	74	moving	2015-10-10 04:52:45.475+05	t	1	0	{}	{}	{}	t	f	f	f	f	f
3517	286	74	prepareinvoking	2015-10-10 04:52:45.486+05	t	1	0	{}	{}	{}	t	f	f	f	f	f
3518	286	74	preparemovetospace	2015-10-10 04:52:45.493+05	t	1	0	{}	{}	{}	t	f	f	f	f	f
3519	286	74	movetospace	2015-10-10 04:52:45.493+05	t	1	1	{}	{}	{12}	t	f	t	f	f	f
3520	286	74	preparemovetocontainer	2015-10-10 04:52:45.493+05	t	1	1	{}	{}	{12}	t	f	t	f	f	f
3521	286	74	movetocontainer	2015-10-10 04:52:45.493+05	t	1	1	{2}	{}	{12}	t	f	t	t	f	f
3522	286	74	invoked	2015-10-10 04:52:45.493+05	t	1	1	{2}	{}	{12}	t	f	t	t	f	f
3523	286	74	moving	2015-10-10 04:52:45.502+05	t	1	1	{2}	{}	{12}	t	f	t	t	f	f
3524	286	74	prepareinvokinginspace	2015-10-10 04:52:45.527+05	t	1	1	{2}	{}	{12}	t	f	t	t	f	f
3525	286	74	prepareinvoking	2015-10-10 04:52:45.543+05	t	1	1	{2}	{}	{12}	t	f	t	t	f	f
3526	286	74	invoked	2015-10-10 04:52:45.551+05	t	1	1	{2}	{}	{12}	t	f	t	t	f	t
3527	286	74	invokinginspace	2015-10-10 04:52:45.554+05	t	1	1	{2}	{}	{12}	t	f	t	t	f	t
3528	286	74	prepareinvoking	2015-10-10 04:52:45.566+05	t	1	1	{2}	{}	{12}	t	f	t	t	f	t
3529	286	74	moving	2015-10-10 04:52:45.589+05	t	2	0	{}	{}	{}	t	f	f	f	f	t
3530	286	74	paused	2015-10-10 04:52:45.596+05	t	2	0	{}	{}	{}	t	f	f	f	f	t
3531	286	74	moving	2015-10-10 04:52:45.613+05	t	2	0	{}	{}	{}	t	f	f	f	f	t
3532	286	74	paused	2015-10-10 04:52:45.613+05	t	2	0	{}	{}	{}	t	f	f	f	f	t
3533	286	74	start	2015-10-10 04:52:59.521+05	t	0	0	{}	{}	{}	t	f	f	f	f	f
3534	286	74	moving	2015-10-10 04:52:59.527+05	t	0	0	{}	{}	{}	t	f	f	f	f	f
3535	286	74	prepareinvoking	2015-10-10 04:52:59.54+05	t	0	0	{}	{}	{}	t	f	f	f	f	f
3536	286	74	invoked	2015-10-10 04:52:59.547+05	t	1	0	{}	{}	{}	t	f	f	f	f	f
3537	286	74	moving	2015-10-10 04:52:59.554+05	t	1	0	{}	{}	{}	t	f	f	f	f	f
3538	286	74	prepareinvoking	2015-10-10 04:52:59.562+05	t	1	0	{}	{}	{}	t	f	f	f	f	f
3539	286	74	preparemovetospace	2015-10-10 04:52:59.569+05	t	1	0	{}	{}	{}	t	f	f	f	f	f
3540	286	74	movetospace	2015-10-10 04:52:59.569+05	t	1	1	{}	{}	{12}	t	f	t	f	f	f
3541	286	74	preparemovetocontainer	2015-10-10 04:52:59.569+05	t	1	1	{}	{}	{12}	t	f	t	f	f	f
3542	286	74	movetocontainer	2015-10-10 04:52:59.569+05	t	1	1	{3}	{}	{12}	t	f	t	t	f	f
3543	286	74	invoked	2015-10-10 04:52:59.569+05	t	1	1	{3}	{}	{12}	t	f	t	t	f	f
3544	286	74	moving	2015-10-10 04:52:59.575+05	t	1	1	{3}	{}	{12}	t	f	t	t	f	f
3545	286	74	prepareinvokinginspace	2015-10-10 04:52:59.597+05	t	1	1	{3}	{}	{12}	t	f	t	t	f	f
3546	286	74	prepareinvoking	2015-10-10 04:52:59.61+05	t	1	1	{3}	{}	{12}	t	f	t	t	f	f
3547	286	74	invoked	2015-10-10 04:52:59.617+05	t	1	1	{3}	{}	{12}	t	f	t	t	f	f
3548	286	74	invokinginspace	2015-10-10 04:52:59.619+05	t	1	1	{3}	{}	{12}	t	f	t	t	f	f
3549	286	74	prepareinvoking	2015-10-10 04:52:59.63+05	t	1	1	{3}	{}	{12}	t	f	t	t	f	f
3550	286	74	moving	2015-10-10 04:52:59.648+05	t	2	0	{}	{}	{}	t	f	f	f	f	f
3551	286	74	prepareinvoking	2015-10-10 04:52:59.657+05	t	2	0	{}	{}	{}	t	f	f	f	f	f
3552	286	74	preparemovetospace	2015-10-10 04:52:59.665+05	t	2	0	{}	{}	{}	t	f	f	f	f	f
3553	286	74	movetospace	2015-10-10 04:52:59.665+05	t	2	1	{}	{}	{13}	t	f	t	f	f	f
3554	286	74	preparemovetocontainer	2015-10-10 04:52:59.665+05	t	2	1	{}	{}	{13}	t	f	t	f	f	f
3555	286	74	movetocontainer	2015-10-10 04:52:59.665+05	t	2	1	{1}	{}	{13}	t	f	t	t	f	f
3556	286	74	invoked	2015-10-10 04:52:59.665+05	t	2	1	{1}	{}	{13}	t	f	t	t	f	f
3557	286	74	moving	2015-10-10 04:52:59.672+05	t	2	1	{1}	{}	{13}	t	f	t	t	f	f
3558	286	74	prepareinvoking	2015-10-10 04:52:59.704+05	t	2	1	{1}	{}	{13}	t	f	t	t	f	f
3559	286	74	moving	2015-10-10 04:52:59.722+05	t	3	0	{}	{}	{}	t	f	f	f	f	f
3560	286	74	end	2015-10-10 04:52:59.724+05	t	3	0	{}	{}	{}	t	t	f	f	f	f
3561	286	74	moving	2015-10-10 04:52:59.733+05	t	3	0	{}	{}	{}	t	t	f	f	f	f
3562	286	74	end	2015-10-10 04:52:59.735+05	t	3	0	{}	{}	{}	t	t	f	f	f	f
3563	286	74	moving	2015-10-10 04:52:59.744+05	t	3	0	{}	{}	{}	t	t	f	f	f	f
3564	286	74	end	2015-10-10 04:52:59.746+05	t	3	0	{}	{}	{}	t	t	f	f	f	f
3565	282	70	start	2015-11-05 13:20:05.747+05	t	0	0	{}	{}	{}	t	f	f	f	f	f
3566	282	70	moving	2015-11-05 13:20:05.763+05	t	0	0	{}	{}	{}	t	f	f	f	f	f
3567	282	70	prepareinvoking	2015-11-05 13:20:05.866+05	t	0	0	{}	{}	{}	t	f	f	f	f	f
3568	282	70	invoked	2015-11-05 13:20:05.89+05	t	1	0	{}	{}	{}	t	f	f	f	f	f
3569	282	70	moving	2015-11-05 13:20:05.898+05	t	1	0	{}	{}	{}	t	f	f	f	f	f
3570	282	70	prepareinvoking	2015-11-05 13:20:05.919+05	t	1	0	{}	{}	{}	t	f	f	f	f	f
3571	282	70	invoked	2015-11-05 13:20:05.934+05	t	1	0	{}	{}	{}	t	f	f	f	f	t
3572	282	70	moving	2015-11-05 13:20:05.949+05	t	1	0	{}	{}	{}	t	f	f	f	f	t
3573	282	70	paused	2015-11-05 13:20:05.949+05	t	1	0	{}	{}	{}	t	f	f	f	f	t
3574	287	70	start	2015-11-09 11:51:17.44+05	t	0	0	{}	{}	{}	t	f	f	f	f	f
3575	287	70	moving	2015-11-09 11:51:17.454+05	t	0	0	{}	{}	{}	t	f	f	f	f	f
3576	287	70	prepareinvoking	2015-11-09 11:51:17.53+05	t	0	0	{}	{}	{}	t	f	f	f	f	f
3577	287	70	invoked	2015-11-09 11:51:17.553+05	t	0	0	{}	{}	{}	t	f	f	f	f	t
3578	287	70	moving	2015-11-09 11:51:17.561+05	t	0	0	{}	{}	{}	t	f	f	f	f	t
3579	287	70	paused	2015-11-09 11:51:17.561+05	t	0	0	{}	{}	{}	t	f	f	f	f	t
3580	281	70	start	2015-11-13 09:29:37.139+05	t	0	0	{}	{}	{}	t	f	f	f	f	f
3581	281	70	moving	2015-11-13 09:29:37.148+05	t	0	0	{}	{}	{}	t	f	f	f	f	f
3582	281	70	prepareinvoking	2015-11-13 09:29:37.177+05	t	0	0	{}	{}	{}	t	f	f	f	f	f
3583	281	70	invoked	2015-11-13 09:29:37.187+05	t	1	0	{}	{}	{}	t	f	f	f	f	f
3584	281	70	moving	2015-11-13 09:29:37.196+05	t	1	0	{}	{}	{}	t	f	f	f	f	f
3585	281	70	prepareinvoking	2015-11-13 09:29:37.221+05	t	1	0	{}	{}	{}	t	f	f	f	f	f
3586	281	70	invoked	2015-11-13 09:29:37.231+05	t	2	0	{}	{}	{}	t	f	f	f	f	f
3587	281	70	moving	2015-11-13 09:29:37.242+05	t	2	0	{}	{}	{}	t	f	f	f	f	f
3588	281	70	prepareinvoking	2015-11-13 09:29:37.266+05	t	2	0	{}	{}	{}	t	f	f	f	f	f
3589	281	70	invoked	2015-11-13 09:29:37.283+05	t	2	0	{}	{}	{}	t	f	f	f	f	t
3590	281	70	moving	2015-11-13 09:29:37.292+05	t	2	0	{}	{}	{}	t	f	f	f	f	t
3591	281	70	paused	2015-11-13 09:29:37.292+05	t	2	0	{}	{}	{}	t	f	f	f	f	t
3592	281	70	start	2015-11-13 09:30:55.747+05	t	0	0	{}	{}	{}	t	f	f	f	f	f
3593	281	70	moving	2015-11-13 09:30:55.754+05	t	0	0	{}	{}	{}	t	f	f	f	f	f
3594	281	70	prepareinvoking	2015-11-13 09:30:55.775+05	t	0	0	{}	{}	{}	t	f	f	f	f	f
3595	281	70	invoked	2015-11-13 09:30:55.783+05	t	1	0	{}	{}	{}	t	f	f	f	f	f
3596	281	70	moving	2015-11-13 09:30:55.792+05	t	1	0	{}	{}	{}	t	f	f	f	f	f
3597	281	70	prepareinvoking	2015-11-13 09:30:55.812+05	t	1	0	{}	{}	{}	t	f	f	f	f	f
3598	281	70	invoked	2015-11-13 09:30:55.826+05	t	2	0	{}	{}	{}	t	f	f	f	f	f
3599	281	70	moving	2015-11-13 09:30:55.834+05	t	2	0	{}	{}	{}	t	f	f	f	f	f
3600	281	70	prepareinvoking	2015-11-13 09:30:55.849+05	t	2	0	{}	{}	{}	t	f	f	f	f	f
3601	281	70	invoked	2015-11-13 09:30:55.856+05	t	2	0	{}	{}	{}	t	f	f	f	f	t
3602	281	70	moving	2015-11-13 09:30:55.865+05	t	2	0	{}	{}	{}	t	f	f	f	f	t
3603	281	70	paused	2015-11-13 09:30:55.865+05	t	2	0	{}	{}	{}	t	f	f	f	f	t
3604	286	74	start	2015-12-24 11:02:35.64+05	t	0	0	{}	{}	{}	t	f	f	f	f	f
3605	286	74	moving	2015-12-24 11:02:35.64+05	t	0	0	{}	{}	{}	t	f	f	f	f	f
3606	286	74	prepareinvoking	2015-12-24 11:02:35.722+05	t	0	0	{}	{}	{}	t	f	f	f	f	f
3607	286	74	invoked	2015-12-24 11:02:35.741+05	t	1	0	{}	{}	{}	t	f	f	f	f	f
3608	286	74	moving	2015-12-24 11:02:35.741+05	t	1	0	{}	{}	{}	t	f	f	f	f	f
3609	286	74	prepareinvoking	2015-12-24 11:02:35.741+05	t	1	0	{}	{}	{}	t	f	f	f	f	f
3610	286	74	preparemovetospace	2015-12-24 11:02:35.75+05	t	1	0	{}	{}	{}	t	f	f	f	f	f
3611	286	74	movetospace	2015-12-24 11:02:35.75+05	t	1	1	{}	{}	{12}	t	f	t	f	f	f
3612	286	74	preparemovetocontainer	2015-12-24 11:02:35.75+05	t	1	1	{}	{}	{12}	t	f	t	f	f	f
3613	286	74	movetocontainer	2015-12-24 11:02:35.761+05	t	1	1	{3}	{}	{12}	t	f	t	t	f	f
3614	286	74	invoked	2015-12-24 11:02:35.761+05	t	1	1	{3}	{}	{12}	t	f	t	t	f	f
3615	286	74	moving	2015-12-24 11:02:35.762+05	t	1	1	{3}	{}	{12}	t	f	t	t	f	f
3616	286	74	prepareinvokinginspace	2015-12-24 11:02:35.78+05	t	1	1	{3}	{}	{12}	t	f	t	t	f	f
3617	286	74	prepareinvoking	2015-12-24 11:02:35.78+05	t	1	1	{3}	{}	{12}	t	f	t	t	f	f
3618	286	74	invoked	2015-12-24 11:02:35.78+05	t	1	1	{3}	{}	{12}	t	f	t	t	f	f
3682	292	70	moving	2016-01-05 14:25:22.591+05	t	0	0	{}	{}	{}	t	f	f	f	f	t
3619	286	74	invokinginspace	2015-12-24 11:02:35.78+05	t	1	1	{3}	{}	{12}	t	f	t	t	f	f
3620	286	74	prepareinvoking	2015-12-24 11:02:35.792+05	t	1	1	{3}	{}	{12}	t	f	t	t	f	f
3621	286	74	moving	2015-12-24 11:02:35.854+05	t	2	0	{}	{}	{}	t	f	f	f	f	f
3622	286	74	prepareinvoking	2015-12-24 11:02:35.857+05	t	2	0	{}	{}	{}	t	f	f	f	f	f
3623	286	74	preparemovetospace	2015-12-24 11:02:35.857+05	t	2	0	{}	{}	{}	t	f	f	f	f	f
3624	286	74	movetospace	2015-12-24 11:02:35.857+05	t	2	1	{}	{}	{13}	t	f	t	f	f	f
3625	286	74	preparemovetocontainer	2015-12-24 11:02:35.857+05	t	2	1	{}	{}	{13}	t	f	t	f	f	f
3626	286	74	movetocontainer	2015-12-24 11:02:35.857+05	t	2	1	{1}	{}	{13}	t	f	t	t	f	f
3627	286	74	invoked	2015-12-24 11:02:35.858+05	t	2	1	{1}	{}	{13}	t	f	t	t	f	f
3628	286	74	moving	2015-12-24 11:02:35.858+05	t	2	1	{1}	{}	{13}	t	f	t	t	f	f
3629	286	74	prepareinvoking	2015-12-24 11:02:35.886+05	t	2	1	{1}	{}	{13}	t	f	t	t	f	f
3630	286	74	moving	2015-12-24 11:02:35.886+05	t	3	0	{}	{}	{}	t	f	f	f	f	f
3631	286	74	end	2015-12-24 11:02:35.886+05	t	3	0	{}	{}	{}	t	t	f	f	f	f
3632	286	74	moving	2015-12-24 11:02:35.886+05	t	3	0	{}	{}	{}	t	t	f	f	f	f
3633	286	74	end	2015-12-24 11:02:35.896+05	t	3	0	{}	{}	{}	t	t	f	f	f	f
3634	286	74	moving	2015-12-24 11:02:35.896+05	t	3	0	{}	{}	{}	t	t	f	f	f	f
3635	286	74	end	2015-12-24 11:02:35.907+05	t	3	0	{}	{}	{}	t	t	f	f	f	f
3636	282	70	start	2016-01-04 22:25:13.653+05	t	0	0	{}	{}	{}	t	f	f	f	f	f
3637	282	70	moving	2016-01-04 22:25:13.653+05	t	0	0	{}	{}	{}	t	f	f	f	f	f
3638	282	70	prepareinvoking	2016-01-04 22:25:13.723+05	t	0	0	{}	{}	{}	t	f	f	f	f	f
3639	282	70	invoked	2016-01-04 22:25:13.734+05	t	1	0	{}	{}	{}	t	f	f	f	f	f
3640	282	70	moving	2016-01-04 22:25:13.734+05	t	1	0	{}	{}	{}	t	f	f	f	f	f
3641	282	70	prepareinvoking	2016-01-04 22:25:13.734+05	t	1	0	{}	{}	{}	t	f	f	f	f	f
3642	282	70	invoked	2016-01-04 22:25:13.734+05	t	2	0	{}	{}	{}	t	f	f	f	f	f
3643	282	70	moving	2016-01-04 22:25:13.734+05	t	2	0	{}	{}	{}	t	f	f	f	f	f
3644	282	70	prepareinvoking	2016-01-04 22:25:13.734+05	t	2	0	{}	{}	{}	t	f	f	f	f	f
3645	282	70	invoked	2016-01-04 22:25:13.734+05	t	2	0	{}	{}	{}	t	f	f	f	f	t
3646	282	70	moving	2016-01-04 22:25:13.734+05	t	2	0	{}	{}	{}	t	f	f	f	f	t
3647	282	70	paused	2016-01-04 22:25:13.735+05	t	2	0	{}	{}	{}	t	f	f	f	f	t
3648	281	70	start	2016-01-04 22:26:04.667+05	t	0	0	{}	{}	{}	t	f	f	f	f	f
3649	281	70	moving	2016-01-04 22:26:04.667+05	t	0	0	{}	{}	{}	t	f	f	f	f	f
3650	281	70	prepareinvoking	2016-01-04 22:26:04.667+05	t	0	0	{}	{}	{}	t	f	f	f	f	f
3651	281	70	invoked	2016-01-04 22:26:04.668+05	t	1	0	{}	{}	{}	t	f	f	f	f	f
3652	281	70	moving	2016-01-04 22:26:04.668+05	t	1	0	{}	{}	{}	t	f	f	f	f	f
3653	281	70	prepareinvoking	2016-01-04 22:26:04.669+05	t	1	0	{}	{}	{}	t	f	f	f	f	f
3654	281	70	invoked	2016-01-04 22:26:04.689+05	t	2	0	{}	{}	{}	t	f	f	f	f	f
3655	281	70	moving	2016-01-04 22:26:04.689+05	t	2	0	{}	{}	{}	t	f	f	f	f	f
3656	281	70	prepareinvoking	2016-01-04 22:26:04.689+05	t	2	0	{}	{}	{}	t	f	f	f	f	f
3657	281	70	invoked	2016-01-04 22:26:04.69+05	t	3	0	{}	{}	{}	t	f	f	f	f	f
3658	281	70	moving	2016-01-04 22:26:04.69+05	t	3	0	{}	{}	{}	t	f	f	f	f	f
3659	281	70	prepareinvoking	2016-01-04 22:26:04.69+05	t	3	0	{}	{}	{}	t	f	f	f	f	f
3660	281	70	invoked	2016-01-04 22:26:04.691+05	t	4	0	{}	{}	{}	t	f	f	f	f	f
3661	281	70	moving	2016-01-04 22:26:04.691+05	t	4	0	{}	{}	{}	t	f	f	f	f	f
3662	281	70	end	2016-01-04 22:26:04.691+05	t	4	0	{}	{}	{}	t	t	f	f	f	f
3663	282	70	start	2016-01-04 22:27:22.855+05	t	0	0	{}	{}	{}	t	f	f	f	f	f
3664	282	70	moving	2016-01-04 22:27:22.855+05	t	0	0	{}	{}	{}	t	f	f	f	f	f
3665	282	70	prepareinvoking	2016-01-04 22:27:22.855+05	t	0	0	{}	{}	{}	t	f	f	f	f	f
3666	282	70	invoked	2016-01-04 22:27:22.856+05	t	1	0	{}	{}	{}	t	f	f	f	f	f
3667	282	70	moving	2016-01-04 22:27:22.856+05	t	1	0	{}	{}	{}	t	f	f	f	f	f
3668	282	70	prepareinvoking	2016-01-04 22:27:22.864+05	t	1	0	{}	{}	{}	t	f	f	f	f	f
3669	282	70	invoked	2016-01-04 22:27:22.864+05	t	2	0	{}	{}	{}	t	f	f	f	f	f
3670	282	70	moving	2016-01-04 22:27:22.864+05	t	2	0	{}	{}	{}	t	f	f	f	f	f
3671	282	70	prepareinvoking	2016-01-04 22:27:22.864+05	t	2	0	{}	{}	{}	t	f	f	f	f	f
3672	282	70	invoked	2016-01-04 22:27:22.864+05	t	3	0	{}	{}	{}	t	f	f	f	f	f
3673	282	70	moving	2016-01-04 22:27:22.865+05	t	3	0	{}	{}	{}	t	f	f	f	f	f
3674	282	70	prepareinvoking	2016-01-04 22:27:22.865+05	t	3	0	{}	{}	{}	t	f	f	f	f	f
3675	282	70	invoked	2016-01-04 22:27:22.865+05	t	4	0	{}	{}	{}	t	f	f	f	f	f
3676	282	70	moving	2016-01-04 22:27:22.865+05	t	4	0	{}	{}	{}	t	f	f	f	f	f
3677	282	70	end	2016-01-04 22:27:22.865+05	t	4	0	{}	{}	{}	t	t	f	f	f	f
3678	292	70	start	2016-01-05 14:25:22.59+05	t	0	0	{}	{}	{}	t	f	f	f	f	f
3679	292	70	moving	2016-01-05 14:25:22.59+05	t	0	0	{}	{}	{}	t	f	f	f	f	f
3680	292	70	prepareinvoking	2016-01-05 14:25:22.59+05	t	0	0	{}	{}	{}	t	f	f	f	f	f
3681	292	70	invoked	2016-01-05 14:25:22.591+05	t	0	0	{}	{}	{}	t	f	f	f	f	t
3683	292	70	paused	2016-01-05 14:25:22.591+05	t	0	0	{}	{}	{}	t	f	f	f	f	t
3684	292	70	start	2016-01-05 15:08:48.413+05	t	0	0	{}	{}	{}	t	f	f	f	f	f
3685	292	70	moving	2016-01-05 15:08:48.413+05	t	0	0	{}	{}	{}	t	f	f	f	f	f
3686	292	70	prepareinvoking	2016-01-05 15:08:48.413+05	t	0	0	{}	{}	{}	t	f	f	f	f	f
3687	292	70	invoked	2016-01-05 15:08:48.413+05	t	1	0	{}	{}	{}	t	f	f	f	f	f
3688	292	70	moving	2016-01-05 15:08:48.413+05	t	1	0	{}	{}	{}	t	f	f	f	f	f
3689	292	70	prepareinvoking	2016-01-05 15:08:48.413+05	t	1	0	{}	{}	{}	t	f	f	f	f	f
3690	292	70	invoked	2016-01-05 15:08:48.413+05	t	1	0	{}	{}	{}	t	f	f	f	f	t
3691	292	70	moving	2016-01-05 15:08:48.413+05	t	1	0	{}	{}	{}	t	f	f	f	f	t
3692	292	70	paused	2016-01-05 15:08:48.413+05	t	1	0	{}	{}	{}	t	f	f	f	f	t
3693	293	70	start	2016-01-05 16:30:46.924+05	t	0	0	{}	{}	{}	t	f	f	f	f	f
3694	293	70	moving	2016-01-05 16:30:46.925+05	t	0	0	{}	{}	{}	t	f	f	f	f	f
3695	293	70	prepareinvoking	2016-01-05 16:30:46.992+05	t	0	0	{}	{}	{}	t	f	f	f	f	f
3696	293	70	invoked	2016-01-05 16:30:46.994+05	t	0	0	{}	{}	{}	t	f	f	f	f	t
3697	293	70	moving	2016-01-05 16:30:46.994+05	t	0	0	{}	{}	{}	t	f	f	f	f	t
3698	293	70	paused	2016-01-05 16:30:46.995+05	t	0	0	{}	{}	{}	t	f	f	f	f	t
3699	293	70	start	2016-01-08 04:19:31.178+05	t	0	0	{}	{}	{}	t	f	f	f	f	f
3700	293	70	moving	2016-01-08 04:19:31.178+05	t	0	0	{}	{}	{}	t	f	f	f	f	f
3701	293	70	prepareinvoking	2016-01-08 04:19:31.178+05	t	0	0	{}	{}	{}	t	f	f	f	f	f
3702	293	70	invoked	2016-01-08 04:19:31.178+05	t	1	0	{}	{}	{}	t	f	f	f	f	f
3703	293	70	moving	2016-01-08 04:19:31.178+05	t	1	0	{}	{}	{}	t	f	f	f	f	f
3704	293	70	prepareinvoking	2016-01-08 04:19:31.178+05	t	1	0	{}	{}	{}	t	f	f	f	f	f
3705	293	70	invoked	2016-01-08 04:19:31.179+05	t	1	0	{}	{}	{}	t	f	f	f	f	t
3706	293	70	moving	2016-01-08 04:19:31.179+05	t	1	0	{}	{}	{}	t	f	f	f	f	t
3707	293	70	paused	2016-01-08 04:19:31.179+05	t	1	0	{}	{}	{}	t	f	f	f	f	t
3708	293	70	start	2016-01-08 04:20:31.831+05	t	0	0	{}	{}	{}	t	f	f	f	f	f
3709	293	70	moving	2016-01-08 04:20:31.831+05	t	0	0	{}	{}	{}	t	f	f	f	f	f
3710	293	70	prepareinvoking	2016-01-08 04:20:31.831+05	t	0	0	{}	{}	{}	t	f	f	f	f	f
3711	293	70	invoked	2016-01-08 04:20:31.832+05	t	1	0	{}	{}	{}	t	f	f	f	f	f
3712	293	70	moving	2016-01-08 04:20:31.832+05	t	1	0	{}	{}	{}	t	f	f	f	f	f
3713	293	70	prepareinvoking	2016-01-08 04:20:31.832+05	t	1	0	{}	{}	{}	t	f	f	f	f	f
3714	293	70	invoked	2016-01-08 04:20:31.832+05	t	2	0	{}	{}	{}	t	f	f	f	f	f
3715	293	70	moving	2016-01-08 04:20:31.832+05	t	2	0	{}	{}	{}	t	f	f	f	f	f
3716	293	70	prepareinvoking	2016-01-08 04:20:31.832+05	t	2	0	{}	{}	{}	t	f	f	f	f	f
3717	293	70	invoked	2016-01-08 04:20:31.832+05	t	2	0	{}	{}	{}	t	f	f	f	f	t
3718	293	70	moving	2016-01-08 04:20:31.832+05	t	2	0	{}	{}	{}	t	f	f	f	f	t
3719	293	70	paused	2016-01-08 04:20:31.832+05	t	2	0	{}	{}	{}	t	f	f	f	f	t
3720	294	83	start	2016-01-08 04:29:20.884+05	t	0	0	{}	{}	{}	t	f	f	f	f	f
3721	294	83	moving	2016-01-08 04:29:20.884+05	t	0	0	{}	{}	{}	t	f	f	f	f	f
3722	294	83	prepareinvoking	2016-01-08 04:29:20.884+05	t	0	0	{}	{}	{}	t	f	f	f	f	f
3723	294	83	invoked	2016-01-08 04:29:20.884+05	t	0	0	{}	{}	{}	t	f	f	f	f	t
3724	294	83	moving	2016-01-08 04:29:20.884+05	t	0	0	{}	{}	{}	t	f	f	f	f	t
3725	294	83	paused	2016-01-08 04:29:20.884+05	t	0	0	{}	{}	{}	t	f	f	f	f	t
3726	295	83	start	2016-01-08 04:34:25.192+05	t	0	0	{}	{}	{}	t	f	f	f	f	f
3727	295	83	moving	2016-01-08 04:34:25.192+05	t	0	0	{}	{}	{}	t	f	f	f	f	f
3728	295	83	prepareinvoking	2016-01-08 04:34:25.192+05	t	0	0	{}	{}	{}	t	f	f	f	f	f
3729	295	83	invoked	2016-01-08 04:34:25.193+05	t	0	0	{}	{}	{}	t	f	f	f	f	t
3730	295	83	moving	2016-01-08 04:34:25.193+05	t	0	0	{}	{}	{}	t	f	f	f	f	t
3731	295	83	paused	2016-01-08 04:34:25.193+05	t	0	0	{}	{}	{}	t	f	f	f	f	t
3732	294	83	start	2016-01-08 04:36:13.273+05	t	0	0	{}	{}	{}	t	f	f	f	f	f
3733	294	83	moving	2016-01-08 04:36:13.273+05	t	0	0	{}	{}	{}	t	f	f	f	f	f
3734	294	83	prepareinvoking	2016-01-08 04:36:13.274+05	t	0	0	{}	{}	{}	t	f	f	f	f	f
3735	294	83	invoked	2016-01-08 04:36:13.277+05	t	1	0	{}	{}	{}	t	f	f	f	f	f
3736	294	83	moving	2016-01-08 04:36:13.278+05	t	1	0	{}	{}	{}	t	f	f	f	f	f
3737	294	83	prepareinvoking	2016-01-08 04:36:13.278+05	t	1	0	{}	{}	{}	t	f	f	f	f	f
3738	294	83	invoked	2016-01-08 04:36:13.278+05	t	1	0	{}	{}	{}	t	f	f	f	f	t
3739	294	83	moving	2016-01-08 04:36:13.278+05	t	1	0	{}	{}	{}	t	f	f	f	f	t
3740	294	83	paused	2016-01-08 04:36:13.278+05	t	1	0	{}	{}	{}	t	f	f	f	f	t
3741	296	62	start	2016-01-15 16:45:00.365+05	t	0	0	{}	{}	{}	t	f	f	f	f	f
3742	296	62	moving	2016-01-15 16:45:00.373+05	t	0	0	{}	{}	{}	t	f	f	f	f	f
3743	296	62	prepareinvoking	2016-01-15 16:45:00.427+05	t	0	0	{}	{}	{}	t	f	f	f	f	f
3744	296	62	invoked	2016-01-15 16:45:00.436+05	t	0	0	{}	{}	{}	t	f	f	f	f	t
3745	296	62	moving	2016-01-15 16:45:00.436+05	t	0	0	{}	{}	{}	t	f	f	f	f	t
3746	296	62	paused	2016-01-15 16:45:00.436+05	t	0	0	{}	{}	{}	t	f	f	f	f	t
3747	296	62	start	2016-01-15 16:46:19.605+05	t	0	0	{}	{}	{}	t	f	f	f	f	f
3748	296	62	moving	2016-01-15 16:46:19.605+05	t	0	0	{}	{}	{}	t	f	f	f	f	f
3749	296	62	prepareinvoking	2016-01-15 16:46:19.605+05	t	0	0	{}	{}	{}	t	f	f	f	f	f
3750	296	62	invoked	2016-01-15 16:46:19.606+05	t	1	0	{}	{}	{}	t	f	f	f	f	f
3751	296	62	moving	2016-01-15 16:46:19.606+05	t	1	0	{}	{}	{}	t	f	f	f	f	f
3752	296	62	prepareinvoking	2016-01-15 16:46:19.606+05	t	1	0	{}	{}	{}	t	f	f	f	f	f
3753	296	62	invoked	2016-01-15 16:46:19.606+05	t	1	0	{}	{}	{}	t	f	f	f	f	t
3754	296	62	moving	2016-01-15 16:46:19.606+05	t	1	0	{}	{}	{}	t	f	f	f	f	t
3755	296	62	paused	2016-01-15 16:46:19.606+05	t	1	0	{}	{}	{}	t	f	f	f	f	t
3756	296	62	start	2016-01-15 16:46:37.909+05	t	0	0	{}	{}	{}	t	f	f	f	f	f
3757	296	62	moving	2016-01-15 16:46:37.909+05	t	0	0	{}	{}	{}	t	f	f	f	f	f
3758	296	62	prepareinvoking	2016-01-15 16:46:37.909+05	t	0	0	{}	{}	{}	t	f	f	f	f	f
3759	296	62	invoked	2016-01-15 16:46:37.909+05	t	1	0	{}	{}	{}	t	f	f	f	f	f
3760	296	62	moving	2016-01-15 16:46:37.91+05	t	1	0	{}	{}	{}	t	f	f	f	f	f
3761	296	62	prepareinvoking	2016-01-15 16:46:37.91+05	t	1	0	{}	{}	{}	t	f	f	f	f	f
3762	296	62	invoked	2016-01-15 16:46:37.91+05	t	1	0	{}	{}	{}	t	f	f	f	f	t
3763	296	62	moving	2016-01-15 16:46:37.91+05	t	1	0	{}	{}	{}	t	f	f	f	f	t
3764	296	62	paused	2016-01-15 16:46:37.91+05	t	1	0	{}	{}	{}	t	f	f	f	f	t
3765	296	62	start	2016-01-15 16:51:19.208+05	t	0	0	{}	{}	{}	t	f	f	f	f	f
3766	296	62	moving	2016-01-15 16:51:19.208+05	t	0	0	{}	{}	{}	t	f	f	f	f	f
3767	296	62	prepareinvoking	2016-01-15 16:51:19.209+05	t	0	0	{}	{}	{}	t	f	f	f	f	f
3768	296	62	invoked	2016-01-15 16:51:19.209+05	t	1	0	{}	{}	{}	t	f	f	f	f	f
3769	296	62	moving	2016-01-15 16:51:19.209+05	t	1	0	{}	{}	{}	t	f	f	f	f	f
3770	296	62	prepareinvoking	2016-01-15 16:51:19.21+05	t	1	0	{}	{}	{}	t	f	f	f	f	f
3771	296	62	invoked	2016-01-15 16:51:19.21+05	t	2	0	{}	{}	{}	t	f	f	f	f	f
3772	296	62	moving	2016-01-15 16:51:19.21+05	t	2	0	{}	{}	{}	t	f	f	f	f	f
3773	296	62	prepareinvoking	2016-01-15 16:51:19.21+05	t	2	0	{}	{}	{}	t	f	f	f	f	f
3774	296	62	invoked	2016-01-15 16:51:19.21+05	t	2	0	{}	{}	{}	t	f	f	f	f	t
3775	296	62	moving	2016-01-15 16:51:19.21+05	t	2	0	{}	{}	{}	t	f	f	f	f	t
3776	296	62	paused	2016-01-15 16:51:19.211+05	t	2	0	{}	{}	{}	t	f	f	f	f	t
3777	296	62	start	2016-01-15 16:52:38.796+05	t	0	0	{}	{}	{}	t	f	f	f	f	f
3778	296	62	moving	2016-01-15 16:52:38.796+05	t	0	0	{}	{}	{}	t	f	f	f	f	f
3779	296	62	prepareinvoking	2016-01-15 16:52:38.796+05	t	0	0	{}	{}	{}	t	f	f	f	f	f
3780	296	62	invoked	2016-01-15 16:52:38.796+05	t	1	0	{}	{}	{}	t	f	f	f	f	f
3781	296	62	moving	2016-01-15 16:52:38.796+05	t	1	0	{}	{}	{}	t	f	f	f	f	f
3782	296	62	prepareinvoking	2016-01-15 16:52:38.796+05	t	1	0	{}	{}	{}	t	f	f	f	f	f
3783	296	62	invoked	2016-01-15 16:52:38.796+05	t	2	0	{}	{}	{}	t	f	f	f	f	f
3784	296	62	moving	2016-01-15 16:52:38.796+05	t	2	0	{}	{}	{}	t	f	f	f	f	f
3785	296	62	prepareinvoking	2016-01-15 16:52:38.797+05	t	2	0	{}	{}	{}	t	f	f	f	f	f
3786	296	62	invoked	2016-01-15 16:52:38.798+05	t	3	0	{}	{}	{}	t	f	f	f	f	f
3787	296	62	moving	2016-01-15 16:52:38.798+05	t	3	0	{}	{}	{}	t	f	f	f	f	f
3788	296	62	prepareinvoking	2016-01-15 16:52:38.809+05	t	3	0	{}	{}	{}	t	f	f	f	f	f
3789	296	62	invoked	2016-01-15 16:52:38.81+05	t	3	0	{}	{}	{}	t	f	f	f	f	t
3790	296	62	moving	2016-01-15 16:52:38.81+05	t	3	0	{}	{}	{}	t	f	f	f	f	t
3791	296	62	paused	2016-01-15 16:52:38.81+05	t	3	0	{}	{}	{}	t	f	f	f	f	t
3792	296	62	start	2016-01-15 16:53:18.131+05	t	0	0	{}	{}	{}	t	f	f	f	f	f
3793	296	62	moving	2016-01-15 16:53:18.131+05	t	0	0	{}	{}	{}	t	f	f	f	f	f
3794	296	62	prepareinvoking	2016-01-15 16:53:18.131+05	t	0	0	{}	{}	{}	t	f	f	f	f	f
3795	296	62	invoked	2016-01-15 16:53:18.131+05	t	1	0	{}	{}	{}	t	f	f	f	f	f
3796	296	62	moving	2016-01-15 16:53:18.131+05	t	1	0	{}	{}	{}	t	f	f	f	f	f
3797	296	62	prepareinvoking	2016-01-15 16:53:18.131+05	t	1	0	{}	{}	{}	t	f	f	f	f	f
3798	296	62	invoked	2016-01-15 16:53:18.131+05	t	2	0	{}	{}	{}	t	f	f	f	f	f
3799	296	62	moving	2016-01-15 16:53:18.131+05	t	2	0	{}	{}	{}	t	f	f	f	f	f
3800	296	62	prepareinvoking	2016-01-15 16:53:18.132+05	t	2	0	{}	{}	{}	t	f	f	f	f	f
3801	296	62	invoked	2016-01-15 16:53:18.132+05	t	3	0	{}	{}	{}	t	f	f	f	f	f
3802	296	62	moving	2016-01-15 16:53:18.132+05	t	3	0	{}	{}	{}	t	f	f	f	f	f
3803	296	62	prepareinvoking	2016-01-15 16:53:18.132+05	t	3	0	{}	{}	{}	t	f	f	f	f	f
3804	296	62	invoked	2016-01-15 16:53:18.132+05	t	4	0	{}	{}	{}	t	f	f	f	f	f
3805	296	62	moving	2016-01-15 16:53:18.132+05	t	4	0	{}	{}	{}	t	f	f	f	f	f
3806	296	62	prepareinvoking	2016-01-15 16:53:18.132+05	t	4	0	{}	{}	{}	t	f	f	f	f	f
3807	296	62	invoked	2016-01-15 16:53:18.133+05	t	4	0	{}	{}	{}	t	f	f	f	f	t
3808	296	62	moving	2016-01-15 16:53:18.133+05	t	4	0	{}	{}	{}	t	f	f	f	f	t
3809	296	62	paused	2016-01-15 16:53:18.133+05	t	4	0	{}	{}	{}	t	f	f	f	f	t
3810	296	62	start	2016-01-18 00:59:09.234+05	t	0	0	{}	{}	{}	t	f	f	f	f	f
3811	296	62	moving	2016-01-18 00:59:09.235+05	t	0	0	{}	{}	{}	t	f	f	f	f	f
3812	296	62	prepareinvoking	2016-01-18 00:59:09.296+05	t	0	0	{}	{}	{}	t	f	f	f	f	f
3813	296	62	invoked	2016-01-18 00:59:09.305+05	t	1	0	{}	{}	{}	t	f	f	f	f	f
3814	296	62	moving	2016-01-18 00:59:09.306+05	t	1	0	{}	{}	{}	t	f	f	f	f	f
3815	296	62	prepareinvoking	2016-01-18 00:59:09.306+05	t	1	0	{}	{}	{}	t	f	f	f	f	f
3816	296	62	invoked	2016-01-18 00:59:09.306+05	t	2	0	{}	{}	{}	t	f	f	f	f	f
3817	296	62	moving	2016-01-18 00:59:09.306+05	t	2	0	{}	{}	{}	t	f	f	f	f	f
3818	296	62	prepareinvoking	2016-01-18 00:59:09.313+05	t	2	0	{}	{}	{}	t	f	f	f	f	f
3819	296	62	invoked	2016-01-18 00:59:09.314+05	t	3	0	{}	{}	{}	t	f	f	f	f	f
3820	296	62	moving	2016-01-18 00:59:09.314+05	t	3	0	{}	{}	{}	t	f	f	f	f	f
3821	296	62	prepareinvoking	2016-01-18 00:59:09.314+05	t	3	0	{}	{}	{}	t	f	f	f	f	f
3822	296	62	invoked	2016-01-18 00:59:09.314+05	t	4	0	{}	{}	{}	t	f	f	f	f	f
3823	296	62	moving	2016-01-18 00:59:09.314+05	t	4	0	{}	{}	{}	t	f	f	f	f	f
3824	296	62	prepareinvoking	2016-01-18 00:59:09.315+05	t	4	0	{}	{}	{}	t	f	f	f	f	f
3825	296	62	invoked	2016-01-18 00:59:09.315+05	t	5	0	{}	{}	{}	t	f	f	f	f	f
3826	296	62	moving	2016-01-18 00:59:09.315+05	t	5	0	{}	{}	{}	t	f	f	f	f	f
3827	296	62	prepareinvoking	2016-01-18 00:59:09.315+05	t	5	0	{}	{}	{}	t	f	f	f	f	f
3828	296	62	invoked	2016-01-18 00:59:09.315+05	t	5	0	{}	{}	{}	t	f	f	f	f	t
3829	296	62	moving	2016-01-18 00:59:09.315+05	t	5	0	{}	{}	{}	t	f	f	f	f	t
3830	296	62	paused	2016-01-18 00:59:09.316+05	t	5	0	{}	{}	{}	t	f	f	f	f	t
3831	297	62	start	2016-01-18 01:00:36.182+05	t	0	0	{}	{}	{}	t	f	f	f	f	f
3832	297	62	moving	2016-01-18 01:00:36.182+05	t	0	0	{}	{}	{}	t	f	f	f	f	f
3833	297	62	prepareinvoking	2016-01-18 01:00:36.183+05	t	0	0	{}	{}	{}	t	f	f	f	f	f
3834	297	62	invoked	2016-01-18 01:00:36.183+05	t	0	0	{}	{}	{}	t	f	f	f	f	t
3835	297	62	moving	2016-01-18 01:00:36.183+05	t	0	0	{}	{}	{}	t	f	f	f	f	t
3836	297	62	paused	2016-01-18 01:00:36.183+05	t	0	0	{}	{}	{}	t	f	f	f	f	t
3837	298	83	start	2016-01-24 11:42:09.581+05	t	0	0	{}	{}	{}	t	f	f	f	f	f
3838	298	83	moving	2016-01-24 11:42:09.581+05	t	0	0	{}	{}	{}	t	f	f	f	f	f
3839	298	83	prepareinvoking	2016-01-24 11:42:09.681+05	t	0	0	{}	{}	{}	t	f	f	f	f	f
3840	298	83	invoked	2016-01-24 11:42:09.683+05	t	0	0	{}	{}	{}	t	f	f	f	f	t
3841	298	83	moving	2016-01-24 11:42:09.683+05	t	0	0	{}	{}	{}	t	f	f	f	f	t
3842	298	83	paused	2016-01-24 11:42:09.683+05	t	0	0	{}	{}	{}	t	f	f	f	f	t
3843	299	70	start	2016-01-24 13:02:25.217+05	t	0	0	{}	{}	{}	t	f	f	f	f	f
3844	299	70	moving	2016-01-24 13:02:25.217+05	t	0	0	{}	{}	{}	t	f	f	f	f	f
3845	299	70	prepareinvoking	2016-01-24 13:02:25.217+05	t	0	0	{}	{}	{}	t	f	f	f	f	f
3846	299	70	invoked	2016-01-24 13:02:25.217+05	t	0	0	{}	{}	{}	t	f	f	f	f	t
3847	299	70	moving	2016-01-24 13:02:25.217+05	t	0	0	{}	{}	{}	t	f	f	f	f	t
3848	299	70	paused	2016-01-24 13:02:25.217+05	t	0	0	{}	{}	{}	t	f	f	f	f	t
3849	298	83	start	2016-01-24 13:07:24.638+05	t	0	0	{}	{}	{}	t	f	f	f	f	f
3850	298	83	moving	2016-01-24 13:07:24.638+05	t	0	0	{}	{}	{}	t	f	f	f	f	f
3851	298	83	prepareinvoking	2016-01-24 13:07:24.638+05	t	0	0	{}	{}	{}	t	f	f	f	f	f
3852	298	83	invoked	2016-01-24 13:07:24.638+05	t	0	0	{}	{}	{}	t	f	f	f	f	t
3853	298	83	moving	2016-01-24 13:07:24.638+05	t	0	0	{}	{}	{}	t	f	f	f	f	t
3854	298	83	paused	2016-01-24 13:07:24.638+05	t	0	0	{}	{}	{}	t	f	f	f	f	t
3855	300	83	start	2016-02-02 22:07:56.476+05	t	0	0	{}	{}	{}	t	f	f	f	f	f
3856	300	83	moving	2016-02-02 22:07:56.484+05	t	0	0	{}	{}	{}	t	f	f	f	f	f
3857	300	83	prepareinvoking	2016-02-02 22:07:56.545+05	t	0	0	{}	{}	{}	t	f	f	f	f	f
3858	300	83	invoked	2016-02-02 22:07:56.554+05	t	0	0	{}	{}	{}	t	f	f	f	f	t
3859	300	83	moving	2016-02-02 22:07:56.554+05	t	0	0	{}	{}	{}	t	f	f	f	f	t
3860	300	83	paused	2016-02-02 22:07:56.555+05	t	0	0	{}	{}	{}	t	f	f	f	f	t
3861	301	83	start	2016-02-02 23:42:41.516+05	t	0	0	{}	{}	{}	t	f	f	f	f	f
3862	301	83	moving	2016-02-02 23:42:41.516+05	t	0	0	{}	{}	{}	t	f	f	f	f	f
3863	301	83	prepareinvoking	2016-02-02 23:42:41.517+05	t	0	0	{}	{}	{}	t	f	f	f	f	f
3864	301	83	invoked	2016-02-02 23:42:41.517+05	t	0	0	{}	{}	{}	t	f	f	f	f	t
3865	301	83	moving	2016-02-02 23:42:41.517+05	t	0	0	{}	{}	{}	t	f	f	f	f	t
3866	301	83	paused	2016-02-02 23:42:41.517+05	t	0	0	{}	{}	{}	t	f	f	f	f	t
3867	302	83	start	2016-02-02 23:44:55.917+05	t	0	0	{}	{}	{}	t	f	f	f	f	f
3868	302	83	moving	2016-02-02 23:44:55.917+05	t	0	0	{}	{}	{}	t	f	f	f	f	f
3869	302	83	prepareinvoking	2016-02-02 23:44:55.917+05	t	0	0	{}	{}	{}	t	f	f	f	f	f
3870	302	83	invoked	2016-02-02 23:44:55.917+05	t	0	0	{}	{}	{}	t	f	f	f	f	t
3871	302	83	moving	2016-02-02 23:44:55.917+05	t	0	0	{}	{}	{}	t	f	f	f	f	t
3872	302	83	paused	2016-02-02 23:44:55.917+05	t	0	0	{}	{}	{}	t	f	f	f	f	t
3873	302	83	start	2016-02-02 23:45:58.497+05	t	0	0	{}	{}	{}	t	f	f	f	f	f
3874	302	83	moving	2016-02-02 23:45:58.497+05	t	0	0	{}	{}	{}	t	f	f	f	f	f
3875	302	83	prepareinvoking	2016-02-02 23:45:58.497+05	t	0	0	{}	{}	{}	t	f	f	f	f	f
3876	302	83	invoked	2016-02-02 23:45:58.498+05	t	0	0	{}	{}	{}	t	f	f	f	f	t
3877	302	83	moving	2016-02-02 23:45:58.498+05	t	0	0	{}	{}	{}	t	f	f	f	f	t
3878	302	83	paused	2016-02-02 23:45:58.498+05	t	0	0	{}	{}	{}	t	f	f	f	f	t
3879	301	83	start	2016-02-02 23:53:50.31+05	t	0	0	{}	{}	{}	t	f	f	f	f	f
3880	301	83	moving	2016-02-02 23:53:50.31+05	t	0	0	{}	{}	{}	t	f	f	f	f	f
3881	301	83	prepareinvoking	2016-02-02 23:53:50.31+05	t	0	0	{}	{}	{}	t	f	f	f	f	f
3882	301	83	invoked	2016-02-02 23:53:50.31+05	t	0	0	{}	{}	{}	t	f	f	f	f	t
3883	301	83	moving	2016-02-02 23:53:50.31+05	t	0	0	{}	{}	{}	t	f	f	f	f	t
3884	301	83	paused	2016-02-02 23:53:50.31+05	t	0	0	{}	{}	{}	t	f	f	f	f	t
3885	301	83	start	2016-02-02 23:54:10.751+05	t	0	0	{}	{}	{}	t	f	f	f	f	f
3886	301	83	moving	2016-02-02 23:54:10.751+05	t	0	0	{}	{}	{}	t	f	f	f	f	f
3887	301	83	prepareinvoking	2016-02-02 23:54:10.752+05	t	0	0	{}	{}	{}	t	f	f	f	f	f
3888	301	83	invoked	2016-02-02 23:54:10.752+05	t	1	0	{}	{}	{}	t	f	f	f	f	f
3889	301	83	moving	2016-02-02 23:54:10.759+05	t	1	0	{}	{}	{}	t	f	f	f	f	f
3890	301	83	prepareinvoking	2016-02-02 23:54:10.76+05	t	1	0	{}	{}	{}	t	f	f	f	f	f
3891	301	83	invoked	2016-02-02 23:54:10.76+05	t	2	0	{}	{}	{}	t	f	f	f	f	f
3892	301	83	moving	2016-02-02 23:54:10.76+05	t	2	0	{}	{}	{}	t	f	f	f	f	f
3893	301	83	prepareinvoking	2016-02-02 23:54:10.761+05	t	2	0	{}	{}	{}	t	f	f	f	f	f
3894	301	83	invoked	2016-02-02 23:54:10.761+05	t	2	0	{}	{}	{}	t	f	f	f	f	t
3895	301	83	moving	2016-02-02 23:54:10.761+05	t	2	0	{}	{}	{}	t	f	f	f	f	t
3896	301	83	paused	2016-02-02 23:54:10.761+05	t	2	0	{}	{}	{}	t	f	f	f	f	t
3897	303	83	start	2016-02-04 13:33:16.603+05	t	0	0	{}	{}	{}	t	f	f	f	f	f
3898	303	83	moving	2016-02-04 13:33:16.603+05	t	0	0	{}	{}	{}	t	f	f	f	f	f
3899	303	83	prepareinvoking	2016-02-04 13:33:16.603+05	t	0	0	{}	{}	{}	t	f	f	f	f	f
3900	303	83	invoked	2016-02-04 13:33:16.603+05	t	0	0	{}	{}	{}	t	f	f	f	f	t
3901	303	83	moving	2016-02-04 13:33:16.603+05	t	0	0	{}	{}	{}	t	f	f	f	f	t
3902	303	83	paused	2016-02-04 13:33:16.603+05	t	0	0	{}	{}	{}	t	f	f	f	f	t
3903	303	83	start	2016-02-04 13:38:17.688+05	t	0	0	{}	{}	{}	t	f	f	f	f	f
3904	303	83	moving	2016-02-04 13:38:17.688+05	t	0	0	{}	{}	{}	t	f	f	f	f	f
3905	303	83	prepareinvoking	2016-02-04 13:38:17.688+05	t	0	0	{}	{}	{}	t	f	f	f	f	f
3906	303	83	invoked	2016-02-04 13:38:17.688+05	t	0	0	{}	{}	{}	t	f	f	f	f	t
3907	303	83	moving	2016-02-04 13:38:17.688+05	t	0	0	{}	{}	{}	t	f	f	f	f	t
3908	303	83	paused	2016-02-04 13:38:17.688+05	t	0	0	{}	{}	{}	t	f	f	f	f	t
3909	305	83	start	2016-02-06 00:15:34.44+05	t	0	0	{}	{}	{}	t	f	f	f	f	f
3910	305	83	moving	2016-02-06 00:15:34.44+05	t	0	0	{}	{}	{}	t	f	f	f	f	f
3911	305	83	prepareinvoking	2016-02-06 00:15:34.441+05	t	0	0	{}	{}	{}	t	f	f	f	f	f
3912	305	83	invoked	2016-02-06 00:15:34.441+05	t	0	0	{}	{}	{}	t	f	f	f	f	t
3913	305	83	moving	2016-02-06 00:15:34.441+05	t	0	0	{}	{}	{}	t	f	f	f	f	t
3914	305	83	paused	2016-02-06 00:15:34.441+05	t	0	0	{}	{}	{}	t	f	f	f	f	t
3915	305	83	start	2016-02-06 00:16:25.558+05	t	0	0	{}	{}	{}	t	f	f	f	f	f
3916	305	83	moving	2016-02-06 00:16:25.558+05	t	0	0	{}	{}	{}	t	f	f	f	f	f
3917	305	83	prepareinvoking	2016-02-06 00:16:25.558+05	t	0	0	{}	{}	{}	t	f	f	f	f	f
3918	305	83	invoked	2016-02-06 00:16:25.558+05	t	0	0	{}	{}	{}	t	f	f	f	f	t
3919	305	83	moving	2016-02-06 00:16:25.558+05	t	0	0	{}	{}	{}	t	f	f	f	f	t
3920	305	83	paused	2016-02-06 00:16:25.558+05	t	0	0	{}	{}	{}	t	f	f	f	f	t
3921	305	83	start	2016-02-06 00:16:42.812+05	t	0	0	{}	{}	{}	t	f	f	f	f	f
3922	305	83	moving	2016-02-06 00:16:42.812+05	t	0	0	{}	{}	{}	t	f	f	f	f	f
3923	305	83	prepareinvoking	2016-02-06 00:16:42.812+05	t	0	0	{}	{}	{}	t	f	f	f	f	f
3924	305	83	invoked	2016-02-06 00:16:42.813+05	t	0	0	{}	{}	{}	t	f	f	f	f	t
3925	305	83	moving	2016-02-06 00:16:42.813+05	t	0	0	{}	{}	{}	t	f	f	f	f	t
3926	305	83	paused	2016-02-06 00:16:42.813+05	t	0	0	{}	{}	{}	t	f	f	f	f	t
3927	305	83	start	2016-02-06 02:32:01.722+05	t	0	0	{}	{}	{}	t	f	f	f	f	f
3928	305	83	moving	2016-02-06 02:32:01.722+05	t	0	0	{}	{}	{}	t	f	f	f	f	f
3929	305	83	prepareinvoking	2016-02-06 02:32:01.722+05	t	0	0	{}	{}	{}	t	f	f	f	f	f
3930	305	83	invoked	2016-02-06 02:32:01.722+05	t	1	0	{}	{}	{}	t	f	f	f	f	f
3931	305	83	moving	2016-02-06 02:32:01.722+05	t	1	0	{}	{}	{}	t	f	f	f	f	f
3932	305	83	prepareinvoking	2016-02-06 02:32:01.722+05	t	1	0	{}	{}	{}	t	f	f	f	f	f
3933	305	83	invoked	2016-02-06 02:32:01.722+05	t	2	0	{}	{}	{}	t	f	f	f	f	f
3934	305	83	moving	2016-02-06 02:32:01.722+05	t	2	0	{}	{}	{}	t	f	f	f	f	f
3935	305	83	prepareinvoking	2016-02-06 02:32:01.723+05	t	2	0	{}	{}	{}	t	f	f	f	f	f
3936	305	83	invoked	2016-02-06 02:32:01.723+05	t	2	0	{}	{}	{}	t	f	f	f	f	t
3937	305	83	moving	2016-02-06 02:32:01.723+05	t	2	0	{}	{}	{}	t	f	f	f	f	t
3938	305	83	paused	2016-02-06 02:32:01.723+05	t	2	0	{}	{}	{}	t	f	f	f	f	t
3939	306	83	start	2016-02-06 02:33:10.905+05	t	0	0	{}	{}	{}	t	f	f	f	f	f
3940	306	83	moving	2016-02-06 02:33:10.905+05	t	0	0	{}	{}	{}	t	f	f	f	f	f
3941	306	83	prepareinvoking	2016-02-06 02:33:10.905+05	t	0	0	{}	{}	{}	t	f	f	f	f	f
3942	306	83	invoked	2016-02-06 02:33:10.906+05	t	0	0	{}	{}	{}	t	f	f	f	f	t
3943	306	83	moving	2016-02-06 02:33:10.906+05	t	0	0	{}	{}	{}	t	f	f	f	f	t
3944	306	83	paused	2016-02-06 02:33:10.906+05	t	0	0	{}	{}	{}	t	f	f	f	f	t
3945	306	83	start	2016-02-06 02:34:57.038+05	t	0	0	{}	{}	{}	t	f	f	f	f	f
3946	306	83	moving	2016-02-06 02:34:57.038+05	t	0	0	{}	{}	{}	t	f	f	f	f	f
3947	306	83	prepareinvoking	2016-02-06 02:34:57.047+05	t	0	0	{}	{}	{}	t	f	f	f	f	f
3948	306	83	invoked	2016-02-06 02:34:57.047+05	t	0	0	{}	{}	{}	t	f	f	f	f	t
3949	306	83	moving	2016-02-06 02:34:57.047+05	t	0	0	{}	{}	{}	t	f	f	f	f	t
3950	306	83	paused	2016-02-06 02:34:57.047+05	t	0	0	{}	{}	{}	t	f	f	f	f	t
3951	306	83	start	2016-02-06 02:35:38.928+05	t	0	0	{}	{}	{}	t	f	f	f	f	f
3952	306	83	moving	2016-02-06 02:35:38.928+05	t	0	0	{}	{}	{}	t	f	f	f	f	f
3953	306	83	prepareinvoking	2016-02-06 02:35:38.928+05	t	0	0	{}	{}	{}	t	f	f	f	f	f
3954	306	83	invoked	2016-02-06 02:35:38.929+05	t	1	0	{}	{}	{}	t	f	f	f	f	f
3955	306	83	moving	2016-02-06 02:35:38.929+05	t	1	0	{}	{}	{}	t	f	f	f	f	f
3956	306	83	prepareinvoking	2016-02-06 02:35:38.929+05	t	1	0	{}	{}	{}	t	f	f	f	f	f
3957	306	83	invoked	2016-02-06 02:35:38.937+05	t	2	0	{}	{}	{}	t	f	f	f	f	f
3958	306	83	moving	2016-02-06 02:35:38.937+05	t	2	0	{}	{}	{}	t	f	f	f	f	f
3959	306	83	prepareinvoking	2016-02-06 02:35:38.937+05	t	2	0	{}	{}	{}	t	f	f	f	f	f
3960	306	83	invoked	2016-02-06 02:35:38.938+05	t	2	0	{}	{}	{}	t	f	f	f	f	t
3961	306	83	moving	2016-02-06 02:35:38.938+05	t	2	0	{}	{}	{}	t	f	f	f	f	t
3962	306	83	paused	2016-02-06 02:35:38.938+05	t	2	0	{}	{}	{}	t	f	f	f	f	t
3963	307	83	start	2016-02-10 20:06:54.552+05	t	0	0	{}	{}	{}	t	f	f	f	f	f
3964	307	83	moving	2016-02-10 20:06:54.553+05	t	0	0	{}	{}	{}	t	f	f	f	f	f
3965	307	83	prepareinvoking	2016-02-10 20:06:54.622+05	t	0	0	{}	{}	{}	t	f	f	f	f	f
3966	307	83	invoked	2016-02-10 20:06:54.631+05	t	0	0	{}	{}	{}	t	f	f	f	f	t
3967	307	83	moving	2016-02-10 20:06:54.631+05	t	0	0	{}	{}	{}	t	f	f	f	f	t
3968	307	83	paused	2016-02-10 20:06:54.631+05	t	0	0	{}	{}	{}	t	f	f	f	f	t
3969	307	83	start	2016-02-10 20:08:02.404+05	t	0	0	{}	{}	{}	t	f	f	f	f	f
3970	307	83	moving	2016-02-10 20:08:02.404+05	t	0	0	{}	{}	{}	t	f	f	f	f	f
3971	307	83	prepareinvoking	2016-02-10 20:08:02.404+05	t	0	0	{}	{}	{}	t	f	f	f	f	f
3972	307	83	invoked	2016-02-10 20:08:02.404+05	t	0	0	{}	{}	{}	t	f	f	f	f	t
3973	307	83	moving	2016-02-10 20:08:02.404+05	t	0	0	{}	{}	{}	t	f	f	f	f	t
3974	307	83	paused	2016-02-10 20:08:02.404+05	t	0	0	{}	{}	{}	t	f	f	f	f	t
3975	296	62	start	2016-02-11 11:31:49.555+05	t	0	0	{}	{}	{}	t	f	f	f	f	f
3976	296	62	moving	2016-02-11 11:31:49.555+05	t	0	0	{}	{}	{}	t	f	f	f	f	f
3977	296	62	prepareinvoking	2016-02-11 11:31:49.556+05	t	0	0	{}	{}	{}	t	f	f	f	f	f
3978	296	62	invoked	2016-02-11 11:31:49.556+05	t	1	0	{}	{}	{}	t	f	f	f	f	f
3979	296	62	moving	2016-02-11 11:31:49.556+05	t	1	0	{}	{}	{}	t	f	f	f	f	f
3980	296	62	prepareinvoking	2016-02-11 11:31:49.556+05	t	1	0	{}	{}	{}	t	f	f	f	f	f
3981	296	62	invoked	2016-02-11 11:31:49.557+05	t	2	0	{}	{}	{}	t	f	f	f	f	f
3982	296	62	moving	2016-02-11 11:31:49.557+05	t	2	0	{}	{}	{}	t	f	f	f	f	f
3983	296	62	prepareinvoking	2016-02-11 11:31:49.557+05	t	2	0	{}	{}	{}	t	f	f	f	f	f
3984	296	62	invoked	2016-02-11 11:31:49.557+05	t	3	0	{}	{}	{}	t	f	f	f	f	f
3985	296	62	moving	2016-02-11 11:31:49.564+05	t	3	0	{}	{}	{}	t	f	f	f	f	f
3986	296	62	prepareinvoking	2016-02-11 11:31:49.564+05	t	3	0	{}	{}	{}	t	f	f	f	f	f
3987	296	62	invoked	2016-02-11 11:31:49.565+05	t	4	0	{}	{}	{}	t	f	f	f	f	f
3988	296	62	moving	2016-02-11 11:31:49.565+05	t	4	0	{}	{}	{}	t	f	f	f	f	f
3989	296	62	prepareinvoking	2016-02-11 11:31:49.565+05	t	4	0	{}	{}	{}	t	f	f	f	f	f
3990	296	62	invoked	2016-02-11 11:31:49.565+05	t	5	0	{}	{}	{}	t	f	f	f	f	f
3991	296	62	moving	2016-02-11 11:31:49.565+05	t	5	0	{}	{}	{}	t	f	f	f	f	f
3992	296	62	prepareinvoking	2016-02-11 11:31:49.565+05	t	5	0	{}	{}	{}	t	f	f	f	f	f
3993	296	62	invoked	2016-02-11 11:31:49.565+05	t	6	0	{}	{}	{}	t	f	f	f	f	f
3994	296	62	moving	2016-02-11 11:31:49.565+05	t	6	0	{}	{}	{}	t	f	f	f	f	f
3995	296	62	prepareinvoking	2016-02-11 11:31:49.565+05	t	6	0	{}	{}	{}	t	f	f	f	f	f
3996	296	62	preparemovetospace	2016-02-11 11:31:49.566+05	t	6	0	{}	{}	{}	t	f	f	f	f	f
3997	296	62	movetospace	2016-02-11 11:31:49.566+05	t	6	1	{}	{}	{20}	t	f	t	f	f	f
3998	296	62	preparemovetocontainer	2016-02-11 11:31:49.566+05	t	6	1	{}	{}	{20}	t	f	t	f	f	f
3999	296	62	movetocontainer	2016-02-11 11:31:49.581+05	t	6	1	{4}	{}	{20}	t	f	t	t	f	f
4000	296	62	invoked	2016-02-11 11:31:49.581+05	t	6	1	{4}	{}	{20}	t	f	t	t	f	f
4001	296	62	moving	2016-02-11 11:31:49.581+05	t	6	1	{4}	{}	{20}	t	f	t	t	f	f
4002	296	62	prepareinvokinginspace	2016-02-11 11:31:49.582+05	t	6	1	{4}	{}	{20}	t	f	t	t	f	f
4003	296	62	prepareinvoking	2016-02-11 11:31:49.582+05	t	6	1	{4}	{}	{20}	t	f	t	t	f	f
4004	296	62	invoked	2016-02-11 11:31:49.582+05	t	6	1	{4}	{}	{20}	t	f	t	t	f	t
4005	296	62	invokinginspace	2016-02-11 11:31:49.582+05	t	6	1	{4}	{}	{20}	t	f	t	t	f	t
4006	296	62	prepareinvokinginspace	2016-02-11 11:31:49.582+05	t	6	1	{4}	{}	{20}	t	f	t	t	f	t
4007	296	62	prepareinvoking	2016-02-11 11:31:49.582+05	t	6	1	{4}	{}	{20}	t	f	t	t	f	t
4008	296	62	invoked	2016-02-11 11:31:49.583+05	t	6	1	{4}	{}	{20}	t	f	t	t	f	t
4009	296	62	invokinginspace	2016-02-11 11:31:49.583+05	t	6	1	{4}	{}	{20}	t	f	t	t	f	t
4010	296	62	prepareinvoking	2016-02-11 11:31:49.583+05	t	6	1	{4}	{}	{20}	t	f	t	t	f	t
4011	296	62	moving	2016-02-11 11:31:49.602+05	t	7	0	{}	{}	{}	t	f	f	f	f	t
4012	296	62	paused	2016-02-11 11:31:49.602+05	t	7	0	{}	{}	{}	t	f	f	f	f	t
4013	296	62	moving	2016-02-11 11:31:49.602+05	t	7	0	{}	{}	{}	t	f	f	f	f	t
4014	296	62	paused	2016-02-11 11:31:49.602+05	t	7	0	{}	{}	{}	t	f	f	f	f	t
4015	296	62	start	2016-02-11 11:33:11.238+05	t	0	0	{}	{}	{}	t	f	f	f	f	f
4016	296	62	moving	2016-02-11 11:33:11.239+05	t	0	0	{}	{}	{}	t	f	f	f	f	f
4017	296	62	prepareinvoking	2016-02-11 11:33:11.239+05	t	0	0	{}	{}	{}	t	f	f	f	f	f
4018	296	62	invoked	2016-02-11 11:33:11.239+05	t	1	0	{}	{}	{}	t	f	f	f	f	f
4019	296	62	moving	2016-02-11 11:33:11.239+05	t	1	0	{}	{}	{}	t	f	f	f	f	f
4020	296	62	prepareinvoking	2016-02-11 11:33:11.239+05	t	1	0	{}	{}	{}	t	f	f	f	f	f
4021	296	62	invoked	2016-02-11 11:33:11.239+05	t	2	0	{}	{}	{}	t	f	f	f	f	f
4022	296	62	moving	2016-02-11 11:33:11.239+05	t	2	0	{}	{}	{}	t	f	f	f	f	f
4023	296	62	prepareinvoking	2016-02-11 11:33:11.239+05	t	2	0	{}	{}	{}	t	f	f	f	f	f
4024	296	62	invoked	2016-02-11 11:33:11.239+05	t	3	0	{}	{}	{}	t	f	f	f	f	f
4025	296	62	moving	2016-02-11 11:33:11.239+05	t	3	0	{}	{}	{}	t	f	f	f	f	f
4026	296	62	prepareinvoking	2016-02-11 11:33:11.24+05	t	3	0	{}	{}	{}	t	f	f	f	f	f
4027	296	62	invoked	2016-02-11 11:33:11.24+05	t	4	0	{}	{}	{}	t	f	f	f	f	f
4028	296	62	moving	2016-02-11 11:33:11.24+05	t	4	0	{}	{}	{}	t	f	f	f	f	f
4029	296	62	prepareinvoking	2016-02-11 11:33:11.24+05	t	4	0	{}	{}	{}	t	f	f	f	f	f
4030	296	62	invoked	2016-02-11 11:33:11.24+05	t	5	0	{}	{}	{}	t	f	f	f	f	f
4031	296	62	moving	2016-02-11 11:33:11.24+05	t	5	0	{}	{}	{}	t	f	f	f	f	f
4032	296	62	prepareinvoking	2016-02-11 11:33:11.246+05	t	5	0	{}	{}	{}	t	f	f	f	f	f
4033	296	62	invoked	2016-02-11 11:33:11.246+05	t	6	0	{}	{}	{}	t	f	f	f	f	f
4034	296	62	moving	2016-02-11 11:33:11.247+05	t	6	0	{}	{}	{}	t	f	f	f	f	f
4035	296	62	prepareinvoking	2016-02-11 11:33:11.247+05	t	6	0	{}	{}	{}	t	f	f	f	f	f
4036	296	62	preparemovetospace	2016-02-11 11:33:11.247+05	t	6	0	{}	{}	{}	t	f	f	f	f	f
4037	296	62	movetospace	2016-02-11 11:33:11.247+05	t	6	1	{}	{}	{20}	t	f	t	f	f	f
4038	296	62	preparemovetocontainer	2016-02-11 11:33:11.247+05	t	6	1	{}	{}	{20}	t	f	t	f	f	f
4039	296	62	movetocontainer	2016-02-11 11:33:11.247+05	t	6	1	{5}	{}	{20}	t	f	t	t	f	f
4040	296	62	invoked	2016-02-11 11:33:11.247+05	t	6	1	{5}	{}	{20}	t	f	t	t	f	f
4041	296	62	moving	2016-02-11 11:33:11.254+05	t	6	1	{5}	{}	{20}	t	f	t	t	f	f
4042	296	62	prepareinvokinginspace	2016-02-11 11:33:11.254+05	t	6	1	{5}	{}	{20}	t	f	t	t	f	f
4043	296	62	prepareinvoking	2016-02-11 11:33:11.254+05	t	6	1	{5}	{}	{20}	t	f	t	t	f	f
4044	296	62	invoked	2016-02-11 11:33:11.254+05	t	6	1	{5}	{}	{20}	t	f	t	t	f	f
4045	296	62	invokinginspace	2016-02-11 11:33:11.254+05	t	6	1	{5}	{}	{20}	t	f	t	t	f	f
4046	296	62	prepareinvokinginspace	2016-02-11 11:33:11.254+05	t	6	1	{5}	{}	{20}	t	f	t	t	f	f
4047	296	62	prepareinvoking	2016-02-11 11:33:11.254+05	t	6	1	{5}	{}	{20}	t	f	t	t	f	f
4048	296	62	invoked	2016-02-11 11:33:11.254+05	t	6	1	{5}	{}	{20}	t	f	t	t	f	f
4049	296	62	invokinginspace	2016-02-11 11:33:11.254+05	t	6	1	{5}	{}	{20}	t	f	t	t	f	f
4050	296	62	prepareinvoking	2016-02-11 11:33:11.254+05	t	6	1	{5}	{}	{20}	t	f	t	t	f	f
4051	296	62	moving	2016-02-11 11:33:11.255+05	t	7	0	{}	{}	{}	t	f	f	f	f	f
4052	296	62	prepareinvoking	2016-02-11 11:33:11.255+05	t	7	0	{}	{}	{}	t	f	f	f	f	f
4053	296	62	preparemovetospace	2016-02-11 11:33:11.255+05	t	7	0	{}	{}	{}	t	f	f	f	f	f
4054	296	62	movetospace	2016-02-11 11:33:11.255+05	t	7	1	{}	{}	{21}	t	f	t	f	f	f
4055	296	62	preparemovetocontainer	2016-02-11 11:33:11.255+05	t	7	1	{}	{}	{21}	t	f	t	f	f	f
4056	296	62	movetocontainer	2016-02-11 11:33:11.255+05	t	7	1	{1}	{}	{21}	t	f	t	t	f	f
4057	296	62	invoked	2016-02-11 11:33:11.255+05	t	7	1	{1}	{}	{21}	t	f	t	t	f	f
4058	296	62	moving	2016-02-11 11:33:11.255+05	t	7	1	{1}	{}	{21}	t	f	t	t	f	f
4059	296	62	prepareinvoking	2016-02-11 11:33:11.255+05	t	7	1	{1}	{}	{21}	t	f	t	t	f	f
4060	296	62	moving	2016-02-11 11:33:11.255+05	t	8	0	{}	{}	{}	t	f	f	f	f	f
4061	296	62	prepareinvoking	2016-02-11 11:33:11.255+05	t	8	0	{}	{}	{}	t	f	f	f	f	f
4062	296	62	invoked	2016-02-11 11:33:11.255+05	t	9	0	{}	{}	{}	t	f	f	f	f	f
4063	296	62	moving	2016-02-11 11:33:11.255+05	t	9	0	{}	{}	{}	t	f	f	f	f	f
4064	296	62	end	2016-02-11 11:33:11.256+05	t	9	0	{}	{}	{}	t	t	f	f	f	f
4065	296	62	moving	2016-02-11 11:33:11.256+05	t	9	0	{}	{}	{}	t	t	f	f	f	f
4066	296	62	end	2016-02-11 11:33:11.256+05	t	9	0	{}	{}	{}	t	t	f	f	f	f
4067	296	62	moving	2016-02-11 11:33:11.256+05	t	9	0	{}	{}	{}	t	t	f	f	f	f
4068	296	62	end	2016-02-11 11:33:11.256+05	t	9	0	{}	{}	{}	t	t	f	f	f	f
4069	308	62	start	2016-02-11 21:11:27.628+05	t	0	0	{}	{}	{}	t	f	f	f	f	f
4070	308	62	moving	2016-02-11 21:11:27.628+05	t	0	0	{}	{}	{}	t	f	f	f	f	f
4071	308	62	prepareinvoking	2016-02-11 21:11:27.628+05	t	0	0	{}	{}	{}	t	f	f	f	f	f
4072	308	62	invoked	2016-02-11 21:11:27.629+05	t	0	0	{}	{}	{}	t	f	f	f	f	t
4073	308	62	moving	2016-02-11 21:11:27.629+05	t	0	0	{}	{}	{}	t	f	f	f	f	t
4074	308	62	paused	2016-02-11 21:11:27.629+05	t	0	0	{}	{}	{}	t	f	f	f	f	t
4075	305	83	start	2016-02-12 12:00:49.309+05	t	0	0	{}	{}	{}	t	f	f	f	f	f
4076	305	83	moving	2016-02-12 12:00:49.317+05	t	0	0	{}	{}	{}	t	f	f	f	f	f
4077	305	83	prepareinvoking	2016-02-12 12:00:49.374+05	t	0	0	{}	{}	{}	t	f	f	f	f	f
4078	305	83	invoked	2016-02-12 12:00:49.376+05	t	1	0	{}	{}	{}	t	f	f	f	f	f
4079	305	83	moving	2016-02-12 12:00:49.376+05	t	1	0	{}	{}	{}	t	f	f	f	f	f
4080	305	83	prepareinvoking	2016-02-12 12:00:49.383+05	t	1	0	{}	{}	{}	t	f	f	f	f	f
4081	305	83	invoked	2016-02-12 12:00:49.383+05	t	2	0	{}	{}	{}	t	f	f	f	f	f
4082	305	83	moving	2016-02-12 12:00:49.383+05	t	2	0	{}	{}	{}	t	f	f	f	f	f
4083	305	83	prepareinvoking	2016-02-12 12:00:49.383+05	t	2	0	{}	{}	{}	t	f	f	f	f	f
4084	305	83	invoked	2016-02-12 12:00:49.384+05	t	3	0	{}	{}	{}	t	f	f	f	f	f
4085	305	83	moving	2016-02-12 12:00:49.384+05	t	3	0	{}	{}	{}	t	f	f	f	f	f
4086	305	83	prepareinvoking	2016-02-12 12:00:49.385+05	t	3	0	{}	{}	{}	t	f	f	f	f	f
4087	305	83	invoked	2016-02-12 12:00:49.385+05	t	3	0	{}	{}	{}	t	f	f	f	f	t
4088	305	83	moving	2016-02-12 12:00:49.385+05	t	3	0	{}	{}	{}	t	f	f	f	f	t
4089	305	83	paused	2016-02-12 12:00:49.385+05	t	3	0	{}	{}	{}	t	f	f	f	f	t
4090	305	83	start	2016-02-12 12:01:36.652+05	t	0	0	{}	{}	{}	t	f	f	f	f	f
4091	305	83	moving	2016-02-12 12:01:36.652+05	t	0	0	{}	{}	{}	t	f	f	f	f	f
4092	305	83	prepareinvoking	2016-02-12 12:01:36.653+05	t	0	0	{}	{}	{}	t	f	f	f	f	f
4093	305	83	invoked	2016-02-12 12:01:36.653+05	t	1	0	{}	{}	{}	t	f	f	f	f	f
4094	305	83	moving	2016-02-12 12:01:36.653+05	t	1	0	{}	{}	{}	t	f	f	f	f	f
4095	305	83	prepareinvoking	2016-02-12 12:01:36.653+05	t	1	0	{}	{}	{}	t	f	f	f	f	f
4096	305	83	invoked	2016-02-12 12:01:36.653+05	t	2	0	{}	{}	{}	t	f	f	f	f	f
4097	305	83	moving	2016-02-12 12:01:36.653+05	t	2	0	{}	{}	{}	t	f	f	f	f	f
4098	305	83	prepareinvoking	2016-02-12 12:01:36.66+05	t	2	0	{}	{}	{}	t	f	f	f	f	f
4099	305	83	invoked	2016-02-12 12:01:36.66+05	t	3	0	{}	{}	{}	t	f	f	f	f	f
4100	305	83	moving	2016-02-12 12:01:36.66+05	t	3	0	{}	{}	{}	t	f	f	f	f	f
4101	305	83	prepareinvoking	2016-02-12 12:01:36.66+05	t	3	0	{}	{}	{}	t	f	f	f	f	f
4102	305	83	invoked	2016-02-12 12:01:36.66+05	t	4	0	{}	{}	{}	t	f	f	f	f	f
4103	305	83	moving	2016-02-12 12:01:36.66+05	t	4	0	{}	{}	{}	t	f	f	f	f	f
4104	305	83	prepareinvoking	2016-02-12 12:01:36.66+05	t	4	0	{}	{}	{}	t	f	f	f	f	f
4105	305	83	invoked	2016-02-12 12:01:36.66+05	t	4	0	{}	{}	{}	t	f	f	f	f	t
4106	305	83	moving	2016-02-12 12:01:36.66+05	t	4	0	{}	{}	{}	t	f	f	f	f	t
4107	305	83	paused	2016-02-12 12:01:36.66+05	t	4	0	{}	{}	{}	t	f	f	f	f	t
4108	306	83	start	2016-02-12 12:19:26.645+05	t	0	0	{}	{}	{}	t	f	f	f	f	f
4109	306	83	moving	2016-02-12 12:19:26.645+05	t	0	0	{}	{}	{}	t	f	f	f	f	f
4110	306	83	prepareinvoking	2016-02-12 12:19:26.645+05	t	0	0	{}	{}	{}	t	f	f	f	f	f
4111	306	83	invoked	2016-02-12 12:19:26.646+05	t	1	0	{}	{}	{}	t	f	f	f	f	f
4112	306	83	moving	2016-02-12 12:19:26.646+05	t	1	0	{}	{}	{}	t	f	f	f	f	f
4113	306	83	prepareinvoking	2016-02-12 12:19:26.646+05	t	1	0	{}	{}	{}	t	f	f	f	f	f
4114	306	83	invoked	2016-02-12 12:19:26.654+05	t	2	0	{}	{}	{}	t	f	f	f	f	f
4115	306	83	moving	2016-02-12 12:19:26.654+05	t	2	0	{}	{}	{}	t	f	f	f	f	f
4116	306	83	prepareinvoking	2016-02-12 12:19:26.654+05	t	2	0	{}	{}	{}	t	f	f	f	f	f
4117	306	83	invoked	2016-02-12 12:19:26.654+05	t	3	0	{}	{}	{}	t	f	f	f	f	f
4118	306	83	moving	2016-02-12 12:19:26.654+05	t	3	0	{}	{}	{}	t	f	f	f	f	f
4119	306	83	prepareinvoking	2016-02-12 12:19:26.654+05	t	3	0	{}	{}	{}	t	f	f	f	f	f
4120	306	83	invoked	2016-02-12 12:19:26.654+05	t	3	0	{}	{}	{}	t	f	f	f	f	t
4121	306	83	moving	2016-02-12 12:19:26.654+05	t	3	0	{}	{}	{}	t	f	f	f	f	t
4122	306	83	paused	2016-02-12 12:19:26.654+05	t	3	0	{}	{}	{}	t	f	f	f	f	t
4123	307	83	start	2016-02-12 12:24:50.063+05	t	0	0	{}	{}	{}	t	f	f	f	f	f
4124	307	83	moving	2016-02-12 12:24:50.063+05	t	0	0	{}	{}	{}	t	f	f	f	f	f
4125	307	83	prepareinvoking	2016-02-12 12:24:50.063+05	t	0	0	{}	{}	{}	t	f	f	f	f	f
4126	307	83	invoked	2016-02-12 12:24:50.063+05	t	1	0	{}	{}	{}	t	f	f	f	f	f
4127	307	83	moving	2016-02-12 12:24:50.064+05	t	1	0	{}	{}	{}	t	f	f	f	f	f
4128	307	83	prepareinvoking	2016-02-12 12:24:50.064+05	t	1	0	{}	{}	{}	t	f	f	f	f	f
4129	307	83	invoked	2016-02-12 12:24:50.064+05	t	2	0	{}	{}	{}	t	f	f	f	f	f
4130	307	83	moving	2016-02-12 12:24:50.064+05	t	2	0	{}	{}	{}	t	f	f	f	f	f
4131	307	83	prepareinvoking	2016-02-12 12:24:50.064+05	t	2	0	{}	{}	{}	t	f	f	f	f	f
4132	307	83	invoked	2016-02-12 12:24:50.064+05	t	2	0	{}	{}	{}	t	f	f	f	f	t
4133	307	83	moving	2016-02-12 12:24:50.064+05	t	2	0	{}	{}	{}	t	f	f	f	f	t
4134	307	83	paused	2016-02-12 12:24:50.064+05	t	2	0	{}	{}	{}	t	f	f	f	f	t
4135	307	83	start	2016-02-12 13:01:58.711+05	t	0	0	{}	{}	{}	t	f	f	f	f	f
4136	307	83	moving	2016-02-12 13:01:58.711+05	t	0	0	{}	{}	{}	t	f	f	f	f	f
4137	307	83	prepareinvoking	2016-02-12 13:01:58.711+05	t	0	0	{}	{}	{}	t	f	f	f	f	f
4138	307	83	invoked	2016-02-12 13:01:58.711+05	t	1	0	{}	{}	{}	t	f	f	f	f	f
4139	307	83	moving	2016-02-12 13:01:58.711+05	t	1	0	{}	{}	{}	t	f	f	f	f	f
4140	307	83	prepareinvoking	2016-02-12 13:01:58.712+05	t	1	0	{}	{}	{}	t	f	f	f	f	f
4141	307	83	invoked	2016-02-12 13:01:58.712+05	t	2	0	{}	{}	{}	t	f	f	f	f	f
4142	307	83	moving	2016-02-12 13:01:58.712+05	t	2	0	{}	{}	{}	t	f	f	f	f	f
4143	307	83	prepareinvoking	2016-02-12 13:01:58.712+05	t	2	0	{}	{}	{}	t	f	f	f	f	f
4144	307	83	invoked	2016-02-12 13:01:58.712+05	t	3	0	{}	{}	{}	t	f	f	f	f	f
4145	307	83	moving	2016-02-12 13:01:58.712+05	t	3	0	{}	{}	{}	t	f	f	f	f	f
4146	307	83	prepareinvoking	2016-02-12 13:01:58.712+05	t	3	0	{}	{}	{}	t	f	f	f	f	f
4147	307	83	invoked	2016-02-12 13:01:58.712+05	t	3	0	{}	{}	{}	t	f	f	f	f	t
4148	307	83	moving	2016-02-12 13:01:58.712+05	t	3	0	{}	{}	{}	t	f	f	f	f	t
4149	307	83	paused	2016-02-12 13:01:58.712+05	t	3	0	{}	{}	{}	t	f	f	f	f	t
4150	309	83	start	2016-02-12 14:28:41.423+05	t	0	0	{}	{}	{}	t	f	f	f	f	f
4151	309	83	moving	2016-02-12 14:28:41.429+05	t	0	0	{}	{}	{}	t	f	f	f	f	f
4152	309	83	prepareinvoking	2016-02-12 14:28:41.495+05	t	0	0	{}	{}	{}	t	f	f	f	f	f
4153	309	83	invoked	2016-02-12 14:28:41.506+05	t	0	0	{}	{}	{}	t	f	f	f	f	t
4154	309	83	moving	2016-02-12 14:28:41.506+05	t	0	0	{}	{}	{}	t	f	f	f	f	t
4155	309	83	paused	2016-02-12 14:28:41.506+05	t	0	0	{}	{}	{}	t	f	f	f	f	t
4156	309	83	start	2016-02-12 14:33:24.269+05	t	0	0	{}	{}	{}	t	f	f	f	f	f
4157	309	83	moving	2016-02-12 14:33:24.306+05	t	0	0	{}	{}	{}	t	f	f	f	f	f
4158	309	83	prepareinvoking	2016-02-12 14:33:24.672+05	t	0	0	{}	{}	{}	t	f	f	f	f	f
4159	309	83	invoked	2016-02-12 14:33:24.73+05	t	0	0	{}	{}	{}	t	f	f	f	f	t
4160	309	83	moving	2016-02-12 14:33:24.73+05	t	0	0	{}	{}	{}	t	f	f	f	f	t
4161	309	83	paused	2016-02-12 14:33:24.73+05	t	0	0	{}	{}	{}	t	f	f	f	f	t
4162	307	83	start	2016-02-12 14:37:43.116+05	t	0	0	{}	{}	{}	t	f	f	f	f	f
4163	307	83	moving	2016-02-12 14:37:43.116+05	t	0	0	{}	{}	{}	t	f	f	f	f	f
4164	307	83	prepareinvoking	2016-02-12 14:37:43.116+05	t	0	0	{}	{}	{}	t	f	f	f	f	f
4165	307	83	invoked	2016-02-12 14:37:43.116+05	t	1	0	{}	{}	{}	t	f	f	f	f	f
4166	307	83	moving	2016-02-12 14:37:43.116+05	t	1	0	{}	{}	{}	t	f	f	f	f	f
4167	307	83	prepareinvoking	2016-02-12 14:37:43.116+05	t	1	0	{}	{}	{}	t	f	f	f	f	f
4168	307	83	invoked	2016-02-12 14:37:43.117+05	t	2	0	{}	{}	{}	t	f	f	f	f	f
4169	307	83	moving	2016-02-12 14:37:43.117+05	t	2	0	{}	{}	{}	t	f	f	f	f	f
4170	307	83	prepareinvoking	2016-02-12 14:37:43.117+05	t	2	0	{}	{}	{}	t	f	f	f	f	f
4171	307	83	invoked	2016-02-12 14:37:43.117+05	t	3	0	{}	{}	{}	t	f	f	f	f	f
4172	307	83	moving	2016-02-12 14:37:43.117+05	t	3	0	{}	{}	{}	t	f	f	f	f	f
4173	307	83	prepareinvoking	2016-02-12 14:37:43.117+05	t	3	0	{}	{}	{}	t	f	f	f	f	f
4174	307	83	invoked	2016-02-12 14:37:43.117+05	t	4	0	{}	{}	{}	t	f	f	f	f	f
4175	307	83	moving	2016-02-12 14:37:43.117+05	t	4	0	{}	{}	{}	t	f	f	f	f	f
4176	307	83	prepareinvoking	2016-02-12 14:37:43.117+05	t	4	0	{}	{}	{}	t	f	f	f	f	f
4177	307	83	invoked	2016-02-12 14:37:43.117+05	t	4	0	{}	{}	{}	t	f	f	f	f	t
4178	307	83	moving	2016-02-12 14:37:43.117+05	t	4	0	{}	{}	{}	t	f	f	f	f	t
4179	307	83	paused	2016-02-12 14:37:43.117+05	t	4	0	{}	{}	{}	t	f	f	f	f	t
4180	309	83	start	2016-02-13 13:02:55.416+05	t	0	0	{}	{}	{}	t	f	f	f	f	f
4181	309	83	moving	2016-02-13 13:02:55.416+05	t	0	0	{}	{}	{}	t	f	f	f	f	f
4182	309	83	prepareinvoking	2016-02-13 13:02:55.416+05	t	0	0	{}	{}	{}	t	f	f	f	f	f
4183	309	83	invoked	2016-02-13 13:02:55.424+05	t	1	0	{}	{}	{}	t	f	f	f	f	f
4184	309	83	moving	2016-02-13 13:02:55.424+05	t	1	0	{}	{}	{}	t	f	f	f	f	f
4185	309	83	prepareinvoking	2016-02-13 13:02:55.424+05	t	1	0	{}	{}	{}	t	f	f	f	f	f
4186	309	83	invoked	2016-02-13 13:02:55.424+05	t	2	0	{}	{}	{}	t	f	f	f	f	f
4187	309	83	moving	2016-02-13 13:02:55.424+05	t	2	0	{}	{}	{}	t	f	f	f	f	f
4188	309	83	prepareinvoking	2016-02-13 13:02:55.424+05	t	2	0	{}	{}	{}	t	f	f	f	f	f
4189	309	83	invoked	2016-02-13 13:02:55.424+05	t	2	0	{}	{}	{}	t	f	f	f	f	t
4190	309	83	moving	2016-02-13 13:02:55.424+05	t	2	0	{}	{}	{}	t	f	f	f	f	t
4191	309	83	paused	2016-02-13 13:02:55.424+05	t	2	0	{}	{}	{}	t	f	f	f	f	t
4192	310	83	start	2016-02-13 13:04:42.041+05	t	0	0	{}	{}	{}	t	f	f	f	f	f
4193	310	83	moving	2016-02-13 13:04:42.041+05	t	0	0	{}	{}	{}	t	f	f	f	f	f
4194	310	83	prepareinvoking	2016-02-13 13:04:42.041+05	t	0	0	{}	{}	{}	t	f	f	f	f	f
4195	310	83	invoked	2016-02-13 13:04:42.041+05	t	0	0	{}	{}	{}	t	f	f	f	f	t
4196	310	83	moving	2016-02-13 13:04:42.041+05	t	0	0	{}	{}	{}	t	f	f	f	f	t
4197	310	83	paused	2016-02-13 13:04:42.041+05	t	0	0	{}	{}	{}	t	f	f	f	f	t
4198	311	83	start	2016-02-13 13:04:44.219+05	t	0	0	{}	{}	{}	t	f	f	f	f	f
4199	311	83	moving	2016-02-13 13:04:44.219+05	t	0	0	{}	{}	{}	t	f	f	f	f	f
4200	311	83	prepareinvoking	2016-02-13 13:04:44.219+05	t	0	0	{}	{}	{}	t	f	f	f	f	f
4201	311	83	invoked	2016-02-13 13:04:44.219+05	t	0	0	{}	{}	{}	t	f	f	f	f	t
4202	311	83	moving	2016-02-13 13:04:44.219+05	t	0	0	{}	{}	{}	t	f	f	f	f	t
4203	311	83	paused	2016-02-13 13:04:44.219+05	t	0	0	{}	{}	{}	t	f	f	f	f	t
4204	309	83	start	2016-02-13 13:20:05.496+05	t	0	0	{}	{}	{}	t	f	f	f	f	f
4205	309	83	moving	2016-02-13 13:20:05.496+05	t	0	0	{}	{}	{}	t	f	f	f	f	f
4206	309	83	prepareinvoking	2016-02-13 13:20:05.503+05	t	0	0	{}	{}	{}	t	f	f	f	f	f
4207	309	83	invoked	2016-02-13 13:20:05.503+05	t	1	0	{}	{}	{}	t	f	f	f	f	f
4208	309	83	moving	2016-02-13 13:20:05.503+05	t	1	0	{}	{}	{}	t	f	f	f	f	f
4209	309	83	prepareinvoking	2016-02-13 13:20:05.503+05	t	1	0	{}	{}	{}	t	f	f	f	f	f
4210	309	83	invoked	2016-02-13 13:20:05.504+05	t	2	0	{}	{}	{}	t	f	f	f	f	f
4211	309	83	moving	2016-02-13 13:20:05.504+05	t	2	0	{}	{}	{}	t	f	f	f	f	f
4212	309	83	prepareinvoking	2016-02-13 13:20:05.504+05	t	2	0	{}	{}	{}	t	f	f	f	f	f
4213	309	83	invoked	2016-02-13 13:20:05.504+05	t	3	0	{}	{}	{}	t	f	f	f	f	f
4214	309	83	moving	2016-02-13 13:20:05.504+05	t	3	0	{}	{}	{}	t	f	f	f	f	f
4215	309	83	prepareinvoking	2016-02-13 13:20:05.505+05	t	3	0	{}	{}	{}	t	f	f	f	f	f
4216	309	83	invoked	2016-02-13 13:20:05.505+05	t	3	0	{}	{}	{}	t	f	f	f	f	t
4217	309	83	moving	2016-02-13 13:20:05.505+05	t	3	0	{}	{}	{}	t	f	f	f	f	t
4218	309	83	paused	2016-02-13 13:20:05.505+05	t	3	0	{}	{}	{}	t	f	f	f	f	t
4219	309	83	start	2016-02-13 14:09:00.047+05	t	0	0	{}	{}	{}	t	f	f	f	f	f
4220	309	83	moving	2016-02-13 14:09:00.047+05	t	0	0	{}	{}	{}	t	f	f	f	f	f
4221	309	83	prepareinvoking	2016-02-13 14:09:00.047+05	t	0	0	{}	{}	{}	t	f	f	f	f	f
4222	309	83	invoked	2016-02-13 14:09:00.047+05	t	1	0	{}	{}	{}	t	f	f	f	f	f
4223	309	83	moving	2016-02-13 14:09:00.047+05	t	1	0	{}	{}	{}	t	f	f	f	f	f
4224	309	83	prepareinvoking	2016-02-13 14:09:00.047+05	t	1	0	{}	{}	{}	t	f	f	f	f	f
4225	309	83	invoked	2016-02-13 14:09:00.047+05	t	2	0	{}	{}	{}	t	f	f	f	f	f
4226	309	83	moving	2016-02-13 14:09:00.047+05	t	2	0	{}	{}	{}	t	f	f	f	f	f
4227	309	83	prepareinvoking	2016-02-13 14:09:00.047+05	t	2	0	{}	{}	{}	t	f	f	f	f	f
4228	309	83	invoked	2016-02-13 14:09:00.055+05	t	3	0	{}	{}	{}	t	f	f	f	f	f
4229	309	83	moving	2016-02-13 14:09:00.056+05	t	3	0	{}	{}	{}	t	f	f	f	f	f
4230	309	83	prepareinvoking	2016-02-13 14:09:00.056+05	t	3	0	{}	{}	{}	t	f	f	f	f	f
4231	309	83	invoked	2016-02-13 14:09:00.056+05	t	4	0	{}	{}	{}	t	f	f	f	f	f
4232	309	83	moving	2016-02-13 14:09:00.056+05	t	4	0	{}	{}	{}	t	f	f	f	f	f
4233	309	83	prepareinvoking	2016-02-13 14:09:00.056+05	t	4	0	{}	{}	{}	t	f	f	f	f	f
4234	309	83	invoked	2016-02-13 14:09:00.056+05	t	4	0	{}	{}	{}	t	f	f	f	f	t
4235	309	83	moving	2016-02-13 14:09:00.056+05	t	4	0	{}	{}	{}	t	f	f	f	f	t
4236	309	83	paused	2016-02-13 14:09:00.056+05	t	4	0	{}	{}	{}	t	f	f	f	f	t
4237	309	83	start	2016-02-13 14:09:17.519+05	t	0	0	{}	{}	{}	t	f	f	f	f	f
4238	309	83	moving	2016-02-13 14:09:17.519+05	t	0	0	{}	{}	{}	t	f	f	f	f	f
4239	309	83	prepareinvoking	2016-02-13 14:09:17.519+05	t	0	0	{}	{}	{}	t	f	f	f	f	f
4240	309	83	invoked	2016-02-13 14:09:17.519+05	t	1	0	{}	{}	{}	t	f	f	f	f	f
4241	309	83	moving	2016-02-13 14:09:17.519+05	t	1	0	{}	{}	{}	t	f	f	f	f	f
4242	309	83	prepareinvoking	2016-02-13 14:09:17.519+05	t	1	0	{}	{}	{}	t	f	f	f	f	f
4243	309	83	invoked	2016-02-13 14:09:17.519+05	t	2	0	{}	{}	{}	t	f	f	f	f	f
4244	309	83	moving	2016-02-13 14:09:17.519+05	t	2	0	{}	{}	{}	t	f	f	f	f	f
4245	309	83	prepareinvoking	2016-02-13 14:09:17.519+05	t	2	0	{}	{}	{}	t	f	f	f	f	f
4246	309	83	invoked	2016-02-13 14:09:17.519+05	t	3	0	{}	{}	{}	t	f	f	f	f	f
4247	309	83	moving	2016-02-13 14:09:17.519+05	t	3	0	{}	{}	{}	t	f	f	f	f	f
4248	309	83	prepareinvoking	2016-02-13 14:09:17.519+05	t	3	0	{}	{}	{}	t	f	f	f	f	f
4249	309	83	invoked	2016-02-13 14:09:17.519+05	t	4	0	{}	{}	{}	t	f	f	f	f	f
4250	309	83	moving	2016-02-13 14:09:17.52+05	t	4	0	{}	{}	{}	t	f	f	f	f	f
4251	309	83	prepareinvoking	2016-02-13 14:09:17.52+05	t	4	0	{}	{}	{}	t	f	f	f	f	f
4252	309	83	invoked	2016-02-13 14:09:17.52+05	t	4	0	{}	{}	{}	t	f	f	f	f	t
4253	309	83	moving	2016-02-13 14:09:17.52+05	t	4	0	{}	{}	{}	t	f	f	f	f	t
4254	309	83	paused	2016-02-13 14:09:17.52+05	t	4	0	{}	{}	{}	t	f	f	f	f	t
4255	309	83	start	2016-02-13 14:09:33.7+05	t	0	0	{}	{}	{}	t	f	f	f	f	f
4256	309	83	moving	2016-02-13 14:09:33.707+05	t	0	0	{}	{}	{}	t	f	f	f	f	f
4257	309	83	prepareinvoking	2016-02-13 14:09:33.707+05	t	0	0	{}	{}	{}	t	f	f	f	f	f
4258	309	83	invoked	2016-02-13 14:09:33.707+05	t	1	0	{}	{}	{}	t	f	f	f	f	f
4259	309	83	moving	2016-02-13 14:09:33.707+05	t	1	0	{}	{}	{}	t	f	f	f	f	f
4260	309	83	prepareinvoking	2016-02-13 14:09:33.708+05	t	1	0	{}	{}	{}	t	f	f	f	f	f
4261	309	83	invoked	2016-02-13 14:09:33.708+05	t	2	0	{}	{}	{}	t	f	f	f	f	f
4262	309	83	moving	2016-02-13 14:09:33.708+05	t	2	0	{}	{}	{}	t	f	f	f	f	f
4263	309	83	prepareinvoking	2016-02-13 14:09:33.708+05	t	2	0	{}	{}	{}	t	f	f	f	f	f
4264	309	83	invoked	2016-02-13 14:09:33.708+05	t	3	0	{}	{}	{}	t	f	f	f	f	f
4265	309	83	moving	2016-02-13 14:09:33.708+05	t	3	0	{}	{}	{}	t	f	f	f	f	f
4266	309	83	prepareinvoking	2016-02-13 14:09:33.708+05	t	3	0	{}	{}	{}	t	f	f	f	f	f
4267	309	83	invoked	2016-02-13 14:09:33.708+05	t	4	0	{}	{}	{}	t	f	f	f	f	f
4268	309	83	moving	2016-02-13 14:09:33.708+05	t	4	0	{}	{}	{}	t	f	f	f	f	f
4269	309	83	prepareinvoking	2016-02-13 14:09:33.708+05	t	4	0	{}	{}	{}	t	f	f	f	f	f
4270	309	83	invoked	2016-02-13 14:09:33.708+05	t	4	0	{}	{}	{}	t	f	f	f	f	t
4271	309	83	moving	2016-02-13 14:09:33.708+05	t	4	0	{}	{}	{}	t	f	f	f	f	t
4272	309	83	paused	2016-02-13 14:09:33.708+05	t	4	0	{}	{}	{}	t	f	f	f	f	t
4273	309	83	start	2016-02-13 14:09:50.954+05	t	0	0	{}	{}	{}	t	f	f	f	f	f
4274	309	83	moving	2016-02-13 14:09:50.954+05	t	0	0	{}	{}	{}	t	f	f	f	f	f
4275	309	83	prepareinvoking	2016-02-13 14:09:50.954+05	t	0	0	{}	{}	{}	t	f	f	f	f	f
4276	309	83	invoked	2016-02-13 14:09:50.954+05	t	1	0	{}	{}	{}	t	f	f	f	f	f
4277	309	83	moving	2016-02-13 14:09:50.954+05	t	1	0	{}	{}	{}	t	f	f	f	f	f
4278	309	83	prepareinvoking	2016-02-13 14:09:50.954+05	t	1	0	{}	{}	{}	t	f	f	f	f	f
4279	309	83	invoked	2016-02-13 14:09:50.954+05	t	2	0	{}	{}	{}	t	f	f	f	f	f
4280	309	83	moving	2016-02-13 14:09:50.954+05	t	2	0	{}	{}	{}	t	f	f	f	f	f
4281	309	83	prepareinvoking	2016-02-13 14:09:50.954+05	t	2	0	{}	{}	{}	t	f	f	f	f	f
4282	309	83	invoked	2016-02-13 14:09:50.954+05	t	3	0	{}	{}	{}	t	f	f	f	f	f
4283	309	83	moving	2016-02-13 14:09:50.955+05	t	3	0	{}	{}	{}	t	f	f	f	f	f
4284	309	83	prepareinvoking	2016-02-13 14:09:50.955+05	t	3	0	{}	{}	{}	t	f	f	f	f	f
4285	309	83	invoked	2016-02-13 14:09:50.955+05	t	4	0	{}	{}	{}	t	f	f	f	f	f
4286	309	83	moving	2016-02-13 14:09:50.955+05	t	4	0	{}	{}	{}	t	f	f	f	f	f
4287	309	83	prepareinvoking	2016-02-13 14:09:50.962+05	t	4	0	{}	{}	{}	t	f	f	f	f	f
4288	309	83	invoked	2016-02-13 14:09:50.962+05	t	4	0	{}	{}	{}	t	f	f	f	f	t
4289	309	83	moving	2016-02-13 14:09:50.962+05	t	4	0	{}	{}	{}	t	f	f	f	f	t
4290	309	83	paused	2016-02-13 14:09:50.962+05	t	4	0	{}	{}	{}	t	f	f	f	f	t
4291	309	83	start	2016-02-13 14:10:16.461+05	t	0	0	{}	{}	{}	t	f	f	f	f	f
4292	309	83	moving	2016-02-13 14:10:16.461+05	t	0	0	{}	{}	{}	t	f	f	f	f	f
4293	309	83	prepareinvoking	2016-02-13 14:10:16.461+05	t	0	0	{}	{}	{}	t	f	f	f	f	f
4294	309	83	invoked	2016-02-13 14:10:16.462+05	t	1	0	{}	{}	{}	t	f	f	f	f	f
4295	309	83	moving	2016-02-13 14:10:16.462+05	t	1	0	{}	{}	{}	t	f	f	f	f	f
4296	309	83	prepareinvoking	2016-02-13 14:10:16.462+05	t	1	0	{}	{}	{}	t	f	f	f	f	f
4297	309	83	invoked	2016-02-13 14:10:16.47+05	t	2	0	{}	{}	{}	t	f	f	f	f	f
4298	309	83	moving	2016-02-13 14:10:16.47+05	t	2	0	{}	{}	{}	t	f	f	f	f	f
4299	309	83	prepareinvoking	2016-02-13 14:10:16.47+05	t	2	0	{}	{}	{}	t	f	f	f	f	f
4300	309	83	invoked	2016-02-13 14:10:16.471+05	t	3	0	{}	{}	{}	t	f	f	f	f	f
4301	309	83	moving	2016-02-13 14:10:16.471+05	t	3	0	{}	{}	{}	t	f	f	f	f	f
4302	309	83	prepareinvoking	2016-02-13 14:10:16.471+05	t	3	0	{}	{}	{}	t	f	f	f	f	f
4303	309	83	invoked	2016-02-13 14:10:16.471+05	t	4	0	{}	{}	{}	t	f	f	f	f	f
4304	309	83	moving	2016-02-13 14:10:16.471+05	t	4	0	{}	{}	{}	t	f	f	f	f	f
4305	309	83	prepareinvoking	2016-02-13 14:10:16.471+05	t	4	0	{}	{}	{}	t	f	f	f	f	f
4306	309	83	invoked	2016-02-13 14:10:16.471+05	t	5	0	{}	{}	{}	t	f	f	f	f	f
4307	309	83	moving	2016-02-13 14:10:16.471+05	t	5	0	{}	{}	{}	t	f	f	f	f	f
4308	309	83	end	2016-02-13 14:10:16.471+05	t	5	0	{}	{}	{}	t	t	f	f	f	f
4309	299	70	start	2016-02-13 17:10:33.897+05	t	0	0	{}	{}	{}	t	f	f	f	f	f
4310	299	70	moving	2016-02-13 17:10:33.897+05	t	0	0	{}	{}	{}	t	f	f	f	f	f
4311	299	70	prepareinvoking	2016-02-13 17:10:33.956+05	t	0	0	{}	{}	{}	t	f	f	f	f	f
4312	299	70	invoked	2016-02-13 17:10:33.966+05	t	1	0	{}	{}	{}	t	f	f	f	f	f
4313	299	70	moving	2016-02-13 17:10:33.966+05	t	1	0	{}	{}	{}	t	f	f	f	f	f
4314	299	70	prepareinvoking	2016-02-13 17:10:33.966+05	t	1	0	{}	{}	{}	t	f	f	f	f	f
4315	299	70	invoked	2016-02-13 17:10:33.966+05	t	1	0	{}	{}	{}	t	f	f	f	f	t
4316	299	70	moving	2016-02-13 17:10:33.966+05	t	1	0	{}	{}	{}	t	f	f	f	f	t
4317	299	70	paused	2016-02-13 17:10:33.966+05	t	1	0	{}	{}	{}	t	f	f	f	f	t
4318	312	70	start	2016-02-13 17:11:08.237+05	t	0	0	{}	{}	{}	t	f	f	f	f	f
4319	312	70	moving	2016-02-13 17:11:08.237+05	t	0	0	{}	{}	{}	t	f	f	f	f	f
4320	312	70	prepareinvoking	2016-02-13 17:11:08.237+05	t	0	0	{}	{}	{}	t	f	f	f	f	f
4321	312	70	invoked	2016-02-13 17:11:08.237+05	t	0	0	{}	{}	{}	t	f	f	f	f	t
4322	312	70	moving	2016-02-13 17:11:08.237+05	t	0	0	{}	{}	{}	t	f	f	f	f	t
4323	312	70	paused	2016-02-13 17:11:08.237+05	t	0	0	{}	{}	{}	t	f	f	f	f	t
4324	313	84	start	2016-02-13 17:16:04.077+05	t	0	0	{}	{}	{}	t	f	f	f	f	f
4325	313	84	moving	2016-02-13 17:16:04.077+05	t	0	0	{}	{}	{}	t	f	f	f	f	f
4326	313	84	prepareinvoking	2016-02-13 17:16:04.077+05	t	0	0	{}	{}	{}	t	f	f	f	f	f
4327	313	84	invoked	2016-02-13 17:16:04.085+05	t	0	0	{}	{}	{}	t	f	f	f	f	t
4328	313	84	moving	2016-02-13 17:16:04.085+05	t	0	0	{}	{}	{}	t	f	f	f	f	t
4329	313	84	paused	2016-02-13 17:16:04.085+05	t	0	0	{}	{}	{}	t	f	f	f	f	t
4330	311	83	start	2016-02-13 23:17:38.748+05	t	0	0	{}	{}	{}	t	f	f	f	f	f
4331	311	83	moving	2016-02-13 23:17:38.748+05	t	0	0	{}	{}	{}	t	f	f	f	f	f
4332	311	83	prepareinvoking	2016-02-13 23:17:38.816+05	t	0	0	{}	{}	{}	t	f	f	f	f	f
4333	311	83	invoked	2016-02-13 23:17:38.835+05	t	0	0	{}	{}	{}	t	f	f	f	f	t
4334	311	83	moving	2016-02-13 23:17:38.835+05	t	0	0	{}	{}	{}	t	f	f	f	f	t
4335	311	83	paused	2016-02-13 23:17:38.837+05	t	0	0	{}	{}	{}	t	f	f	f	f	t
4336	312	70	start	2016-02-13 23:17:51.39+05	t	0	0	{}	{}	{}	t	f	f	f	f	f
4337	312	70	moving	2016-02-13 23:17:51.391+05	t	0	0	{}	{}	{}	t	f	f	f	f	f
4338	312	70	prepareinvoking	2016-02-13 23:17:51.391+05	t	0	0	{}	{}	{}	t	f	f	f	f	f
4339	312	70	invoked	2016-02-13 23:17:51.391+05	t	1	0	{}	{}	{}	t	f	f	f	f	f
4340	312	70	moving	2016-02-13 23:17:51.391+05	t	1	0	{}	{}	{}	t	f	f	f	f	f
4341	312	70	prepareinvoking	2016-02-13 23:17:51.391+05	t	1	0	{}	{}	{}	t	f	f	f	f	f
4342	312	70	invoked	2016-02-13 23:17:51.392+05	t	1	0	{}	{}	{}	t	f	f	f	f	t
4343	312	70	moving	2016-02-13 23:17:51.392+05	t	1	0	{}	{}	{}	t	f	f	f	f	t
4344	312	70	paused	2016-02-13 23:17:51.398+05	t	1	0	{}	{}	{}	t	f	f	f	f	t
4345	311	83	start	2016-02-13 23:20:11.615+05	t	0	0	{}	{}	{}	t	f	f	f	f	f
4346	311	83	moving	2016-02-13 23:20:11.615+05	t	0	0	{}	{}	{}	t	f	f	f	f	f
4347	311	83	prepareinvoking	2016-02-13 23:20:11.615+05	t	0	0	{}	{}	{}	t	f	f	f	f	f
4348	311	83	invoked	2016-02-13 23:20:11.615+05	t	0	0	{}	{}	{}	t	f	f	f	f	t
4349	311	83	moving	2016-02-13 23:20:11.615+05	t	0	0	{}	{}	{}	t	f	f	f	f	t
4350	311	83	paused	2016-02-13 23:20:11.615+05	t	0	0	{}	{}	{}	t	f	f	f	f	t
4351	313	84	start	2016-02-13 23:21:01.476+05	t	0	0	{}	{}	{}	t	f	f	f	f	f
4352	313	84	moving	2016-02-13 23:21:01.476+05	t	0	0	{}	{}	{}	t	f	f	f	f	f
4353	313	84	prepareinvoking	2016-02-13 23:21:01.476+05	t	0	0	{}	{}	{}	t	f	f	f	f	f
4354	313	84	invoked	2016-02-13 23:21:01.476+05	t	1	0	{}	{}	{}	t	f	f	f	f	f
4355	313	84	moving	2016-02-13 23:21:01.476+05	t	1	0	{}	{}	{}	t	f	f	f	f	f
4356	313	84	prepareinvoking	2016-02-13 23:21:01.476+05	t	1	0	{}	{}	{}	t	f	f	f	f	f
4357	313	84	invoked	2016-02-13 23:21:01.476+05	t	2	0	{}	{}	{}	t	f	f	f	f	f
4358	313	84	moving	2016-02-13 23:21:01.476+05	t	2	0	{}	{}	{}	t	f	f	f	f	f
4359	313	84	prepareinvoking	2016-02-13 23:21:01.483+05	t	2	0	{}	{}	{}	t	f	f	f	f	f
4360	313	84	invoked	2016-02-13 23:21:01.484+05	t	2	0	{}	{}	{}	t	f	f	f	f	t
4361	313	84	moving	2016-02-13 23:21:01.484+05	t	2	0	{}	{}	{}	t	f	f	f	f	t
4362	313	84	paused	2016-02-13 23:21:01.484+05	t	2	0	{}	{}	{}	t	f	f	f	f	t
4363	313	84	start	2016-02-19 12:53:48.256+05	t	0	0	{}	{}	{}	t	f	f	f	f	f
4364	313	84	moving	2016-02-19 12:53:48.263+05	t	0	0	{}	{}	{}	t	f	f	f	f	f
4365	313	84	prepareinvoking	2016-02-19 12:53:48.322+05	t	0	0	{}	{}	{}	t	f	f	f	f	f
4366	313	84	invoked	2016-02-19 12:53:48.341+05	t	1	0	{}	{}	{}	t	f	f	f	f	f
4367	313	84	moving	2016-02-19 12:53:48.341+05	t	1	0	{}	{}	{}	t	f	f	f	f	f
4368	313	84	prepareinvoking	2016-02-19 12:53:48.341+05	t	1	0	{}	{}	{}	t	f	f	f	f	f
4369	313	84	invoked	2016-02-19 12:53:48.342+05	t	2	0	{}	{}	{}	t	f	f	f	f	f
4370	313	84	moving	2016-02-19 12:53:48.342+05	t	2	0	{}	{}	{}	t	f	f	f	f	f
4371	313	84	prepareinvoking	2016-02-19 12:53:48.342+05	t	2	0	{}	{}	{}	t	f	f	f	f	f
4372	313	84	invoked	2016-02-19 12:53:48.342+05	t	3	0	{}	{}	{}	t	f	f	f	f	f
4373	313	84	moving	2016-02-19 12:53:48.342+05	t	3	0	{}	{}	{}	t	f	f	f	f	f
4374	313	84	prepareinvoking	2016-02-19 12:53:48.342+05	t	3	0	{}	{}	{}	t	f	f	f	f	f
4375	313	84	invoked	2016-02-19 12:53:48.342+05	t	4	0	{}	{}	{}	t	f	f	f	f	f
4376	313	84	moving	2016-02-19 12:53:48.343+05	t	4	0	{}	{}	{}	t	f	f	f	f	f
4377	313	84	prepareinvoking	2016-02-19 12:53:48.343+05	t	4	0	{}	{}	{}	t	f	f	f	f	f
4378	313	84	invoked	2016-02-19 12:53:48.343+05	t	4	0	{}	{}	{}	t	f	f	f	f	t
4379	313	84	moving	2016-02-19 12:53:48.343+05	t	4	0	{}	{}	{}	t	f	f	f	f	t
4380	313	84	paused	2016-02-19 12:53:48.343+05	t	4	0	{}	{}	{}	t	f	f	f	f	t
4381	314	88	start	2016-03-07 02:44:10.836+05	t	0	0	{}	{}	{}	t	f	f	f	f	f
4382	314	88	moving	2016-03-07 02:44:10.837+05	t	0	0	{}	{}	{}	t	f	f	f	f	f
4383	314	88	prepareinvoking	2016-03-07 02:44:10.906+05	t	0	0	{}	{}	{}	t	f	f	f	f	f
4384	314	88	invoked	2016-03-07 02:44:10.915+05	t	0	0	{}	{}	{}	t	f	f	f	f	t
4385	314	88	moving	2016-03-07 02:44:10.915+05	t	0	0	{}	{}	{}	t	f	f	f	f	t
4386	314	88	paused	2016-03-07 02:44:10.915+05	t	0	0	{}	{}	{}	t	f	f	f	f	t
4387	315	62	start	2016-03-07 02:45:51.576+05	t	0	0	{}	{}	{}	t	f	f	f	f	f
4388	315	62	moving	2016-03-07 02:45:51.577+05	t	0	0	{}	{}	{}	t	f	f	f	f	f
4389	315	62	prepareinvoking	2016-03-07 02:45:51.577+05	t	0	0	{}	{}	{}	t	f	f	f	f	f
4390	315	62	invoked	2016-03-07 02:45:51.585+05	t	0	0	{}	{}	{}	t	f	f	f	f	t
4391	315	62	moving	2016-03-07 02:45:51.585+05	t	0	0	{}	{}	{}	t	f	f	f	f	t
4392	315	62	paused	2016-03-07 02:45:51.585+05	t	0	0	{}	{}	{}	t	f	f	f	f	t
4393	316	88	start	2016-03-17 13:50:29.784+05	t	0	0	{}	{}	{}	t	f	f	f	f	f
4394	316	88	moving	2016-03-17 13:50:29.784+05	t	0	0	{}	{}	{}	t	f	f	f	f	f
4395	316	88	prepareinvoking	2016-03-17 13:50:29.784+05	t	0	0	{}	{}	{}	t	f	f	f	f	f
4396	316	88	invoked	2016-03-17 13:50:29.795+05	t	0	0	{}	{}	{}	t	f	f	f	f	t
4397	316	88	moving	2016-03-17 13:50:29.795+05	t	0	0	{}	{}	{}	t	f	f	f	f	t
4398	316	88	paused	2016-03-17 13:50:29.795+05	t	0	0	{}	{}	{}	t	f	f	f	f	t
4399	317	70	start	2016-04-05 13:33:45.064+05	t	0	0	{}	{}	{}	t	f	f	f	f	f
4400	317	70	moving	2016-04-05 13:33:45.152+05	t	0	0	{}	{}	{}	t	f	f	f	f	f
4401	317	70	prepareinvoking	2016-04-05 13:33:45.502+05	t	0	0	{}	{}	{}	t	f	f	f	f	f
4402	317	70	invoked	2016-04-05 13:33:45.593+05	t	0	0	{}	{}	{}	t	f	f	f	f	t
4403	317	70	moving	2016-04-05 13:33:45.675+05	t	0	0	{}	{}	{}	t	f	f	f	f	t
4404	317	70	paused	2016-04-05 13:33:45.701+05	t	0	0	{}	{}	{}	t	f	f	f	f	t
4405	319	84	start	2016-04-05 13:33:48.296+05	t	0	0	{}	{}	{}	t	f	f	f	f	f
4406	319	84	moving	2016-04-05 13:33:48.392+05	t	0	0	{}	{}	{}	t	f	f	f	f	f
4407	319	84	prepareinvoking	2016-04-05 13:33:48.631+05	t	0	0	{}	{}	{}	t	f	f	f	f	f
4408	319	84	invoked	2016-04-05 13:33:48.72+05	t	0	0	{}	{}	{}	t	f	f	f	f	t
4409	319	84	moving	2016-04-05 13:33:48.804+05	t	0	0	{}	{}	{}	t	f	f	f	f	t
4410	319	84	paused	2016-04-05 13:33:48.831+05	t	0	0	{}	{}	{}	t	f	f	f	f	t
4411	318	83	start	2016-04-05 13:33:48.818+05	t	0	0	{}	{}	{}	t	f	f	f	f	f
4412	318	83	moving	2016-04-05 13:33:48.927+05	t	0	0	{}	{}	{}	t	f	f	f	f	f
4413	318	83	prepareinvoking	2016-04-05 13:33:49.261+05	t	0	0	{}	{}	{}	t	f	f	f	f	f
4414	318	83	invoked	2016-04-05 13:33:49.365+05	t	0	0	{}	{}	{}	t	f	f	f	f	t
4415	318	83	moving	2016-04-05 13:33:49.443+05	t	0	0	{}	{}	{}	t	f	f	f	f	t
4416	318	83	paused	2016-04-05 13:33:49.483+05	t	0	0	{}	{}	{}	t	f	f	f	f	t
4417	320	84	start	2016-04-05 13:33:57.65+05	t	0	0	{}	{}	{}	t	f	f	f	f	f
4418	320	84	moving	2016-04-05 13:33:59.603+05	t	0	0	{}	{}	{}	t	f	f	f	f	f
4419	320	84	prepareinvoking	2016-04-05 13:34:02.788+05	t	0	0	{}	{}	{}	t	f	f	f	f	f
4420	320	84	invoked	2016-04-05 13:34:03.029+05	t	0	0	{}	{}	{}	t	f	f	f	f	t
4421	320	84	moving	2016-04-05 13:34:03.209+05	t	0	0	{}	{}	{}	t	f	f	f	f	t
4422	320	84	paused	2016-04-05 13:34:03.248+05	t	0	0	{}	{}	{}	t	f	f	f	f	t
4423	321	90	start	2016-04-16 10:17:58.469+05	t	0	0	{}	{}	{}	t	f	f	f	f	f
4424	321	90	moving	2016-04-16 10:17:58.582+05	t	0	0	{}	{}	{}	t	f	f	f	f	f
4425	321	90	prepareinvoking	2016-04-16 10:17:58.894+05	t	0	0	{}	{}	{}	t	f	f	f	f	f
4426	321	90	invoked	2016-04-16 10:17:58.981+05	t	0	0	{}	{}	{}	t	f	f	f	f	t
4427	321	90	moving	2016-04-16 10:17:59.061+05	t	0	0	{}	{}	{}	t	f	f	f	f	t
4428	321	90	paused	2016-04-16 10:17:59.091+05	t	0	0	{}	{}	{}	t	f	f	f	f	t
4429	322	84	start	2016-04-17 01:12:47.397+05	t	0	0	{}	{}	{}	t	f	f	f	f	f
4430	322	84	moving	2016-04-17 01:12:48.41+05	t	0	0	{}	{}	{}	t	f	f	f	f	f
4431	322	84	prepareinvoking	2016-04-17 01:12:51.11+05	t	0	0	{}	{}	{}	t	f	f	f	f	f
4432	322	84	invoked	2016-04-17 01:12:52.122+05	t	0	0	{}	{}	{}	t	f	f	f	f	t
4433	322	84	moving	2016-04-17 01:12:53.124+05	t	0	0	{}	{}	{}	t	f	f	f	f	t
4434	322	84	paused	2016-04-17 01:12:53.46+05	t	0	0	{}	{}	{}	t	f	f	f	f	t
4435	319	84	start	2016-04-17 01:17:22.163+05	t	0	0	{}	{}	{}	t	f	f	f	f	f
4436	319	84	moving	2016-04-17 01:17:22.272+05	t	0	0	{}	{}	{}	t	f	f	f	f	f
4437	319	84	prepareinvoking	2016-04-17 01:17:22.487+05	t	0	0	{}	{}	{}	t	f	f	f	f	f
4438	319	84	invoked	2016-04-17 01:17:22.587+05	t	1	0	{}	{}	{}	t	f	f	f	f	f
4439	319	84	moving	2016-04-17 01:17:22.671+05	t	1	0	{}	{}	{}	t	f	f	f	f	f
4440	319	84	prepareinvoking	2016-04-17 01:17:22.845+05	t	1	0	{}	{}	{}	t	f	f	f	f	f
4441	319	84	invoked	2016-04-17 01:17:22.922+05	t	2	0	{}	{}	{}	t	f	f	f	f	f
4442	319	84	moving	2016-04-17 01:17:22.999+05	t	2	0	{}	{}	{}	t	f	f	f	f	f
4443	319	84	prepareinvoking	2016-04-17 01:17:23.235+05	t	2	0	{}	{}	{}	t	f	f	f	f	f
4444	319	84	invoked	2016-04-17 01:17:23.317+05	t	2	0	{}	{}	{}	t	f	f	f	f	t
4445	319	84	moving	2016-04-17 01:17:23.393+05	t	2	0	{}	{}	{}	t	f	f	f	f	t
4446	319	84	paused	2016-04-17 01:17:23.42+05	t	2	0	{}	{}	{}	t	f	f	f	f	t
4447	319	84	start	2016-04-17 01:18:05.201+05	t	0	0	{}	{}	{}	t	f	f	f	f	f
4448	319	84	moving	2016-04-17 01:18:05.277+05	t	0	0	{}	{}	{}	t	f	f	f	f	f
4449	319	84	prepareinvoking	2016-04-17 01:18:05.507+05	t	0	0	{}	{}	{}	t	f	f	f	f	f
4450	319	84	invoked	2016-04-17 01:18:05.59+05	t	1	0	{}	{}	{}	t	f	f	f	f	f
4451	319	84	moving	2016-04-17 01:18:05.668+05	t	1	0	{}	{}	{}	t	f	f	f	f	f
4452	319	84	prepareinvoking	2016-04-17 01:18:05.825+05	t	1	0	{}	{}	{}	t	f	f	f	f	f
4453	319	84	invoked	2016-04-17 01:18:05.907+05	t	2	0	{}	{}	{}	t	f	f	f	f	f
4454	319	84	moving	2016-04-17 01:18:05.984+05	t	2	0	{}	{}	{}	t	f	f	f	f	f
4455	319	84	prepareinvoking	2016-04-17 01:18:06.199+05	t	2	0	{}	{}	{}	t	f	f	f	f	f
4456	319	84	invoked	2016-04-17 01:18:06.33+05	t	3	0	{}	{}	{}	t	f	f	f	f	f
4457	319	84	moving	2016-04-17 01:18:06.407+05	t	3	0	{}	{}	{}	t	f	f	f	f	f
4458	319	84	prepareinvoking	2016-04-17 01:18:06.569+05	t	3	0	{}	{}	{}	t	f	f	f	f	f
4459	319	84	invoked	2016-04-17 01:18:06.648+05	t	4	0	{}	{}	{}	t	f	f	f	f	f
4460	319	84	moving	2016-04-17 01:18:06.727+05	t	4	0	{}	{}	{}	t	f	f	f	f	f
4461	319	84	prepareinvoking	2016-04-17 01:18:06.937+05	t	4	0	{}	{}	{}	t	f	f	f	f	f
4462	319	84	invoked	2016-04-17 01:18:07.015+05	t	4	0	{}	{}	{}	t	f	f	f	f	t
4463	319	84	moving	2016-04-17 01:18:07.117+05	t	4	0	{}	{}	{}	t	f	f	f	f	t
4464	319	84	paused	2016-04-17 01:18:07.179+05	t	4	0	{}	{}	{}	t	f	f	f	f	t
4465	319	84	start	2016-04-17 01:20:14.507+05	t	0	0	{}	{}	{}	t	f	f	f	f	f
4466	319	84	moving	2016-04-17 01:20:15.513+05	t	0	0	{}	{}	{}	t	f	f	f	f	f
4467	319	84	prepareinvoking	2016-04-17 01:20:18.198+05	t	0	0	{}	{}	{}	t	f	f	f	f	f
4468	319	84	invoked	2016-04-17 01:20:19.196+05	t	1	0	{}	{}	{}	t	f	f	f	f	f
4469	319	84	moving	2016-04-17 01:20:20.2+05	t	1	0	{}	{}	{}	t	f	f	f	f	f
4470	319	84	prepareinvoking	2016-04-17 01:20:22.237+05	t	1	0	{}	{}	{}	t	f	f	f	f	f
4471	319	84	invoked	2016-04-17 01:20:23.249+05	t	2	0	{}	{}	{}	t	f	f	f	f	f
4472	319	84	moving	2016-04-17 01:20:24.634+05	t	2	0	{}	{}	{}	t	f	f	f	f	f
4473	319	84	prepareinvoking	2016-04-17 01:20:27.319+05	t	2	0	{}	{}	{}	t	f	f	f	f	f
4474	319	84	invoked	2016-04-17 01:20:28.575+05	t	3	0	{}	{}	{}	t	f	f	f	f	f
4475	319	84	moving	2016-04-17 01:20:29.853+05	t	3	0	{}	{}	{}	t	f	f	f	f	f
4476	319	84	prepareinvoking	2016-04-17 01:20:31.86+05	t	3	0	{}	{}	{}	t	f	f	f	f	f
4477	319	84	invoked	2016-04-17 01:20:32.871+05	t	4	0	{}	{}	{}	t	f	f	f	f	f
4478	319	84	moving	2016-04-17 01:20:33.873+05	t	4	0	{}	{}	{}	t	f	f	f	f	f
4479	319	84	prepareinvoking	2016-04-17 01:20:36.537+05	t	4	0	{}	{}	{}	t	f	f	f	f	f
4480	319	84	invoked	2016-04-17 01:20:37.557+05	t	5	0	{}	{}	{}	t	f	f	f	f	f
4481	319	84	moving	2016-04-17 01:20:38.557+05	t	5	0	{}	{}	{}	t	f	f	f	f	f
4482	319	84	end	2016-04-17 01:20:39.231+05	t	5	0	{}	{}	{}	t	t	f	f	f	f
4483	323	85	start	2016-04-18 06:25:26.428+05	t	0	0	{}	{}	{}	t	f	f	f	f	f
4484	323	85	moving	2016-04-18 06:25:26.428+05	t	0	0	{}	{}	{}	t	f	f	f	f	f
4485	323	85	prepareinvoking	2016-04-18 06:25:26.519+05	t	0	0	{}	{}	{}	t	f	f	f	f	f
4486	323	85	invoked	2016-04-18 06:25:26.529+05	t	0	0	{}	{}	{}	t	f	f	f	f	t
4487	323	85	moving	2016-04-18 06:25:26.529+05	t	0	0	{}	{}	{}	t	f	f	f	f	t
4488	323	85	paused	2016-04-18 06:25:26.529+05	t	0	0	{}	{}	{}	t	f	f	f	f	t
4489	324	88	start	2016-04-18 06:27:04.035+05	t	0	0	{}	{}	{}	t	f	f	f	f	f
4490	324	88	moving	2016-04-18 06:27:04.035+05	t	0	0	{}	{}	{}	t	f	f	f	f	f
4491	324	88	prepareinvoking	2016-04-18 06:27:04.035+05	t	0	0	{}	{}	{}	t	f	f	f	f	f
4492	324	88	invoked	2016-04-18 06:27:04.035+05	t	0	0	{}	{}	{}	t	f	f	f	f	t
4493	324	88	moving	2016-04-18 06:27:04.035+05	t	0	0	{}	{}	{}	t	f	f	f	f	t
4494	324	88	paused	2016-04-18 06:27:04.035+05	t	0	0	{}	{}	{}	t	f	f	f	f	t
4495	325	85	start	2016-04-18 06:30:00.642+05	t	0	0	{}	{}	{}	t	f	f	f	f	f
4496	325	85	moving	2016-04-18 06:30:00.643+05	t	0	0	{}	{}	{}	t	f	f	f	f	f
4497	325	85	prepareinvoking	2016-04-18 06:30:00.713+05	t	0	0	{}	{}	{}	t	f	f	f	f	f
4498	325	85	invoked	2016-04-18 06:30:00.738+05	t	0	0	{}	{}	{}	t	f	f	f	f	t
4499	325	85	moving	2016-04-18 06:30:00.738+05	t	0	0	{}	{}	{}	t	f	f	f	f	t
4500	325	85	paused	2016-04-18 06:30:00.738+05	t	0	0	{}	{}	{}	t	f	f	f	f	t
4501	325	85	start	2016-04-18 06:30:26.607+05	t	0	0	{}	{}	{}	t	f	f	f	f	f
4502	325	85	moving	2016-04-18 06:30:26.607+05	t	0	0	{}	{}	{}	t	f	f	f	f	f
4503	325	85	prepareinvoking	2016-04-18 06:30:26.607+05	t	0	0	{}	{}	{}	t	f	f	f	f	f
4504	325	85	invoked	2016-04-18 06:30:26.615+05	t	1	0	{}	{}	{}	t	f	f	f	f	f
4505	325	85	moving	2016-04-18 06:30:26.615+05	t	1	0	{}	{}	{}	t	f	f	f	f	f
4506	325	85	end	2016-04-18 06:30:26.615+05	t	1	0	{}	{}	{}	t	t	f	f	f	f
4507	323	85	start	2016-04-18 06:31:04.302+05	t	0	0	{}	{}	{}	t	f	f	f	f	f
4508	323	85	moving	2016-04-18 06:31:04.302+05	t	0	0	{}	{}	{}	t	f	f	f	f	f
4509	323	85	prepareinvoking	2016-04-18 06:31:04.302+05	t	0	0	{}	{}	{}	t	f	f	f	f	f
4510	323	85	invoked	2016-04-18 06:31:04.304+05	t	1	0	{}	{}	{}	t	f	f	f	f	f
4511	323	85	moving	2016-04-18 06:31:04.305+05	t	1	0	{}	{}	{}	t	f	f	f	f	f
4512	323	85	end	2016-04-18 06:31:04.305+05	t	1	0	{}	{}	{}	t	t	f	f	f	f
4513	316	88	start	2016-04-18 06:31:26.088+05	t	0	0	{}	{}	{}	t	f	f	f	f	f
4514	316	88	moving	2016-04-18 06:31:26.088+05	t	0	0	{}	{}	{}	t	f	f	f	f	f
4515	316	88	prepareinvoking	2016-04-18 06:31:26.088+05	t	0	0	{}	{}	{}	t	f	f	f	f	f
4516	316	88	invoked	2016-04-18 06:31:26.089+05	t	1	0	{}	{}	{}	t	f	f	f	f	f
4517	316	88	moving	2016-04-18 06:31:26.089+05	t	1	0	{}	{}	{}	t	f	f	f	f	f
4518	316	88	prepareinvoking	2016-04-18 06:31:26.089+05	t	1	0	{}	{}	{}	t	f	f	f	f	f
4519	316	88	invoked	2016-04-18 06:31:26.089+05	t	1	0	{}	{}	{}	t	f	f	f	f	t
4520	316	88	moving	2016-04-18 06:31:26.089+05	t	1	0	{}	{}	{}	t	f	f	f	f	t
4521	316	88	paused	2016-04-18 06:31:26.089+05	t	1	0	{}	{}	{}	t	f	f	f	f	t
4522	314	88	start	2016-04-18 06:31:58.333+05	t	0	0	{}	{}	{}	t	f	f	f	f	f
4523	314	88	moving	2016-04-18 06:31:58.334+05	t	0	0	{}	{}	{}	t	f	f	f	f	f
4524	314	88	prepareinvoking	2016-04-18 06:31:58.343+05	t	0	0	{}	{}	{}	t	f	f	f	f	f
4525	314	88	invoked	2016-04-18 06:31:58.394+05	t	1	0	{}	{}	{}	t	f	f	f	f	f
4526	314	88	moving	2016-04-18 06:31:58.395+05	t	1	0	{}	{}	{}	t	f	f	f	f	f
4527	314	88	prepareinvoking	2016-04-18 06:31:58.395+05	t	1	0	{}	{}	{}	t	f	f	f	f	f
4528	314	88	invoked	2016-04-18 06:31:58.396+05	t	1	0	{}	{}	{}	t	f	f	f	f	t
4529	314	88	moving	2016-04-18 06:31:58.396+05	t	1	0	{}	{}	{}	t	f	f	f	f	t
4530	314	88	paused	2016-04-18 06:31:58.396+05	t	1	0	{}	{}	{}	t	f	f	f	f	t
4531	314	88	start	2016-04-18 06:32:30.018+05	t	0	0	{}	{}	{}	t	f	f	f	f	f
4532	314	88	moving	2016-04-18 06:32:30.018+05	t	0	0	{}	{}	{}	t	f	f	f	f	f
4533	314	88	prepareinvoking	2016-04-18 06:32:30.019+05	t	0	0	{}	{}	{}	t	f	f	f	f	f
4534	314	88	invoked	2016-04-18 06:32:30.019+05	t	1	0	{}	{}	{}	t	f	f	f	f	f
4535	314	88	moving	2016-04-18 06:32:30.019+05	t	1	0	{}	{}	{}	t	f	f	f	f	f
4536	314	88	prepareinvoking	2016-04-18 06:32:30.019+05	t	1	0	{}	{}	{}	t	f	f	f	f	f
4537	314	88	invoked	2016-04-18 06:32:30.019+05	t	2	0	{}	{}	{}	t	f	f	f	f	f
4538	314	88	moving	2016-04-18 06:32:30.019+05	t	2	0	{}	{}	{}	t	f	f	f	f	f
4539	314	88	prepareinvoking	2016-04-18 06:32:30.02+05	t	2	0	{}	{}	{}	t	f	f	f	f	f
4540	314	88	invoked	2016-04-18 06:32:30.02+05	t	2	0	{}	{}	{}	t	f	f	f	f	t
4541	314	88	moving	2016-04-18 06:32:30.02+05	t	2	0	{}	{}	{}	t	f	f	f	f	t
4542	314	88	paused	2016-04-18 06:32:30.02+05	t	2	0	{}	{}	{}	t	f	f	f	f	t
4543	314	88	start	2016-04-18 06:33:05.733+05	t	0	0	{}	{}	{}	t	f	f	f	f	f
4544	314	88	moving	2016-04-18 06:33:05.733+05	t	0	0	{}	{}	{}	t	f	f	f	f	f
4545	314	88	prepareinvoking	2016-04-18 06:33:05.733+05	t	0	0	{}	{}	{}	t	f	f	f	f	f
4546	314	88	invoked	2016-04-18 06:33:05.733+05	t	1	0	{}	{}	{}	t	f	f	f	f	f
4547	314	88	moving	2016-04-18 06:33:05.733+05	t	1	0	{}	{}	{}	t	f	f	f	f	f
4548	314	88	prepareinvoking	2016-04-18 06:33:05.733+05	t	1	0	{}	{}	{}	t	f	f	f	f	f
4549	314	88	invoked	2016-04-18 06:33:05.734+05	t	2	0	{}	{}	{}	t	f	f	f	f	f
4550	314	88	moving	2016-04-18 06:33:05.734+05	t	2	0	{}	{}	{}	t	f	f	f	f	f
4551	314	88	prepareinvoking	2016-04-18 06:33:05.734+05	t	2	0	{}	{}	{}	t	f	f	f	f	f
4552	314	88	invoked	2016-04-18 06:33:05.762+05	t	3	0	{}	{}	{}	t	f	f	f	f	f
4553	314	88	moving	2016-04-18 06:33:05.764+05	t	3	0	{}	{}	{}	t	f	f	f	f	f
4554	314	88	prepareinvoking	2016-04-18 06:33:05.764+05	t	3	0	{}	{}	{}	t	f	f	f	f	f
4555	314	88	invoked	2016-04-18 06:33:05.767+05	t	3	0	{}	{}	{}	t	f	f	f	f	t
4556	314	88	moving	2016-04-18 06:33:05.767+05	t	3	0	{}	{}	{}	t	f	f	f	f	t
4557	314	88	paused	2016-04-18 06:33:05.767+05	t	3	0	{}	{}	{}	t	f	f	f	f	t
4558	314	88	start	2016-04-18 06:33:32.857+05	t	0	0	{}	{}	{}	t	f	f	f	f	f
4559	314	88	moving	2016-04-18 06:33:32.857+05	t	0	0	{}	{}	{}	t	f	f	f	f	f
4560	314	88	prepareinvoking	2016-04-18 06:33:32.857+05	t	0	0	{}	{}	{}	t	f	f	f	f	f
4561	314	88	invoked	2016-04-18 06:33:32.858+05	t	1	0	{}	{}	{}	t	f	f	f	f	f
4562	314	88	moving	2016-04-18 06:33:32.858+05	t	1	0	{}	{}	{}	t	f	f	f	f	f
4563	314	88	prepareinvoking	2016-04-18 06:33:32.858+05	t	1	0	{}	{}	{}	t	f	f	f	f	f
4564	314	88	invoked	2016-04-18 06:33:32.858+05	t	2	0	{}	{}	{}	t	f	f	f	f	f
4565	314	88	moving	2016-04-18 06:33:32.858+05	t	2	0	{}	{}	{}	t	f	f	f	f	f
4566	314	88	prepareinvoking	2016-04-18 06:33:32.859+05	t	2	0	{}	{}	{}	t	f	f	f	f	f
4567	314	88	invoked	2016-04-18 06:33:32.859+05	t	3	0	{}	{}	{}	t	f	f	f	f	f
4568	314	88	moving	2016-04-18 06:33:32.859+05	t	3	0	{}	{}	{}	t	f	f	f	f	f
4569	314	88	prepareinvoking	2016-04-18 06:33:32.867+05	t	3	0	{}	{}	{}	t	f	f	f	f	f
4570	314	88	invoked	2016-04-18 06:33:32.868+05	t	4	0	{}	{}	{}	t	f	f	f	f	f
4571	314	88	moving	2016-04-18 06:33:32.868+05	t	4	0	{}	{}	{}	t	f	f	f	f	f
4572	314	88	prepareinvoking	2016-04-18 06:33:32.868+05	t	4	0	{}	{}	{}	t	f	f	f	f	f
4573	314	88	invoked	2016-04-18 06:33:32.869+05	t	4	0	{}	{}	{}	t	f	f	f	f	t
4574	314	88	moving	2016-04-18 06:33:32.869+05	t	4	0	{}	{}	{}	t	f	f	f	f	t
4575	314	88	paused	2016-04-18 06:33:32.869+05	t	4	0	{}	{}	{}	t	f	f	f	f	t
4576	314	88	start	2016-04-18 06:33:48.965+05	t	0	0	{}	{}	{}	t	f	f	f	f	f
4577	314	88	moving	2016-04-18 06:33:48.965+05	t	0	0	{}	{}	{}	t	f	f	f	f	f
4578	314	88	prepareinvoking	2016-04-18 06:33:48.965+05	t	0	0	{}	{}	{}	t	f	f	f	f	f
4579	314	88	invoked	2016-04-18 06:33:48.965+05	t	1	0	{}	{}	{}	t	f	f	f	f	f
4580	314	88	moving	2016-04-18 06:33:48.965+05	t	1	0	{}	{}	{}	t	f	f	f	f	f
4581	314	88	prepareinvoking	2016-04-18 06:33:48.965+05	t	1	0	{}	{}	{}	t	f	f	f	f	f
4582	314	88	invoked	2016-04-18 06:33:48.966+05	t	2	0	{}	{}	{}	t	f	f	f	f	f
4583	314	88	moving	2016-04-18 06:33:48.973+05	t	2	0	{}	{}	{}	t	f	f	f	f	f
4584	314	88	prepareinvoking	2016-04-18 06:33:48.973+05	t	2	0	{}	{}	{}	t	f	f	f	f	f
4585	314	88	invoked	2016-04-18 06:33:48.973+05	t	3	0	{}	{}	{}	t	f	f	f	f	f
4586	314	88	moving	2016-04-18 06:33:48.973+05	t	3	0	{}	{}	{}	t	f	f	f	f	f
4587	314	88	prepareinvoking	2016-04-18 06:33:48.973+05	t	3	0	{}	{}	{}	t	f	f	f	f	f
4588	314	88	invoked	2016-04-18 06:33:48.973+05	t	4	0	{}	{}	{}	t	f	f	f	f	f
4589	314	88	moving	2016-04-18 06:33:48.973+05	t	4	0	{}	{}	{}	t	f	f	f	f	f
4590	314	88	prepareinvoking	2016-04-18 06:33:48.974+05	t	4	0	{}	{}	{}	t	f	f	f	f	f
4591	314	88	invoked	2016-04-18 06:33:48.974+05	t	5	0	{}	{}	{}	t	f	f	f	f	f
4592	314	88	moving	2016-04-18 06:33:48.974+05	t	5	0	{}	{}	{}	t	f	f	f	f	f
4593	314	88	prepareinvoking	2016-04-18 06:33:48.974+05	t	5	0	{}	{}	{}	t	f	f	f	f	f
4594	314	88	invoked	2016-04-18 06:33:48.974+05	t	5	0	{}	{}	{}	t	f	f	f	f	t
4595	314	88	moving	2016-04-18 06:33:48.974+05	t	5	0	{}	{}	{}	t	f	f	f	f	t
4596	314	88	paused	2016-04-18 06:33:48.974+05	t	5	0	{}	{}	{}	t	f	f	f	f	t
4597	314	88	start	2016-04-18 06:34:24.353+05	t	0	0	{}	{}	{}	t	f	f	f	f	f
4598	314	88	moving	2016-04-18 06:34:24.36+05	t	0	0	{}	{}	{}	t	f	f	f	f	f
4599	314	88	prepareinvoking	2016-04-18 06:34:24.36+05	t	0	0	{}	{}	{}	t	f	f	f	f	f
4600	314	88	invoked	2016-04-18 06:34:24.36+05	t	1	0	{}	{}	{}	t	f	f	f	f	f
4601	314	88	moving	2016-04-18 06:34:24.36+05	t	1	0	{}	{}	{}	t	f	f	f	f	f
4602	314	88	prepareinvoking	2016-04-18 06:34:24.361+05	t	1	0	{}	{}	{}	t	f	f	f	f	f
4603	314	88	invoked	2016-04-18 06:34:24.361+05	t	2	0	{}	{}	{}	t	f	f	f	f	f
4604	314	88	moving	2016-04-18 06:34:24.361+05	t	2	0	{}	{}	{}	t	f	f	f	f	f
4605	314	88	prepareinvoking	2016-04-18 06:34:24.361+05	t	2	0	{}	{}	{}	t	f	f	f	f	f
4606	314	88	invoked	2016-04-18 06:34:24.361+05	t	3	0	{}	{}	{}	t	f	f	f	f	f
4607	314	88	moving	2016-04-18 06:34:24.361+05	t	3	0	{}	{}	{}	t	f	f	f	f	f
4608	314	88	prepareinvoking	2016-04-18 06:34:24.361+05	t	3	0	{}	{}	{}	t	f	f	f	f	f
4609	314	88	invoked	2016-04-18 06:34:24.361+05	t	4	0	{}	{}	{}	t	f	f	f	f	f
4610	314	88	moving	2016-04-18 06:34:24.361+05	t	4	0	{}	{}	{}	t	f	f	f	f	f
4611	314	88	prepareinvoking	2016-04-18 06:34:24.362+05	t	4	0	{}	{}	{}	t	f	f	f	f	f
4612	314	88	invoked	2016-04-18 06:34:24.362+05	t	5	0	{}	{}	{}	t	f	f	f	f	f
4613	314	88	moving	2016-04-18 06:34:24.362+05	t	5	0	{}	{}	{}	t	f	f	f	f	f
4614	314	88	prepareinvoking	2016-04-18 06:34:24.362+05	t	5	0	{}	{}	{}	t	f	f	f	f	f
4615	314	88	invoked	2016-04-18 06:34:24.362+05	t	6	0	{}	{}	{}	t	f	f	f	f	f
4616	314	88	moving	2016-04-18 06:34:24.362+05	t	6	0	{}	{}	{}	t	f	f	f	f	f
4617	314	88	prepareinvoking	2016-04-18 06:34:24.362+05	t	6	0	{}	{}	{}	t	f	f	f	f	f
4618	314	88	invoked	2016-04-18 06:34:24.362+05	t	6	0	{}	{}	{}	t	f	f	f	f	t
4619	314	88	moving	2016-04-18 06:34:24.362+05	t	6	0	{}	{}	{}	t	f	f	f	f	t
4620	314	88	paused	2016-04-18 06:34:24.363+05	t	6	0	{}	{}	{}	t	f	f	f	f	t
4621	314	88	start	2016-04-18 06:34:50.622+05	t	0	0	{}	{}	{}	t	f	f	f	f	f
4622	314	88	moving	2016-04-18 06:34:50.629+05	t	0	0	{}	{}	{}	t	f	f	f	f	f
4623	314	88	prepareinvoking	2016-04-18 06:34:50.629+05	t	0	0	{}	{}	{}	t	f	f	f	f	f
4624	314	88	invoked	2016-04-18 06:34:50.63+05	t	1	0	{}	{}	{}	t	f	f	f	f	f
4625	314	88	moving	2016-04-18 06:34:50.63+05	t	1	0	{}	{}	{}	t	f	f	f	f	f
4626	314	88	prepareinvoking	2016-04-18 06:34:50.63+05	t	1	0	{}	{}	{}	t	f	f	f	f	f
4627	314	88	invoked	2016-04-18 06:34:50.63+05	t	2	0	{}	{}	{}	t	f	f	f	f	f
4628	314	88	moving	2016-04-18 06:34:50.63+05	t	2	0	{}	{}	{}	t	f	f	f	f	f
4629	314	88	prepareinvoking	2016-04-18 06:34:50.637+05	t	2	0	{}	{}	{}	t	f	f	f	f	f
4630	314	88	invoked	2016-04-18 06:34:50.637+05	t	3	0	{}	{}	{}	t	f	f	f	f	f
4631	314	88	moving	2016-04-18 06:34:50.637+05	t	3	0	{}	{}	{}	t	f	f	f	f	f
4632	314	88	prepareinvoking	2016-04-18 06:34:50.638+05	t	3	0	{}	{}	{}	t	f	f	f	f	f
4633	314	88	invoked	2016-04-18 06:34:50.638+05	t	4	0	{}	{}	{}	t	f	f	f	f	f
4634	314	88	moving	2016-04-18 06:34:50.638+05	t	4	0	{}	{}	{}	t	f	f	f	f	f
4635	314	88	prepareinvoking	2016-04-18 06:34:50.64+05	t	4	0	{}	{}	{}	t	f	f	f	f	f
4636	314	88	invoked	2016-04-18 06:34:50.64+05	t	5	0	{}	{}	{}	t	f	f	f	f	f
4637	314	88	moving	2016-04-18 06:34:50.64+05	t	5	0	{}	{}	{}	t	f	f	f	f	f
4638	314	88	prepareinvoking	2016-04-18 06:34:50.64+05	t	5	0	{}	{}	{}	t	f	f	f	f	f
4639	314	88	invoked	2016-04-18 06:34:50.64+05	t	6	0	{}	{}	{}	t	f	f	f	f	f
4640	314	88	moving	2016-04-18 06:34:50.64+05	t	6	0	{}	{}	{}	t	f	f	f	f	f
4641	314	88	prepareinvoking	2016-04-18 06:34:50.64+05	t	6	0	{}	{}	{}	t	f	f	f	f	f
4642	314	88	invoked	2016-04-18 06:34:50.641+05	t	7	0	{}	{}	{}	t	f	f	f	f	f
4643	314	88	moving	2016-04-18 06:34:50.641+05	t	7	0	{}	{}	{}	t	f	f	f	f	f
4644	314	88	prepareinvoking	2016-04-18 06:34:50.641+05	t	7	0	{}	{}	{}	t	f	f	f	f	f
4645	314	88	invoked	2016-04-18 06:34:50.641+05	t	7	0	{}	{}	{}	t	f	f	f	f	t
4646	314	88	moving	2016-04-18 06:34:50.641+05	t	7	0	{}	{}	{}	t	f	f	f	f	t
4647	314	88	paused	2016-04-18 06:34:50.641+05	t	7	0	{}	{}	{}	t	f	f	f	f	t
4648	314	88	start	2016-04-18 06:35:07.053+05	t	0	0	{}	{}	{}	t	f	f	f	f	f
4649	314	88	moving	2016-04-18 06:35:07.053+05	t	0	0	{}	{}	{}	t	f	f	f	f	f
4650	314	88	prepareinvoking	2016-04-18 06:35:07.061+05	t	0	0	{}	{}	{}	t	f	f	f	f	f
4651	314	88	invoked	2016-04-18 06:35:07.061+05	t	1	0	{}	{}	{}	t	f	f	f	f	f
4652	314	88	moving	2016-04-18 06:35:07.061+05	t	1	0	{}	{}	{}	t	f	f	f	f	f
4653	314	88	prepareinvoking	2016-04-18 06:35:07.061+05	t	1	0	{}	{}	{}	t	f	f	f	f	f
4654	314	88	invoked	2016-04-18 06:35:07.061+05	t	2	0	{}	{}	{}	t	f	f	f	f	f
4655	314	88	moving	2016-04-18 06:35:07.061+05	t	2	0	{}	{}	{}	t	f	f	f	f	f
4656	314	88	prepareinvoking	2016-04-18 06:35:07.062+05	t	2	0	{}	{}	{}	t	f	f	f	f	f
4657	314	88	invoked	2016-04-18 06:35:07.062+05	t	3	0	{}	{}	{}	t	f	f	f	f	f
4658	314	88	moving	2016-04-18 06:35:07.062+05	t	3	0	{}	{}	{}	t	f	f	f	f	f
4659	314	88	prepareinvoking	2016-04-18 06:35:07.062+05	t	3	0	{}	{}	{}	t	f	f	f	f	f
4660	314	88	invoked	2016-04-18 06:35:07.062+05	t	4	0	{}	{}	{}	t	f	f	f	f	f
4661	314	88	moving	2016-04-18 06:35:07.062+05	t	4	0	{}	{}	{}	t	f	f	f	f	f
4662	314	88	prepareinvoking	2016-04-18 06:35:07.062+05	t	4	0	{}	{}	{}	t	f	f	f	f	f
4663	314	88	invoked	2016-04-18 06:35:07.062+05	t	5	0	{}	{}	{}	t	f	f	f	f	f
4664	314	88	moving	2016-04-18 06:35:07.062+05	t	5	0	{}	{}	{}	t	f	f	f	f	f
4665	314	88	prepareinvoking	2016-04-18 06:35:07.063+05	t	5	0	{}	{}	{}	t	f	f	f	f	f
4666	314	88	invoked	2016-04-18 06:35:07.063+05	t	6	0	{}	{}	{}	t	f	f	f	f	f
4667	314	88	moving	2016-04-18 06:35:07.063+05	t	6	0	{}	{}	{}	t	f	f	f	f	f
4668	314	88	prepareinvoking	2016-04-18 06:35:07.063+05	t	6	0	{}	{}	{}	t	f	f	f	f	f
4669	314	88	invoked	2016-04-18 06:35:07.063+05	t	7	0	{}	{}	{}	t	f	f	f	f	f
4670	314	88	moving	2016-04-18 06:35:07.063+05	t	7	0	{}	{}	{}	t	f	f	f	f	f
4671	314	88	prepareinvoking	2016-04-18 06:35:07.063+05	t	7	0	{}	{}	{}	t	f	f	f	f	f
4672	314	88	invoked	2016-04-18 06:35:07.063+05	t	8	0	{}	{}	{}	t	f	f	f	f	f
4673	314	88	moving	2016-04-18 06:35:07.063+05	t	8	0	{}	{}	{}	t	f	f	f	f	f
4674	314	88	end	2016-04-18 06:35:07.07+05	t	8	0	{}	{}	{}	t	t	f	f	f	f
4675	326	92	start	2016-04-18 11:29:10.948+05	t	0	0	{}	{}	{}	t	f	f	f	f	f
4676	326	92	moving	2016-04-18 11:29:10.948+05	t	0	0	{}	{}	{}	t	f	f	f	f	f
4677	326	92	prepareinvoking	2016-04-18 11:29:10.948+05	t	0	0	{}	{}	{}	t	f	f	f	f	f
4678	326	92	invoked	2016-04-18 11:29:10.948+05	t	0	0	{}	{}	{}	t	f	f	f	f	t
4679	326	92	moving	2016-04-18 11:29:10.948+05	t	0	0	{}	{}	{}	t	f	f	f	f	t
4680	326	92	paused	2016-04-18 11:29:10.948+05	t	0	0	{}	{}	{}	t	f	f	f	f	t
4681	326	92	start	2016-04-18 11:29:24.448+05	t	0	0	{}	{}	{}	t	f	f	f	f	f
4682	326	92	moving	2016-04-18 11:29:24.448+05	t	0	0	{}	{}	{}	t	f	f	f	f	f
4683	326	92	prepareinvoking	2016-04-18 11:29:24.448+05	t	0	0	{}	{}	{}	t	f	f	f	f	f
4684	326	92	invoked	2016-04-18 11:29:24.448+05	t	1	0	{}	{}	{}	t	f	f	f	f	f
4685	326	92	moving	2016-04-18 11:29:24.448+05	t	1	0	{}	{}	{}	t	f	f	f	f	f
4686	326	92	prepareinvoking	2016-04-18 11:29:24.448+05	t	1	0	{}	{}	{}	t	f	f	f	f	f
4687	326	92	invoked	2016-04-18 11:29:24.449+05	t	2	0	{}	{}	{}	t	f	f	f	f	f
4688	326	92	moving	2016-04-18 11:29:24.449+05	t	2	0	{}	{}	{}	t	f	f	f	f	f
4689	326	92	end	2016-04-18 11:29:24.449+05	t	2	0	{}	{}	{}	t	t	f	f	f	f
4690	327	93	start	2016-04-22 08:40:13.766+05	t	0	0	{}	{}	{}	t	f	f	f	f	f
4691	327	93	moving	2016-04-22 08:40:13.781+05	t	0	0	{}	{}	{}	t	f	f	f	f	f
4692	327	93	prepareinvoking	2016-04-22 08:40:13.855+05	t	0	0	{}	{}	{}	t	f	f	f	f	f
4693	327	93	invoked	2016-04-22 08:40:13.898+05	t	0	0	{}	{}	{}	t	f	f	f	f	t
4694	327	93	moving	2016-04-22 08:40:13.898+05	t	0	0	{}	{}	{}	t	f	f	f	f	t
4695	327	93	paused	2016-04-22 08:40:13.898+05	t	0	0	{}	{}	{}	t	f	f	f	f	t
4696	328	93	start	2016-04-22 08:52:46.022+05	t	0	0	{}	{}	{}	t	f	f	f	f	f
4697	328	93	moving	2016-04-22 08:52:46.023+05	t	0	0	{}	{}	{}	t	f	f	f	f	f
4698	328	93	prepareinvoking	2016-04-22 08:52:46.049+05	t	0	0	{}	{}	{}	t	f	f	f	f	f
4699	328	93	invoked	2016-04-22 08:52:46.056+05	t	0	0	{}	{}	{}	t	f	f	f	f	t
4700	328	93	moving	2016-04-22 08:52:46.056+05	t	0	0	{}	{}	{}	t	f	f	f	f	t
4701	328	93	paused	2016-04-22 08:52:46.056+05	t	0	0	{}	{}	{}	t	f	f	f	f	t
4702	328	93	start	2016-04-22 08:52:54.372+05	t	0	0	{}	{}	{}	t	f	f	f	f	f
4703	328	93	moving	2016-04-22 08:52:54.372+05	t	0	0	{}	{}	{}	t	f	f	f	f	f
4704	328	93	prepareinvoking	2016-04-22 08:52:54.373+05	t	0	0	{}	{}	{}	t	f	f	f	f	f
4705	328	93	invoked	2016-04-22 08:52:54.373+05	t	1	0	{}	{}	{}	t	f	f	f	f	f
4706	328	93	moving	2016-04-22 08:52:54.373+05	t	1	0	{}	{}	{}	t	f	f	f	f	f
4707	328	93	prepareinvoking	2016-04-22 08:52:54.373+05	t	1	0	{}	{}	{}	t	f	f	f	f	f
4708	328	93	invoked	2016-04-22 08:52:54.373+05	t	1	0	{}	{}	{}	t	f	f	f	f	t
4709	328	93	moving	2016-04-22 08:52:54.373+05	t	1	0	{}	{}	{}	t	f	f	f	f	t
4710	328	93	paused	2016-04-22 08:52:54.373+05	t	1	0	{}	{}	{}	t	f	f	f	f	t
4711	329	93	start	2016-04-24 19:22:33.802+05	t	0	0	{}	{}	{}	t	f	f	f	f	f
4712	329	93	moving	2016-04-24 19:22:33.817+05	t	0	0	{}	{}	{}	t	f	f	f	f	f
4713	329	93	prepareinvoking	2016-04-24 19:22:34.048+05	t	0	0	{}	{}	{}	t	f	f	f	f	f
4714	329	93	invoked	2016-04-24 19:22:34.101+05	t	0	0	{}	{}	{}	t	f	f	f	f	t
4715	329	93	moving	2016-04-24 19:22:34.101+05	t	0	0	{}	{}	{}	t	f	f	f	f	t
4716	329	93	paused	2016-04-24 19:22:34.101+05	t	0	0	{}	{}	{}	t	f	f	f	f	t
4717	330	93	start	2016-05-24 19:31:08.951+05	t	0	0	{}	{}	{}	t	f	f	f	f	f
4718	330	93	moving	2016-05-24 19:31:08.968+05	t	0	0	{}	{}	{}	t	f	f	f	f	f
4719	330	93	prepareinvoking	2016-05-24 19:31:09.192+05	t	0	0	{}	{}	{}	t	f	f	f	f	f
4720	330	93	invoked	2016-05-24 19:31:09.265+05	t	0	0	{}	{}	{}	t	f	f	f	f	t
4721	330	93	moving	2016-05-24 19:31:09.265+05	t	0	0	{}	{}	{}	t	f	f	f	f	t
4722	330	93	paused	2016-05-24 19:31:09.265+05	t	0	0	{}	{}	{}	t	f	f	f	f	t
4723	331	93	start	2016-05-24 19:31:21.42+05	t	0	0	{}	{}	{}	t	f	f	f	f	f
4724	331	93	moving	2016-05-24 19:31:21.42+05	t	0	0	{}	{}	{}	t	f	f	f	f	f
4725	331	93	prepareinvoking	2016-05-24 19:31:21.42+05	t	0	0	{}	{}	{}	t	f	f	f	f	f
4726	331	93	invoked	2016-05-24 19:31:21.42+05	t	0	0	{}	{}	{}	t	f	f	f	f	t
4727	331	93	moving	2016-05-24 19:31:21.42+05	t	0	0	{}	{}	{}	t	f	f	f	f	t
4728	331	93	paused	2016-05-24 19:31:21.42+05	t	0	0	{}	{}	{}	t	f	f	f	f	t
4729	332	93	start	2016-05-24 19:31:32.537+05	t	0	0	{}	{}	{}	t	f	f	f	f	f
4730	332	93	moving	2016-05-24 19:31:32.537+05	t	0	0	{}	{}	{}	t	f	f	f	f	f
4731	332	93	prepareinvoking	2016-05-24 19:31:32.537+05	t	0	0	{}	{}	{}	t	f	f	f	f	f
4732	332	93	invoked	2016-05-24 19:31:32.538+05	t	0	0	{}	{}	{}	t	f	f	f	f	t
4733	332	93	moving	2016-05-24 19:31:32.538+05	t	0	0	{}	{}	{}	t	f	f	f	f	t
4734	332	93	paused	2016-05-24 19:31:32.538+05	t	0	0	{}	{}	{}	t	f	f	f	f	t
4735	333	93	start	2016-05-24 19:31:44.635+05	t	0	0	{}	{}	{}	t	f	f	f	f	f
4736	333	93	moving	2016-05-24 19:31:44.635+05	t	0	0	{}	{}	{}	t	f	f	f	f	f
4737	333	93	prepareinvoking	2016-05-24 19:31:44.635+05	t	0	0	{}	{}	{}	t	f	f	f	f	f
4738	333	93	invoked	2016-05-24 19:31:44.636+05	t	0	0	{}	{}	{}	t	f	f	f	f	t
4739	333	93	moving	2016-05-24 19:31:44.636+05	t	0	0	{}	{}	{}	t	f	f	f	f	t
4740	333	93	paused	2016-05-24 19:31:44.636+05	t	0	0	{}	{}	{}	t	f	f	f	f	t
4741	377	93	start	2016-05-27 11:35:28.76+05	t	0	0	{}	{}	{}	t	f	f	f	f	f
4742	377	93	moving	2016-05-27 11:35:28.778+05	t	0	0	{}	{}	{}	t	f	f	f	f	f
4743	377	93	prepareinvoking	2016-05-27 11:35:28.96+05	t	0	0	{}	{}	{}	t	f	f	f	f	f
4744	377	93	invoked	2016-05-27 11:35:29.024+05	t	0	0	{}	{}	{}	t	f	f	f	f	t
4745	377	93	moving	2016-05-27 11:35:29.024+05	t	0	0	{}	{}	{}	t	f	f	f	f	t
4746	377	93	paused	2016-05-27 11:35:29.025+05	t	0	0	{}	{}	{}	t	f	f	f	f	t
4747	378	93	start	2016-05-27 12:03:54.448+05	t	0	0	{}	{}	{}	t	f	f	f	f	f
4748	378	93	moving	2016-05-27 12:03:54.466+05	t	0	0	{}	{}	{}	t	f	f	f	f	f
4749	378	93	prepareinvoking	2016-05-27 12:03:54.575+05	t	0	0	{}	{}	{}	t	f	f	f	f	f
4750	378	93	invoked	2016-05-27 12:03:54.655+05	t	0	0	{}	{}	{}	t	f	f	f	f	t
4751	378	93	moving	2016-05-27 12:03:54.655+05	t	0	0	{}	{}	{}	t	f	f	f	f	t
4752	378	93	paused	2016-05-27 12:03:54.656+05	t	0	0	{}	{}	{}	t	f	f	f	f	t
4753	378	93	start	2016-05-27 12:05:09.887+05	t	0	0	{}	{}	{}	t	f	f	f	f	f
4754	378	93	moving	2016-05-27 12:05:09.887+05	t	0	0	{}	{}	{}	t	f	f	f	f	f
4755	378	93	prepareinvoking	2016-05-27 12:05:09.887+05	t	0	0	{}	{}	{}	t	f	f	f	f	f
4756	378	93	invoked	2016-05-27 12:05:09.888+05	t	1	0	{}	{}	{}	t	f	f	f	f	f
4757	378	93	moving	2016-05-27 12:05:09.888+05	t	1	0	{}	{}	{}	t	f	f	f	f	f
4758	378	93	prepareinvoking	2016-05-27 12:05:09.888+05	t	1	0	{}	{}	{}	t	f	f	f	f	f
4759	378	93	invoked	2016-05-27 12:05:09.889+05	t	1	0	{}	{}	{}	t	f	f	f	f	t
4760	378	93	moving	2016-05-27 12:05:09.889+05	t	1	0	{}	{}	{}	t	f	f	f	f	t
4761	378	93	paused	2016-05-27 12:05:09.892+05	t	1	0	{}	{}	{}	t	f	f	f	f	t
4762	377	93	start	2016-05-27 12:05:26.414+05	t	0	0	{}	{}	{}	t	f	f	f	f	f
4763	377	93	moving	2016-05-27 12:05:26.414+05	t	0	0	{}	{}	{}	t	f	f	f	f	f
4764	377	93	prepareinvoking	2016-05-27 12:05:26.414+05	t	0	0	{}	{}	{}	t	f	f	f	f	f
4765	377	93	invoked	2016-05-27 12:05:26.414+05	t	1	0	{}	{}	{}	t	f	f	f	f	f
4766	377	93	moving	2016-05-27 12:05:26.414+05	t	1	0	{}	{}	{}	t	f	f	f	f	f
4767	377	93	prepareinvoking	2016-05-27 12:05:26.414+05	t	1	0	{}	{}	{}	t	f	f	f	f	f
4768	377	93	invoked	2016-05-27 12:05:26.415+05	t	1	0	{}	{}	{}	t	f	f	f	f	t
4769	377	93	moving	2016-05-27 12:05:26.415+05	t	1	0	{}	{}	{}	t	f	f	f	f	t
4770	377	93	paused	2016-05-27 12:05:26.415+05	t	1	0	{}	{}	{}	t	f	f	f	f	t
4771	379	93	start	2016-06-08 15:33:37.039+05	t	0	0	{}	{}	{}	t	f	f	f	f	f
4772	379	93	moving	2016-06-08 15:33:37.057+05	t	0	0	{}	{}	{}	t	f	f	f	f	f
4773	379	93	prepareinvoking	2016-06-08 15:33:37.273+05	t	0	0	{}	{}	{}	t	f	f	f	f	f
4775	379	93	moving	2016-06-08 15:33:37.371+05	t	0	0	{}	{}	{}	t	f	f	f	f	t
4776	379	93	paused	2016-06-08 15:33:37.371+05	t	0	0	{}	{}	{}	t	f	f	f	f	t
4774	379	93	invoked	2016-06-08 15:33:37.37+05	t	0	0	{}	{}	{}	t	f	f	f	f	t
4777	380	93	start	2016-06-08 15:59:57.251+05	t	0	0	{}	{}	{}	t	f	f	f	f	f
4778	380	93	moving	2016-06-08 15:59:57.252+05	t	0	0	{}	{}	{}	t	f	f	f	f	f
4779	380	93	prepareinvoking	2016-06-08 15:59:57.27+05	t	0	0	{}	{}	{}	t	f	f	f	f	f
4780	380	93	invoked	2016-06-08 15:59:57.287+05	t	0	0	{}	{}	{}	t	f	f	f	f	t
4781	380	93	moving	2016-06-08 15:59:57.288+05	t	0	0	{}	{}	{}	t	f	f	f	f	t
4782	380	93	paused	2016-06-08 15:59:57.288+05	t	0	0	{}	{}	{}	t	f	f	f	f	t
4783	381	93	start	2016-06-08 16:01:48.664+05	t	0	0	{}	{}	{}	t	f	f	f	f	f
4784	381	93	moving	2016-06-08 16:01:48.666+05	t	0	0	{}	{}	{}	t	f	f	f	f	f
4785	381	93	prepareinvoking	2016-06-08 16:01:48.678+05	t	0	0	{}	{}	{}	t	f	f	f	f	f
4786	381	93	invoked	2016-06-08 16:01:48.687+05	t	0	0	{}	{}	{}	t	f	f	f	f	t
4787	381	93	moving	2016-06-08 16:01:48.687+05	t	0	0	{}	{}	{}	t	f	f	f	f	t
4788	381	93	paused	2016-06-08 16:01:48.687+05	t	0	0	{}	{}	{}	t	f	f	f	f	t
4789	385	97	start	2016-06-22 16:32:53.354+05	t	0	0	{}	{}	{}	t	f	f	f	f	f
4790	385	97	moving	2016-06-22 16:32:53.358+05	t	0	0	{}	{}	{}	t	f	f	f	f	f
4791	385	97	prepareinvoking	2016-06-22 16:32:53.422+05	t	0	0	{}	{}	{}	t	f	f	f	f	f
4792	385	97	invoked	2016-06-22 16:32:53.423+05	t	0	0	{}	{}	{}	t	f	f	f	f	f
4793	385	97	moving	2016-06-22 16:32:53.423+05	t	0	0	{}	{}	{}	t	f	f	f	f	f
4794	385	97	prepareinvoking	2016-06-22 16:32:53.423+05	t	0	0	{}	{}	{}	t	f	f	f	f	f
4795	385	97	invoked	2016-06-22 16:32:53.423+05	t	0	0	{}	{}	{}	t	f	f	f	f	f
4796	385	97	moving	2016-06-22 16:32:53.423+05	t	0	0	{}	{}	{}	t	f	f	f	f	f
4797	385	97	prepareinvoking	2016-06-22 16:32:53.423+05	t	0	0	{}	{}	{}	t	f	f	f	f	f
4798	385	97	invoked	2016-06-22 16:32:53.423+05	t	0	0	{}	{}	{}	t	f	f	f	f	f
4799	385	97	moving	2016-06-22 16:32:53.424+05	t	0	0	{}	{}	{}	t	f	f	f	f	f
4800	385	97	prepareinvoking	2016-06-22 16:32:53.424+05	t	0	0	{}	{}	{}	t	f	f	f	f	f
4801	385	97	invoked	2016-06-22 16:32:53.424+05	t	0	0	{}	{}	{}	t	f	f	f	f	f
4802	385	97	moving	2016-06-22 16:32:53.424+05	t	0	0	{}	{}	{}	t	f	f	f	f	f
4803	385	97	end	2016-06-22 16:32:53.424+05	t	0	0	{}	{}	{}	t	t	f	f	f	f
4804	386	97	start	2016-06-22 16:34:31.955+05	t	0	0	{}	{}	{}	t	f	f	f	f	f
4805	386	97	moving	2016-06-22 16:34:31.957+05	t	0	0	{}	{}	{}	t	f	f	f	f	f
4806	386	97	prepareinvoking	2016-06-22 16:34:32.027+05	t	0	0	{}	{}	{}	t	f	f	f	f	f
4807	386	97	invoked	2016-06-22 16:34:32.029+05	t	0	0	{}	{}	{}	t	f	f	f	f	f
4808	386	97	moving	2016-06-22 16:34:32.029+05	t	0	0	{}	{}	{}	t	f	f	f	f	f
4809	386	97	prepareinvoking	2016-06-22 16:34:32.029+05	t	0	0	{}	{}	{}	t	f	f	f	f	f
4810	386	97	invoked	2016-06-22 16:34:32.029+05	t	0	0	{}	{}	{}	t	f	f	f	f	f
4811	386	97	moving	2016-06-22 16:34:32.03+05	t	0	0	{}	{}	{}	t	f	f	f	f	f
4812	386	97	prepareinvoking	2016-06-22 16:34:32.03+05	t	0	0	{}	{}	{}	t	f	f	f	f	f
4813	386	97	invoked	2016-06-22 16:34:32.03+05	t	0	0	{}	{}	{}	t	f	f	f	f	f
4814	386	97	moving	2016-06-22 16:34:32.03+05	t	0	0	{}	{}	{}	t	f	f	f	f	f
4815	386	97	prepareinvoking	2016-06-22 16:34:32.03+05	t	0	0	{}	{}	{}	t	f	f	f	f	f
4816	386	97	invoked	2016-06-22 16:34:32.03+05	t	0	0	{}	{}	{}	t	f	f	f	f	f
4817	386	97	moving	2016-06-22 16:34:32.03+05	t	0	0	{}	{}	{}	t	f	f	f	f	f
4818	386	97	end	2016-06-22 16:34:32.031+05	t	0	0	{}	{}	{}	t	t	f	f	f	f
4819	387	97	start	2016-06-22 17:54:08.876+05	t	0	0	{}	{}	{}	t	f	f	f	f	f
4820	387	97	moving	2016-06-22 17:54:08.886+05	t	0	0	{}	{}	{}	t	f	f	f	f	f
4821	387	97	prepareinvoking	2016-06-22 17:54:08.993+05	t	0	0	{}	{}	{}	t	f	f	f	f	f
4822	387	97	invoked	2016-06-22 17:54:09.007+05	t	0	0	{}	{}	{}	t	f	f	f	f	f
4823	387	97	moving	2016-06-22 17:54:09.014+05	t	0	0	{}	{}	{}	t	f	f	f	f	f
4824	387	97	prepareinvoking	2016-06-22 17:54:09.015+05	t	0	0	{}	{}	{}	t	f	f	f	f	f
4825	387	97	invoked	2016-06-22 17:54:09.015+05	t	0	0	{}	{}	{}	t	f	f	f	f	f
4826	387	97	moving	2016-06-22 17:54:09.015+05	t	0	0	{}	{}	{}	t	f	f	f	f	f
4827	387	97	prepareinvoking	2016-06-22 17:54:09.016+05	t	0	0	{}	{}	{}	t	f	f	f	f	f
4828	387	97	invoked	2016-06-22 17:54:09.016+05	t	0	0	{}	{}	{}	t	f	f	f	f	f
4829	387	97	moving	2016-06-22 17:54:09.016+05	t	0	0	{}	{}	{}	t	f	f	f	f	f
4830	387	97	prepareinvoking	2016-06-22 17:54:09.016+05	t	0	0	{}	{}	{}	t	f	f	f	f	f
4831	387	97	invoked	2016-06-22 17:54:09.016+05	t	0	0	{}	{}	{}	t	f	f	f	f	f
4832	387	97	moving	2016-06-22 17:54:09.016+05	t	0	0	{}	{}	{}	t	f	f	f	f	f
4833	387	97	end	2016-06-22 17:54:09.017+05	t	0	0	{}	{}	{}	t	t	f	f	f	f
4834	388	97	start	2016-06-22 17:56:09.561+05	t	0	0	{}	{}	{}	t	f	f	f	f	f
4835	388	97	moving	2016-06-22 17:56:09.562+05	t	0	0	{}	{}	{}	t	f	f	f	f	f
4836	388	97	prepareinvoking	2016-06-22 17:56:09.568+05	t	0	0	{}	{}	{}	t	f	f	f	f	f
4837	388	97	invoked	2016-06-22 17:56:09.569+05	t	0	0	{}	{}	{}	t	f	f	f	f	f
4838	388	97	moving	2016-06-22 17:56:09.57+05	t	0	0	{}	{}	{}	t	f	f	f	f	f
4839	388	97	prepareinvoking	2016-06-22 17:56:09.571+05	t	0	0	{}	{}	{}	t	f	f	f	f	f
4840	388	97	invoked	2016-06-22 17:56:09.571+05	t	0	0	{}	{}	{}	t	f	f	f	f	f
4841	388	97	moving	2016-06-22 17:56:09.571+05	t	0	0	{}	{}	{}	t	f	f	f	f	f
4842	388	97	prepareinvoking	2016-06-22 17:56:09.571+05	t	0	0	{}	{}	{}	t	f	f	f	f	f
4843	388	97	invoked	2016-06-22 17:56:09.571+05	t	0	0	{}	{}	{}	t	f	f	f	f	f
4848	388	97	end	2016-06-22 17:56:09.572+05	t	0	0	{}	{}	{}	t	t	f	f	f	f
4844	388	97	moving	2016-06-22 17:56:09.571+05	t	0	0	{}	{}	{}	t	f	f	f	f	f
4845	388	97	prepareinvoking	2016-06-22 17:56:09.571+05	t	0	0	{}	{}	{}	t	f	f	f	f	f
4846	388	97	invoked	2016-06-22 17:56:09.571+05	t	0	0	{}	{}	{}	t	f	f	f	f	f
4847	388	97	moving	2016-06-22 17:56:09.572+05	t	0	0	{}	{}	{}	t	f	f	f	f	f
4849	389	97	start	2016-06-24 02:02:10.558+05	t	0	0	{}	{}	{}	t	f	f	f	f	f
4850	389	97	moving	2016-06-24 02:02:10.57+05	t	0	0	{}	{}	{}	t	f	f	f	f	f
4851	389	97	prepareinvoking	2016-06-24 02:02:10.676+05	t	0	0	{}	{}	{}	t	f	f	f	f	f
4852	389	97	invoked	2016-06-24 02:02:10.688+05	t	0	0	{}	{}	{}	t	f	f	f	f	f
4853	389	97	moving	2016-06-24 02:02:10.714+05	t	0	0	{}	{}	{}	t	f	f	f	f	f
4854	389	97	prepareinvoking	2016-06-24 02:02:10.714+05	t	0	0	{}	{}	{}	t	f	f	f	f	f
4855	389	97	invoked	2016-06-24 02:02:10.714+05	t	0	0	{}	{}	{}	t	f	f	f	f	f
4856	389	97	moving	2016-06-24 02:02:10.715+05	t	0	0	{}	{}	{}	t	f	f	f	f	f
4857	389	97	prepareinvoking	2016-06-24 02:02:10.715+05	t	0	0	{}	{}	{}	t	f	f	f	f	f
4858	389	97	invoked	2016-06-24 02:02:10.716+05	t	0	0	{}	{}	{}	t	f	f	f	f	f
4859	389	97	moving	2016-06-24 02:02:10.717+05	t	0	0	{}	{}	{}	t	f	f	f	f	f
4860	389	97	prepareinvoking	2016-06-24 02:02:10.719+05	t	0	0	{}	{}	{}	t	f	f	f	f	f
4861	389	97	invoked	2016-06-24 02:02:10.719+05	t	0	0	{}	{}	{}	t	f	f	f	f	f
4862	389	97	moving	2016-06-24 02:02:10.72+05	t	0	0	{}	{}	{}	t	f	f	f	f	f
4863	389	97	end	2016-06-24 02:02:10.721+05	t	0	0	{}	{}	{}	t	t	f	f	f	f
4864	390	97	start	2016-06-24 02:35:55.16+05	t	0	0	{}	{}	{}	t	f	f	f	f	f
4865	390	97	moving	2016-06-24 02:35:55.164+05	t	0	0	{}	{}	{}	t	f	f	f	f	f
4866	390	97	prepareinvoking	2016-06-24 02:35:55.299+05	t	0	0	{}	{}	{}	t	f	f	f	f	f
4867	390	97	invoked	2016-06-24 02:35:55.311+05	t	0	0	{}	{}	{}	t	f	f	f	f	f
4868	390	97	moving	2016-06-24 02:35:55.329+05	t	0	0	{}	{}	{}	t	f	f	f	f	f
4869	390	97	prepareinvoking	2016-06-24 02:35:55.33+05	t	0	0	{}	{}	{}	t	f	f	f	f	f
4870	390	97	invoked	2016-06-24 02:35:55.33+05	t	0	0	{}	{}	{}	t	f	f	f	f	f
4871	390	97	moving	2016-06-24 02:35:55.332+05	t	0	0	{}	{}	{}	t	f	f	f	f	f
4872	390	97	prepareinvoking	2016-06-24 02:35:55.333+05	t	0	0	{}	{}	{}	t	f	f	f	f	f
4873	390	97	invoked	2016-06-24 02:35:55.333+05	t	0	0	{}	{}	{}	t	f	f	f	f	f
4874	390	97	moving	2016-06-24 02:35:55.334+05	t	0	0	{}	{}	{}	t	f	f	f	f	f
4875	390	97	prepareinvoking	2016-06-24 02:35:55.335+05	t	0	0	{}	{}	{}	t	f	f	f	f	f
4876	390	97	invoked	2016-06-24 02:35:55.336+05	t	0	0	{}	{}	{}	t	f	f	f	f	f
4877	390	97	moving	2016-06-24 02:35:55.337+05	t	0	0	{}	{}	{}	t	f	f	f	f	f
4878	390	97	end	2016-06-24 02:35:55.338+05	t	0	0	{}	{}	{}	t	t	f	f	f	f
4879	391	97	start	2016-06-24 02:36:29.813+05	t	0	0	{}	{}	{}	t	f	f	f	f	f
4880	391	97	moving	2016-06-24 02:36:29.815+05	t	0	0	{}	{}	{}	t	f	f	f	f	f
4881	391	97	prepareinvoking	2016-06-24 02:36:29.85+05	t	0	0	{}	{}	{}	t	f	f	f	f	f
4882	391	97	invoked	2016-06-24 02:36:29.852+05	t	0	0	{}	{}	{}	t	f	f	f	f	f
4883	391	97	moving	2016-06-24 02:36:29.855+05	t	0	0	{}	{}	{}	t	f	f	f	f	f
4884	391	97	prepareinvoking	2016-06-24 02:36:29.857+05	t	0	0	{}	{}	{}	t	f	f	f	f	f
4885	391	97	invoked	2016-06-24 02:36:29.858+05	t	0	0	{}	{}	{}	t	f	f	f	f	f
4886	391	97	moving	2016-06-24 02:36:29.859+05	t	0	0	{}	{}	{}	t	f	f	f	f	f
4887	391	97	prepareinvoking	2016-06-24 02:36:29.86+05	t	0	0	{}	{}	{}	t	f	f	f	f	f
4888	391	97	invoked	2016-06-24 02:36:29.862+05	t	0	0	{}	{}	{}	t	f	f	f	f	f
4889	391	97	moving	2016-06-24 02:36:29.863+05	t	0	0	{}	{}	{}	t	f	f	f	f	f
4890	391	97	prepareinvoking	2016-06-24 02:36:29.867+05	t	0	0	{}	{}	{}	t	f	f	f	f	f
4891	391	97	invoked	2016-06-24 02:36:29.867+05	t	0	0	{}	{}	{}	t	f	f	f	f	f
4892	391	97	moving	2016-06-24 02:36:29.869+05	t	0	0	{}	{}	{}	t	f	f	f	f	f
4893	391	97	end	2016-06-24 02:36:29.869+05	t	0	0	{}	{}	{}	t	t	f	f	f	f
4894	392	97	start	2016-06-24 03:40:33.053+05	t	0	0	{}	{}	{}	t	f	f	f	f	f
4895	392	97	moving	2016-06-24 03:40:33.057+05	t	0	0	{}	{}	{}	t	f	f	f	f	f
4896	392	97	prepareinvoking	2016-06-24 03:40:33.089+05	t	0	0	{}	{}	{}	t	f	f	f	f	f
4897	392	97	invoked	2016-06-24 03:40:33.091+05	t	0	0	{}	{}	{}	t	f	f	f	f	f
4898	392	97	moving	2016-06-24 03:40:33.093+05	t	0	0	{}	{}	{}	t	f	f	f	f	f
4899	392	97	prepareinvoking	2016-06-24 03:40:33.093+05	t	0	0	{}	{}	{}	t	f	f	f	f	f
4900	392	97	invoked	2016-06-24 03:40:33.093+05	t	0	0	{}	{}	{}	t	f	f	f	f	f
4901	392	97	moving	2016-06-24 03:40:33.094+05	t	0	0	{}	{}	{}	t	f	f	f	f	f
4902	392	97	prepareinvoking	2016-06-24 03:40:33.094+05	t	0	0	{}	{}	{}	t	f	f	f	f	f
4903	392	97	invoked	2016-06-24 03:40:33.095+05	t	0	0	{}	{}	{}	t	f	f	f	f	f
4904	392	97	moving	2016-06-24 03:40:33.095+05	t	0	0	{}	{}	{}	t	f	f	f	f	f
4905	392	97	prepareinvoking	2016-06-24 03:40:33.095+05	t	0	0	{}	{}	{}	t	f	f	f	f	f
4906	392	97	invoked	2016-06-24 03:40:33.095+05	t	0	0	{}	{}	{}	t	f	f	f	f	f
4907	392	97	moving	2016-06-24 03:40:33.096+05	t	0	0	{}	{}	{}	t	f	f	f	f	f
4908	392	97	end	2016-06-24 03:40:33.096+05	t	0	0	{}	{}	{}	t	t	f	f	f	f
4909	393	97	start	2016-06-24 03:41:07.411+05	t	0	0	{}	{}	{}	t	f	f	f	f	f
4910	393	97	moving	2016-06-24 03:41:07.413+05	t	0	0	{}	{}	{}	t	f	f	f	f	f
4911	393	97	prepareinvoking	2016-06-24 03:41:07.467+05	t	0	0	{}	{}	{}	t	f	f	f	f	f
4912	393	97	invoked	2016-06-24 03:41:07.468+05	t	0	0	{}	{}	{}	t	f	f	f	f	f
4913	393	97	moving	2016-06-24 03:41:07.471+05	t	0	0	{}	{}	{}	t	f	f	f	f	f
4914	393	97	prepareinvoking	2016-06-24 03:41:07.471+05	t	0	0	{}	{}	{}	t	f	f	f	f	f
4915	393	97	invoked	2016-06-24 03:41:07.471+05	t	0	0	{}	{}	{}	t	f	f	f	f	f
4916	393	97	moving	2016-06-24 03:41:07.472+05	t	0	0	{}	{}	{}	t	f	f	f	f	f
4917	393	97	prepareinvoking	2016-06-24 03:41:07.472+05	t	0	0	{}	{}	{}	t	f	f	f	f	f
4918	393	97	invoked	2016-06-24 03:41:07.472+05	t	0	0	{}	{}	{}	t	f	f	f	f	f
4919	393	97	moving	2016-06-24 03:41:07.473+05	t	0	0	{}	{}	{}	t	f	f	f	f	f
4920	393	97	prepareinvoking	2016-06-24 03:41:07.473+05	t	0	0	{}	{}	{}	t	f	f	f	f	f
4921	393	97	invoked	2016-06-24 03:41:07.473+05	t	0	0	{}	{}	{}	t	f	f	f	f	f
4922	393	97	moving	2016-06-24 03:41:07.474+05	t	0	0	{}	{}	{}	t	f	f	f	f	f
4923	393	97	end	2016-06-24 03:41:07.474+05	t	0	0	{}	{}	{}	t	t	f	f	f	f
4924	394	97	start	2016-06-24 06:28:10.392+05	t	0	0	{}	{}	{}	t	f	f	f	f	f
4925	394	97	moving	2016-06-24 06:28:10.395+05	t	0	0	{}	{}	{}	t	f	f	f	f	f
4926	394	97	moving	2016-06-24 06:28:10.405+05	f	0	0	{}	{}	{}	t	f	f	f	f	f
4927	394	97	end	2016-06-24 06:28:10.406+05	f	0	0	{}	{}	{}	t	t	f	f	f	f
4928	395	97	start	2016-06-24 06:28:46.12+05	t	0	0	{}	{}	{}	t	f	f	f	f	f
4929	395	97	moving	2016-06-24 06:28:46.122+05	t	0	0	{}	{}	{}	t	f	f	f	f	f
4930	395	97	moving	2016-06-24 06:28:46.126+05	f	0	0	{}	{}	{}	t	f	f	f	f	f
4931	395	97	end	2016-06-24 06:28:46.128+05	f	0	0	{}	{}	{}	t	t	f	f	f	f
4932	396	97	start	2016-06-24 06:33:43.893+05	t	0	0	{}	{}	{}	t	f	f	f	f	f
4933	396	97	moving	2016-06-24 06:33:43.9+05	t	0	0	{}	{}	{}	t	f	f	f	f	f
4934	396	97	moving	2016-06-24 06:33:43.905+05	f	0	0	{}	{}	{}	t	f	f	f	f	f
4935	396	97	end	2016-06-24 06:33:43.906+05	f	0	0	{}	{}	{}	t	t	f	f	f	f
4936	397	97	start	2016-06-24 07:07:03.261+05	t	0	0	{}	{}	{}	t	f	f	f	f	f
4937	397	97	moving	2016-06-24 07:07:03.263+05	t	0	0	{}	{}	{}	t	f	f	f	f	f
4938	397	97	initiating	2016-06-24 07:07:03.36+05	t	0	0	{}	{}	{}	t	f	f	f	f	f
4939	397	97	initiated	2016-06-24 07:07:03.361+05	t	0	0	{}	{}	{}	t	f	f	f	f	f
4940	397	97	invoking	2016-06-24 07:07:03.361+05	t	0	0	{}	{}	{}	t	f	f	f	f	f
4941	397	97	invoked	2016-06-24 07:07:03.361+05	t	0	0	{}	{}	{}	t	f	f	f	f	f
4942	397	97	finishing	2016-06-24 07:07:03.361+05	t	0	0	{}	{}	{}	t	f	f	f	f	f
4943	397	97	finished	2016-06-24 07:07:03.361+05	t	0	0	{}	{}	{}	t	f	f	f	f	f
4944	397	97	canceling	2016-06-24 07:07:03.361+05	t	0	0	{}	{}	{}	t	f	f	f	f	f
4945	397	97	canceled	2016-06-24 07:07:03.361+05	t	0	0	{}	{}	{}	t	f	f	f	f	f
4946	397	97	moving	2016-06-24 07:07:03.367+05	t	0	0	{}	{}	{}	t	f	f	f	f	f
4947	397	97	initiating	2016-06-24 07:07:03.369+05	t	0	0	{}	{}	{}	t	f	f	f	f	f
4948	397	97	initiated	2016-06-24 07:07:03.369+05	t	0	0	{}	{}	{}	t	f	f	f	f	f
4949	397	97	invoking	2016-06-24 07:07:03.369+05	t	0	0	{}	{}	{}	t	f	f	f	f	f
4950	397	97	invoked	2016-06-24 07:07:03.369+05	t	0	0	{}	{}	{}	t	f	f	f	f	f
4951	397	97	finishing	2016-06-24 07:07:03.369+05	t	0	0	{}	{}	{}	t	f	f	f	f	f
4952	397	97	finished	2016-06-24 07:07:03.369+05	t	0	0	{}	{}	{}	t	f	f	f	f	f
4953	397	97	canceling	2016-06-24 07:07:03.369+05	t	0	0	{}	{}	{}	t	f	f	f	f	f
4954	397	97	canceled	2016-06-24 07:07:03.369+05	t	0	0	{}	{}	{}	t	f	f	f	f	f
4955	397	97	moving	2016-06-24 07:07:03.37+05	t	0	0	{}	{}	{}	t	f	f	f	f	f
4956	397	97	initiating	2016-06-24 07:07:03.371+05	t	0	0	{}	{}	{}	t	f	f	f	f	f
4957	397	97	initiated	2016-06-24 07:07:03.371+05	t	0	0	{}	{}	{}	t	f	f	f	f	f
4958	397	97	invoking	2016-06-24 07:07:03.372+05	t	0	0	{}	{}	{}	t	f	f	f	f	f
4959	397	97	invoked	2016-06-24 07:07:03.372+05	t	0	0	{}	{}	{}	t	f	f	f	f	f
4960	397	97	finishing	2016-06-24 07:07:03.372+05	t	0	0	{}	{}	{}	t	f	f	f	f	f
4961	397	97	finished	2016-06-24 07:07:03.372+05	t	0	0	{}	{}	{}	t	f	f	f	f	f
4962	397	97	canceling	2016-06-24 07:07:03.372+05	t	0	0	{}	{}	{}	t	f	f	f	f	f
4963	397	97	canceled	2016-06-24 07:07:03.372+05	t	0	0	{}	{}	{}	t	f	f	f	f	f
4964	397	97	moving	2016-06-24 07:07:03.377+05	t	0	0	{}	{}	{}	t	f	f	f	f	f
4965	397	97	initiating	2016-06-24 07:07:03.38+05	t	0	0	{}	{}	{}	t	f	f	f	f	f
4966	397	97	initiated	2016-06-24 07:07:03.38+05	t	0	0	{}	{}	{}	t	f	f	f	f	f
4967	397	97	invoking	2016-06-24 07:07:03.38+05	t	0	0	{}	{}	{}	t	f	f	f	f	f
4968	397	97	invoked	2016-06-24 07:07:03.38+05	t	0	0	{}	{}	{}	t	f	f	f	f	f
4969	397	97	finishing	2016-06-24 07:07:03.38+05	t	0	0	{}	{}	{}	t	f	f	f	f	f
4970	397	97	finished	2016-06-24 07:07:03.38+05	t	0	0	{}	{}	{}	t	f	f	f	f	f
4971	397	97	canceling	2016-06-24 07:07:03.381+05	t	0	0	{}	{}	{}	t	f	f	f	f	f
4972	397	97	canceled	2016-06-24 07:07:03.381+05	t	0	0	{}	{}	{}	t	f	f	f	f	f
4973	397	97	moving	2016-06-24 07:07:03.382+05	t	0	0	{}	{}	{}	t	f	f	f	f	f
4974	397	97	end	2016-06-24 07:07:03.383+05	t	0	0	{}	{}	{}	t	t	f	f	f	f
4975	398	97	start	2016-06-24 07:07:34.358+05	t	0	0	{}	{}	{}	t	f	f	f	f	f
4976	398	97	moving	2016-06-24 07:07:34.359+05	t	0	0	{}	{}	{}	t	f	f	f	f	f
4977	398	97	initiating	2016-06-24 07:07:34.391+05	t	0	0	{}	{}	{}	t	f	f	f	f	f
4978	398	97	initiated	2016-06-24 07:07:34.391+05	t	0	0	{}	{}	{}	t	f	f	f	f	f
4979	398	97	invoking	2016-06-24 07:07:34.391+05	t	0	0	{}	{}	{}	t	f	f	f	f	f
4980	398	97	invoked	2016-06-24 07:07:34.391+05	t	0	0	{}	{}	{}	t	f	f	f	f	f
4981	398	97	finishing	2016-06-24 07:07:34.391+05	t	0	0	{}	{}	{}	t	f	f	f	f	f
4982	398	97	finished	2016-06-24 07:07:34.391+05	t	0	0	{}	{}	{}	t	f	f	f	f	f
4983	398	97	canceling	2016-06-24 07:07:34.391+05	t	0	0	{}	{}	{}	t	f	f	f	f	f
4984	398	97	canceled	2016-06-24 07:07:34.391+05	t	0	0	{}	{}	{}	t	f	f	f	f	f
4985	398	97	moving	2016-06-24 07:07:34.397+05	t	0	0	{}	{}	{}	t	f	f	f	f	f
4986	398	97	initiating	2016-06-24 07:07:34.398+05	t	0	0	{}	{}	{}	t	f	f	f	f	f
4987	398	97	initiated	2016-06-24 07:07:34.398+05	t	0	0	{}	{}	{}	t	f	f	f	f	f
4988	398	97	invoking	2016-06-24 07:07:34.398+05	t	0	0	{}	{}	{}	t	f	f	f	f	f
4989	398	97	invoked	2016-06-24 07:07:34.398+05	t	0	0	{}	{}	{}	t	f	f	f	f	f
4990	398	97	finishing	2016-06-24 07:07:34.398+05	t	0	0	{}	{}	{}	t	f	f	f	f	f
4991	398	97	finished	2016-06-24 07:07:34.398+05	t	0	0	{}	{}	{}	t	f	f	f	f	f
4992	398	97	canceling	2016-06-24 07:07:34.398+05	t	0	0	{}	{}	{}	t	f	f	f	f	f
4993	398	97	canceled	2016-06-24 07:07:34.398+05	t	0	0	{}	{}	{}	t	f	f	f	f	f
4994	398	97	moving	2016-06-24 07:07:34.398+05	t	0	0	{}	{}	{}	t	f	f	f	f	f
4995	398	97	initiating	2016-06-24 07:07:34.399+05	t	0	0	{}	{}	{}	t	f	f	f	f	f
4996	398	97	initiated	2016-06-24 07:07:34.399+05	t	0	0	{}	{}	{}	t	f	f	f	f	f
4997	398	97	invoking	2016-06-24 07:07:34.399+05	t	0	0	{}	{}	{}	t	f	f	f	f	f
4998	398	97	invoked	2016-06-24 07:07:34.399+05	t	0	0	{}	{}	{}	t	f	f	f	f	f
4999	398	97	finishing	2016-06-24 07:07:34.399+05	t	0	0	{}	{}	{}	t	f	f	f	f	f
5000	398	97	finished	2016-06-24 07:07:34.399+05	t	0	0	{}	{}	{}	t	f	f	f	f	f
5001	398	97	canceling	2016-06-24 07:07:34.399+05	t	0	0	{}	{}	{}	t	f	f	f	f	f
5002	398	97	canceled	2016-06-24 07:07:34.399+05	t	0	0	{}	{}	{}	t	f	f	f	f	f
5003	398	97	moving	2016-06-24 07:07:34.399+05	t	0	0	{}	{}	{}	t	f	f	f	f	f
5004	398	97	initiating	2016-06-24 07:07:34.399+05	t	0	0	{}	{}	{}	t	f	f	f	f	f
5005	398	97	initiated	2016-06-24 07:07:34.399+05	t	0	0	{}	{}	{}	t	f	f	f	f	f
5006	398	97	invoking	2016-06-24 07:07:34.399+05	t	0	0	{}	{}	{}	t	f	f	f	f	f
5007	398	97	invoked	2016-06-24 07:07:34.4+05	t	0	0	{}	{}	{}	t	f	f	f	f	f
5008	398	97	finishing	2016-06-24 07:07:34.4+05	t	0	0	{}	{}	{}	t	f	f	f	f	f
5009	398	97	finished	2016-06-24 07:07:34.4+05	t	0	0	{}	{}	{}	t	f	f	f	f	f
5010	398	97	canceling	2016-06-24 07:07:34.4+05	t	0	0	{}	{}	{}	t	f	f	f	f	f
5011	398	97	canceled	2016-06-24 07:07:34.4+05	t	0	0	{}	{}	{}	t	f	f	f	f	f
5012	398	97	moving	2016-06-24 07:07:34.4+05	t	0	0	{}	{}	{}	t	f	f	f	f	f
5013	398	97	end	2016-06-24 07:07:34.4+05	t	0	0	{}	{}	{}	t	t	f	f	f	f
5014	399	97	start	2016-06-24 07:08:46.625+05	t	0	0	{}	{}	{}	t	f	f	f	f	f
5015	399	97	moving	2016-06-24 07:08:46.627+05	t	0	0	{}	{}	{}	t	f	f	f	f	f
5016	399	97	moving	2016-06-24 07:08:46.667+05	t	0	0	{}	{}	{}	t	f	f	f	f	f
5017	399	97	moving	2016-06-24 07:08:46.669+05	t	0	0	{}	{}	{}	t	f	f	f	f	f
5018	399	97	moving	2016-06-24 07:08:46.67+05	t	0	0	{}	{}	{}	t	f	f	f	f	f
5019	399	97	moving	2016-06-24 07:08:46.671+05	t	0	0	{}	{}	{}	t	f	f	f	f	f
5020	399	97	end	2016-06-24 07:08:46.672+05	t	0	0	{}	{}	{}	t	t	f	f	f	f
5021	400	97	start	2016-06-24 07:12:08.207+05	t	0	0	{}	{}	{}	t	f	f	f	f	f
5022	400	97	moving	2016-06-24 07:12:08.209+05	t	0	0	{}	{}	{}	t	f	f	f	f	f
5023	400	97	initiating	2016-06-24 07:12:08.242+05	t	0	0	{}	{}	{}	t	f	f	f	f	f
5024	400	97	initiated	2016-06-24 07:12:08.242+05	t	0	0	{}	{}	{}	t	f	f	f	f	f
5025	400	97	invoking	2016-06-24 07:12:08.242+05	t	0	0	{}	{}	{}	t	f	f	f	f	f
5026	400	97	invoked	2016-06-24 07:12:08.242+05	t	0	0	{}	{}	{}	t	f	f	f	f	f
5027	400	97	finishing	2016-06-24 07:12:08.242+05	t	0	0	{}	{}	{}	t	f	f	f	f	f
5028	400	97	finished	2016-06-24 07:12:08.242+05	t	0	0	{}	{}	{}	t	f	f	f	f	f
5029	400	97	canceling	2016-06-24 07:12:08.242+05	t	0	0	{}	{}	{}	t	f	f	f	f	f
5030	400	97	canceled	2016-06-24 07:12:08.242+05	t	0	0	{}	{}	{}	t	f	f	f	f	f
5031	400	97	moving	2016-06-24 07:12:08.244+05	t	0	0	{}	{}	{}	t	f	f	f	f	f
5032	400	97	initiating	2016-06-24 07:12:08.245+05	t	0	0	{}	{}	{}	t	f	f	f	f	f
5033	400	97	initiated	2016-06-24 07:12:08.245+05	t	0	0	{}	{}	{}	t	f	f	f	f	f
5034	400	97	invoking	2016-06-24 07:12:08.245+05	t	0	0	{}	{}	{}	t	f	f	f	f	f
5035	400	97	invoked	2016-06-24 07:12:08.245+05	t	0	0	{}	{}	{}	t	f	f	f	f	f
5036	400	97	finishing	2016-06-24 07:12:08.245+05	t	0	0	{}	{}	{}	t	f	f	f	f	f
5037	400	97	finished	2016-06-24 07:12:08.245+05	t	0	0	{}	{}	{}	t	f	f	f	f	f
5038	400	97	canceling	2016-06-24 07:12:08.245+05	t	0	0	{}	{}	{}	t	f	f	f	f	f
5039	400	97	canceled	2016-06-24 07:12:08.245+05	t	0	0	{}	{}	{}	t	f	f	f	f	f
5040	400	97	moving	2016-06-24 07:12:08.245+05	t	0	0	{}	{}	{}	t	f	f	f	f	f
5041	400	97	initiating	2016-06-24 07:12:08.246+05	t	0	0	{}	{}	{}	t	f	f	f	f	f
5042	400	97	initiated	2016-06-24 07:12:08.246+05	t	0	0	{}	{}	{}	t	f	f	f	f	f
5043	400	97	invoking	2016-06-24 07:12:08.246+05	t	0	0	{}	{}	{}	t	f	f	f	f	f
5044	400	97	invoked	2016-06-24 07:12:08.246+05	t	0	0	{}	{}	{}	t	f	f	f	f	f
5045	400	97	finishing	2016-06-24 07:12:08.246+05	t	0	0	{}	{}	{}	t	f	f	f	f	f
5046	400	97	finished	2016-06-24 07:12:08.246+05	t	0	0	{}	{}	{}	t	f	f	f	f	f
5047	400	97	canceling	2016-06-24 07:12:08.246+05	t	0	0	{}	{}	{}	t	f	f	f	f	f
5049	400	97	moving	2016-06-24 07:12:08.246+05	t	0	0	{}	{}	{}	t	f	f	f	f	f
5050	400	97	initiating	2016-06-24 07:12:08.246+05	t	0	0	{}	{}	{}	t	f	f	f	f	f
5051	400	97	initiated	2016-06-24 07:12:08.246+05	t	0	0	{}	{}	{}	t	f	f	f	f	f
5052	400	97	invoking	2016-06-24 07:12:08.246+05	t	0	0	{}	{}	{}	t	f	f	f	f	f
5053	400	97	invoked	2016-06-24 07:12:08.246+05	t	0	0	{}	{}	{}	t	f	f	f	f	f
5054	400	97	finishing	2016-06-24 07:12:08.246+05	t	0	0	{}	{}	{}	t	f	f	f	f	f
5055	400	97	finished	2016-06-24 07:12:08.246+05	t	0	0	{}	{}	{}	t	f	f	f	f	f
5056	400	97	canceling	2016-06-24 07:12:08.246+05	t	0	0	{}	{}	{}	t	f	f	f	f	f
5057	400	97	canceled	2016-06-24 07:12:08.246+05	t	0	0	{}	{}	{}	t	f	f	f	f	f
5059	400	97	end	2016-06-24 07:12:08.247+05	t	0	0	{}	{}	{}	t	t	f	f	f	f
5048	400	97	canceled	2016-06-24 07:12:08.246+05	t	0	0	{}	{}	{}	t	f	f	f	f	f
5058	400	97	moving	2016-06-24 07:12:08.247+05	t	0	0	{}	{}	{}	t	f	f	f	f	f
5060	401	97	start	2016-06-24 07:12:54.424+05	t	0	0	{}	{}	{}	t	f	f	f	f	f
5061	401	97	moving	2016-06-24 07:12:54.426+05	t	0	0	{}	{}	{}	t	f	f	f	f	f
5062	401	97	initiating	2016-06-24 07:12:54.465+05	t	0	0	{}	{}	{}	t	f	f	f	f	f
5063	401	97	initiated	2016-06-24 07:12:54.465+05	t	0	0	{}	{}	{}	t	f	f	f	f	f
5064	401	97	invoking	2016-06-24 07:12:54.465+05	t	0	0	{}	{}	{}	t	f	f	f	f	f
5065	401	97	invoked	2016-06-24 07:12:54.465+05	t	0	0	{}	{}	{}	t	f	f	f	f	f
5066	401	97	finishing	2016-06-24 07:12:54.466+05	t	0	0	{}	{}	{}	t	f	f	f	f	f
5067	401	97	finished	2016-06-24 07:12:54.466+05	t	0	0	{}	{}	{}	t	f	f	f	f	f
5068	401	97	canceling	2016-06-24 07:12:54.466+05	t	0	0	{}	{}	{}	t	f	f	f	f	f
5069	401	97	canceled	2016-06-24 07:12:54.466+05	t	0	0	{}	{}	{}	t	f	f	f	f	f
5070	401	97	moving	2016-06-24 07:12:54.468+05	t	0	0	{}	{}	{}	t	f	f	f	f	f
5071	401	97	initiating	2016-06-24 07:12:54.468+05	t	0	0	{}	{}	{}	t	f	f	f	f	f
5072	401	97	initiated	2016-06-24 07:12:54.468+05	t	0	0	{}	{}	{}	t	f	f	f	f	f
5073	401	97	invoking	2016-06-24 07:12:54.468+05	t	0	0	{}	{}	{}	t	f	f	f	f	f
5074	401	97	invoked	2016-06-24 07:12:54.468+05	t	0	0	{}	{}	{}	t	f	f	f	f	f
5075	401	97	finishing	2016-06-24 07:12:54.468+05	t	0	0	{}	{}	{}	t	f	f	f	f	f
5076	401	97	finished	2016-06-24 07:12:54.468+05	t	0	0	{}	{}	{}	t	f	f	f	f	f
5077	401	97	canceling	2016-06-24 07:12:54.468+05	t	0	0	{}	{}	{}	t	f	f	f	f	f
5078	401	97	canceled	2016-06-24 07:12:54.468+05	t	0	0	{}	{}	{}	t	f	f	f	f	f
5079	401	97	moving	2016-06-24 07:12:54.469+05	t	0	0	{}	{}	{}	t	f	f	f	f	f
5080	401	97	initiating	2016-06-24 07:12:54.469+05	t	0	0	{}	{}	{}	t	f	f	f	f	f
5081	401	97	initiated	2016-06-24 07:12:54.469+05	t	0	0	{}	{}	{}	t	f	f	f	f	f
5082	401	97	invoking	2016-06-24 07:12:54.469+05	t	0	0	{}	{}	{}	t	f	f	f	f	f
5083	401	97	invoked	2016-06-24 07:12:54.469+05	t	0	0	{}	{}	{}	t	f	f	f	f	f
5084	401	97	finishing	2016-06-24 07:12:54.469+05	t	0	0	{}	{}	{}	t	f	f	f	f	f
5085	401	97	finished	2016-06-24 07:12:54.469+05	t	0	0	{}	{}	{}	t	f	f	f	f	f
5086	401	97	canceling	2016-06-24 07:12:54.469+05	t	0	0	{}	{}	{}	t	f	f	f	f	f
5087	401	97	canceled	2016-06-24 07:12:54.469+05	t	0	0	{}	{}	{}	t	f	f	f	f	f
5088	401	97	moving	2016-06-24 07:12:54.469+05	t	0	0	{}	{}	{}	t	f	f	f	f	f
5089	401	97	initiating	2016-06-24 07:12:54.47+05	t	0	0	{}	{}	{}	t	f	f	f	f	f
5090	401	97	initiated	2016-06-24 07:12:54.47+05	t	0	0	{}	{}	{}	t	f	f	f	f	f
5091	401	97	invoking	2016-06-24 07:12:54.47+05	t	0	0	{}	{}	{}	t	f	f	f	f	f
5092	401	97	invoked	2016-06-24 07:12:54.47+05	t	0	0	{}	{}	{}	t	f	f	f	f	f
5093	401	97	finishing	2016-06-24 07:12:54.47+05	t	0	0	{}	{}	{}	t	f	f	f	f	f
5094	401	97	finished	2016-06-24 07:12:54.47+05	t	0	0	{}	{}	{}	t	f	f	f	f	f
5095	401	97	canceling	2016-06-24 07:12:54.47+05	t	0	0	{}	{}	{}	t	f	f	f	f	f
5096	401	97	canceled	2016-06-24 07:12:54.47+05	t	0	0	{}	{}	{}	t	f	f	f	f	f
5097	401	97	moving	2016-06-24 07:12:54.471+05	t	0	0	{}	{}	{}	t	f	f	f	f	f
5098	401	97	end	2016-06-24 07:12:54.471+05	t	0	0	{}	{}	{}	t	t	f	f	f	f
5099	402	97	start	2016-06-24 07:24:07.845+05	t	0	0	{}	{}	{}	t	f	f	f	f	f
5100	402	97	moving	2016-06-24 07:24:07.847+05	t	0	0	{}	{}	{}	t	f	f	f	f	f
5101	402	97	initiating	2016-06-24 07:24:07.885+05	t	0	0	{}	{}	{}	t	f	f	f	f	f
5102	402	97	initiated	2016-06-24 07:24:07.885+05	t	0	0	{}	{}	{}	t	f	f	f	f	f
5103	402	97	invoking	2016-06-24 07:24:07.885+05	t	0	0	{}	{}	{}	t	f	f	f	f	f
5104	402	97	invoked	2016-06-24 07:24:07.886+05	t	0	0	{}	{}	{}	t	f	f	f	f	f
5105	402	97	finishing	2016-06-24 07:24:07.886+05	t	0	0	{}	{}	{}	t	f	f	f	f	f
5106	402	97	finished	2016-06-24 07:24:07.886+05	t	0	0	{}	{}	{}	t	f	f	f	f	f
5107	402	97	canceling	2016-06-24 07:24:07.886+05	t	0	0	{}	{}	{}	t	f	f	f	f	f
5108	402	97	canceled	2016-06-24 07:24:07.886+05	t	0	0	{}	{}	{}	t	f	f	f	f	f
5109	402	97	moving	2016-06-24 07:24:07.894+05	t	0	0	{}	{}	{}	t	f	f	f	f	f
5110	402	97	initiating	2016-06-24 07:24:07.895+05	t	0	0	{}	{}	{}	t	f	f	f	f	f
5111	402	97	initiated	2016-06-24 07:24:07.895+05	t	0	0	{}	{}	{}	t	f	f	f	f	f
5112	402	97	invoking	2016-06-24 07:24:07.895+05	t	0	0	{}	{}	{}	t	f	f	f	f	f
5113	402	97	invoked	2016-06-24 07:24:07.895+05	t	0	0	{}	{}	{}	t	f	f	f	f	f
5114	402	97	finishing	2016-06-24 07:24:07.895+05	t	0	0	{}	{}	{}	t	f	f	f	f	f
5115	402	97	finished	2016-06-24 07:24:07.895+05	t	0	0	{}	{}	{}	t	f	f	f	f	f
5116	402	97	canceling	2016-06-24 07:24:07.895+05	t	0	0	{}	{}	{}	t	f	f	f	f	f
5117	402	97	canceled	2016-06-24 07:24:07.896+05	t	0	0	{}	{}	{}	t	f	f	f	f	f
5118	402	97	moving	2016-06-24 07:24:07.896+05	t	0	0	{}	{}	{}	t	f	f	f	f	f
5119	402	97	initiating	2016-06-24 07:24:07.897+05	t	0	0	{}	{}	{}	t	f	f	f	f	f
5120	402	97	initiated	2016-06-24 07:24:07.897+05	t	0	0	{}	{}	{}	t	f	f	f	f	f
5121	402	97	invoking	2016-06-24 07:24:07.897+05	t	0	0	{}	{}	{}	t	f	f	f	f	f
5122	402	97	invoked	2016-06-24 07:24:07.897+05	t	0	0	{}	{}	{}	t	f	f	f	f	f
5123	402	97	finishing	2016-06-24 07:24:07.897+05	t	0	0	{}	{}	{}	t	f	f	f	f	f
5124	402	97	finished	2016-06-24 07:24:07.897+05	t	0	0	{}	{}	{}	t	f	f	f	f	f
5125	402	97	canceling	2016-06-24 07:24:07.897+05	t	0	0	{}	{}	{}	t	f	f	f	f	f
5126	402	97	canceled	2016-06-24 07:24:07.897+05	t	0	0	{}	{}	{}	t	f	f	f	f	f
5127	402	97	moving	2016-06-24 07:24:07.898+05	t	0	0	{}	{}	{}	t	f	f	f	f	f
5128	402	97	initiating	2016-06-24 07:24:07.898+05	t	0	0	{}	{}	{}	t	f	f	f	f	f
5129	402	97	initiated	2016-06-24 07:24:07.898+05	t	0	0	{}	{}	{}	t	f	f	f	f	f
5130	402	97	invoking	2016-06-24 07:24:07.898+05	t	0	0	{}	{}	{}	t	f	f	f	f	f
5131	402	97	invoked	2016-06-24 07:24:07.898+05	t	0	0	{}	{}	{}	t	f	f	f	f	f
5132	402	97	finishing	2016-06-24 07:24:07.898+05	t	0	0	{}	{}	{}	t	f	f	f	f	f
5133	402	97	finished	2016-06-24 07:24:07.899+05	t	0	0	{}	{}	{}	t	f	f	f	f	f
5134	402	97	canceling	2016-06-24 07:24:07.899+05	t	0	0	{}	{}	{}	t	f	f	f	f	f
5135	402	97	canceled	2016-06-24 07:24:07.899+05	t	0	0	{}	{}	{}	t	f	f	f	f	f
5136	402	97	moving	2016-06-24 07:24:07.9+05	t	0	0	{}	{}	{}	t	f	f	f	f	f
5137	402	97	end	2016-06-24 07:24:07.901+05	t	0	0	{}	{}	{}	t	t	f	f	f	f
5138	403	97	start	2016-06-24 07:29:27.258+05	t	0	0	{}	{}	{}	t	f	f	f	f	f
5139	403	97	moving	2016-06-24 07:29:27.26+05	t	0	0	{}	{}	{}	t	f	f	f	f	f
5140	403	97	initiating	2016-06-24 07:29:27.294+05	t	0	0	{}	{}	{}	t	f	f	f	f	f
5141	403	97	initiated	2016-06-24 07:29:27.295+05	t	0	0	{}	{}	{}	t	f	f	f	f	f
5142	403	97	invoking	2016-06-24 07:29:27.295+05	t	0	0	{}	{}	{}	t	f	f	f	f	f
5143	403	97	invoked	2016-06-24 07:29:27.296+05	t	0	0	{}	{}	{}	t	f	f	f	f	f
5144	403	97	finishing	2016-06-24 07:29:27.296+05	t	0	0	{}	{}	{}	t	f	f	f	f	f
5145	403	97	finished	2016-06-24 07:29:27.296+05	t	0	0	{}	{}	{}	t	f	f	f	f	f
5146	403	97	canceling	2016-06-24 07:29:27.296+05	t	0	0	{}	{}	{}	t	f	f	f	f	f
5147	403	97	canceled	2016-06-24 07:29:27.296+05	t	0	0	{}	{}	{}	t	f	f	f	f	f
5148	403	97	moving	2016-06-24 07:29:27.299+05	t	0	0	{}	{}	{}	t	f	f	f	f	f
5149	403	97	canceling	2016-06-24 07:29:27.299+05	t	0	0	{}	{}	{}	t	f	f	f	f	f
5150	403	97	canceled	2016-06-24 07:29:27.299+05	t	0	0	{}	{}	{}	t	f	f	f	f	f
5151	403	97	moving	2016-06-24 07:29:27.299+05	t	0	0	{}	{}	{}	t	f	f	f	f	f
5152	403	97	canceling	2016-06-24 07:29:27.3+05	t	0	0	{}	{}	{}	t	f	f	f	f	f
5153	403	97	canceled	2016-06-24 07:29:27.3+05	t	0	0	{}	{}	{}	t	f	f	f	f	f
5154	403	97	moving	2016-06-24 07:29:27.302+05	t	0	0	{}	{}	{}	t	f	f	f	f	f
5155	403	97	canceling	2016-06-24 07:29:27.305+05	t	0	0	{}	{}	{}	t	f	f	f	f	f
5156	403	97	canceled	2016-06-24 07:29:27.305+05	t	0	0	{}	{}	{}	t	f	f	f	f	f
5157	403	97	moving	2016-06-24 07:29:27.306+05	t	0	0	{}	{}	{}	t	f	f	f	f	f
5158	403	97	end	2016-06-24 07:29:27.306+05	t	0	0	{}	{}	{}	t	t	f	f	f	f
5159	404	97	start	2016-06-24 07:30:45.404+05	t	0	0	{}	{}	{}	t	f	f	f	f	f
5160	404	97	moving	2016-06-24 07:30:45.407+05	t	0	0	{}	{}	{}	t	f	f	f	f	f
5161	404	97	initiating	2016-06-24 07:30:45.434+05	t	0	0	{}	{}	{}	t	f	f	f	f	f
5162	404	97	initiated	2016-06-24 07:30:45.436+05	t	0	0	{}	{}	{}	t	f	f	f	f	f
5163	404	97	invoking	2016-06-24 07:30:45.436+05	t	0	0	{}	{}	{}	t	f	f	f	f	f
5164	404	97	invoked	2016-06-24 07:30:45.436+05	t	0	0	{}	{}	{}	t	f	f	f	f	f
5165	404	97	finishing	2016-06-24 07:30:45.436+05	t	0	0	{}	{}	{}	t	f	f	f	f	f
5166	404	97	finished	2016-06-24 07:30:45.437+05	t	0	0	{}	{}	{}	t	f	f	f	f	f
5167	404	97	canceling	2016-06-24 07:30:45.437+05	t	0	0	{}	{}	{}	t	f	f	f	f	f
5168	404	97	canceled	2016-06-24 07:30:45.438+05	t	0	0	{}	{}	{}	t	f	f	f	f	f
5169	404	97	moving	2016-06-24 07:30:45.44+05	t	0	0	{}	{}	{}	t	f	f	f	f	f
5170	404	97	canceling	2016-06-24 07:30:45.441+05	t	0	0	{}	{}	{}	t	f	f	f	f	f
5171	404	97	canceled	2016-06-24 07:30:45.441+05	t	0	0	{}	{}	{}	t	f	f	f	f	f
5172	404	97	moving	2016-06-24 07:30:45.441+05	t	0	0	{}	{}	{}	t	f	f	f	f	f
5173	404	97	canceling	2016-06-24 07:30:45.442+05	t	0	0	{}	{}	{}	t	f	f	f	f	f
5174	404	97	canceled	2016-06-24 07:30:45.442+05	t	0	0	{}	{}	{}	t	f	f	f	f	f
5175	404	97	moving	2016-06-24 07:30:45.442+05	t	0	0	{}	{}	{}	t	f	f	f	f	f
5176	404	97	canceling	2016-06-24 07:30:45.442+05	t	0	0	{}	{}	{}	t	f	f	f	f	f
5177	404	97	canceled	2016-06-24 07:30:45.442+05	t	0	0	{}	{}	{}	t	f	f	f	f	f
5178	404	97	moving	2016-06-24 07:30:45.443+05	t	0	0	{}	{}	{}	t	f	f	f	f	f
5179	404	97	end	2016-06-24 07:30:45.443+05	t	0	0	{}	{}	{}	t	t	f	f	f	f
5180	405	97	start	2016-06-24 07:32:36.093+05	t	0	0	{}	{}	{}	t	f	f	f	f	f
5181	405	97	moving	2016-06-24 07:32:36.094+05	t	0	0	{}	{}	{}	t	f	f	f	f	f
5182	405	97	initiating	2016-06-24 07:32:36.125+05	t	0	0	{}	{}	{}	t	f	f	f	f	f
5183	405	97	initiated	2016-06-24 07:32:36.126+05	t	0	0	{}	{}	{}	t	f	f	f	f	f
5184	405	97	invoking	2016-06-24 07:32:36.126+05	t	0	0	{}	{}	{}	t	f	f	f	f	f
5185	405	97	invoked	2016-06-24 07:32:36.126+05	t	0	0	{}	{}	{}	t	f	f	f	f	f
5186	405	97	finishing	2016-06-24 07:32:36.126+05	t	0	0	{}	{}	{}	t	f	f	f	f	f
5187	405	97	finished	2016-06-24 07:32:36.126+05	t	0	0	{}	{}	{}	t	f	f	f	f	f
5188	405	97	canceling	2016-06-24 07:32:36.126+05	t	0	0	{}	{}	{}	t	f	f	f	f	f
5189	405	97	canceled	2016-06-24 07:32:36.126+05	t	0	0	{}	{}	{}	t	f	f	f	f	f
5190	405	97	moving	2016-06-24 07:32:36.129+05	t	0	0	{}	{}	{}	t	f	f	f	f	f
5191	405	97	canceling	2016-06-24 07:32:36.13+05	t	0	0	{}	{}	{}	t	f	f	f	f	f
5192	405	97	canceled	2016-06-24 07:32:36.13+05	t	0	0	{}	{}	{}	t	f	f	f	f	f
5193	405	97	moving	2016-06-24 07:32:36.13+05	t	0	0	{}	{}	{}	t	f	f	f	f	f
5194	405	97	canceling	2016-06-24 07:32:36.131+05	t	0	0	{}	{}	{}	t	f	f	f	f	f
5195	405	97	canceled	2016-06-24 07:32:36.131+05	t	0	0	{}	{}	{}	t	f	f	f	f	f
5196	405	97	moving	2016-06-24 07:32:36.131+05	t	0	0	{}	{}	{}	t	f	f	f	f	f
5197	405	97	canceling	2016-06-24 07:32:36.131+05	t	0	0	{}	{}	{}	t	f	f	f	f	f
5199	405	97	moving	2016-06-24 07:32:36.132+05	t	0	0	{}	{}	{}	t	f	f	f	f	f
5200	405	97	end	2016-06-24 07:32:36.132+05	t	0	0	{}	{}	{}	t	t	f	f	f	f
5198	405	97	canceled	2016-06-24 07:32:36.132+05	t	0	0	{}	{}	{}	t	f	f	f	f	f
5201	406	97	start	2016-06-24 07:33:42.87+05	t	0	0	{}	{}	{}	t	f	f	f	f	f
5202	406	97	moving	2016-06-24 07:33:42.871+05	t	0	0	{}	{}	{}	t	f	f	f	f	f
5203	406	97	initiating	2016-06-24 07:33:42.895+05	t	0	0	{}	{}	{}	t	f	f	f	f	f
5204	406	97	initiated	2016-06-24 07:33:42.895+05	t	0	0	{}	{}	{}	t	f	f	f	f	f
5205	406	97	invoking	2016-06-24 07:33:42.895+05	t	0	0	{}	{}	{}	t	f	f	f	f	f
5206	406	97	invoked	2016-06-24 07:33:42.895+05	t	0	0	{}	{}	{}	t	f	f	f	f	f
5207	406	97	finishing	2016-06-24 07:33:42.896+05	t	0	0	{}	{}	{}	t	f	f	f	f	f
5208	406	97	finished	2016-06-24 07:33:42.896+05	t	0	0	{}	{}	{}	t	f	f	f	f	f
5209	406	97	canceling	2016-06-24 07:33:42.896+05	t	0	0	{}	{}	{}	t	f	f	f	f	f
5210	406	97	canceled	2016-06-24 07:33:42.896+05	t	0	0	{}	{}	{}	t	f	f	f	f	f
5211	406	97	moving	2016-06-24 07:33:42.897+05	t	0	0	{}	{}	{}	t	f	f	f	f	f
5212	406	97	moving	2016-06-24 07:33:42.898+05	t	0	0	{}	{}	{}	t	f	f	f	f	f
5213	406	97	moving	2016-06-24 07:33:42.899+05	t	0	0	{}	{}	{}	t	f	f	f	f	f
5214	406	97	moving	2016-06-24 07:33:42.899+05	t	0	0	{}	{}	{}	t	f	f	f	f	f
5215	406	97	end	2016-06-24 07:33:42.9+05	t	0	0	{}	{}	{}	t	t	f	f	f	f
5216	407	97	start	2016-06-24 07:36:33.617+05	t	0	0	{}	{}	{}	t	f	f	f	f	f
5217	407	97	moving	2016-06-24 07:36:33.62+05	t	0	0	{}	{}	{}	t	f	f	f	f	f
5218	407	97	initiating	2016-06-24 07:36:33.712+05	t	0	0	{}	{}	{}	t	f	f	f	f	f
5219	407	97	initiated	2016-06-24 07:36:33.713+05	t	0	0	{}	{}	{}	t	f	f	f	f	f
5220	407	97	invoking	2016-06-24 07:36:33.713+05	t	0	0	{}	{}	{}	t	f	f	f	f	f
5221	407	97	invoked	2016-06-24 07:36:33.713+05	t	0	0	{}	{}	{}	t	f	f	f	f	f
5222	407	97	finishing	2016-06-24 07:36:33.713+05	t	0	0	{}	{}	{}	t	f	f	f	f	f
5223	407	97	finished	2016-06-24 07:36:33.713+05	t	0	0	{}	{}	{}	t	f	f	f	f	f
5224	407	97	canceling	2016-06-24 07:36:33.713+05	t	0	0	{}	{}	{}	t	f	f	f	f	f
5225	407	97	canceled	2016-06-24 07:36:33.713+05	t	0	0	{}	{}	{}	t	f	f	f	f	f
5226	407	97	moving	2016-06-24 07:36:33.715+05	t	0	0	{}	{}	{}	t	f	f	f	f	f
5227	407	97	moving	2016-06-24 07:36:33.716+05	t	0	0	{}	{}	{}	t	f	f	f	f	f
5228	407	97	moving	2016-06-24 07:36:33.717+05	t	0	0	{}	{}	{}	t	f	f	f	f	f
5229	407	97	moving	2016-06-24 07:36:33.718+05	t	0	0	{}	{}	{}	t	f	f	f	f	f
5230	407	97	end	2016-06-24 07:36:33.718+05	t	0	0	{}	{}	{}	t	t	f	f	f	f
5231	408	97	start	2016-06-24 07:37:12.757+05	t	0	0	{}	{}	{}	t	f	f	f	f	f
5232	408	97	moving	2016-06-24 07:37:12.76+05	t	0	0	{}	{}	{}	t	f	f	f	f	f
5233	408	97	initiating	2016-06-24 07:37:12.854+05	t	0	0	{}	{}	{}	t	f	f	f	f	f
5234	408	97	initiated	2016-06-24 07:37:12.854+05	t	0	0	{}	{}	{}	t	f	f	f	f	f
5235	408	97	invoking	2016-06-24 07:37:12.854+05	t	0	0	{}	{}	{}	t	f	f	f	f	f
5236	408	97	invoked	2016-06-24 07:37:12.855+05	t	0	0	{}	{}	{}	t	f	f	f	f	f
5237	408	97	finishing	2016-06-24 07:37:12.855+05	t	0	0	{}	{}	{}	t	f	f	f	f	f
5238	408	97	finished	2016-06-24 07:37:12.855+05	t	0	0	{}	{}	{}	t	f	f	f	f	f
5239	408	97	canceling	2016-06-24 07:37:12.855+05	t	0	0	{}	{}	{}	t	f	f	f	f	f
5240	408	97	canceled	2016-06-24 07:37:12.855+05	t	0	0	{}	{}	{}	t	f	f	f	f	f
5241	408	97	moving	2016-06-24 07:37:12.857+05	t	0	0	{}	{}	{}	t	f	f	f	f	f
5242	408	97	moving	2016-06-24 07:37:12.858+05	t	0	0	{}	{}	{}	t	f	f	f	f	f
5243	408	97	moving	2016-06-24 07:37:12.858+05	t	0	0	{}	{}	{}	t	f	f	f	f	f
5244	408	97	moving	2016-06-24 07:37:12.859+05	t	0	0	{}	{}	{}	t	f	f	f	f	f
5245	408	97	end	2016-06-24 07:37:12.859+05	t	0	0	{}	{}	{}	t	t	f	f	f	f
5246	409	97	start	2016-06-24 07:38:32.853+05	t	0	0	{}	{}	{}	t	f	f	f	f	f
5247	409	97	moving	2016-06-24 07:38:32.854+05	t	0	0	{}	{}	{}	t	f	f	f	f	f
5248	409	97	initiating	2016-06-24 07:38:32.888+05	t	0	0	{}	{}	{}	t	f	f	f	f	f
5249	409	97	initiated	2016-06-24 07:38:32.888+05	t	0	0	{}	{}	{}	t	f	f	f	f	f
5250	409	97	invoking	2016-06-24 07:38:32.888+05	t	0	0	{}	{}	{}	t	f	f	f	f	f
5251	409	97	invoked	2016-06-24 07:38:32.889+05	t	0	0	{}	{}	{}	t	f	f	f	f	f
5252	409	97	finishing	2016-06-24 07:38:32.889+05	t	0	0	{}	{}	{}	t	f	f	f	f	f
5253	409	97	finished	2016-06-24 07:38:32.889+05	t	0	0	{}	{}	{}	t	f	f	f	f	f
5254	409	97	canceling	2016-06-24 07:38:32.889+05	t	0	0	{}	{}	{}	t	f	f	f	f	f
5255	409	97	canceled	2016-06-24 07:38:32.889+05	t	0	0	{}	{}	{}	t	f	f	f	f	f
5256	409	97	moving	2016-06-24 07:38:32.891+05	t	0	0	{}	{}	{}	t	f	f	f	f	f
5257	409	97	moving	2016-06-24 07:38:32.892+05	t	0	0	{}	{}	{}	t	f	f	f	f	f
5258	409	97	moving	2016-06-24 07:38:32.893+05	t	0	0	{}	{}	{}	t	f	f	f	f	f
5259	409	97	moving	2016-06-24 07:38:32.893+05	t	0	0	{}	{}	{}	t	f	f	f	f	f
5260	409	97	end	2016-06-24 07:38:32.894+05	t	0	0	{}	{}	{}	t	t	f	f	f	f
5261	410	97	start	2016-06-24 08:24:58.761+05	t	0	0	{}	{}	{}	t	f	f	f	f	f
5262	410	97	moving	2016-06-24 08:24:58.763+05	t	0	0	{}	{}	{}	t	f	f	f	f	f
5263	410	97	initiating	2016-06-24 08:24:58.81+05	t	0	0	{}	{}	{}	t	f	f	f	f	f
5264	410	97	initiated	2016-06-24 08:24:58.81+05	t	0	0	{}	{}	{}	t	f	f	f	f	f
5265	410	97	invoking	2016-06-24 08:24:58.81+05	t	0	0	{}	{}	{}	t	f	f	f	f	f
5266	410	97	invoked	2016-06-24 08:24:58.81+05	t	0	0	{}	{}	{}	t	f	f	f	f	f
5267	410	97	moving	2016-06-24 08:24:58.811+05	t	0	0	{}	{}	{}	t	f	f	f	f	t
5268	410	97	paused	2016-06-24 08:24:58.811+05	t	0	0	{}	{}	{}	t	f	f	f	f	t
5269	411	97	start	2016-06-24 08:37:25.624+05	t	0	0	{}	{}	{}	t	f	f	f	f	f
5270	411	97	moving	2016-06-24 08:37:25.626+05	t	0	0	{}	{}	{}	t	f	f	f	f	f
5271	411	97	initiating	2016-06-24 08:37:25.672+05	t	0	0	{}	{}	{}	t	f	f	f	f	f
5272	411	97	initiated	2016-06-24 08:37:25.673+05	t	0	0	{}	{}	{}	t	f	f	f	f	f
5273	411	97	invoking	2016-06-24 08:37:25.673+05	t	0	0	{}	{}	{}	t	f	f	f	f	f
5274	411	97	invoked	2016-06-24 08:37:25.674+05	t	0	0	{}	{}	{}	t	f	f	f	f	f
5275	411	97	finishing	2016-06-24 08:37:25.674+05	t	0	0	{}	{}	{}	t	f	f	f	f	f
5276	411	97	finished	2016-06-24 08:37:25.674+05	t	0	0	{}	{}	{}	t	f	f	f	f	f
5277	411	97	canceling	2016-06-24 08:37:25.674+05	t	1	0	{}	{}	{}	t	f	f	f	f	f
5278	411	97	canceled	2016-06-24 08:37:25.674+05	t	1	0	{}	{}	{}	t	f	f	f	f	f
5279	411	97	moving	2016-06-24 08:37:25.674+05	f	1	0	{}	{}	{}	t	f	f	f	f	f
5280	411	97	end	2016-06-24 08:37:25.675+05	f	1	0	{}	{}	{}	t	t	f	f	f	f
5281	412	97	start	2016-06-24 08:41:12.224+05	t	0	0	{}	{}	{}	t	f	f	f	f	f
5282	412	97	moving	2016-06-24 08:41:12.225+05	t	0	0	{}	{}	{}	t	f	f	f	f	f
5283	412	97	initiating	2016-06-24 08:41:12.264+05	t	0	0	{}	{}	{}	t	f	f	f	f	f
5284	412	97	initiated	2016-06-24 08:41:12.265+05	t	0	0	{}	{}	{}	t	f	f	f	f	f
5285	412	97	invoking	2016-06-24 08:41:12.265+05	t	0	0	{}	{}	{}	t	f	f	f	f	f
5286	412	97	invoked	2016-06-24 08:41:12.267+05	t	0	0	{}	{}	{}	t	f	f	f	f	f
5287	412	97	finishing	2016-06-24 08:41:12.267+05	t	0	0	{}	{}	{}	t	f	f	f	f	f
5288	412	97	finished	2016-06-24 08:41:12.267+05	t	0	0	{}	{}	{}	t	f	f	f	f	f
5289	412	97	moving	2016-06-24 08:41:12.267+05	t	1	0	{}	{}	{}	t	f	f	f	f	f
5290	412	97	end	2016-06-24 08:41:12.268+05	t	1	0	{}	{}	{}	t	t	f	f	f	f
5291	413	97	start	2016-06-24 08:57:19.914+05	t	0	0	{}	{}	{}	t	f	f	f	f	f
5292	413	97	moving	2016-06-24 08:57:19.915+05	t	0	0	{}	{}	{}	t	f	f	f	f	f
5293	413	97	initiating	2016-06-24 08:57:19.971+05	t	0	0	{}	{}	{}	t	f	f	f	f	f
5294	413	97	initiated	2016-06-24 08:57:19.972+05	t	0	0	{}	{}	{}	t	f	f	f	f	f
5295	413	97	invoking	2016-06-24 08:57:19.972+05	t	0	0	{}	{}	{}	t	f	f	f	f	f
5296	413	97	moving	2016-06-24 08:57:19.976+05	t	0	0	{}	{}	{}	t	f	f	f	f	t
5297	413	97	paused	2016-06-24 08:57:19.977+05	t	0	0	{}	{}	{}	t	f	f	f	f	t
5298	414	97	start	2016-06-24 08:59:59.395+05	t	0	0	{}	{}	{}	t	f	f	f	f	f
5299	414	97	moving	2016-06-24 08:59:59.396+05	t	0	0	{}	{}	{}	t	f	f	f	f	f
5300	414	97	initiating	2016-06-24 08:59:59.448+05	t	0	0	{}	{}	{}	t	f	f	f	f	f
5301	414	97	initiated	2016-06-24 08:59:59.448+05	t	0	0	{}	{}	{}	t	f	f	f	f	f
5302	414	97	invoking	2016-06-24 08:59:59.448+05	t	0	0	{}	{}	{}	t	f	f	f	f	f
5303	414	97	moving	2016-06-24 08:59:59.451+05	t	0	0	{}	{}	{}	t	f	f	f	f	t
5304	414	97	paused	2016-06-24 08:59:59.451+05	t	0	0	{}	{}	{}	t	f	f	f	f	t
5305	415	97	start	2016-06-24 09:40:56.147+05	t	0	0	{}	{}	{}	t	f	f	f	f	f
5306	415	97	moving	2016-06-24 09:40:56.148+05	t	0	0	{}	{}	{}	t	f	f	f	f	f
5307	415	97	initiating	2016-06-24 09:40:56.229+05	t	0	0	{}	{}	{}	t	f	f	f	f	f
5308	415	97	initiated	2016-06-24 09:40:56.23+05	t	0	0	{}	{}	{}	t	f	f	f	f	f
5309	415	97	invoking	2016-06-24 09:40:56.23+05	t	0	0	{}	{}	{}	t	f	f	f	f	f
5310	415	97	moving	2016-06-24 09:40:56.259+05	t	0	0	{}	{}	{}	t	f	f	f	f	t
5311	415	97	paused	2016-06-24 09:40:56.26+05	t	0	0	{}	{}	{}	t	f	f	f	f	t
5312	416	97	start	2016-06-24 11:26:39.39+05	t	0	0	{}	{}	{}	t	f	f	f	f	f
5313	416	97	moving	2016-06-24 11:26:39.399+05	t	0	0	{}	{}	{}	t	f	f	f	f	f
5314	416	97	initiating	2016-06-24 11:26:39.538+05	t	0	0	{}	{}	{}	t	f	f	f	f	f
5315	416	97	initiated	2016-06-24 11:26:39.547+05	t	0	0	{}	{}	{}	t	f	f	f	f	f
5316	416	97	invoking	2016-06-24 11:26:39.547+05	t	0	0	{}	{}	{}	t	f	f	f	f	f
5317	416	97	moving	2016-06-24 11:26:39.614+05	t	0	0	{}	{}	{}	t	f	f	f	f	t
5318	416	97	paused	2016-06-24 11:26:39.615+05	t	0	0	{}	{}	{}	t	f	f	f	f	t
5319	417	97	start	2016-06-24 13:56:24.735+05	t	0	0	{}	{}	{}	t	f	f	f	f	f
5320	417	97	moving	2016-06-24 13:56:24.743+05	t	0	0	{}	{}	{}	t	f	f	f	f	f
5321	417	97	initiating	2016-06-24 13:56:24.819+05	t	0	0	{}	{}	{}	t	f	f	f	f	f
5322	417	97	initiated	2016-06-24 13:56:24.822+05	t	0	0	{}	{}	{}	t	f	f	f	f	f
5323	417	97	invoking	2016-06-24 13:56:24.822+05	t	0	0	{}	{}	{}	t	f	f	f	f	f
5324	417	97	moving	2016-06-24 13:56:24.832+05	t	0	0	{}	{}	{}	t	f	f	f	f	t
5325	417	97	paused	2016-06-24 13:56:24.832+05	t	0	0	{}	{}	{}	t	f	f	f	f	t
5326	418	97	start	2016-06-24 13:59:52.762+05	t	0	0	{}	{}	{}	t	f	f	f	f	f
5327	418	97	moving	2016-06-24 13:59:52.763+05	t	0	0	{}	{}	{}	t	f	f	f	f	f
5328	418	97	initiating	2016-06-24 13:59:52.795+05	t	0	0	{}	{}	{}	t	f	f	f	f	f
5329	418	97	initiated	2016-06-24 13:59:52.796+05	t	0	0	{}	{}	{}	t	f	f	f	f	f
5330	418	97	invoking	2016-06-24 13:59:52.796+05	t	0	0	{}	{}	{}	t	f	f	f	f	f
5331	418	97	moving	2016-06-24 13:59:52.803+05	t	0	0	{}	{}	{}	t	f	f	f	f	t
5332	418	97	paused	2016-06-24 13:59:52.803+05	t	0	0	{}	{}	{}	t	f	f	f	f	t
5333	419	97	start	2016-06-24 14:00:27.541+05	t	0	0	{}	{}	{}	t	f	f	f	f	f
5334	419	97	moving	2016-06-24 14:00:27.542+05	t	0	0	{}	{}	{}	t	f	f	f	f	f
5335	419	97	initiating	2016-06-24 14:00:27.583+05	t	0	0	{}	{}	{}	t	f	f	f	f	f
5336	419	97	initiated	2016-06-24 14:00:27.585+05	t	0	0	{}	{}	{}	t	f	f	f	f	f
5337	419	97	invoking	2016-06-24 14:00:27.586+05	t	0	0	{}	{}	{}	t	f	f	f	f	f
5338	419	97	moving	2016-06-24 14:00:27.595+05	t	0	0	{}	{}	{}	t	f	f	f	f	t
5339	419	97	paused	2016-06-24 14:00:27.595+05	t	0	0	{}	{}	{}	t	f	f	f	f	t
5340	420	97	start	2016-06-24 16:09:24.001+05	t	0	0	{}	{}	{}	t	f	f	f	f	f
5341	420	97	moving	2016-06-24 16:09:24.009+05	t	0	0	{}	{}	{}	t	f	f	f	f	f
5342	420	97	initiating	2016-06-24 16:09:24.176+05	t	0	0	{}	{}	{}	t	f	f	f	f	f
5343	420	97	initiated	2016-06-24 16:09:24.182+05	t	0	0	{}	{}	{}	t	f	f	f	f	f
5344	420	97	invoking	2016-06-24 16:09:24.182+05	t	0	0	{}	{}	{}	t	f	f	f	f	f
5345	420	97	moving	2016-06-24 16:09:24.267+05	t	0	0	{}	{}	{}	t	f	f	f	f	t
5346	420	97	paused	2016-06-24 16:09:24.267+05	t	0	0	{}	{}	{}	t	f	f	f	f	t
5347	421	97	start	2016-06-26 09:07:16.664+05	t	0	0	{}	{}	{}	t	f	f	f	f	f
5348	421	97	moving	2016-06-26 09:07:16.678+05	t	0	0	{}	{}	{}	t	f	f	f	f	f
5349	421	97	initiating	2016-06-26 09:07:16.836+05	t	0	0	{}	{}	{}	t	f	f	f	f	f
5350	421	97	initiated	2016-06-26 09:07:16.849+05	t	0	0	{}	{}	{}	t	f	f	f	f	f
5351	421	97	invoking	2016-06-26 09:07:16.849+05	t	0	0	{}	{}	{}	t	f	f	f	f	f
5352	421	97	moving	2016-06-26 09:07:16.956+05	t	0	0	{}	{}	{}	t	f	f	f	f	t
5353	421	97	paused	2016-06-26 09:07:16.956+05	t	0	0	{}	{}	{}	t	f	f	f	f	t
5354	422	97	start	2016-06-26 11:07:42.187+05	t	0	0	{}	{}	{}	t	f	f	f	f	f
5355	422	97	moving	2016-06-26 11:07:42.189+05	t	0	0	{}	{}	{}	t	f	f	f	f	f
5356	422	97	initiating	2016-06-26 11:07:42.221+05	t	0	0	{}	{}	{}	t	f	f	f	f	f
5357	422	97	initiated	2016-06-26 11:07:42.222+05	t	0	0	{}	{}	{}	t	f	f	f	f	f
5358	422	97	invoking	2016-06-26 11:07:42.222+05	t	0	0	{}	{}	{}	t	f	f	f	f	f
5359	422	97	moving	2016-06-26 11:07:42.231+05	t	0	0	{}	{}	{}	t	f	f	f	f	t
5360	422	97	paused	2016-06-26 11:07:42.231+05	t	0	0	{}	{}	{}	t	f	f	f	f	t
5361	423	97	start	2016-06-27 05:55:10.916+05	t	0	0	{}	{}	{}	t	f	f	f	f	f
5362	423	97	moving	2016-06-27 05:55:10.917+05	t	0	0	{}	{}	{}	t	f	f	f	f	f
5363	423	97	initiating	2016-06-27 05:55:10.948+05	t	0	0	{}	{}	{}	t	f	f	f	f	f
5364	423	97	initiated	2016-06-27 05:55:10.948+05	t	0	0	{}	{}	{}	t	f	f	f	f	f
5365	423	97	invoking	2016-06-27 05:55:10.948+05	t	0	0	{}	{}	{}	t	f	f	f	f	f
5366	423	97	moving	2016-06-27 05:55:10.954+05	t	0	0	{}	{}	{}	t	f	f	f	f	t
5367	423	97	paused	2016-06-27 05:55:10.954+05	t	0	0	{}	{}	{}	t	f	f	f	f	t
5368	424	97	start	2016-06-27 06:53:07.833+05	t	0	0	{}	{}	{}	t	f	f	f	f	f
5369	424	97	moving	2016-06-27 06:53:07.833+05	t	0	0	{}	{}	{}	t	f	f	f	f	f
5370	424	97	initiating	2016-06-27 06:53:07.833+05	t	0	0	{}	{}	{}	t	f	f	f	f	f
5371	424	97	initiated	2016-06-27 06:53:07.833+05	t	0	0	{}	{}	{}	t	f	f	f	f	f
5372	424	97	invoking	2016-06-27 06:53:07.833+05	t	0	0	{}	{}	{}	t	f	f	f	f	f
5373	424	97	moving	2016-06-27 06:53:07.834+05	t	0	0	{}	{}	{}	t	f	f	f	f	t
5374	424	97	paused	2016-06-27 06:53:07.834+05	t	0	0	{}	{}	{}	t	f	f	f	f	t
5375	425	97	start	2016-06-27 06:54:22.034+05	t	0	0	{}	{}	{}	t	f	f	f	f	f
5376	425	97	moving	2016-06-27 06:54:22.035+05	t	0	0	{}	{}	{}	t	f	f	f	f	f
5377	425	97	initiating	2016-06-27 06:54:22.065+05	t	0	0	{}	{}	{}	t	f	f	f	f	f
5378	425	97	initiated	2016-06-27 06:54:22.065+05	t	0	0	{}	{}	{}	t	f	f	f	f	f
5379	425	97	invoking	2016-06-27 06:54:22.065+05	t	0	0	{}	{}	{}	t	f	f	f	f	f
5380	425	97	moving	2016-06-27 06:54:22.172+05	t	0	0	{}	{}	{}	t	f	f	f	f	t
5381	425	97	paused	2016-06-27 06:54:22.172+05	t	0	0	{}	{}	{}	t	f	f	f	f	t
5382	426	97	start	2016-06-27 17:03:44.583+05	t	0	0	{}	{}	{}	t	f	f	f	f	f
5383	426	97	moving	2016-06-27 17:03:44.598+05	t	0	0	{}	{}	{}	t	f	f	f	f	f
5384	426	97	initiating	2016-06-27 17:03:44.712+05	t	0	0	{}	{}	{}	t	f	f	f	f	f
5385	426	97	initiated	2016-06-27 17:03:44.713+05	t	0	0	{}	{}	{}	t	f	f	f	f	f
5386	426	97	invoking	2016-06-27 17:03:44.713+05	t	0	0	{}	{}	{}	t	f	f	f	f	f
5387	426	97	moving	2016-06-27 17:03:45.481+05	t	0	0	{}	{}	{}	t	f	f	f	f	t
5388	426	97	paused	2016-06-27 17:03:45.481+05	t	0	0	{}	{}	{}	t	f	f	f	f	t
5389	427	97	start	2016-06-27 20:17:26.358+05	t	0	0	{}	{}	{}	t	f	f	f	f	f
5390	427	97	moving	2016-06-27 20:17:26.36+05	t	0	0	{}	{}	{}	t	f	f	f	f	f
5391	427	97	initiating	2016-06-27 20:17:26.411+05	t	0	0	{}	{}	{}	t	f	f	f	f	f
5392	427	97	initiated	2016-06-27 20:17:26.411+05	t	0	0	{}	{}	{}	t	f	f	f	f	f
5393	427	97	invoking	2016-06-27 20:17:26.411+05	t	0	0	{}	{}	{}	t	f	f	f	f	f
5394	427	97	moving	2016-06-27 20:17:26.983+05	t	0	0	{}	{}	{}	t	f	f	f	f	t
5395	427	97	paused	2016-06-27 20:17:26.983+05	t	0	0	{}	{}	{}	t	f	f	f	f	t
5396	428	97	start	2016-06-27 21:10:11.774+05	t	0	0	{}	{}	{}	t	f	f	f	f	f
5397	428	97	moving	2016-06-27 21:10:11.776+05	t	0	0	{}	{}	{}	t	f	f	f	f	f
5398	428	97	initiating	2016-06-27 21:10:11.821+05	t	0	0	{}	{}	{}	t	f	f	f	f	f
5399	428	97	initiated	2016-06-27 21:10:11.822+05	t	0	0	{}	{}	{}	t	f	f	f	f	f
5400	428	97	invoking	2016-06-27 21:10:11.822+05	t	0	0	{}	{}	{}	t	f	f	f	f	f
5401	428	97	moving	2016-06-27 21:10:12.166+05	t	0	0	{}	{}	{}	t	f	f	f	f	t
5402	428	97	paused	2016-06-27 21:10:12.166+05	t	0	0	{}	{}	{}	t	f	f	f	f	t
5403	429	97	start	2016-06-27 21:12:30.973+05	t	0	0	{}	{}	{}	t	f	f	f	f	f
5404	429	97	moving	2016-06-27 21:12:30.974+05	t	0	0	{}	{}	{}	t	f	f	f	f	f
5405	429	97	initiating	2016-06-27 21:12:31.013+05	t	0	0	{}	{}	{}	t	f	f	f	f	f
5406	429	97	initiated	2016-06-27 21:12:31.015+05	t	0	0	{}	{}	{}	t	f	f	f	f	f
5407	429	97	invoking	2016-06-27 21:12:31.015+05	t	0	0	{}	{}	{}	t	f	f	f	f	f
5408	429	97	moving	2016-06-27 21:12:31.375+05	t	0	0	{}	{}	{}	t	f	f	f	f	t
5409	429	97	paused	2016-06-27 21:12:31.375+05	t	0	0	{}	{}	{}	t	f	f	f	f	t
5410	430	97	start	2016-06-27 21:13:56.37+05	t	0	0	{}	{}	{}	t	f	f	f	f	f
5411	430	97	moving	2016-06-27 21:13:56.371+05	t	0	0	{}	{}	{}	t	f	f	f	f	f
5412	430	97	initiating	2016-06-27 21:13:56.414+05	t	0	0	{}	{}	{}	t	f	f	f	f	f
5413	430	97	initiated	2016-06-27 21:13:56.415+05	t	0	0	{}	{}	{}	t	f	f	f	f	f
5414	430	97	invoking	2016-06-27 21:13:56.415+05	t	0	0	{}	{}	{}	t	f	f	f	f	f
5415	430	97	moving	2016-06-27 21:13:56.766+05	t	0	0	{}	{}	{}	t	f	f	f	f	t
5416	430	97	paused	2016-06-27 21:13:56.766+05	t	0	0	{}	{}	{}	t	f	f	f	f	t
5417	431	97	start	2016-06-27 21:17:41.283+05	t	0	0	{}	{}	{}	t	f	f	f	f	f
5418	431	97	moving	2016-06-27 21:17:41.284+05	t	0	0	{}	{}	{}	t	f	f	f	f	f
5419	431	97	initiating	2016-06-27 21:17:41.318+05	t	0	0	{}	{}	{}	t	f	f	f	f	f
5420	431	97	initiated	2016-06-27 21:17:41.32+05	t	0	0	{}	{}	{}	t	f	f	f	f	f
5421	431	97	invoking	2016-06-27 21:17:41.32+05	t	0	0	{}	{}	{}	t	f	f	f	f	f
5422	431	97	moving	2016-06-27 21:17:41.972+05	t	0	0	{}	{}	{}	t	f	f	f	f	t
5423	431	97	paused	2016-06-27 21:17:41.972+05	t	0	0	{}	{}	{}	t	f	f	f	f	t
5424	432	97	start	2016-06-27 21:17:43.556+05	t	0	0	{}	{}	{}	t	f	f	f	f	f
5425	432	97	moving	2016-06-27 21:17:43.557+05	t	0	0	{}	{}	{}	t	f	f	f	f	f
5426	432	97	initiating	2016-06-27 21:17:43.557+05	t	0	0	{}	{}	{}	t	f	f	f	f	f
5427	432	97	initiated	2016-06-27 21:17:43.557+05	t	0	0	{}	{}	{}	t	f	f	f	f	f
5428	432	97	invoking	2016-06-27 21:17:43.557+05	t	0	0	{}	{}	{}	t	f	f	f	f	f
5429	432	97	moving	2016-06-27 21:17:43.557+05	t	0	0	{}	{}	{}	t	f	f	f	f	t
5430	432	97	paused	2016-06-27 21:17:43.557+05	t	0	0	{}	{}	{}	t	f	f	f	f	t
5431	433	97	start	2016-06-27 21:18:23.213+05	t	0	0	{}	{}	{}	t	f	f	f	f	f
5432	433	97	moving	2016-06-27 21:18:23.214+05	t	0	0	{}	{}	{}	t	f	f	f	f	f
5433	433	97	initiating	2016-06-27 21:18:23.214+05	t	0	0	{}	{}	{}	t	f	f	f	f	f
5434	433	97	initiated	2016-06-27 21:18:23.214+05	t	0	0	{}	{}	{}	t	f	f	f	f	f
5435	433	97	invoking	2016-06-27 21:18:23.214+05	t	0	0	{}	{}	{}	t	f	f	f	f	f
5436	433	97	moving	2016-06-27 21:18:23.215+05	t	0	0	{}	{}	{}	t	f	f	f	f	t
5437	433	97	paused	2016-06-27 21:18:23.215+05	t	0	0	{}	{}	{}	t	f	f	f	f	t
5438	434	97	start	2016-06-27 21:20:25.202+05	t	0	0	{}	{}	{}	t	f	f	f	f	f
5439	434	97	moving	2016-06-27 21:20:25.204+05	t	0	0	{}	{}	{}	t	f	f	f	f	f
5440	434	97	initiating	2016-06-27 21:20:25.238+05	t	0	0	{}	{}	{}	t	f	f	f	f	f
5441	434	97	initiated	2016-06-27 21:20:25.238+05	t	0	0	{}	{}	{}	t	f	f	f	f	f
5442	434	97	invoking	2016-06-27 21:20:25.238+05	t	0	0	{}	{}	{}	t	f	f	f	f	f
5443	434	97	moving	2016-06-27 21:20:25.568+05	t	0	0	{}	{}	{}	t	f	f	f	f	t
5444	434	97	paused	2016-06-27 21:20:25.568+05	t	0	0	{}	{}	{}	t	f	f	f	f	t
5445	435	97	start	2016-06-27 21:27:01.584+05	t	0	0	{}	{}	{}	t	f	f	f	f	f
5446	435	97	moving	2016-06-27 21:27:01.589+05	t	0	0	{}	{}	{}	t	f	f	f	f	f
5447	435	97	initiating	2016-06-27 21:27:01.631+05	t	0	0	{}	{}	{}	t	f	f	f	f	f
5448	435	97	initiated	2016-06-27 21:27:01.631+05	t	0	0	{}	{}	{}	t	f	f	f	f	f
5449	435	97	invoking	2016-06-27 21:27:01.631+05	t	0	0	{}	{}	{}	t	f	f	f	f	f
5450	435	97	moving	2016-06-27 21:27:01.999+05	t	0	0	{}	{}	{}	t	f	f	f	f	t
5451	435	97	paused	2016-06-27 21:27:01.999+05	t	0	0	{}	{}	{}	t	f	f	f	f	t
5452	436	97	start	2016-06-27 22:13:10.691+05	t	0	0	{}	{}	{}	t	f	f	f	f	f
5453	436	97	moving	2016-06-27 22:13:10.693+05	t	0	0	{}	{}	{}	t	f	f	f	f	f
5454	436	97	initiating	2016-06-27 22:13:10.728+05	t	0	0	{}	{}	{}	t	f	f	f	f	f
5455	436	97	initiated	2016-06-27 22:13:10.728+05	t	0	0	{}	{}	{}	t	f	f	f	f	f
5456	436	97	invoking	2016-06-27 22:13:10.728+05	t	0	0	{}	{}	{}	t	f	f	f	f	f
5457	436	97	moving	2016-06-27 22:13:11.069+05	t	0	0	{}	{}	{}	t	f	f	f	f	t
5458	436	97	paused	2016-06-27 22:13:11.069+05	t	0	0	{}	{}	{}	t	f	f	f	f	t
5459	437	97	start	2016-06-27 22:16:33.226+05	t	0	0	{}	{}	{}	t	f	f	f	f	f
5460	437	97	moving	2016-06-27 22:16:33.227+05	t	0	0	{}	{}	{}	t	f	f	f	f	f
5461	437	97	initiating	2016-06-27 22:16:33.263+05	t	0	0	{}	{}	{}	t	f	f	f	f	f
5462	437	97	initiated	2016-06-27 22:16:33.263+05	t	0	0	{}	{}	{}	t	f	f	f	f	f
5463	437	97	invoking	2016-06-27 22:16:33.263+05	t	0	0	{}	{}	{}	t	f	f	f	f	f
5464	437	97	moving	2016-06-27 22:16:33.593+05	t	0	0	{}	{}	{}	t	f	f	f	f	t
5465	437	97	paused	2016-06-27 22:16:33.593+05	t	0	0	{}	{}	{}	t	f	f	f	f	t
5466	438	97	start	2016-06-27 22:17:23.92+05	t	0	0	{}	{}	{}	t	f	f	f	f	f
5467	438	97	moving	2016-06-27 22:17:23.92+05	t	0	0	{}	{}	{}	t	f	f	f	f	f
5468	438	97	initiating	2016-06-27 22:17:23.92+05	t	0	0	{}	{}	{}	t	f	f	f	f	f
5469	438	97	initiated	2016-06-27 22:17:23.92+05	t	0	0	{}	{}	{}	t	f	f	f	f	f
5470	438	97	invoking	2016-06-27 22:17:23.92+05	t	0	0	{}	{}	{}	t	f	f	f	f	f
5471	438	97	moving	2016-06-27 22:17:23.921+05	t	0	0	{}	{}	{}	t	f	f	f	f	t
5472	438	97	paused	2016-06-27 22:17:23.921+05	t	0	0	{}	{}	{}	t	f	f	f	f	t
5473	439	97	start	2016-06-27 22:19:57.622+05	t	0	0	{}	{}	{}	t	f	f	f	f	f
5474	439	97	moving	2016-06-27 22:19:57.624+05	t	0	0	{}	{}	{}	t	f	f	f	f	f
5475	439	97	initiating	2016-06-27 22:19:57.659+05	t	0	0	{}	{}	{}	t	f	f	f	f	f
5476	439	97	initiated	2016-06-27 22:19:57.659+05	t	0	0	{}	{}	{}	t	f	f	f	f	f
5477	439	97	invoking	2016-06-27 22:19:57.659+05	t	0	0	{}	{}	{}	t	f	f	f	f	f
5478	439	97	moving	2016-06-27 22:19:58.328+05	t	0	0	{}	{}	{}	t	f	f	f	f	t
5479	439	97	paused	2016-06-27 22:19:58.328+05	t	0	0	{}	{}	{}	t	f	f	f	f	t
5480	440	97	start	2016-06-27 22:23:44.789+05	t	0	0	{}	{}	{}	t	f	f	f	f	f
5481	440	97	moving	2016-06-27 22:23:44.791+05	t	0	0	{}	{}	{}	t	f	f	f	f	f
5482	440	97	initiating	2016-06-27 22:23:44.829+05	t	0	0	{}	{}	{}	t	f	f	f	f	f
5483	440	97	initiated	2016-06-27 22:23:44.831+05	t	0	0	{}	{}	{}	t	f	f	f	f	f
5484	440	97	invoking	2016-06-27 22:23:44.831+05	t	0	0	{}	{}	{}	t	f	f	f	f	f
5485	440	97	moving	2016-06-27 22:23:45.197+05	t	0	0	{}	{}	{}	t	f	f	f	f	t
5486	440	97	paused	2016-06-27 22:23:45.197+05	t	0	0	{}	{}	{}	t	f	f	f	f	t
5487	440	97	start	2016-06-27 22:26:11.904+05	t	0	0	{}	{}	{}	t	f	f	f	f	f
5488	440	97	moving	2016-06-27 22:26:11.905+05	t	0	0	{}	{}	{}	t	f	f	f	f	f
5489	440	97	invoking	2016-06-27 22:26:11.906+05	t	0	0	{}	{}	{}	t	f	f	f	f	f
5490	440	97	moving	2016-06-27 22:26:11.907+05	t	0	0	{}	{}	{}	t	f	f	f	f	t
5491	440	97	paused	2016-06-27 22:26:11.907+05	t	0	0	{}	{}	{}	t	f	f	f	f	t
5492	441	97	start	2016-06-28 00:34:56.131+05	t	0	0	{}	{}	{}	t	f	f	f	f	f
5493	441	97	moving	2016-06-28 00:34:56.147+05	t	0	0	{}	{}	{}	t	f	f	f	f	f
5494	441	97	initiating	2016-06-28 00:34:56.292+05	t	0	0	{}	{}	{}	t	f	f	f	f	f
5495	441	97	initiated	2016-06-28 00:34:56.296+05	t	0	0	{}	{}	{}	t	f	f	f	f	f
5496	441	97	invoking	2016-06-28 00:34:56.296+05	t	0	0	{}	{}	{}	t	f	f	f	f	f
5497	441	97	moving	2016-06-28 00:34:57.046+05	t	0	0	{}	{}	{}	t	f	f	f	f	t
5498	441	97	paused	2016-06-28 00:34:57.046+05	t	0	0	{}	{}	{}	t	f	f	f	f	t
5499	441	97	start	2016-06-28 00:36:47.881+05	t	0	0	{}	{}	{}	t	f	f	f	f	f
5500	441	97	moving	2016-06-28 00:36:47.882+05	t	0	0	{}	{}	{}	t	f	f	f	f	f
5501	441	97	invoking	2016-06-28 00:36:47.882+05	t	0	0	{}	{}	{}	t	f	f	f	f	f
5502	441	97	moving	2016-06-28 00:36:47.882+05	t	0	0	{}	{}	{}	t	f	f	f	f	t
5503	441	97	paused	2016-06-28 00:36:47.882+05	t	0	0	{}	{}	{}	t	f	f	f	f	t
5504	442	97	start	2016-06-28 10:39:06.285+05	t	0	0	{}	{}	{}	t	f	f	f	f	f
5505	442	97	moving	2016-06-28 10:39:06.3+05	t	0	0	{}	{}	{}	t	f	f	f	f	f
5506	442	97	initiating	2016-06-28 10:39:06.447+05	t	0	0	{}	{}	{}	t	f	f	f	f	f
5507	442	97	initiated	2016-06-28 10:39:06.458+05	t	0	0	{}	{}	{}	t	f	f	f	f	f
5508	442	97	invoking	2016-06-28 10:39:06.458+05	t	0	0	{}	{}	{}	t	f	f	f	f	f
5509	442	97	moving	2016-06-28 10:39:07.183+05	t	0	0	{}	{}	{}	t	f	f	f	f	t
5510	442	97	paused	2016-06-28 10:39:07.183+05	t	0	0	{}	{}	{}	t	f	f	f	f	t
5511	443	97	start	2016-06-28 10:49:27.623+05	t	0	0	{}	{}	{}	t	f	f	f	f	f
5512	443	97	moving	2016-06-28 10:49:27.624+05	t	0	0	{}	{}	{}	t	f	f	f	f	f
5513	443	97	initiating	2016-06-28 10:49:27.658+05	t	0	0	{}	{}	{}	t	f	f	f	f	f
5514	443	97	initiated	2016-06-28 10:49:27.659+05	t	0	0	{}	{}	{}	t	f	f	f	f	f
5515	443	97	invoking	2016-06-28 10:49:27.659+05	t	0	0	{}	{}	{}	t	f	f	f	f	f
5516	443	97	moving	2016-06-28 10:49:28.044+05	t	0	0	{}	{}	{}	t	f	f	f	f	t
5517	443	97	paused	2016-06-28 10:49:28.044+05	t	0	0	{}	{}	{}	t	f	f	f	f	t
5518	444	97	start	2016-06-28 11:24:25.138+05	t	0	0	{}	{}	{}	t	f	f	f	f	f
5519	444	97	moving	2016-06-28 11:24:25.141+05	t	0	0	{}	{}	{}	t	f	f	f	f	f
5520	444	97	initiating	2016-06-28 11:24:25.18+05	t	0	0	{}	{}	{}	t	f	f	f	f	f
5521	444	97	initiated	2016-06-28 11:24:25.181+05	t	0	0	{}	{}	{}	t	f	f	f	f	f
5522	444	97	invoking	2016-06-28 11:24:25.181+05	t	0	0	{}	{}	{}	t	f	f	f	f	f
5523	444	97	moving	2016-06-28 11:24:26.018+05	t	0	0	{}	{}	{}	t	f	f	f	f	t
5524	444	97	paused	2016-06-28 11:24:26.018+05	t	0	0	{}	{}	{}	t	f	f	f	f	t
5525	444	97	start	2016-06-28 11:25:00.171+05	t	0	0	{}	{}	{}	t	f	f	f	f	f
5526	444	97	moving	2016-06-28 11:25:00.172+05	t	0	0	{}	{}	{}	t	f	f	f	f	f
5527	444	97	invoking	2016-06-28 11:25:00.172+05	t	0	0	{}	{}	{}	t	f	f	f	f	f
5528	444	97	moving	2016-06-28 11:25:00.172+05	t	0	0	{}	{}	{}	t	f	f	f	f	t
5529	444	97	paused	2016-06-28 11:25:00.172+05	t	0	0	{}	{}	{}	t	f	f	f	f	t
5530	445	97	start	2016-06-28 11:29:21.63+05	t	0	0	{}	{}	{}	t	f	f	f	f	f
5531	445	97	moving	2016-06-28 11:29:21.633+05	t	0	0	{}	{}	{}	t	f	f	f	f	f
5532	445	97	initiating	2016-06-28 11:29:21.672+05	t	0	0	{}	{}	{}	t	f	f	f	f	f
5533	445	97	initiated	2016-06-28 11:29:21.673+05	t	0	0	{}	{}	{}	t	f	f	f	f	f
5534	445	97	invoking	2016-06-28 11:29:21.673+05	t	0	0	{}	{}	{}	t	f	f	f	f	f
5535	445	97	moving	2016-06-28 11:29:22.433+05	t	0	0	{}	{}	{}	t	f	f	f	f	t
5536	445	97	paused	2016-06-28 11:29:22.433+05	t	0	0	{}	{}	{}	t	f	f	f	f	t
5537	446	97	start	2016-06-28 12:04:41.372+05	t	0	0	{}	{}	{}	t	f	f	f	f	f
5538	446	97	moving	2016-06-28 12:04:41.386+05	t	0	0	{}	{}	{}	t	f	f	f	f	f
5539	446	97	initiating	2016-06-28 12:04:41.55+05	t	0	0	{}	{}	{}	t	f	f	f	f	f
5540	446	97	initiated	2016-06-28 12:04:41.563+05	t	0	0	{}	{}	{}	t	f	f	f	f	f
5541	446	97	invoking	2016-06-28 12:04:41.563+05	t	0	0	{}	{}	{}	t	f	f	f	f	f
5542	446	97	moving	2016-06-28 12:04:42.803+05	t	0	0	{}	{}	{}	t	f	f	f	f	t
5543	446	97	paused	2016-06-28 12:04:42.803+05	t	0	0	{}	{}	{}	t	f	f	f	f	t
5544	446	97	start	2016-06-28 12:05:15.731+05	t	0	0	{}	{}	{}	t	f	f	f	f	f
5545	446	97	moving	2016-06-28 12:05:15.732+05	t	0	0	{}	{}	{}	t	f	f	f	f	f
5546	446	97	invoking	2016-06-28 12:05:15.732+05	t	0	0	{}	{}	{}	t	f	f	f	f	f
5547	446	97	moving	2016-06-28 12:05:15.733+05	t	0	0	{}	{}	{}	t	f	f	f	f	t
5548	446	97	paused	2016-06-28 12:05:15.733+05	t	0	0	{}	{}	{}	t	f	f	f	f	t
5549	446	97	start	2016-06-28 12:05:50.114+05	t	0	0	{}	{}	{}	t	f	f	f	f	f
5550	446	97	moving	2016-06-28 12:05:50.114+05	t	0	0	{}	{}	{}	t	f	f	f	f	f
5551	446	97	invoking	2016-06-28 12:05:50.115+05	t	0	0	{}	{}	{}	t	f	f	f	f	f
5552	446	97	moving	2016-06-28 12:05:50.115+05	t	0	0	{}	{}	{}	t	f	f	f	f	t
5553	446	97	paused	2016-06-28 12:05:50.115+05	t	0	0	{}	{}	{}	t	f	f	f	f	t
5554	446	97	start	2016-06-28 12:06:25.103+05	t	0	0	{}	{}	{}	t	f	f	f	f	f
5555	446	97	moving	2016-06-28 12:06:25.103+05	t	0	0	{}	{}	{}	t	f	f	f	f	f
5556	446	97	invoking	2016-06-28 12:06:25.104+05	t	0	0	{}	{}	{}	t	f	f	f	f	f
5557	446	97	moving	2016-06-28 12:06:25.104+05	t	0	0	{}	{}	{}	t	f	f	f	f	t
5558	446	97	paused	2016-06-28 12:06:25.105+05	t	0	0	{}	{}	{}	t	f	f	f	f	t
5559	446	97	start	2016-06-28 12:07:00.127+05	t	0	0	{}	{}	{}	t	f	f	f	f	f
5560	446	97	moving	2016-06-28 12:07:00.127+05	t	0	0	{}	{}	{}	t	f	f	f	f	f
5561	446	97	invoking	2016-06-28 12:07:00.128+05	t	0	0	{}	{}	{}	t	f	f	f	f	f
5562	446	97	moving	2016-06-28 12:07:00.129+05	t	0	0	{}	{}	{}	t	f	f	f	f	t
5563	446	97	paused	2016-06-28 12:07:00.129+05	t	0	0	{}	{}	{}	t	f	f	f	f	t
5564	446	97	start	2016-06-28 12:07:35.149+05	t	0	0	{}	{}	{}	t	f	f	f	f	f
5565	446	97	moving	2016-06-28 12:07:35.149+05	t	0	0	{}	{}	{}	t	f	f	f	f	f
5566	446	97	invoking	2016-06-28 12:07:35.149+05	t	0	0	{}	{}	{}	t	f	f	f	f	f
5567	446	97	moving	2016-06-28 12:07:35.15+05	t	0	0	{}	{}	{}	t	f	f	f	f	t
5568	446	97	paused	2016-06-28 12:07:35.151+05	t	0	0	{}	{}	{}	t	f	f	f	f	t
5569	446	97	start	2016-06-28 12:08:10.088+05	t	0	0	{}	{}	{}	t	f	f	f	f	f
5570	446	97	moving	2016-06-28 12:08:10.089+05	t	0	0	{}	{}	{}	t	f	f	f	f	f
5571	446	97	invoking	2016-06-28 12:08:10.089+05	t	0	0	{}	{}	{}	t	f	f	f	f	f
5572	446	97	moving	2016-06-28 12:08:10.089+05	t	0	0	{}	{}	{}	t	f	f	f	f	t
5573	446	97	paused	2016-06-28 12:08:10.089+05	t	0	0	{}	{}	{}	t	f	f	f	f	t
5574	446	97	start	2016-06-28 12:08:45.139+05	t	0	0	{}	{}	{}	t	f	f	f	f	f
5575	446	97	moving	2016-06-28 12:08:45.14+05	t	0	0	{}	{}	{}	t	f	f	f	f	f
5576	446	97	invoking	2016-06-28 12:08:45.14+05	t	0	0	{}	{}	{}	t	f	f	f	f	f
5577	446	97	moving	2016-06-28 12:08:45.141+05	t	0	0	{}	{}	{}	t	f	f	f	f	t
5578	446	97	paused	2016-06-28 12:08:45.142+05	t	0	0	{}	{}	{}	t	f	f	f	f	t
5579	446	97	start	2016-06-28 12:09:20.112+05	t	0	0	{}	{}	{}	t	f	f	f	f	f
5580	446	97	moving	2016-06-28 12:09:20.113+05	t	0	0	{}	{}	{}	t	f	f	f	f	f
5581	446	97	invoking	2016-06-28 12:09:20.113+05	t	0	0	{}	{}	{}	t	f	f	f	f	f
5582	446	97	moving	2016-06-28 12:09:20.113+05	t	0	0	{}	{}	{}	t	f	f	f	f	t
5583	446	97	paused	2016-06-28 12:09:20.113+05	t	0	0	{}	{}	{}	t	f	f	f	f	t
5584	446	97	start	2016-06-28 12:09:55.102+05	t	0	0	{}	{}	{}	t	f	f	f	f	f
5585	446	97	moving	2016-06-28 12:09:55.102+05	t	0	0	{}	{}	{}	t	f	f	f	f	f
5586	446	97	invoking	2016-06-28 12:09:55.102+05	t	0	0	{}	{}	{}	t	f	f	f	f	f
5587	446	97	moving	2016-06-28 12:09:55.102+05	t	0	0	{}	{}	{}	t	f	f	f	f	t
5588	446	97	paused	2016-06-28 12:09:55.102+05	t	0	0	{}	{}	{}	t	f	f	f	f	t
5589	446	97	start	2016-06-28 12:10:30.067+05	t	0	0	{}	{}	{}	t	f	f	f	f	f
5590	446	97	moving	2016-06-28 12:10:30.067+05	t	0	0	{}	{}	{}	t	f	f	f	f	f
5591	446	97	invoking	2016-06-28 12:10:30.067+05	t	0	0	{}	{}	{}	t	f	f	f	f	f
5592	446	97	moving	2016-06-28 12:10:30.068+05	t	0	0	{}	{}	{}	t	f	f	f	f	t
5598	446	97	paused	2016-06-28 12:11:05.102+05	t	0	0	{}	{}	{}	t	f	f	f	f	t
5634	446	97	start	2016-06-28 12:15:45.297+05	t	0	0	{}	{}	{}	t	f	f	f	f	f
5635	446	97	moving	2016-06-28 12:15:45.298+05	t	0	0	{}	{}	{}	t	f	f	f	f	f
5636	446	97	invoking	2016-06-28 12:15:45.298+05	t	0	0	{}	{}	{}	t	f	f	f	f	f
5639	446	97	start	2016-06-28 12:16:20.073+05	t	0	0	{}	{}	{}	t	f	f	f	f	f
5641	446	97	invoking	2016-06-28 12:16:20.074+05	t	0	0	{}	{}	{}	t	f	f	f	f	f
5642	446	97	moving	2016-06-28 12:16:20.074+05	t	0	0	{}	{}	{}	t	f	f	f	f	t
5643	446	97	paused	2016-06-28 12:16:20.075+05	t	0	0	{}	{}	{}	t	f	f	f	f	t
5646	446	97	invoking	2016-06-28 12:16:55.173+05	t	0	0	{}	{}	{}	t	f	f	f	f	f
5653	446	97	paused	2016-06-28 12:17:30.12+05	t	0	0	{}	{}	{}	t	f	f	f	f	t
5660	446	97	moving	2016-06-28 12:18:40.08+05	t	0	0	{}	{}	{}	t	f	f	f	f	f
5662	446	97	moving	2016-06-28 12:18:40.08+05	t	0	0	{}	{}	{}	t	f	f	f	f	t
5678	446	97	paused	2016-06-28 12:20:25.112+05	t	0	0	{}	{}	{}	t	f	f	f	f	t
5684	446	97	start	2016-06-28 12:21:35.078+05	t	0	0	{}	{}	{}	t	f	f	f	f	f
5685	446	97	moving	2016-06-28 12:21:35.078+05	t	0	0	{}	{}	{}	t	f	f	f	f	f
5695	446	97	moving	2016-06-28 12:22:45.085+05	t	0	0	{}	{}	{}	t	f	f	f	f	f
5698	446	97	paused	2016-06-28 12:22:45.085+05	t	0	0	{}	{}	{}	t	f	f	f	f	t
5706	446	97	invoking	2016-06-28 12:23:55.107+05	t	0	0	{}	{}	{}	t	f	f	f	f	f
5708	446	97	paused	2016-06-28 12:23:55.107+05	t	0	0	{}	{}	{}	t	f	f	f	f	t
5711	446	97	invoking	2016-06-28 12:24:30.058+05	t	0	0	{}	{}	{}	t	f	f	f	f	f
5712	446	97	moving	2016-06-28 12:24:30.059+05	t	0	0	{}	{}	{}	t	f	f	f	f	t
5713	446	97	paused	2016-06-28 12:24:30.059+05	t	0	0	{}	{}	{}	t	f	f	f	f	t
5718	446	97	paused	2016-06-28 12:25:05.047+05	t	0	0	{}	{}	{}	t	f	f	f	f	t
5719	446	97	start	2016-06-28 12:25:40.105+05	t	0	0	{}	{}	{}	t	f	f	f	f	f
5720	446	97	moving	2016-06-28 12:25:40.105+05	t	0	0	{}	{}	{}	t	f	f	f	f	f
5721	446	97	invoking	2016-06-28 12:25:40.105+05	t	0	0	{}	{}	{}	t	f	f	f	f	f
5737	446	97	moving	2016-06-28 12:27:25.176+05	t	0	0	{}	{}	{}	t	f	f	f	f	t
5752	446	97	moving	2016-06-28 12:29:10.07+05	t	0	0	{}	{}	{}	t	f	f	f	f	t
5757	446	97	moving	2016-06-28 12:29:45.1+05	t	0	0	{}	{}	{}	t	f	f	f	f	t
5764	446	97	start	2016-06-28 12:30:55.073+05	t	0	0	{}	{}	{}	t	f	f	f	f	f
5765	446	97	moving	2016-06-28 12:30:55.073+05	t	0	0	{}	{}	{}	t	f	f	f	f	f
5766	446	97	invoking	2016-06-28 12:30:55.073+05	t	0	0	{}	{}	{}	t	f	f	f	f	f
5769	446	97	start	2016-06-28 12:31:30.08+05	t	0	0	{}	{}	{}	t	f	f	f	f	f
5770	446	97	moving	2016-06-28 12:31:30.08+05	t	0	0	{}	{}	{}	t	f	f	f	f	f
5771	446	97	invoking	2016-06-28 12:31:30.08+05	t	0	0	{}	{}	{}	t	f	f	f	f	f
5772	446	97	moving	2016-06-28 12:31:30.081+05	t	0	0	{}	{}	{}	t	f	f	f	f	t
5777	446	97	moving	2016-06-28 12:32:05.141+05	t	0	0	{}	{}	{}	t	f	f	f	f	t
5593	446	97	paused	2016-06-28 12:10:30.068+05	t	0	0	{}	{}	{}	t	f	f	f	f	t
5596	446	97	invoking	2016-06-28 12:11:05.102+05	t	0	0	{}	{}	{}	t	f	f	f	f	f
5600	446	97	moving	2016-06-28 12:11:40.076+05	t	0	0	{}	{}	{}	t	f	f	f	f	f
5601	446	97	invoking	2016-06-28 12:11:40.076+05	t	0	0	{}	{}	{}	t	f	f	f	f	f
5602	446	97	moving	2016-06-28 12:11:40.076+05	t	0	0	{}	{}	{}	t	f	f	f	f	t
5603	446	97	paused	2016-06-28 12:11:40.076+05	t	0	0	{}	{}	{}	t	f	f	f	f	t
5608	446	97	paused	2016-06-28 12:12:15.089+05	t	0	0	{}	{}	{}	t	f	f	f	f	t
5618	446	97	paused	2016-06-28 12:13:25.084+05	t	0	0	{}	{}	{}	t	f	f	f	f	t
5619	446	97	start	2016-06-28 12:14:00.068+05	t	0	0	{}	{}	{}	t	f	f	f	f	f
5620	446	97	moving	2016-06-28 12:14:00.068+05	t	0	0	{}	{}	{}	t	f	f	f	f	f
5624	446	97	start	2016-06-28 12:14:35.078+05	t	0	0	{}	{}	{}	t	f	f	f	f	f
5625	446	97	moving	2016-06-28 12:14:35.078+05	t	0	0	{}	{}	{}	t	f	f	f	f	f
5629	446	97	start	2016-06-28 12:15:10.09+05	t	0	0	{}	{}	{}	t	f	f	f	f	f
5630	446	97	moving	2016-06-28 12:15:10.091+05	t	0	0	{}	{}	{}	t	f	f	f	f	f
5631	446	97	invoking	2016-06-28 12:15:10.091+05	t	0	0	{}	{}	{}	t	f	f	f	f	f
5632	446	97	moving	2016-06-28 12:15:10.091+05	t	0	0	{}	{}	{}	t	f	f	f	f	t
5633	446	97	paused	2016-06-28 12:15:10.091+05	t	0	0	{}	{}	{}	t	f	f	f	f	t
5637	446	97	moving	2016-06-28 12:15:45.298+05	t	0	0	{}	{}	{}	t	f	f	f	f	t
5640	446	97	moving	2016-06-28 12:16:20.074+05	t	0	0	{}	{}	{}	t	f	f	f	f	f
5648	446	97	paused	2016-06-28 12:16:55.173+05	t	0	0	{}	{}	{}	t	f	f	f	f	t
5656	446	97	invoking	2016-06-28 12:18:05.17+05	t	0	0	{}	{}	{}	t	f	f	f	f	f
5657	446	97	moving	2016-06-28 12:18:05.17+05	t	0	0	{}	{}	{}	t	f	f	f	f	t
5658	446	97	paused	2016-06-28 12:18:05.17+05	t	0	0	{}	{}	{}	t	f	f	f	f	t
5664	446	97	start	2016-06-28 12:19:15.106+05	t	0	0	{}	{}	{}	t	f	f	f	f	f
5665	446	97	moving	2016-06-28 12:19:15.106+05	t	0	0	{}	{}	{}	t	f	f	f	f	f
5667	446	97	moving	2016-06-28 12:19:15.108+05	t	0	0	{}	{}	{}	t	f	f	f	f	t
5669	446	97	start	2016-06-28 12:19:50.137+05	t	0	0	{}	{}	{}	t	f	f	f	f	f
5670	446	97	moving	2016-06-28 12:19:50.137+05	t	0	0	{}	{}	{}	t	f	f	f	f	f
5671	446	97	invoking	2016-06-28 12:19:50.137+05	t	0	0	{}	{}	{}	t	f	f	f	f	f
5672	446	97	moving	2016-06-28 12:19:50.137+05	t	0	0	{}	{}	{}	t	f	f	f	f	t
5673	446	97	paused	2016-06-28 12:19:50.137+05	t	0	0	{}	{}	{}	t	f	f	f	f	t
5676	446	97	invoking	2016-06-28 12:20:25.112+05	t	0	0	{}	{}	{}	t	f	f	f	f	f
5679	446	97	start	2016-06-28 12:21:00.141+05	t	0	0	{}	{}	{}	t	f	f	f	f	f
5680	446	97	moving	2016-06-28 12:21:00.142+05	t	0	0	{}	{}	{}	t	f	f	f	f	f
5681	446	97	invoking	2016-06-28 12:21:00.142+05	t	0	0	{}	{}	{}	t	f	f	f	f	f
5682	446	97	moving	2016-06-28 12:21:00.142+05	t	0	0	{}	{}	{}	t	f	f	f	f	t
5683	446	97	paused	2016-06-28 12:21:00.142+05	t	0	0	{}	{}	{}	t	f	f	f	f	t
5688	446	97	paused	2016-06-28 12:21:35.078+05	t	0	0	{}	{}	{}	t	f	f	f	f	t
5689	446	97	start	2016-06-28 12:22:10.098+05	t	0	0	{}	{}	{}	t	f	f	f	f	f
5690	446	97	moving	2016-06-28 12:22:10.098+05	t	0	0	{}	{}	{}	t	f	f	f	f	f
5691	446	97	invoking	2016-06-28 12:22:10.098+05	t	0	0	{}	{}	{}	t	f	f	f	f	f
5693	446	97	paused	2016-06-28 12:22:10.098+05	t	0	0	{}	{}	{}	t	f	f	f	f	t
5696	446	97	invoking	2016-06-28 12:22:45.085+05	t	0	0	{}	{}	{}	t	f	f	f	f	f
5701	446	97	invoking	2016-06-28 12:23:20.067+05	t	0	0	{}	{}	{}	t	f	f	f	f	f
5702	446	97	moving	2016-06-28 12:23:20.067+05	t	0	0	{}	{}	{}	t	f	f	f	f	t
5703	446	97	paused	2016-06-28 12:23:20.067+05	t	0	0	{}	{}	{}	t	f	f	f	f	t
5707	446	97	moving	2016-06-28 12:23:55.107+05	t	0	0	{}	{}	{}	t	f	f	f	f	t
5709	446	97	start	2016-06-28 12:24:30.058+05	t	0	0	{}	{}	{}	t	f	f	f	f	f
5710	446	97	moving	2016-06-28 12:24:30.058+05	t	0	0	{}	{}	{}	t	f	f	f	f	f
5714	446	97	start	2016-06-28 12:25:05.047+05	t	0	0	{}	{}	{}	t	f	f	f	f	f
5722	446	97	moving	2016-06-28 12:25:40.105+05	t	0	0	{}	{}	{}	t	f	f	f	f	t
5724	446	97	start	2016-06-28 12:26:15.148+05	t	0	0	{}	{}	{}	t	f	f	f	f	f
5725	446	97	moving	2016-06-28 12:26:15.148+05	t	0	0	{}	{}	{}	t	f	f	f	f	f
5727	446	97	moving	2016-06-28 12:26:15.149+05	t	0	0	{}	{}	{}	t	f	f	f	f	t
5736	446	97	invoking	2016-06-28 12:27:25.175+05	t	0	0	{}	{}	{}	t	f	f	f	f	f
5744	446	97	start	2016-06-28 12:28:35.113+05	t	0	0	{}	{}	{}	t	f	f	f	f	f
5745	446	97	moving	2016-06-28 12:28:35.113+05	t	0	0	{}	{}	{}	t	f	f	f	f	f
5753	446	97	paused	2016-06-28 12:29:10.07+05	t	0	0	{}	{}	{}	t	f	f	f	f	t
5758	446	97	paused	2016-06-28 12:29:45.1+05	t	0	0	{}	{}	{}	t	f	f	f	f	t
5761	446	97	invoking	2016-06-28 12:30:20.122+05	t	0	0	{}	{}	{}	t	f	f	f	f	f
5762	446	97	moving	2016-06-28 12:30:20.127+05	t	0	0	{}	{}	{}	t	f	f	f	f	t
5767	446	97	moving	2016-06-28 12:30:55.073+05	t	0	0	{}	{}	{}	t	f	f	f	f	t
5773	446	97	paused	2016-06-28 12:31:30.081+05	t	0	0	{}	{}	{}	t	f	f	f	f	t
5774	446	97	start	2016-06-28 12:32:05.139+05	t	0	0	{}	{}	{}	t	f	f	f	f	f
5775	446	97	moving	2016-06-28 12:32:05.139+05	t	0	0	{}	{}	{}	t	f	f	f	f	f
5594	446	97	start	2016-06-28 12:11:05.101+05	t	0	0	{}	{}	{}	t	f	f	f	f	f
5595	446	97	moving	2016-06-28 12:11:05.101+05	t	0	0	{}	{}	{}	t	f	f	f	f	f
5597	446	97	moving	2016-06-28 12:11:05.102+05	t	0	0	{}	{}	{}	t	f	f	f	f	t
5599	446	97	start	2016-06-28 12:11:40.076+05	t	0	0	{}	{}	{}	t	f	f	f	f	f
5604	446	97	start	2016-06-28 12:12:15.088+05	t	0	0	{}	{}	{}	t	f	f	f	f	f
5605	446	97	moving	2016-06-28 12:12:15.088+05	t	0	0	{}	{}	{}	t	f	f	f	f	f
5606	446	97	invoking	2016-06-28 12:12:15.088+05	t	0	0	{}	{}	{}	t	f	f	f	f	f
5607	446	97	moving	2016-06-28 12:12:15.089+05	t	0	0	{}	{}	{}	t	f	f	f	f	t
5609	446	97	start	2016-06-28 12:12:50.144+05	t	0	0	{}	{}	{}	t	f	f	f	f	f
5610	446	97	moving	2016-06-28 12:12:50.147+05	t	0	0	{}	{}	{}	t	f	f	f	f	f
5611	446	97	invoking	2016-06-28 12:12:50.149+05	t	0	0	{}	{}	{}	t	f	f	f	f	f
5612	446	97	moving	2016-06-28 12:12:50.15+05	t	0	0	{}	{}	{}	t	f	f	f	f	t
5613	446	97	paused	2016-06-28 12:12:50.151+05	t	0	0	{}	{}	{}	t	f	f	f	f	t
5614	446	97	start	2016-06-28 12:13:25.083+05	t	0	0	{}	{}	{}	t	f	f	f	f	f
5615	446	97	moving	2016-06-28 12:13:25.083+05	t	0	0	{}	{}	{}	t	f	f	f	f	f
5616	446	97	invoking	2016-06-28 12:13:25.083+05	t	0	0	{}	{}	{}	t	f	f	f	f	f
5617	446	97	moving	2016-06-28 12:13:25.084+05	t	0	0	{}	{}	{}	t	f	f	f	f	t
5621	446	97	invoking	2016-06-28 12:14:00.069+05	t	0	0	{}	{}	{}	t	f	f	f	f	f
5622	446	97	moving	2016-06-28 12:14:00.069+05	t	0	0	{}	{}	{}	t	f	f	f	f	t
5623	446	97	paused	2016-06-28 12:14:00.07+05	t	0	0	{}	{}	{}	t	f	f	f	f	t
5626	446	97	invoking	2016-06-28 12:14:35.078+05	t	0	0	{}	{}	{}	t	f	f	f	f	f
5627	446	97	moving	2016-06-28 12:14:35.079+05	t	0	0	{}	{}	{}	t	f	f	f	f	t
5628	446	97	paused	2016-06-28 12:14:35.079+05	t	0	0	{}	{}	{}	t	f	f	f	f	t
5638	446	97	paused	2016-06-28 12:15:45.298+05	t	0	0	{}	{}	{}	t	f	f	f	f	t
5644	446	97	start	2016-06-28 12:16:55.172+05	t	0	0	{}	{}	{}	t	f	f	f	f	f
5645	446	97	moving	2016-06-28 12:16:55.172+05	t	0	0	{}	{}	{}	t	f	f	f	f	f
5647	446	97	moving	2016-06-28 12:16:55.173+05	t	0	0	{}	{}	{}	t	f	f	f	f	t
5649	446	97	start	2016-06-28 12:17:30.12+05	t	0	0	{}	{}	{}	t	f	f	f	f	f
5650	446	97	moving	2016-06-28 12:17:30.12+05	t	0	0	{}	{}	{}	t	f	f	f	f	f
5651	446	97	invoking	2016-06-28 12:17:30.12+05	t	0	0	{}	{}	{}	t	f	f	f	f	f
5652	446	97	moving	2016-06-28 12:17:30.12+05	t	0	0	{}	{}	{}	t	f	f	f	f	t
5654	446	97	start	2016-06-28 12:18:05.169+05	t	0	0	{}	{}	{}	t	f	f	f	f	f
5655	446	97	moving	2016-06-28 12:18:05.169+05	t	0	0	{}	{}	{}	t	f	f	f	f	f
5659	446	97	start	2016-06-28 12:18:40.08+05	t	0	0	{}	{}	{}	t	f	f	f	f	f
5661	446	97	invoking	2016-06-28 12:18:40.08+05	t	0	0	{}	{}	{}	t	f	f	f	f	f
5663	446	97	paused	2016-06-28 12:18:40.08+05	t	0	0	{}	{}	{}	t	f	f	f	f	t
5666	446	97	invoking	2016-06-28 12:19:15.106+05	t	0	0	{}	{}	{}	t	f	f	f	f	f
5668	446	97	paused	2016-06-28 12:19:15.108+05	t	0	0	{}	{}	{}	t	f	f	f	f	t
5674	446	97	start	2016-06-28 12:20:25.111+05	t	0	0	{}	{}	{}	t	f	f	f	f	f
5675	446	97	moving	2016-06-28 12:20:25.111+05	t	0	0	{}	{}	{}	t	f	f	f	f	f
5677	446	97	moving	2016-06-28 12:20:25.112+05	t	0	0	{}	{}	{}	t	f	f	f	f	t
5686	446	97	invoking	2016-06-28 12:21:35.078+05	t	0	0	{}	{}	{}	t	f	f	f	f	f
5687	446	97	moving	2016-06-28 12:21:35.078+05	t	0	0	{}	{}	{}	t	f	f	f	f	t
5692	446	97	moving	2016-06-28 12:22:10.098+05	t	0	0	{}	{}	{}	t	f	f	f	f	t
5694	446	97	start	2016-06-28 12:22:45.084+05	t	0	0	{}	{}	{}	t	f	f	f	f	f
5697	446	97	moving	2016-06-28 12:22:45.085+05	t	0	0	{}	{}	{}	t	f	f	f	f	t
5699	446	97	start	2016-06-28 12:23:20.066+05	t	0	0	{}	{}	{}	t	f	f	f	f	f
5700	446	97	moving	2016-06-28 12:23:20.066+05	t	0	0	{}	{}	{}	t	f	f	f	f	f
5704	446	97	start	2016-06-28 12:23:55.106+05	t	0	0	{}	{}	{}	t	f	f	f	f	f
5705	446	97	moving	2016-06-28 12:23:55.107+05	t	0	0	{}	{}	{}	t	f	f	f	f	f
5715	446	97	moving	2016-06-28 12:25:05.047+05	t	0	0	{}	{}	{}	t	f	f	f	f	f
5716	446	97	invoking	2016-06-28 12:25:05.047+05	t	0	0	{}	{}	{}	t	f	f	f	f	f
5717	446	97	moving	2016-06-28 12:25:05.047+05	t	0	0	{}	{}	{}	t	f	f	f	f	t
5723	446	97	paused	2016-06-28 12:25:40.105+05	t	0	0	{}	{}	{}	t	f	f	f	f	t
5726	446	97	invoking	2016-06-28 12:26:15.149+05	t	0	0	{}	{}	{}	t	f	f	f	f	f
5728	446	97	paused	2016-06-28 12:26:15.149+05	t	0	0	{}	{}	{}	t	f	f	f	f	t
5729	446	97	start	2016-06-28 12:26:50.135+05	t	0	0	{}	{}	{}	t	f	f	f	f	f
5730	446	97	moving	2016-06-28 12:26:50.136+05	t	0	0	{}	{}	{}	t	f	f	f	f	f
5731	446	97	invoking	2016-06-28 12:26:50.136+05	t	0	0	{}	{}	{}	t	f	f	f	f	f
5732	446	97	moving	2016-06-28 12:26:50.138+05	t	0	0	{}	{}	{}	t	f	f	f	f	t
5733	446	97	paused	2016-06-28 12:26:50.138+05	t	0	0	{}	{}	{}	t	f	f	f	f	t
5734	446	97	start	2016-06-28 12:27:25.173+05	t	0	0	{}	{}	{}	t	f	f	f	f	f
5735	446	97	moving	2016-06-28 12:27:25.174+05	t	0	0	{}	{}	{}	t	f	f	f	f	f
5738	446	97	paused	2016-06-28 12:27:25.177+05	t	0	0	{}	{}	{}	t	f	f	f	f	t
5739	446	97	start	2016-06-28 12:28:00.089+05	t	0	0	{}	{}	{}	t	f	f	f	f	f
5740	446	97	moving	2016-06-28 12:28:00.09+05	t	0	0	{}	{}	{}	t	f	f	f	f	f
5741	446	97	invoking	2016-06-28 12:28:00.091+05	t	0	0	{}	{}	{}	t	f	f	f	f	f
5742	446	97	moving	2016-06-28 12:28:00.091+05	t	0	0	{}	{}	{}	t	f	f	f	f	t
5743	446	97	paused	2016-06-28 12:28:00.091+05	t	0	0	{}	{}	{}	t	f	f	f	f	t
5746	446	97	invoking	2016-06-28 12:28:35.114+05	t	0	0	{}	{}	{}	t	f	f	f	f	f
5747	446	97	moving	2016-06-28 12:28:35.115+05	t	0	0	{}	{}	{}	t	f	f	f	f	t
5748	446	97	paused	2016-06-28 12:28:35.115+05	t	0	0	{}	{}	{}	t	f	f	f	f	t
5749	446	97	start	2016-06-28 12:29:10.069+05	t	0	0	{}	{}	{}	t	f	f	f	f	f
5750	446	97	moving	2016-06-28 12:29:10.069+05	t	0	0	{}	{}	{}	t	f	f	f	f	f
5751	446	97	invoking	2016-06-28 12:29:10.069+05	t	0	0	{}	{}	{}	t	f	f	f	f	f
5754	446	97	start	2016-06-28 12:29:45.098+05	t	0	0	{}	{}	{}	t	f	f	f	f	f
5755	446	97	moving	2016-06-28 12:29:45.099+05	t	0	0	{}	{}	{}	t	f	f	f	f	f
5756	446	97	invoking	2016-06-28 12:29:45.099+05	t	0	0	{}	{}	{}	t	f	f	f	f	f
5759	446	97	start	2016-06-28 12:30:20.12+05	t	0	0	{}	{}	{}	t	f	f	f	f	f
5760	446	97	moving	2016-06-28 12:30:20.12+05	t	0	0	{}	{}	{}	t	f	f	f	f	f
5763	446	97	paused	2016-06-28 12:30:20.127+05	t	0	0	{}	{}	{}	t	f	f	f	f	t
5768	446	97	paused	2016-06-28 12:30:55.073+05	t	0	0	{}	{}	{}	t	f	f	f	f	t
5776	446	97	invoking	2016-06-28 12:32:05.14+05	t	0	0	{}	{}	{}	t	f	f	f	f	f
5778	446	97	paused	2016-06-28 12:32:05.141+05	t	0	0	{}	{}	{}	t	f	f	f	f	t
5779	447	97	start	2016-06-28 15:12:51.387+05	t	0	0	{}	{}	{}	t	f	f	f	f	f
5780	447	97	moving	2016-06-28 15:12:51.4+05	t	0	0	{}	{}	{}	t	f	f	f	f	f
5781	447	97	initiating	2016-06-28 15:12:51.647+05	t	0	0	{}	{}	{}	t	f	f	f	f	f
5782	447	97	initiated	2016-06-28 15:12:51.659+05	t	0	0	{}	{}	{}	t	f	f	f	f	f
5783	447	97	invoking	2016-06-28 15:12:51.659+05	t	0	0	{}	{}	{}	t	f	f	f	f	f
5784	447	97	moving	2016-06-28 15:12:52.659+05	t	0	0	{}	{}	{}	t	f	f	f	f	t
5785	447	97	paused	2016-06-28 15:12:52.66+05	t	0	0	{}	{}	{}	t	f	f	f	f	t
5786	447	97	start	2016-06-28 15:13:25.947+05	t	0	0	{}	{}	{}	t	f	f	f	f	f
5787	447	97	moving	2016-06-28 15:13:25.947+05	t	0	0	{}	{}	{}	t	f	f	f	f	f
5788	447	97	invoking	2016-06-28 15:13:25.951+05	t	0	0	{}	{}	{}	t	f	f	f	f	f
5789	447	97	moving	2016-06-28 15:13:25.951+05	t	0	0	{}	{}	{}	t	f	f	f	f	t
5790	447	97	paused	2016-06-28 15:13:25.951+05	t	0	0	{}	{}	{}	t	f	f	f	f	t
5791	447	97	start	2016-06-28 15:14:00.217+05	t	0	0	{}	{}	{}	t	f	f	f	f	f
5792	447	97	moving	2016-06-28 15:14:00.218+05	t	0	0	{}	{}	{}	t	f	f	f	f	f
5793	447	97	invoking	2016-06-28 15:14:00.218+05	t	0	0	{}	{}	{}	t	f	f	f	f	f
5794	447	97	moving	2016-06-28 15:14:00.218+05	t	0	0	{}	{}	{}	t	f	f	f	f	t
5795	447	97	paused	2016-06-28 15:14:00.219+05	t	0	0	{}	{}	{}	t	f	f	f	f	t
5796	448	97	start	2016-06-28 16:20:20.296+05	t	0	0	{}	{}	{}	t	f	f	f	f	f
5797	448	97	moving	2016-06-28 16:20:20.298+05	t	0	0	{}	{}	{}	t	f	f	f	f	f
5798	448	97	initiating	2016-06-28 16:20:20.334+05	t	0	0	{}	{}	{}	t	f	f	f	f	f
5799	448	97	initiated	2016-06-28 16:20:20.335+05	t	0	0	{}	{}	{}	t	f	f	f	f	f
5800	448	97	invoking	2016-06-28 16:20:20.335+05	t	0	0	{}	{}	{}	t	f	f	f	f	f
5801	448	97	moving	2016-06-28 16:20:20.851+05	t	0	0	{}	{}	{}	t	f	f	f	f	t
5802	448	97	paused	2016-06-28 16:20:20.851+05	t	0	0	{}	{}	{}	t	f	f	f	f	t
5803	448	97	start	2016-06-28 16:20:55.236+05	t	0	0	{}	{}	{}	t	f	f	f	f	f
5804	448	97	moving	2016-06-28 16:20:55.237+05	t	0	0	{}	{}	{}	t	f	f	f	f	f
5805	448	97	invoking	2016-06-28 16:20:55.237+05	t	0	0	{}	{}	{}	t	f	f	f	f	f
5806	448	97	moving	2016-06-28 16:20:55.237+05	t	0	0	{}	{}	{}	t	f	f	f	f	t
5807	448	97	paused	2016-06-28 16:20:55.237+05	t	0	0	{}	{}	{}	t	f	f	f	f	t
5808	449	97	start	2016-06-28 16:25:32.087+05	t	0	0	{}	{}	{}	t	f	f	f	f	f
5809	449	97	moving	2016-06-28 16:25:32.088+05	t	0	0	{}	{}	{}	t	f	f	f	f	f
5810	449	97	initiating	2016-06-28 16:25:32.139+05	t	0	0	{}	{}	{}	t	f	f	f	f	f
5811	449	97	initiated	2016-06-28 16:25:32.14+05	t	0	0	{}	{}	{}	t	f	f	f	f	f
5812	449	97	invoking	2016-06-28 16:25:32.14+05	t	0	0	{}	{}	{}	t	f	f	f	f	f
5813	449	97	moving	2016-06-28 16:25:33.075+05	t	0	0	{}	{}	{}	t	f	f	f	f	t
5814	449	97	paused	2016-06-28 16:25:33.075+05	t	0	0	{}	{}	{}	t	f	f	f	f	t
5815	450	97	start	2016-06-28 16:33:11.433+05	t	0	0	{}	{}	{}	t	f	f	f	f	f
5816	450	97	moving	2016-06-28 16:33:11.435+05	t	0	0	{}	{}	{}	t	f	f	f	f	f
5817	450	97	initiating	2016-06-28 16:33:11.472+05	t	0	0	{}	{}	{}	t	f	f	f	f	f
5818	450	97	initiated	2016-06-28 16:33:11.473+05	t	0	0	{}	{}	{}	t	f	f	f	f	f
5819	450	97	invoking	2016-06-28 16:33:11.473+05	t	0	0	{}	{}	{}	t	f	f	f	f	f
5820	450	97	moving	2016-06-28 16:33:11.998+05	t	0	0	{}	{}	{}	t	f	f	f	f	t
5821	450	97	paused	2016-06-28 16:33:11.998+05	t	0	0	{}	{}	{}	t	f	f	f	f	t
5822	450	97	start	2016-06-28 16:33:45.222+05	t	0	0	{}	{}	{}	t	f	f	f	f	f
5823	450	97	moving	2016-06-28 16:33:45.223+05	t	0	0	{}	{}	{}	t	f	f	f	f	f
5824	450	97	invoking	2016-06-28 16:33:45.223+05	t	0	0	{}	{}	{}	t	f	f	f	f	f
5825	450	97	invoked	2016-06-28 16:33:45.223+05	t	0	0	{}	{}	{}	t	f	f	f	f	f
5827	450	97	finished	2016-06-28 16:33:45.223+05	t	0	0	{}	{}	{}	t	f	f	f	f	f
5832	450	97	moving	2016-06-28 16:34:20.18+05	t	0	0	{}	{}	{}	t	f	f	f	f	f
5836	450	97	end	2016-06-28 16:34:20.182+05	t	0	0	{}	{}	{}	t	t	f	f	f	f
5826	450	97	finishing	2016-06-28 16:33:45.223+05	t	0	0	{}	{}	{}	t	f	f	f	f	f
5829	450	97	end	2016-06-28 16:33:45.224+05	t	1	0	{}	{}	{}	t	t	f	f	f	f
5833	450	97	moving	2016-06-28 16:34:20.181+05	t	0	0	{}	{}	{}	t	f	f	f	f	f
5828	450	97	moving	2016-06-28 16:33:45.223+05	t	1	0	{}	{}	{}	t	f	f	f	f	f
5830	450	97	start	2016-06-28 16:34:20.179+05	t	0	0	{}	{}	{}	t	f	f	f	f	f
5831	450	97	moving	2016-06-28 16:34:20.18+05	t	0	0	{}	{}	{}	t	f	f	f	f	f
5834	450	97	moving	2016-06-28 16:34:20.181+05	t	0	0	{}	{}	{}	t	f	f	f	f	f
5835	450	97	moving	2016-06-28 16:34:20.182+05	t	0	0	{}	{}	{}	t	f	f	f	f	f
5837	451	97	start	2016-06-28 16:36:22.229+05	t	0	0	{}	{}	{}	t	f	f	f	f	f
5838	451	97	moving	2016-06-28 16:36:22.232+05	t	0	0	{}	{}	{}	t	f	f	f	f	f
5839	451	97	initiating	2016-06-28 16:36:22.279+05	t	0	0	{}	{}	{}	t	f	f	f	f	f
5840	451	97	initiated	2016-06-28 16:36:22.281+05	t	0	0	{}	{}	{}	t	f	f	f	f	f
5841	451	97	invoking	2016-06-28 16:36:22.281+05	t	0	0	{}	{}	{}	t	f	f	f	f	f
5842	451	97	moving	2016-06-28 16:36:23.294+05	t	0	0	{}	{}	{}	t	f	f	f	f	t
5843	451	97	paused	2016-06-28 16:36:23.294+05	t	0	0	{}	{}	{}	t	f	f	f	f	t
5844	451	97	start	2016-06-28 16:36:55.223+05	t	0	0	{}	{}	{}	t	f	f	f	f	f
5845	451	97	moving	2016-06-28 16:36:55.224+05	t	0	0	{}	{}	{}	t	f	f	f	f	f
5846	451	97	invoking	2016-06-28 16:36:55.224+05	t	0	0	{}	{}	{}	t	f	f	f	f	f
5847	451	97	invoked	2016-06-28 16:36:55.224+05	t	0	0	{}	{}	{}	t	f	f	f	f	f
5848	451	97	finishing	2016-06-28 16:36:55.224+05	t	0	0	{}	{}	{}	t	f	f	f	f	f
5849	451	97	finished	2016-06-28 16:36:55.224+05	t	0	0	{}	{}	{}	t	f	f	f	f	f
5850	451	97	moving	2016-06-28 16:36:55.225+05	t	1	0	{}	{}	{}	t	f	f	f	f	f
5851	451	97	end	2016-06-28 16:36:55.225+05	t	1	0	{}	{}	{}	t	t	f	f	f	f
5852	451	97	start	2016-06-28 16:37:30.165+05	t	0	0	{}	{}	{}	t	f	f	f	f	f
5853	451	97	moving	2016-06-28 16:37:30.165+05	t	0	0	{}	{}	{}	t	f	f	f	f	f
5854	451	97	moving	2016-06-28 16:37:30.165+05	t	0	0	{}	{}	{}	t	f	f	f	f	f
5855	451	97	moving	2016-06-28 16:37:30.166+05	t	0	0	{}	{}	{}	t	f	f	f	f	f
5856	451	97	moving	2016-06-28 16:37:30.166+05	t	0	0	{}	{}	{}	t	f	f	f	f	f
5857	451	97	moving	2016-06-28 16:37:30.167+05	t	0	0	{}	{}	{}	t	f	f	f	f	f
5858	451	97	end	2016-06-28 16:37:30.167+05	t	0	0	{}	{}	{}	t	t	f	f	f	f
5859	452	97	start	2016-06-28 16:43:14.359+05	t	0	0	{}	{}	{}	t	f	f	f	f	f
5860	452	97	moving	2016-06-28 16:43:14.362+05	t	0	0	{}	{}	{}	t	f	f	f	f	f
5861	452	97	initiating	2016-06-28 16:43:14.442+05	t	0	0	{}	{}	{}	t	f	f	f	f	f
5862	452	97	initiated	2016-06-28 16:43:14.443+05	t	0	0	{}	{}	{}	t	f	f	f	f	f
5863	452	97	invoking	2016-06-28 16:43:14.443+05	t	0	0	{}	{}	{}	t	f	f	f	f	f
5864	452	97	moving	2016-06-28 16:43:14.455+05	t	0	0	{}	{}	{}	t	f	f	f	f	t
5865	452	97	paused	2016-06-28 16:43:14.455+05	t	0	0	{}	{}	{}	t	f	f	f	f	t
5866	453	97	start	2016-06-28 16:45:57.034+05	t	0	0	{}	{}	{}	t	f	f	f	f	f
5867	453	97	moving	2016-06-28 16:45:57.037+05	t	0	0	{}	{}	{}	t	f	f	f	f	f
5868	453	97	initiating	2016-06-28 16:45:57.094+05	t	0	0	{}	{}	{}	t	f	f	f	f	f
5869	453	97	initiated	2016-06-28 16:45:57.095+05	t	0	0	{}	{}	{}	t	f	f	f	f	f
5870	453	97	invoking	2016-06-28 16:45:57.095+05	t	0	0	{}	{}	{}	t	f	f	f	f	f
5871	453	97	moving	2016-06-28 16:45:57.576+05	t	0	0	{}	{}	{}	t	f	f	f	f	t
5872	453	97	paused	2016-06-28 16:45:57.576+05	t	0	0	{}	{}	{}	t	f	f	f	f	t
5873	453	97	start	2016-06-28 16:46:30.393+05	t	0	0	{}	{}	{}	t	f	f	f	f	f
5874	453	97	moving	2016-06-28 16:46:30.394+05	t	0	0	{}	{}	{}	t	f	f	f	f	f
5875	453	97	invoking	2016-06-28 16:46:30.395+05	t	0	0	{}	{}	{}	t	f	f	f	f	f
5876	453	97	invoked	2016-06-28 16:46:30.395+05	t	0	0	{}	{}	{}	t	f	f	f	f	f
5877	453	97	finishing	2016-06-28 16:46:30.395+05	t	0	0	{}	{}	{}	t	f	f	f	f	f
5878	453	97	finished	2016-06-28 16:46:30.395+05	t	0	0	{}	{}	{}	t	f	f	f	f	f
5879	453	97	moving	2016-06-28 16:46:30.396+05	t	1	0	{}	{}	{}	t	f	f	f	f	f
5880	453	97	end	2016-06-28 16:46:30.399+05	t	1	0	{}	{}	{}	t	t	f	f	f	f
5881	454	85	start	2016-06-29 13:26:33.803+05	t	0	0	{}	{}	{}	t	f	f	f	f	f
5882	454	85	moving	2016-06-29 13:26:33.818+05	t	0	0	{}	{}	{}	t	f	f	f	f	f
5883	454	85	initiating	2016-06-29 13:26:34.028+05	t	0	0	{}	{}	{}	t	f	f	f	f	f
5884	454	85	initiated	2016-06-29 13:26:34.035+05	t	0	0	{}	{}	{}	t	f	f	f	f	f
5885	454	85	invoking	2016-06-29 13:26:34.035+05	t	0	0	{}	{}	{}	t	f	f	f	f	f
5886	454	85	moving	2016-06-29 13:26:34.105+05	t	0	0	{}	{}	{}	t	f	f	f	f	t
5887	454	85	paused	2016-06-29 13:26:34.105+05	t	0	0	{}	{}	{}	t	f	f	f	f	t
5888	454	85	start	2016-06-29 13:26:54.449+05	t	0	0	{}	{}	{}	t	f	f	f	f	f
5889	454	85	moving	2016-06-29 13:26:54.449+05	t	0	0	{}	{}	{}	t	f	f	f	f	f
5890	454	85	initiating	2016-06-29 13:26:54.449+05	t	0	0	{}	{}	{}	t	f	f	f	f	f
5891	454	85	initiated	2016-06-29 13:26:54.449+05	t	0	0	{}	{}	{}	t	f	f	f	f	f
5892	454	85	invoking	2016-06-29 13:26:54.449+05	t	0	0	{}	{}	{}	t	f	f	f	f	f
5893	454	85	invoked	2016-06-29 13:26:54.449+05	t	0	0	{}	{}	{}	t	f	f	f	f	f
5894	454	85	finishing	2016-06-29 13:26:54.449+05	t	0	0	{}	{}	{}	t	f	f	f	f	f
5895	454	85	finished	2016-06-29 13:26:54.449+05	t	0	0	{}	{}	{}	t	f	f	f	f	f
5896	454	85	moving	2016-06-29 13:26:54.449+05	t	1	0	{}	{}	{}	t	f	f	f	f	f
5897	454	85	initiating	2016-06-29 13:26:54.449+05	t	1	0	{}	{}	{}	t	f	f	f	f	f
5898	454	85	initiated	2016-06-29 13:26:54.449+05	t	1	0	{}	{}	{}	t	f	f	f	f	f
5899	454	85	invoking	2016-06-29 13:26:54.449+05	t	1	0	{}	{}	{}	t	f	f	f	f	f
5904	454	85	moving	2016-06-29 13:27:28.609+05	t	0	0	{}	{}	{}	t	f	f	f	f	f
5909	454	85	moving	2016-06-29 13:27:28.616+05	t	0	0	{}	{}	{}	t	f	f	f	f	f
5911	454	85	moving	2016-06-29 13:27:28.617+05	t	0	0	{}	{}	{}	t	f	f	f	f	f
5916	454	85	moving	2016-06-29 13:27:28.623+05	t	0	0	{}	{}	{}	t	f	f	f	f	f
5918	454	85	moving	2016-06-29 13:27:28.623+05	t	0	0	{}	{}	{}	t	f	f	f	f	f
5919	454	85	moving	2016-06-29 13:27:28.623+05	t	0	0	{}	{}	{}	t	f	f	f	f	f
5922	454	85	moving	2016-06-29 13:27:28.624+05	t	0	0	{}	{}	{}	t	f	f	f	f	f
5924	454	85	moving	2016-06-29 13:27:28.625+05	t	0	0	{}	{}	{}	t	f	f	f	f	f
5929	454	85	moving	2016-06-29 13:27:28.628+05	t	0	0	{}	{}	{}	t	f	f	f	f	f
5931	454	85	end	2016-06-29 13:27:28.63+05	t	0	0	{}	{}	{}	t	t	f	f	f	f
5900	454	85	moving	2016-06-29 13:26:54.449+05	t	1	0	{}	{}	{}	t	f	f	f	f	t
5902	454	85	start	2016-06-29 13:27:28.609+05	t	0	0	{}	{}	{}	t	f	f	f	f	f
5913	454	85	moving	2016-06-29 13:27:28.617+05	t	0	0	{}	{}	{}	t	f	f	f	f	f
5915	454	85	moving	2016-06-29 13:27:28.622+05	t	0	0	{}	{}	{}	t	f	f	f	f	f
5920	454	85	moving	2016-06-29 13:27:28.623+05	t	0	0	{}	{}	{}	t	f	f	f	f	f
5901	454	85	paused	2016-06-29 13:26:54.449+05	t	1	0	{}	{}	{}	t	f	f	f	f	t
5903	454	85	moving	2016-06-29 13:27:28.609+05	t	0	0	{}	{}	{}	t	f	f	f	f	f
5907	454	85	moving	2016-06-29 13:27:28.616+05	t	0	0	{}	{}	{}	t	f	f	f	f	f
5912	454	85	moving	2016-06-29 13:27:28.617+05	t	0	0	{}	{}	{}	t	f	f	f	f	f
5914	454	85	moving	2016-06-29 13:27:28.621+05	t	0	0	{}	{}	{}	t	f	f	f	f	f
5923	454	85	moving	2016-06-29 13:27:28.624+05	t	0	0	{}	{}	{}	t	f	f	f	f	f
5927	454	85	moving	2016-06-29 13:27:28.626+05	t	0	0	{}	{}	{}	t	f	f	f	f	f
5905	454	85	moving	2016-06-29 13:27:28.611+05	t	0	0	{}	{}	{}	t	f	f	f	f	f
5906	454	85	moving	2016-06-29 13:27:28.612+05	t	0	0	{}	{}	{}	t	f	f	f	f	f
5908	454	85	moving	2016-06-29 13:27:28.616+05	t	0	0	{}	{}	{}	t	f	f	f	f	f
5917	454	85	moving	2016-06-29 13:27:28.623+05	t	0	0	{}	{}	{}	t	f	f	f	f	f
5921	454	85	moving	2016-06-29 13:27:28.624+05	t	0	0	{}	{}	{}	t	f	f	f	f	f
5925	454	85	moving	2016-06-29 13:27:28.626+05	t	0	0	{}	{}	{}	t	f	f	f	f	f
5926	454	85	moving	2016-06-29 13:27:28.626+05	t	0	0	{}	{}	{}	t	f	f	f	f	f
5928	454	85	moving	2016-06-29 13:27:28.626+05	t	0	0	{}	{}	{}	t	f	f	f	f	f
5910	454	85	moving	2016-06-29 13:27:28.617+05	t	0	0	{}	{}	{}	t	f	f	f	f	f
5930	454	85	moving	2016-06-29 13:27:28.63+05	t	0	0	{}	{}	{}	t	f	f	f	f	f
5932	455	85	start	2016-06-29 18:41:34.287+05	t	0	0	{}	{}	{}	t	f	f	f	f	f
5933	455	85	moving	2016-06-29 18:41:34.317+05	t	0	0	{}	{}	{}	t	f	f	f	f	f
5934	455	85	initiating	2016-06-29 18:41:34.429+05	t	0	0	{}	{}	{}	t	f	f	f	f	f
5935	455	85	initiated	2016-06-29 18:41:34.437+05	t	0	0	{}	{}	{}	t	f	f	f	f	f
5936	455	85	invoking	2016-06-29 18:41:34.437+05	t	0	0	{}	{}	{}	t	f	f	f	f	f
5937	455	85	moving	2016-06-29 18:41:34.539+05	t	0	0	{}	{}	{}	t	f	f	f	f	t
5938	455	85	paused	2016-06-29 18:41:34.539+05	t	0	0	{}	{}	{}	t	f	f	f	f	t
5939	455	85	start	2016-06-29 18:41:50.262+05	t	0	0	{}	{}	{}	t	f	f	f	f	f
5940	455	85	moving	2016-06-29 18:41:50.262+05	t	0	0	{}	{}	{}	t	f	f	f	f	f
5941	455	85	initiating	2016-06-29 18:41:50.263+05	t	0	0	{}	{}	{}	t	f	f	f	f	f
5942	455	85	initiated	2016-06-29 18:41:50.263+05	t	0	0	{}	{}	{}	t	f	f	f	f	f
5943	455	85	invoking	2016-06-29 18:41:50.263+05	t	0	0	{}	{}	{}	t	f	f	f	f	f
5944	455	85	invoked	2016-06-29 18:41:50.263+05	t	0	0	{}	{}	{}	t	f	f	f	f	f
5945	455	85	finishing	2016-06-29 18:41:50.263+05	t	0	0	{}	{}	{}	t	f	f	f	f	f
5946	455	85	finished	2016-06-29 18:41:50.263+05	t	0	0	{}	{}	{}	t	f	f	f	f	f
5947	455	85	moving	2016-06-29 18:41:50.263+05	t	1	0	{}	{}	{}	t	f	f	f	f	f
5948	455	85	initiating	2016-06-29 18:41:50.264+05	t	1	0	{}	{}	{}	t	f	f	f	f	f
5949	455	85	initiated	2016-06-29 18:41:50.264+05	t	1	0	{}	{}	{}	t	f	f	f	f	f
5950	455	85	invoking	2016-06-29 18:41:50.264+05	t	1	0	{}	{}	{}	t	f	f	f	f	f
5951	455	85	moving	2016-06-29 18:41:50.264+05	t	1	0	{}	{}	{}	t	f	f	f	f	t
5952	455	85	paused	2016-06-29 18:41:50.264+05	t	1	0	{}	{}	{}	t	f	f	f	f	t
5953	457	117	start	2016-07-05 08:23:29.924+05	t	0	0	{}	{}	{}	t	f	f	f	f	f
5954	457	117	moving	2016-07-05 08:23:29.938+05	t	0	0	{}	{}	{}	t	f	f	f	f	f
5955	457	117	initiating	2016-07-05 08:23:30.141+05	t	0	0	{}	{}	{}	t	f	f	f	f	f
5956	457	117	initiated	2016-07-05 08:23:30.152+05	t	0	0	{}	{}	{}	t	f	f	f	f	f
5957	457	117	invoking	2016-07-05 08:23:30.152+05	t	0	0	{}	{}	{}	t	f	f	f	f	f
5958	457	117	moving	2016-07-05 08:23:30.227+05	t	0	0	{}	{}	{}	t	f	f	f	f	t
5959	457	117	paused	2016-07-05 08:23:30.227+05	t	0	0	{}	{}	{}	t	f	f	f	f	t
5960	458	117	start	2016-07-07 12:04:02.244+05	t	0	0	{}	{}	{}	t	f	f	f	f	f
5961	458	117	moving	2016-07-07 12:04:02.263+05	t	0	0	{}	{}	{}	t	f	f	f	f	f
5962	458	117	initiating	2016-07-07 12:04:02.453+05	t	0	0	{}	{}	{}	t	f	f	f	f	f
5963	458	117	initiated	2016-07-07 12:04:02.478+05	t	0	0	{}	{}	{}	t	f	f	f	f	f
5964	458	117	invoking	2016-07-07 12:04:02.478+05	t	0	0	{}	{}	{}	t	f	f	f	f	f
5965	458	117	moving	2016-07-07 12:04:02.539+05	t	0	0	{}	{}	{}	t	f	f	f	f	t
5966	458	117	paused	2016-07-07 12:04:02.54+05	t	0	0	{}	{}	{}	t	f	f	f	f	t
5967	459	109	start	2016-07-09 07:37:57.721+05	t	0	0	{}	{}	{}	t	f	f	f	f	f
5968	459	109	moving	2016-07-09 07:37:57.733+05	t	0	0	{}	{}	{}	t	f	f	f	f	f
5969	459	109	initiating	2016-07-09 07:37:57.891+05	t	0	0	{}	{}	{}	t	f	f	f	f	f
5970	459	109	initiated	2016-07-09 07:37:57.895+05	t	0	0	{}	{}	{}	t	f	f	f	f	f
5971	459	109	invoking	2016-07-09 07:37:57.896+05	t	0	0	{}	{}	{}	t	f	f	f	f	f
5972	459	109	invoked	2016-07-09 07:37:57.964+05	t	0	0	{}	{}	{}	t	f	f	f	f	f
5973	459	109	finishing	2016-07-09 07:37:57.965+05	t	0	0	{}	{}	{}	t	f	f	f	f	f
5974	459	109	finished	2016-07-09 07:37:57.965+05	t	0	0	{}	{}	{}	t	f	f	f	f	f
5975	459	109	moving	2016-07-09 07:37:57.965+05	t	1	0	{}	{}	{}	t	f	f	f	f	f
5976	459	109	initiating	2016-07-09 07:37:57.966+05	t	1	0	{}	{}	{}	t	f	f	f	f	f
5977	459	109	initiated	2016-07-09 07:37:57.966+05	t	1	0	{}	{}	{}	t	f	f	f	f	f
5978	459	109	invoking	2016-07-09 07:37:57.966+05	t	1	0	{}	{}	{}	t	f	f	f	f	f
5979	459	109	invoked	2016-07-09 07:37:59.164+05	t	1	0	{}	{}	{}	t	f	f	f	f	f
5980	459	109	finishing	2016-07-09 07:37:59.164+05	t	1	0	{}	{}	{}	t	f	f	f	f	f
5981	459	109	finished	2016-07-09 07:37:59.164+05	t	1	0	{}	{}	{}	t	f	f	f	f	f
5982	459	109	moving	2016-07-09 07:37:59.165+05	t	2	0	{}	{}	{}	t	f	f	f	f	f
5983	459	109	end	2016-07-09 07:37:59.166+05	t	2	0	{}	{}	{}	t	t	f	f	f	f
5984	461	109	start	2016-07-09 10:12:34.067+05	t	0	0	{}	{}	{}	t	f	f	f	f	f
5985	461	109	moving	2016-07-09 10:12:34.07+05	t	0	0	{}	{}	{}	t	f	f	f	f	f
5986	461	109	initiating	2016-07-09 10:12:34.094+05	t	0	0	{}	{}	{}	t	f	f	f	f	f
5987	461	109	initiated	2016-07-09 10:12:34.096+05	t	0	0	{}	{}	{}	t	f	f	f	f	f
5988	461	109	invoking	2016-07-09 10:12:34.096+05	t	0	0	{}	{}	{}	t	f	f	f	f	f
5989	461	109	invoked	2016-07-09 10:12:34.121+05	t	0	0	{}	{}	{}	t	f	f	f	f	f
5990	461	109	finishing	2016-07-09 10:12:34.121+05	t	0	0	{}	{}	{}	t	f	f	f	f	f
5991	461	109	finished	2016-07-09 10:12:34.121+05	t	0	0	{}	{}	{}	t	f	f	f	f	f
5992	461	109	moving	2016-07-09 10:12:34.122+05	t	1	0	{}	{}	{}	t	f	f	f	f	f
5993	461	109	initiating	2016-07-09 10:12:34.122+05	t	1	0	{}	{}	{}	t	f	f	f	f	f
5994	461	109	initiated	2016-07-09 10:12:34.122+05	t	1	0	{}	{}	{}	t	f	f	f	f	f
5995	461	109	invoking	2016-07-09 10:12:34.122+05	t	1	0	{}	{}	{}	t	f	f	f	f	f
5999	461	109	moving	2016-07-09 10:12:35.23+05	t	2	0	{}	{}	{}	t	f	f	f	f	f
5996	461	109	invoked	2016-07-09 10:12:35.23+05	t	1	0	{}	{}	{}	t	f	f	f	f	f
6002	461	109	invoking	2016-07-09 10:12:35.23+05	t	2	0	{}	{}	{}	t	f	f	f	f	f
6004	461	109	finishing	2016-07-09 10:12:35.395+05	t	2	0	{}	{}	{}	t	f	f	f	f	f
6007	461	109	end	2016-07-09 10:12:35.395+05	t	3	0	{}	{}	{}	t	t	f	f	f	f
5997	461	109	finishing	2016-07-09 10:12:35.23+05	t	1	0	{}	{}	{}	t	f	f	f	f	f
6000	461	109	initiating	2016-07-09 10:12:35.23+05	t	2	0	{}	{}	{}	t	f	f	f	f	f
6005	461	109	finished	2016-07-09 10:12:35.395+05	t	2	0	{}	{}	{}	t	f	f	f	f	f
5998	461	109	finished	2016-07-09 10:12:35.23+05	t	1	0	{}	{}	{}	t	f	f	f	f	f
6001	461	109	initiated	2016-07-09 10:12:35.23+05	t	2	0	{}	{}	{}	t	f	f	f	f	f
6003	461	109	invoked	2016-07-09 10:12:35.395+05	t	2	0	{}	{}	{}	t	f	f	f	f	f
6006	461	109	moving	2016-07-09 10:12:35.395+05	t	3	0	{}	{}	{}	t	f	f	f	f	f
6008	462	109	start	2016-07-09 10:24:10.426+05	t	0	0	{}	{}	{}	t	f	f	f	f	f
6009	462	109	moving	2016-07-09 10:24:10.428+05	t	0	0	{}	{}	{}	t	f	f	f	f	f
6010	462	109	initiating	2016-07-09 10:24:10.447+05	t	0	0	{}	{}	{}	t	f	f	f	f	f
6011	462	109	initiated	2016-07-09 10:24:10.45+05	t	0	0	{}	{}	{}	t	f	f	f	f	f
6012	462	109	invoking	2016-07-09 10:24:10.45+05	t	0	0	{}	{}	{}	t	f	f	f	f	f
6013	462	109	invoked	2016-07-09 10:24:10.469+05	t	0	0	{}	{}	{}	t	f	f	f	f	f
6014	462	109	finishing	2016-07-09 10:24:10.469+05	t	0	0	{}	{}	{}	t	f	f	f	f	f
6015	462	109	finished	2016-07-09 10:24:10.469+05	t	0	0	{}	{}	{}	t	f	f	f	f	f
6016	462	109	moving	2016-07-09 10:24:10.469+05	t	1	0	{}	{}	{}	t	f	f	f	f	f
6017	462	109	initiating	2016-07-09 10:24:10.47+05	t	1	0	{}	{}	{}	t	f	f	f	f	f
6018	462	109	initiated	2016-07-09 10:24:10.47+05	t	1	0	{}	{}	{}	t	f	f	f	f	f
6019	462	109	invoking	2016-07-09 10:24:10.47+05	t	1	0	{}	{}	{}	t	f	f	f	f	f
6020	462	109	invoked	2016-07-09 10:24:11.442+05	t	1	0	{}	{}	{}	t	f	f	f	f	f
6021	462	109	finishing	2016-07-09 10:24:11.442+05	t	1	0	{}	{}	{}	t	f	f	f	f	f
6022	462	109	finished	2016-07-09 10:24:11.442+05	t	1	0	{}	{}	{}	t	f	f	f	f	f
6023	462	109	moving	2016-07-09 10:24:11.442+05	t	2	0	{}	{}	{}	t	f	f	f	f	f
6024	462	109	initiating	2016-07-09 10:24:11.443+05	t	2	0	{}	{}	{}	t	f	f	f	f	f
6025	462	109	initiated	2016-07-09 10:24:11.443+05	t	2	0	{}	{}	{}	t	f	f	f	f	f
6026	462	109	invoking	2016-07-09 10:24:11.443+05	t	2	0	{}	{}	{}	t	f	f	f	f	f
6027	462	109	invoked	2016-07-09 10:24:11.843+05	t	2	0	{}	{}	{}	t	f	f	f	f	f
6028	462	109	finishing	2016-07-09 10:24:11.843+05	t	2	0	{}	{}	{}	t	f	f	f	f	f
6029	462	109	finished	2016-07-09 10:24:11.843+05	t	2	0	{}	{}	{}	t	f	f	f	f	f
6030	462	109	moving	2016-07-09 10:24:11.843+05	t	3	0	{}	{}	{}	t	f	f	f	f	f
6031	462	109	end	2016-07-09 10:24:11.844+05	t	3	0	{}	{}	{}	t	t	f	f	f	f
6032	464	109	start	2016-07-11 08:38:04.652+05	t	0	0	{}	{}	{}	t	f	f	f	f	f
6033	464	109	moving	2016-07-11 08:38:04.653+05	t	0	0	{}	{}	{}	t	f	f	f	f	f
6034	464	109	initiating	2016-07-11 08:38:04.662+05	t	0	0	{}	{}	{}	t	f	f	f	f	f
6035	464	109	initiated	2016-07-11 08:38:04.663+05	t	0	0	{}	{}	{}	t	f	f	f	f	f
6036	464	109	invoking	2016-07-11 08:38:04.663+05	t	0	0	{}	{}	{}	t	f	f	f	f	f
6037	464	109	invoked	2016-07-11 08:38:04.675+05	t	0	0	{}	{}	{}	t	f	f	f	f	f
6038	464	109	finishing	2016-07-11 08:38:04.675+05	t	0	0	{}	{}	{}	t	f	f	f	f	f
6039	464	109	finished	2016-07-11 08:38:04.675+05	t	0	0	{}	{}	{}	t	f	f	f	f	f
6040	464	109	moving	2016-07-11 08:38:04.675+05	t	1	0	{}	{}	{}	t	f	f	f	f	f
6041	464	109	initiating	2016-07-11 08:38:04.675+05	t	1	0	{}	{}	{}	t	f	f	f	f	f
6042	464	109	initiated	2016-07-11 08:38:04.675+05	t	1	0	{}	{}	{}	t	f	f	f	f	f
6043	464	109	invoking	2016-07-11 08:38:04.675+05	t	1	0	{}	{}	{}	t	f	f	f	f	f
6044	464	109	invoked	2016-07-11 08:38:05.648+05	t	1	0	{}	{}	{}	t	f	f	f	f	f
6045	464	109	finishing	2016-07-11 08:38:05.648+05	t	1	0	{}	{}	{}	t	f	f	f	f	f
6046	464	109	finished	2016-07-11 08:38:05.648+05	t	1	0	{}	{}	{}	t	f	f	f	f	f
6047	464	109	moving	2016-07-11 08:38:05.661+05	t	2	0	{}	{}	{}	t	f	f	f	f	f
6048	464	109	initiating	2016-07-11 08:38:05.661+05	t	2	0	{}	{}	{}	t	f	f	f	f	f
6049	464	109	initiated	2016-07-11 08:38:05.661+05	t	2	0	{}	{}	{}	t	f	f	f	f	f
6050	464	109	invoking	2016-07-11 08:38:05.661+05	t	2	0	{}	{}	{}	t	f	f	f	f	f
6051	464	109	invoked	2016-07-11 08:38:06.047+05	t	2	0	{}	{}	{}	t	f	f	f	f	f
6052	464	109	finishing	2016-07-11 08:38:06.047+05	t	2	0	{}	{}	{}	t	f	f	f	f	f
6053	464	109	finished	2016-07-11 08:38:06.047+05	t	2	0	{}	{}	{}	t	f	f	f	f	f
6054	464	109	moving	2016-07-11 08:38:06.047+05	t	3	0	{}	{}	{}	t	f	f	f	f	f
6055	464	109	end	2016-07-11 08:38:06.047+05	t	3	0	{}	{}	{}	t	t	f	f	f	f
6056	465	109	start	2016-07-16 12:08:12.146+05	t	0	0	{}	{}	{}	t	f	f	f	f	f
6057	465	109	moving	2016-07-16 12:08:12.158+05	t	0	0	{}	{}	{}	t	f	f	f	f	f
6058	465	109	initiating	2016-07-16 12:08:12.31+05	t	0	0	{}	{}	{}	t	f	f	f	f	f
6059	465	109	initiated	2016-07-16 12:08:12.322+05	t	0	0	{}	{}	{}	t	f	f	f	f	f
6060	465	109	invoking	2016-07-16 12:08:12.323+05	t	0	0	{}	{}	{}	t	f	f	f	f	f
6061	465	109	invoked	2016-07-16 12:08:12.418+05	t	0	0	{}	{}	{}	t	f	f	f	f	f
6062	465	109	finishing	2016-07-16 12:08:12.419+05	t	0	0	{}	{}	{}	t	f	f	f	f	f
6063	465	109	finished	2016-07-16 12:08:12.419+05	t	0	0	{}	{}	{}	t	f	f	f	f	f
6064	465	109	moving	2016-07-16 12:08:12.419+05	t	1	0	{}	{}	{}	t	f	f	f	f	f
6065	465	109	initiating	2016-07-16 12:08:12.419+05	t	1	0	{}	{}	{}	t	f	f	f	f	f
6066	465	109	initiated	2016-07-16 12:08:12.419+05	t	1	0	{}	{}	{}	t	f	f	f	f	f
6067	465	109	invoking	2016-07-16 12:08:12.419+05	t	1	0	{}	{}	{}	t	f	f	f	f	f
6068	465	109	invoked	2016-07-16 12:08:14.692+05	t	1	0	{}	{}	{}	t	f	f	f	f	f
6069	465	109	finishing	2016-07-16 12:08:14.692+05	t	1	0	{}	{}	{}	t	f	f	f	f	f
6070	465	109	finished	2016-07-16 12:08:14.692+05	t	1	0	{}	{}	{}	t	f	f	f	f	f
6075	465	109	invoked	2016-07-16 12:08:15.077+05	t	2	0	{}	{}	{}	t	f	f	f	f	f
6081	466	122	moving	2016-07-16 12:10:21.779+05	t	0	0	{}	{}	{}	t	f	f	f	f	f
6071	465	109	moving	2016-07-16 12:08:14.692+05	t	2	0	{}	{}	{}	t	f	f	f	f	f
6074	465	109	invoking	2016-07-16 12:08:14.692+05	t	2	0	{}	{}	{}	t	f	f	f	f	f
6079	465	109	end	2016-07-16 12:08:15.077+05	t	3	0	{}	{}	{}	t	t	f	f	f	f
6087	466	122	finished	2016-07-16 12:10:22.106+05	t	0	0	{}	{}	{}	t	f	f	f	f	f
6072	465	109	initiating	2016-07-16 12:08:14.692+05	t	2	0	{}	{}	{}	t	f	f	f	f	f
6089	466	122	end	2016-07-16 12:10:22.106+05	t	1	0	{}	{}	{}	t	t	f	f	f	f
6073	465	109	initiated	2016-07-16 12:08:14.692+05	t	2	0	{}	{}	{}	t	f	f	f	f	f
6083	466	122	initiated	2016-07-16 12:10:21.78+05	t	0	0	{}	{}	{}	t	f	f	f	f	f
6084	466	122	invoking	2016-07-16 12:10:21.78+05	t	0	0	{}	{}	{}	t	f	f	f	f	f
6086	466	122	finishing	2016-07-16 12:10:22.106+05	t	0	0	{}	{}	{}	t	f	f	f	f	f
6076	465	109	finishing	2016-07-16 12:08:15.077+05	t	2	0	{}	{}	{}	t	f	f	f	f	f
6085	466	122	invoked	2016-07-16 12:10:22.106+05	t	0	0	{}	{}	{}	t	f	f	f	f	f
6077	465	109	finished	2016-07-16 12:08:15.077+05	t	2	0	{}	{}	{}	t	f	f	f	f	f
6080	466	122	start	2016-07-16 12:10:21.779+05	t	0	0	{}	{}	{}	t	f	f	f	f	f
6078	465	109	moving	2016-07-16 12:08:15.077+05	t	3	0	{}	{}	{}	t	f	f	f	f	f
6082	466	122	initiating	2016-07-16 12:10:21.78+05	t	0	0	{}	{}	{}	t	f	f	f	f	f
6088	466	122	moving	2016-07-16 12:10:22.106+05	t	1	0	{}	{}	{}	t	f	f	f	f	f
6090	468	123	start	2016-07-16 12:30:33.947+05	t	0	0	{}	{}	{}	t	f	f	f	f	f
6091	468	123	moving	2016-07-16 12:30:33.98+05	t	0	0	{}	{}	{}	t	f	f	f	f	f
6092	468	123	initiating	2016-07-16 12:30:34.094+05	t	0	0	{}	{}	{}	t	f	f	f	f	f
6093	468	123	initiated	2016-07-16 12:30:34.123+05	t	0	0	{}	{}	{}	t	f	f	f	f	f
6094	468	123	invoking	2016-07-16 12:30:34.123+05	t	0	0	{}	{}	{}	t	f	f	f	f	f
6095	468	123	moving	2016-07-16 12:30:34.186+05	t	0	0	{}	{}	{}	t	f	f	f	f	t
6096	468	123	paused	2016-07-16 12:30:34.186+05	t	0	0	{}	{}	{}	t	f	f	f	f	t
6097	469	124	start	2016-07-16 12:30:37.538+05	t	0	0	{}	{}	{}	t	f	f	f	f	f
6098	469	124	moving	2016-07-16 12:30:37.538+05	t	0	0	{}	{}	{}	t	f	f	f	f	f
6099	469	124	initiating	2016-07-16 12:30:37.538+05	t	0	0	{}	{}	{}	t	f	f	f	f	f
6100	469	124	initiated	2016-07-16 12:30:37.538+05	t	0	0	{}	{}	{}	t	f	f	f	f	f
6101	469	124	invoking	2016-07-16 12:30:37.538+05	t	0	0	{}	{}	{}	t	f	f	f	f	f
6102	469	124	moving	2016-07-16 12:30:37.538+05	t	0	0	{}	{}	{}	t	f	f	f	f	t
6103	469	124	paused	2016-07-16 12:30:37.538+05	t	0	0	{}	{}	{}	t	f	f	f	f	t
6104	468	123	start	2016-07-16 12:30:58.929+05	t	0	0	{}	{}	{}	t	f	f	f	f	f
6105	468	123	moving	2016-07-16 12:30:58.929+05	t	0	0	{}	{}	{}	t	f	f	f	f	f
6106	468	123	initiating	2016-07-16 12:30:58.929+05	t	0	0	{}	{}	{}	t	f	f	f	f	f
6107	468	123	initiated	2016-07-16 12:30:58.93+05	t	0	0	{}	{}	{}	t	f	f	f	f	f
6108	468	123	invoking	2016-07-16 12:30:58.93+05	t	0	0	{}	{}	{}	t	f	f	f	f	f
6109	468	123	invoked	2016-07-16 12:30:58.93+05	t	0	0	{}	{}	{}	t	f	f	f	f	f
6110	468	123	finishing	2016-07-16 12:30:58.93+05	t	0	0	{}	{}	{}	t	f	f	f	f	f
6111	468	123	finished	2016-07-16 12:30:58.93+05	t	0	0	{}	{}	{}	t	f	f	f	f	f
6112	468	123	moving	2016-07-16 12:30:58.93+05	t	1	0	{}	{}	{}	t	f	f	f	f	f
6113	468	123	end	2016-07-16 12:30:58.93+05	t	1	0	{}	{}	{}	t	t	f	f	f	f
6114	469	124	start	2016-07-16 12:31:13.387+05	t	0	0	{}	{}	{}	t	f	f	f	f	f
6115	469	124	moving	2016-07-16 12:31:13.388+05	t	0	0	{}	{}	{}	t	f	f	f	f	f
6116	469	124	initiating	2016-07-16 12:31:13.388+05	t	0	0	{}	{}	{}	t	f	f	f	f	f
6117	469	124	initiated	2016-07-16 12:31:13.388+05	t	0	0	{}	{}	{}	t	f	f	f	f	f
6118	469	124	invoking	2016-07-16 12:31:13.388+05	t	0	0	{}	{}	{}	t	f	f	f	f	f
6119	469	124	invoked	2016-07-16 12:31:13.388+05	t	0	0	{}	{}	{}	t	f	f	f	f	f
6120	469	124	finishing	2016-07-16 12:31:13.388+05	t	0	0	{}	{}	{}	t	f	f	f	f	f
6121	469	124	finished	2016-07-16 12:31:13.388+05	t	0	0	{}	{}	{}	t	f	f	f	f	f
6122	469	124	moving	2016-07-16 12:31:13.388+05	t	1	0	{}	{}	{}	t	f	f	f	f	f
6123	469	124	initiating	2016-07-16 12:31:13.388+05	t	1	0	{}	{}	{}	t	f	f	f	f	f
6124	469	124	initiated	2016-07-16 12:31:13.388+05	t	1	0	{}	{}	{}	t	f	f	f	f	f
6125	469	124	invoking	2016-07-16 12:31:13.388+05	t	1	0	{}	{}	{}	t	f	f	f	f	f
6126	469	124	moving	2016-07-16 12:31:13.388+05	t	1	0	{}	{}	{}	t	f	f	f	f	t
6127	469	124	paused	2016-07-16 12:31:13.388+05	t	1	0	{}	{}	{}	t	f	f	f	f	t
6128	470	88	start	2016-07-19 17:22:05.171+05	t	0	0	{}	{}	{}	t	f	f	f	f	f
6129	470	88	moving	2016-07-19 17:22:05.182+05	t	0	0	{}	{}	{}	t	f	f	f	f	f
6130	470	88	initiating	2016-07-19 17:22:05.335+05	t	0	0	{}	{}	{}	t	f	f	f	f	f
6131	470	88	initiated	2016-07-19 17:22:05.345+05	t	0	0	{}	{}	{}	t	f	f	f	f	f
6132	470	88	invoking	2016-07-19 17:22:05.345+05	t	0	0	{}	{}	{}	t	f	f	f	f	f
6133	470	88	moving	2016-07-19 17:22:05.392+05	t	0	0	{}	{}	{}	t	f	f	f	f	t
6134	470	88	paused	2016-07-19 17:22:05.392+05	t	0	0	{}	{}	{}	t	f	f	f	f	t
6135	471	74	start	2016-07-19 20:26:19.612+05	t	0	0	{}	{}	{}	t	f	f	f	f	f
6136	471	74	moving	2016-07-19 20:26:19.625+05	t	0	0	{}	{}	{}	t	f	f	f	f	f
6137	471	74	initiating	2016-07-19 20:26:19.718+05	t	0	0	{}	{}	{}	t	f	f	f	f	f
6138	471	74	initiated	2016-07-19 20:26:19.729+05	t	0	0	{}	{}	{}	t	f	f	f	f	f
6139	471	74	invoking	2016-07-19 20:26:19.729+05	t	0	0	{}	{}	{}	t	f	f	f	f	f
6140	471	74	moving	2016-07-19 20:26:19.843+05	t	0	0	{}	{}	{}	t	f	f	f	f	t
6141	471	74	paused	2016-07-19 20:26:19.843+05	t	0	0	{}	{}	{}	t	f	f	f	f	t
6142	472	87	start	2016-07-20 11:02:04.92+05	t	0	0	{}	{}	{}	t	f	f	f	f	f
6143	472	87	moving	2016-07-20 11:02:04.931+05	t	0	0	{}	{}	{}	t	f	f	f	f	f
6144	472	87	initiating	2016-07-20 11:02:05.041+05	t	0	0	{}	{}	{}	t	f	f	f	f	f
6145	472	87	initiated	2016-07-20 11:02:05.052+05	t	0	0	{}	{}	{}	t	f	f	f	f	f
6146	472	87	invoking	2016-07-20 11:02:05.052+05	t	0	0	{}	{}	{}	t	f	f	f	f	f
6147	472	87	invoked	2016-07-20 11:02:06.116+05	t	0	0	{}	{}	{}	t	f	f	f	f	f
6148	472	87	finishing	2016-07-20 11:02:06.117+05	t	0	0	{}	{}	{}	t	f	f	f	f	f
6149	472	87	finished	2016-07-20 11:02:06.117+05	t	0	0	{}	{}	{}	t	f	f	f	f	f
6150	472	87	moving	2016-07-20 11:02:06.118+05	t	1	0	{}	{}	{}	t	f	f	f	f	f
6151	472	87	initiating	2016-07-20 11:02:06.118+05	t	1	0	{}	{}	{}	t	f	f	f	f	f
6152	472	87	initiated	2016-07-20 11:02:06.118+05	t	1	0	{}	{}	{}	t	f	f	f	f	f
6153	472	87	invoking	2016-07-20 11:02:06.118+05	t	1	0	{}	{}	{}	t	f	f	f	f	f
6154	472	87	moving	2016-07-20 11:02:06.141+05	t	1	0	{}	{}	{}	t	f	f	f	f	t
6159	472	87	moving	2016-07-20 11:02:20.986+05	t	0	0	{}	{}	{}	t	f	f	f	f	f
6167	472	87	moving	2016-07-20 11:02:20.989+05	t	0	0	{}	{}	{}	t	f	f	f	f	f
6173	472	87	moving	2016-07-20 11:02:20.991+05	t	0	0	{}	{}	{}	t	f	f	f	f	f
6179	472	87	moving	2016-07-20 11:02:20.992+05	t	0	0	{}	{}	{}	t	f	f	f	f	f
6155	472	87	paused	2016-07-20 11:02:06.141+05	t	1	0	{}	{}	{}	t	f	f	f	f	t
6164	472	87	moving	2016-07-20 11:02:20.987+05	t	0	0	{}	{}	{}	t	f	f	f	f	f
6175	472	87	moving	2016-07-20 11:02:20.991+05	t	0	0	{}	{}	{}	t	f	f	f	f	f
6184	472	87	moving	2016-07-20 11:02:20.993+05	t	0	0	{}	{}	{}	t	f	f	f	f	f
6156	472	87	start	2016-07-20 11:02:20.985+05	t	0	0	{}	{}	{}	t	f	f	f	f	f
6166	472	87	moving	2016-07-20 11:02:20.989+05	t	0	0	{}	{}	{}	t	f	f	f	f	f
6174	472	87	moving	2016-07-20 11:02:20.991+05	t	0	0	{}	{}	{}	t	f	f	f	f	f
6157	472	87	moving	2016-07-20 11:02:20.985+05	t	0	0	{}	{}	{}	t	f	f	f	f	f
6162	472	87	moving	2016-07-20 11:02:20.986+05	t	0	0	{}	{}	{}	t	f	f	f	f	f
6169	472	87	moving	2016-07-20 11:02:20.99+05	t	0	0	{}	{}	{}	t	f	f	f	f	f
6171	472	87	moving	2016-07-20 11:02:20.991+05	t	0	0	{}	{}	{}	t	f	f	f	f	f
6177	472	87	moving	2016-07-20 11:02:20.992+05	t	0	0	{}	{}	{}	t	f	f	f	f	f
6182	472	87	moving	2016-07-20 11:02:20.992+05	t	0	0	{}	{}	{}	t	f	f	f	f	f
6158	472	87	moving	2016-07-20 11:02:20.985+05	t	0	0	{}	{}	{}	t	f	f	f	f	f
6160	472	87	moving	2016-07-20 11:02:20.986+05	t	0	0	{}	{}	{}	t	f	f	f	f	f
6161	472	87	moving	2016-07-20 11:02:20.986+05	t	0	0	{}	{}	{}	t	f	f	f	f	f
6163	472	87	moving	2016-07-20 11:02:20.986+05	t	0	0	{}	{}	{}	t	f	f	f	f	f
6165	472	87	moving	2016-07-20 11:02:20.988+05	t	0	0	{}	{}	{}	t	f	f	f	f	f
6168	472	87	moving	2016-07-20 11:02:20.99+05	t	0	0	{}	{}	{}	t	f	f	f	f	f
6170	472	87	moving	2016-07-20 11:02:20.991+05	t	0	0	{}	{}	{}	t	f	f	f	f	f
6176	472	87	moving	2016-07-20 11:02:20.992+05	t	0	0	{}	{}	{}	t	f	f	f	f	f
6178	472	87	moving	2016-07-20 11:02:20.992+05	t	0	0	{}	{}	{}	t	f	f	f	f	f
6180	472	87	moving	2016-07-20 11:02:20.992+05	t	0	0	{}	{}	{}	t	f	f	f	f	f
6181	472	87	moving	2016-07-20 11:02:20.992+05	t	0	0	{}	{}	{}	t	f	f	f	f	f
6183	472	87	moving	2016-07-20 11:02:20.993+05	t	0	0	{}	{}	{}	t	f	f	f	f	f
6185	472	87	end	2016-07-20 11:02:20.993+05	t	0	0	{}	{}	{}	t	t	f	f	f	f
6172	472	87	moving	2016-07-20 11:02:20.991+05	t	0	0	{}	{}	{}	t	f	f	f	f	f
6186	473	87	start	2016-07-20 12:36:34.326+05	t	0	0	{}	{}	{}	t	f	f	f	f	f
6187	473	87	moving	2016-07-20 12:36:34.326+05	t	0	0	{}	{}	{}	t	f	f	f	f	f
6188	473	87	initiating	2016-07-20 12:36:34.327+05	t	0	0	{}	{}	{}	t	f	f	f	f	f
6189	473	87	initiated	2016-07-20 12:36:34.327+05	t	0	0	{}	{}	{}	t	f	f	f	f	f
6190	473	87	invoking	2016-07-20 12:36:34.327+05	t	0	0	{}	{}	{}	t	f	f	f	f	f
6191	473	87	invoked	2016-07-20 12:36:34.647+05	t	0	0	{}	{}	{}	t	f	f	f	f	f
6192	473	87	finishing	2016-07-20 12:36:34.647+05	t	0	0	{}	{}	{}	t	f	f	f	f	f
6193	473	87	finished	2016-07-20 12:36:34.647+05	t	0	0	{}	{}	{}	t	f	f	f	f	f
6194	473	87	moving	2016-07-20 12:36:34.647+05	t	1	0	{}	{}	{}	t	f	f	f	f	f
6195	473	87	initiating	2016-07-20 12:36:34.647+05	t	1	0	{}	{}	{}	t	f	f	f	f	f
6196	473	87	initiated	2016-07-20 12:36:34.647+05	t	1	0	{}	{}	{}	t	f	f	f	f	f
6197	473	87	invoking	2016-07-20 12:36:34.647+05	t	1	0	{}	{}	{}	t	f	f	f	f	f
6198	473	87	moving	2016-07-20 12:36:34.647+05	t	1	0	{}	{}	{}	t	f	f	f	f	t
6199	473	87	paused	2016-07-20 12:36:34.647+05	t	1	0	{}	{}	{}	t	f	f	f	f	t
6200	474	87	start	2016-07-20 12:50:33.418+05	t	0	0	{}	{}	{}	t	f	f	f	f	f
6201	474	87	moving	2016-07-20 12:50:33.43+05	t	0	0	{}	{}	{}	t	f	f	f	f	f
6202	474	87	initiating	2016-07-20 12:50:33.561+05	t	0	0	{}	{}	{}	t	f	f	f	f	f
6203	474	87	initiated	2016-07-20 12:50:33.564+05	t	0	0	{}	{}	{}	t	f	f	f	f	f
6204	474	87	invoking	2016-07-20 12:50:33.564+05	t	0	0	{}	{}	{}	t	f	f	f	f	f
6205	474	87	invoked	2016-07-20 12:50:34.228+05	t	1	0	{}	{}	{}	t	f	f	f	f	f
6206	474	87	finishing	2016-07-20 12:50:34.228+05	t	1	0	{}	{}	{}	t	f	f	f	f	f
6207	474	87	finished	2016-07-20 12:50:34.23+05	t	1	0	{}	{}	{}	t	f	f	f	f	f
6208	474	87	moving	2016-07-20 12:50:34.231+05	t	2	0	{}	{}	{}	t	f	f	f	f	f
6209	474	87	end	2016-07-20 12:50:34.231+05	t	2	0	{}	{}	{}	t	t	f	f	f	f
6210	473	87	start	2016-07-20 12:50:57.817+05	t	0	0	{}	{}	{}	t	f	f	f	f	f
6211	473	87	moving	2016-07-20 12:50:57.817+05	t	0	0	{}	{}	{}	t	f	f	f	f	f
6212	473	87	moving	2016-07-20 12:50:57.817+05	t	0	0	{}	{}	{}	t	f	f	f	f	f
6213	473	87	moving	2016-07-20 12:50:57.817+05	t	0	0	{}	{}	{}	t	f	f	f	f	f
6214	473	87	moving	2016-07-20 12:50:57.818+05	t	0	0	{}	{}	{}	t	f	f	f	f	f
6215	473	87	moving	2016-07-20 12:50:57.818+05	t	0	0	{}	{}	{}	t	f	f	f	f	f
6216	473	87	moving	2016-07-20 12:50:57.822+05	t	0	0	{}	{}	{}	t	f	f	f	f	f
6217	473	87	moving	2016-07-20 12:50:57.823+05	t	0	0	{}	{}	{}	t	f	f	f	f	f
6218	473	87	moving	2016-07-20 12:50:57.827+05	t	0	0	{}	{}	{}	t	f	f	f	f	f
6219	473	87	moving	2016-07-20 12:50:57.829+05	t	0	0	{}	{}	{}	t	f	f	f	f	f
6220	473	87	moving	2016-07-20 12:50:57.831+05	t	0	0	{}	{}	{}	t	f	f	f	f	f
6221	473	87	moving	2016-07-20 12:50:57.832+05	t	0	0	{}	{}	{}	t	f	f	f	f	f
6222	473	87	moving	2016-07-20 12:50:57.833+05	t	0	0	{}	{}	{}	t	f	f	f	f	f
6223	473	87	moving	2016-07-20 12:50:57.833+05	t	0	0	{}	{}	{}	t	f	f	f	f	f
6224	473	87	moving	2016-07-20 12:50:57.833+05	t	0	0	{}	{}	{}	t	f	f	f	f	f
6225	473	87	moving	2016-07-20 12:50:57.833+05	t	0	0	{}	{}	{}	t	f	f	f	f	f
6226	473	87	moving	2016-07-20 12:50:57.833+05	t	0	0	{}	{}	{}	t	f	f	f	f	f
6227	473	87	moving	2016-07-20 12:50:57.833+05	t	0	0	{}	{}	{}	t	f	f	f	f	f
6228	473	87	moving	2016-07-20 12:50:57.834+05	t	0	0	{}	{}	{}	t	f	f	f	f	f
6229	473	87	moving	2016-07-20 12:50:57.834+05	t	0	0	{}	{}	{}	t	f	f	f	f	f
6230	473	87	moving	2016-07-20 12:50:57.834+05	t	0	0	{}	{}	{}	t	f	f	f	f	f
6231	473	87	moving	2016-07-20 12:50:57.834+05	t	0	0	{}	{}	{}	t	f	f	f	f	f
6232	473	87	moving	2016-07-20 12:50:57.834+05	t	0	0	{}	{}	{}	t	f	f	f	f	f
6233	473	87	moving	2016-07-20 12:50:57.835+05	t	0	0	{}	{}	{}	t	f	f	f	f	f
6234	473	87	moving	2016-07-20 12:50:57.835+05	t	0	0	{}	{}	{}	t	f	f	f	f	f
6235	473	87	moving	2016-07-20 12:50:57.835+05	t	0	0	{}	{}	{}	t	f	f	f	f	f
6236	473	87	moving	2016-07-20 12:50:57.835+05	t	0	0	{}	{}	{}	t	f	f	f	f	f
6237	473	87	moving	2016-07-20 12:50:57.835+05	t	0	0	{}	{}	{}	t	f	f	f	f	f
6238	473	87	moving	2016-07-20 12:50:57.835+05	t	0	0	{}	{}	{}	t	f	f	f	f	f
6239	473	87	end	2016-07-20 12:50:57.836+05	t	0	0	{}	{}	{}	t	t	f	f	f	f
6240	475	87	start	2016-07-20 12:52:02.904+05	t	0	0	{}	{}	{}	t	f	f	f	f	f
6241	475	87	moving	2016-07-20 12:52:02.904+05	t	0	0	{}	{}	{}	t	f	f	f	f	f
6242	475	87	initiating	2016-07-20 12:52:02.904+05	t	0	0	{}	{}	{}	t	f	f	f	f	f
6243	475	87	initiated	2016-07-20 12:52:02.904+05	t	0	0	{}	{}	{}	t	f	f	f	f	f
6244	475	87	invoking	2016-07-20 12:52:02.904+05	t	0	0	{}	{}	{}	t	f	f	f	f	f
6245	475	87	invoked	2016-07-20 12:52:03.225+05	t	1	0	{}	{}	{}	t	f	f	f	f	f
6246	475	87	finishing	2016-07-20 12:52:03.225+05	t	1	0	{}	{}	{}	t	f	f	f	f	f
6247	475	87	finished	2016-07-20 12:52:03.225+05	t	1	0	{}	{}	{}	t	f	f	f	f	f
6248	475	87	moving	2016-07-20 12:52:03.225+05	t	2	0	{}	{}	{}	t	f	f	f	f	f
6249	475	87	end	2016-07-20 12:52:03.225+05	t	2	0	{}	{}	{}	t	t	f	f	f	f
6250	476	87	start	2016-07-20 13:03:34.123+05	t	0	0	{}	{}	{}	t	f	f	f	f	f
6251	476	87	moving	2016-07-20 13:03:34.125+05	t	0	0	{}	{}	{}	t	f	f	f	f	f
6252	476	87	initiating	2016-07-20 13:03:34.148+05	t	0	0	{}	{}	{}	t	f	f	f	f	f
6253	476	87	initiated	2016-07-20 13:03:34.151+05	t	0	0	{}	{}	{}	t	f	f	f	f	f
6254	476	87	invoking	2016-07-20 13:03:34.151+05	t	0	0	{}	{}	{}	t	f	f	f	f	f
6255	476	87	invoked	2016-07-20 13:03:34.548+05	t	0	0	{}	{}	{}	t	f	f	f	f	f
6256	476	87	finishing	2016-07-20 13:03:34.548+05	t	0	0	{}	{}	{}	t	f	f	f	f	f
6257	476	87	finished	2016-07-20 13:03:34.548+05	t	0	0	{}	{}	{}	t	f	f	f	f	f
6258	476	87	moving	2016-07-20 13:03:34.548+05	t	1	0	{}	{}	{}	t	f	f	f	f	f
6260	476	87	initiated	2016-07-20 13:03:34.548+05	t	1	0	{}	{}	{}	t	f	f	f	f	f
6261	476	87	invoking	2016-07-20 13:03:34.548+05	t	1	0	{}	{}	{}	t	f	f	f	f	f
6262	476	87	moving	2016-07-20 13:03:34.552+05	t	1	0	{}	{}	{}	t	f	f	f	f	t
6264	476	87	start	2016-07-20 13:05:39.193+05	t	0	0	{}	{}	{}	t	f	f	f	f	f
6265	476	87	moving	2016-07-20 13:05:39.193+05	t	0	0	{}	{}	{}	t	f	f	f	f	f
6267	476	87	moving	2016-07-20 13:05:39.193+05	t	0	0	{}	{}	{}	t	f	f	f	f	f
6268	476	87	moving	2016-07-20 13:05:39.193+05	t	0	0	{}	{}	{}	t	f	f	f	f	f
6270	476	87	moving	2016-07-20 13:05:39.193+05	t	0	0	{}	{}	{}	t	f	f	f	f	f
6271	476	87	moving	2016-07-20 13:05:39.194+05	t	0	0	{}	{}	{}	t	f	f	f	f	f
6273	476	87	moving	2016-07-20 13:05:39.194+05	t	0	0	{}	{}	{}	t	f	f	f	f	f
6274	476	87	moving	2016-07-20 13:05:39.194+05	t	0	0	{}	{}	{}	t	f	f	f	f	f
6275	476	87	moving	2016-07-20 13:05:39.194+05	t	0	0	{}	{}	{}	t	f	f	f	f	f
6278	476	87	moving	2016-07-20 13:05:39.194+05	t	0	0	{}	{}	{}	t	f	f	f	f	f
6280	476	87	moving	2016-07-20 13:05:39.195+05	t	0	0	{}	{}	{}	t	f	f	f	f	f
6281	476	87	moving	2016-07-20 13:05:39.195+05	t	0	0	{}	{}	{}	t	f	f	f	f	f
6283	476	87	moving	2016-07-20 13:05:39.195+05	t	0	0	{}	{}	{}	t	f	f	f	f	f
6284	476	87	moving	2016-07-20 13:05:39.195+05	t	0	0	{}	{}	{}	t	f	f	f	f	f
6285	476	87	moving	2016-07-20 13:05:39.195+05	t	0	0	{}	{}	{}	t	f	f	f	f	f
6287	476	87	moving	2016-07-20 13:05:39.196+05	t	0	0	{}	{}	{}	t	f	f	f	f	f
6288	476	87	moving	2016-07-20 13:05:39.196+05	t	0	0	{}	{}	{}	t	f	f	f	f	f
6290	476	87	moving	2016-07-20 13:05:39.196+05	t	0	0	{}	{}	{}	t	f	f	f	f	f
6291	476	87	moving	2016-07-20 13:05:39.196+05	t	0	0	{}	{}	{}	t	f	f	f	f	f
6293	476	87	end	2016-07-20 13:05:39.196+05	t	0	0	{}	{}	{}	t	t	f	f	f	f
6294	477	87	start	2016-07-20 13:07:48.716+05	t	0	0	{}	{}	{}	t	f	f	f	f	f
6295	477	87	moving	2016-07-20 13:07:48.717+05	t	0	0	{}	{}	{}	t	f	f	f	f	f
6297	477	87	initiated	2016-07-20 13:07:48.717+05	t	0	0	{}	{}	{}	t	f	f	f	f	f
6298	477	87	invoking	2016-07-20 13:07:48.717+05	t	0	0	{}	{}	{}	t	f	f	f	f	f
6299	477	87	invoked	2016-07-20 13:07:49.031+05	t	0	0	{}	{}	{}	t	f	f	f	f	f
6301	477	87	finished	2016-07-20 13:07:49.031+05	t	0	0	{}	{}	{}	t	f	f	f	f	f
6304	477	87	initiated	2016-07-20 13:07:49.031+05	t	1	0	{}	{}	{}	t	f	f	f	f	f
6306	477	87	moving	2016-07-20 13:07:49.032+05	t	1	0	{}	{}	{}	t	f	f	f	f	t
6308	477	87	start	2016-07-20 13:08:30.193+05	t	0	0	{}	{}	{}	t	f	f	f	f	f
6309	477	87	moving	2016-07-20 13:08:30.193+05	t	0	0	{}	{}	{}	t	f	f	f	f	f
6310	477	87	moving	2016-07-20 13:08:30.193+05	t	0	0	{}	{}	{}	t	f	f	f	f	f
6311	477	87	moving	2016-07-20 13:08:30.193+05	t	0	0	{}	{}	{}	t	f	f	f	f	f
6313	477	87	moving	2016-07-20 13:08:30.194+05	t	0	0	{}	{}	{}	t	f	f	f	f	f
6314	477	87	moving	2016-07-20 13:08:30.194+05	t	0	0	{}	{}	{}	t	f	f	f	f	f
6315	477	87	moving	2016-07-20 13:08:30.195+05	t	0	0	{}	{}	{}	t	f	f	f	f	f
6316	477	87	moving	2016-07-20 13:08:30.195+05	t	0	0	{}	{}	{}	t	f	f	f	f	f
6317	477	87	moving	2016-07-20 13:08:30.195+05	t	0	0	{}	{}	{}	t	f	f	f	f	f
6318	477	87	moving	2016-07-20 13:08:30.195+05	t	0	0	{}	{}	{}	t	f	f	f	f	f
6320	477	87	moving	2016-07-20 13:08:30.196+05	t	0	0	{}	{}	{}	t	f	f	f	f	f
6322	477	87	moving	2016-07-20 13:08:30.203+05	t	0	0	{}	{}	{}	t	f	f	f	f	f
6323	477	87	moving	2016-07-20 13:08:30.204+05	t	0	0	{}	{}	{}	t	f	f	f	f	f
6325	477	87	moving	2016-07-20 13:08:30.204+05	t	0	0	{}	{}	{}	t	f	f	f	f	f
6326	477	87	moving	2016-07-20 13:08:30.204+05	t	0	0	{}	{}	{}	t	f	f	f	f	f
6329	477	87	moving	2016-07-20 13:08:30.205+05	t	0	0	{}	{}	{}	t	f	f	f	f	f
6330	477	87	moving	2016-07-20 13:08:30.205+05	t	0	0	{}	{}	{}	t	f	f	f	f	f
6331	477	87	moving	2016-07-20 13:08:30.205+05	t	0	0	{}	{}	{}	t	f	f	f	f	f
6333	477	87	moving	2016-07-20 13:08:30.209+05	t	0	0	{}	{}	{}	t	f	f	f	f	f
6334	477	87	moving	2016-07-20 13:08:30.209+05	t	0	0	{}	{}	{}	t	f	f	f	f	f
6335	477	87	moving	2016-07-20 13:08:30.209+05	t	0	0	{}	{}	{}	t	f	f	f	f	f
6336	477	87	moving	2016-07-20 13:08:30.21+05	t	0	0	{}	{}	{}	t	f	f	f	f	f
6337	477	87	end	2016-07-20 13:08:30.21+05	t	0	0	{}	{}	{}	t	t	f	f	f	f
6259	476	87	initiating	2016-07-20 13:03:34.548+05	t	1	0	{}	{}	{}	t	f	f	f	f	f
6263	476	87	paused	2016-07-20 13:03:34.552+05	t	1	0	{}	{}	{}	t	f	f	f	f	t
6266	476	87	moving	2016-07-20 13:05:39.193+05	t	0	0	{}	{}	{}	t	f	f	f	f	f
6269	476	87	moving	2016-07-20 13:05:39.193+05	t	0	0	{}	{}	{}	t	f	f	f	f	f
6272	476	87	moving	2016-07-20 13:05:39.194+05	t	0	0	{}	{}	{}	t	f	f	f	f	f
6276	476	87	moving	2016-07-20 13:05:39.194+05	t	0	0	{}	{}	{}	t	f	f	f	f	f
6277	476	87	moving	2016-07-20 13:05:39.194+05	t	0	0	{}	{}	{}	t	f	f	f	f	f
6279	476	87	moving	2016-07-20 13:05:39.195+05	t	0	0	{}	{}	{}	t	f	f	f	f	f
6282	476	87	moving	2016-07-20 13:05:39.195+05	t	0	0	{}	{}	{}	t	f	f	f	f	f
6286	476	87	moving	2016-07-20 13:05:39.195+05	t	0	0	{}	{}	{}	t	f	f	f	f	f
6289	476	87	moving	2016-07-20 13:05:39.196+05	t	0	0	{}	{}	{}	t	f	f	f	f	f
6292	476	87	moving	2016-07-20 13:05:39.196+05	t	0	0	{}	{}	{}	t	f	f	f	f	f
6296	477	87	initiating	2016-07-20 13:07:48.717+05	t	0	0	{}	{}	{}	t	f	f	f	f	f
6300	477	87	finishing	2016-07-20 13:07:49.031+05	t	0	0	{}	{}	{}	t	f	f	f	f	f
6302	477	87	moving	2016-07-20 13:07:49.031+05	t	1	0	{}	{}	{}	t	f	f	f	f	f
6303	477	87	initiating	2016-07-20 13:07:49.031+05	t	1	0	{}	{}	{}	t	f	f	f	f	f
6305	477	87	invoking	2016-07-20 13:07:49.031+05	t	1	0	{}	{}	{}	t	f	f	f	f	f
6307	477	87	paused	2016-07-20 13:07:49.033+05	t	1	0	{}	{}	{}	t	f	f	f	f	t
6312	477	87	moving	2016-07-20 13:08:30.193+05	t	0	0	{}	{}	{}	t	f	f	f	f	f
6319	477	87	moving	2016-07-20 13:08:30.196+05	t	0	0	{}	{}	{}	t	f	f	f	f	f
6321	477	87	moving	2016-07-20 13:08:30.196+05	t	0	0	{}	{}	{}	t	f	f	f	f	f
6324	477	87	moving	2016-07-20 13:08:30.204+05	t	0	0	{}	{}	{}	t	f	f	f	f	f
6327	477	87	moving	2016-07-20 13:08:30.204+05	t	0	0	{}	{}	{}	t	f	f	f	f	f
6328	477	87	moving	2016-07-20 13:08:30.205+05	t	0	0	{}	{}	{}	t	f	f	f	f	f
6332	477	87	moving	2016-07-20 13:08:30.209+05	t	0	0	{}	{}	{}	t	f	f	f	f	f
6338	478	87	start	2016-07-20 13:12:07.313+05	t	0	0	{}	{}	{}	t	f	f	f	f	f
6339	478	87	moving	2016-07-20 13:12:07.315+05	t	0	0	{}	{}	{}	t	f	f	f	f	f
6340	478	87	initiating	2016-07-20 13:12:07.329+05	t	0	0	{}	{}	{}	t	f	f	f	f	f
6341	478	87	initiated	2016-07-20 13:12:07.33+05	t	0	0	{}	{}	{}	t	f	f	f	f	f
6342	478	87	invoking	2016-07-20 13:12:07.33+05	t	0	0	{}	{}	{}	t	f	f	f	f	f
6343	478	87	invoked	2016-07-20 13:12:07.691+05	t	0	0	{}	{}	{}	t	f	f	f	f	f
6344	478	87	finishing	2016-07-20 13:12:07.691+05	t	0	0	{}	{}	{}	t	f	f	f	f	f
6345	478	87	finished	2016-07-20 13:12:07.691+05	t	0	0	{}	{}	{}	t	f	f	f	f	f
6346	478	87	moving	2016-07-20 13:12:07.691+05	t	1	0	{}	{}	{}	t	f	f	f	f	f
6347	478	87	initiating	2016-07-20 13:12:07.691+05	t	1	0	{}	{}	{}	t	f	f	f	f	f
6348	478	87	initiated	2016-07-20 13:12:07.691+05	t	1	0	{}	{}	{}	t	f	f	f	f	f
6349	478	87	invoking	2016-07-20 13:12:07.691+05	t	1	0	{}	{}	{}	t	f	f	f	f	f
6350	478	87	moving	2016-07-20 13:12:07.694+05	t	1	0	{}	{}	{}	t	f	f	f	f	t
6351	478	87	paused	2016-07-20 13:12:07.695+05	t	1	0	{}	{}	{}	t	f	f	f	f	t
6352	478	87	start	2016-07-20 13:12:50.863+05	t	0	0	{}	{}	{}	t	f	f	f	f	f
6353	478	87	moving	2016-07-20 13:12:50.863+05	t	0	0	{}	{}	{}	t	f	f	f	f	f
6354	478	87	moving	2016-07-20 13:12:50.864+05	t	0	0	{}	{}	{}	t	f	f	f	f	f
6355	478	87	moving	2016-07-20 13:12:50.864+05	t	0	0	{}	{}	{}	t	f	f	f	f	f
6356	478	87	moving	2016-07-20 13:12:50.864+05	t	0	0	{}	{}	{}	t	f	f	f	f	f
6357	478	87	moving	2016-07-20 13:12:50.864+05	t	0	0	{}	{}	{}	t	f	f	f	f	f
6358	478	87	moving	2016-07-20 13:12:50.864+05	t	0	0	{}	{}	{}	t	f	f	f	f	f
6359	478	87	moving	2016-07-20 13:12:50.864+05	t	0	0	{}	{}	{}	t	f	f	f	f	f
6360	478	87	moving	2016-07-20 13:12:50.864+05	t	0	0	{}	{}	{}	t	f	f	f	f	f
6361	478	87	moving	2016-07-20 13:12:50.865+05	t	0	0	{}	{}	{}	t	f	f	f	f	f
6362	478	87	moving	2016-07-20 13:12:50.865+05	t	0	0	{}	{}	{}	t	f	f	f	f	f
6363	478	87	moving	2016-07-20 13:12:50.865+05	t	0	0	{}	{}	{}	t	f	f	f	f	f
6364	478	87	moving	2016-07-20 13:12:50.865+05	t	0	0	{}	{}	{}	t	f	f	f	f	f
6365	478	87	moving	2016-07-20 13:12:50.865+05	t	0	0	{}	{}	{}	t	f	f	f	f	f
6366	478	87	moving	2016-07-20 13:12:50.865+05	t	0	0	{}	{}	{}	t	f	f	f	f	f
6367	478	87	moving	2016-07-20 13:12:50.865+05	t	0	0	{}	{}	{}	t	f	f	f	f	f
6368	478	87	moving	2016-07-20 13:12:50.865+05	t	0	0	{}	{}	{}	t	f	f	f	f	f
6369	478	87	moving	2016-07-20 13:12:50.865+05	t	0	0	{}	{}	{}	t	f	f	f	f	f
6370	478	87	moving	2016-07-20 13:12:50.866+05	t	0	0	{}	{}	{}	t	f	f	f	f	f
6371	478	87	moving	2016-07-20 13:12:50.866+05	t	0	0	{}	{}	{}	t	f	f	f	f	f
6372	478	87	moving	2016-07-20 13:12:50.866+05	t	0	0	{}	{}	{}	t	f	f	f	f	f
6373	478	87	moving	2016-07-20 13:12:50.866+05	t	0	0	{}	{}	{}	t	f	f	f	f	f
6374	478	87	moving	2016-07-20 13:12:50.866+05	t	0	0	{}	{}	{}	t	f	f	f	f	f
6375	478	87	moving	2016-07-20 13:12:50.866+05	t	0	0	{}	{}	{}	t	f	f	f	f	f
6376	478	87	moving	2016-07-20 13:12:50.866+05	t	0	0	{}	{}	{}	t	f	f	f	f	f
6377	478	87	moving	2016-07-20 13:12:50.866+05	t	0	0	{}	{}	{}	t	f	f	f	f	f
6378	478	87	moving	2016-07-20 13:12:50.866+05	t	0	0	{}	{}	{}	t	f	f	f	f	f
6380	478	87	moving	2016-07-20 13:12:50.867+05	t	0	0	{}	{}	{}	t	f	f	f	f	f
6381	478	87	end	2016-07-20 13:12:50.867+05	t	0	0	{}	{}	{}	t	t	f	f	f	f
6379	478	87	moving	2016-07-20 13:12:50.867+05	t	0	0	{}	{}	{}	t	f	f	f	f	f
6382	479	87	start	2016-07-20 13:25:57.191+05	t	0	0	{}	{}	{}	t	f	f	f	f	f
6383	479	87	moving	2016-07-20 13:25:57.193+05	t	0	0	{}	{}	{}	t	f	f	f	f	f
6384	479	87	initiating	2016-07-20 13:25:57.218+05	t	0	0	{}	{}	{}	t	f	f	f	f	f
6385	479	87	initiated	2016-07-20 13:25:57.221+05	t	0	0	{}	{}	{}	t	f	f	f	f	f
6386	479	87	invoking	2016-07-20 13:25:57.221+05	t	0	0	{}	{}	{}	t	f	f	f	f	f
6387	479	87	invoked	2016-07-20 13:25:57.605+05	t	0	0	{}	{}	{}	t	f	f	f	f	f
6388	479	87	finishing	2016-07-20 13:25:57.605+05	t	0	0	{}	{}	{}	t	f	f	f	f	f
6389	479	87	finished	2016-07-20 13:25:57.605+05	t	0	0	{}	{}	{}	t	f	f	f	f	f
6390	479	87	moving	2016-07-20 13:25:57.606+05	t	1	0	{}	{}	{}	t	f	f	f	f	f
6391	479	87	initiating	2016-07-20 13:25:57.606+05	t	1	0	{}	{}	{}	t	f	f	f	f	f
6392	479	87	initiated	2016-07-20 13:25:57.606+05	t	1	0	{}	{}	{}	t	f	f	f	f	f
6393	479	87	invoking	2016-07-20 13:25:57.606+05	t	1	0	{}	{}	{}	t	f	f	f	f	f
6394	479	87	moving	2016-07-20 13:25:57.608+05	t	1	0	{}	{}	{}	t	f	f	f	f	t
6395	479	87	paused	2016-07-20 13:25:57.608+05	t	1	0	{}	{}	{}	t	f	f	f	f	t
6396	479	87	start	2016-07-20 13:26:06.529+05	t	1	0	{}	{}	{}	t	f	f	f	f	f
6397	479	87	moving	2016-07-20 13:26:06.529+05	t	1	0	{}	{}	{}	t	f	f	f	f	f
6398	479	87	initiating	2016-07-20 13:26:06.529+05	t	1	0	{}	{}	{}	t	f	f	f	f	f
6399	479	87	initiated	2016-07-20 13:26:06.529+05	t	1	0	{}	{}	{}	t	f	f	f	f	f
6400	479	87	invoking	2016-07-20 13:26:06.529+05	t	1	0	{}	{}	{}	t	f	f	f	f	f
6401	479	87	invoked	2016-07-20 13:26:06.529+05	t	1	0	{}	{}	{}	t	f	f	f	f	f
6402	479	87	finishing	2016-07-20 13:26:06.529+05	t	1	0	{}	{}	{}	t	f	f	f	f	f
6403	479	87	finished	2016-07-20 13:26:06.529+05	t	1	0	{}	{}	{}	t	f	f	f	f	f
6404	479	87	moving	2016-07-20 13:26:06.529+05	t	2	0	{}	{}	{}	t	f	f	f	f	f
6405	479	87	end	2016-07-20 13:26:06.529+05	t	2	0	{}	{}	{}	t	t	f	f	f	f
6406	480	85	start	2016-07-20 14:33:51.102+05	t	0	0	{}	{}	{}	t	f	f	f	f	f
6407	480	85	moving	2016-07-20 14:33:51.108+05	t	0	0	{}	{}	{}	t	f	f	f	f	f
6408	480	85	initiating	2016-07-20 14:33:51.145+05	t	0	0	{}	{}	{}	t	f	f	f	f	f
6409	480	85	initiated	2016-07-20 14:33:51.148+05	t	0	0	{}	{}	{}	t	f	f	f	f	f
6410	480	85	invoking	2016-07-20 14:33:51.148+05	t	0	0	{}	{}	{}	t	f	f	f	f	f
6411	480	85	moving	2016-07-20 14:33:51.173+05	t	0	0	{}	{}	{}	t	f	f	f	f	t
6412	480	85	paused	2016-07-20 14:33:51.174+05	t	0	0	{}	{}	{}	t	f	f	f	f	t
6413	480	85	start	2016-07-20 14:34:00.77+05	t	0	0	{}	{}	{}	t	f	f	f	f	f
6414	480	85	moving	2016-07-20 14:34:00.77+05	t	0	0	{}	{}	{}	t	f	f	f	f	f
6415	480	85	initiating	2016-07-20 14:34:00.77+05	t	0	0	{}	{}	{}	t	f	f	f	f	f
6416	480	85	initiated	2016-07-20 14:34:00.77+05	t	0	0	{}	{}	{}	t	f	f	f	f	f
6417	480	85	invoking	2016-07-20 14:34:00.77+05	t	0	0	{}	{}	{}	t	f	f	f	f	f
6418	480	85	invoked	2016-07-20 14:34:00.77+05	t	0	0	{}	{}	{}	t	f	f	f	f	f
6419	480	85	finishing	2016-07-20 14:34:00.77+05	t	0	0	{}	{}	{}	t	f	f	f	f	f
6420	480	85	finished	2016-07-20 14:34:00.77+05	t	0	0	{}	{}	{}	t	f	f	f	f	f
6421	480	85	moving	2016-07-20 14:34:00.77+05	t	1	0	{}	{}	{}	t	f	f	f	f	f
6422	480	85	initiating	2016-07-20 14:34:00.77+05	t	1	0	{}	{}	{}	t	f	f	f	f	f
6423	480	85	initiated	2016-07-20 14:34:00.77+05	t	1	0	{}	{}	{}	t	f	f	f	f	f
6424	480	85	invoking	2016-07-20 14:34:00.77+05	t	1	0	{}	{}	{}	t	f	f	f	f	f
6425	480	85	moving	2016-07-20 14:34:00.77+05	t	1	0	{}	{}	{}	t	f	f	f	f	t
6426	480	85	paused	2016-07-20 14:34:00.77+05	t	1	0	{}	{}	{}	t	f	f	f	f	t
6427	480	85	start	2016-07-20 14:34:06.955+05	t	1	0	{}	{}	{}	t	f	f	f	f	f
6428	480	85	moving	2016-07-20 14:34:06.955+05	t	1	0	{}	{}	{}	t	f	f	f	f	f
6429	480	85	initiating	2016-07-20 14:34:06.955+05	t	1	0	{}	{}	{}	t	f	f	f	f	f
6430	480	85	initiated	2016-07-20 14:34:06.955+05	t	1	0	{}	{}	{}	t	f	f	f	f	f
6431	480	85	invoking	2016-07-20 14:34:06.955+05	t	1	0	{}	{}	{}	t	f	f	f	f	f
6432	480	85	invoked	2016-07-20 14:34:06.955+05	t	1	0	{}	{}	{}	t	f	f	f	f	f
6433	480	85	finishing	2016-07-20 14:34:06.955+05	t	1	0	{}	{}	{}	t	f	f	f	f	f
6434	480	85	finished	2016-07-20 14:34:06.955+05	t	1	0	{}	{}	{}	t	f	f	f	f	f
6435	480	85	moving	2016-07-20 14:34:06.956+05	t	2	0	{}	{}	{}	t	f	f	f	f	f
6436	480	85	end	2016-07-20 14:34:06.956+05	t	2	0	{}	{}	{}	t	t	f	f	f	f
6437	481	86	start	2016-07-30 03:21:10.323+05	t	0	0	{}	{}	{}	t	f	f	f	f	f
6438	481	86	moving	2016-07-30 03:21:10.337+05	t	0	0	{}	{}	{}	t	f	f	f	f	f
6439	481	86	initiating	2016-07-30 03:21:10.587+05	t	0	0	{}	{}	{}	t	f	f	f	f	f
6440	481	86	initiated	2016-07-30 03:21:10.598+05	t	0	0	{}	{}	{}	t	f	f	f	f	f
6441	481	86	invoking	2016-07-30 03:21:10.598+05	t	0	0	{}	{}	{}	t	f	f	f	f	f
6442	481	86	invoked	2016-07-30 03:21:11.793+05	t	0	0	{}	{}	{}	t	f	f	f	f	f
6443	481	86	finishing	2016-07-30 03:21:11.793+05	t	0	0	{}	{}	{}	t	f	f	f	f	f
6444	481	86	finished	2016-07-30 03:21:11.793+05	t	0	0	{}	{}	{}	t	f	f	f	f	f
6445	481	86	moving	2016-07-30 03:21:11.794+05	t	1	0	{}	{}	{}	t	f	f	f	f	f
6446	481	86	end	2016-07-30 03:21:11.794+05	t	1	0	{}	{}	{}	t	t	f	f	f	f
6447	482	86	start	2016-07-31 06:48:12.173+05	t	0	0	{}	{}	{}	t	f	f	f	f	f
6448	482	86	moving	2016-07-31 06:48:12.184+05	t	0	0	{}	{}	{}	t	f	f	f	f	f
6449	482	86	initiating	2016-07-31 06:48:12.387+05	t	0	0	{}	{}	{}	t	f	f	f	f	f
6450	482	86	initiated	2016-07-31 06:48:12.4+05	t	0	0	{}	{}	{}	t	f	f	f	f	f
6451	482	86	invoking	2016-07-31 06:48:12.4+05	t	0	0	{}	{}	{}	t	f	f	f	f	f
6452	482	86	invoked	2016-07-31 06:48:16.266+05	t	0	0	{}	{}	{}	t	f	f	f	f	f
6453	482	86	finishing	2016-07-31 06:48:16.266+05	t	0	0	{}	{}	{}	t	f	f	f	f	f
6454	482	86	finished	2016-07-31 06:48:16.266+05	t	0	0	{}	{}	{}	t	f	f	f	f	f
6455	482	86	moving	2016-07-31 06:48:16.266+05	t	1	0	{}	{}	{}	t	f	f	f	f	f
6456	482	86	end	2016-07-31 06:48:16.266+05	t	1	0	{}	{}	{}	t	t	f	f	f	f
6457	483	125	start	2016-08-17 18:44:15.723+05	t	0	0	{}	{}	{}	t	f	f	f	f	f
6458	483	125	moving	2016-08-17 18:44:15.734+05	t	0	0	{}	{}	{}	t	f	f	f	f	f
6459	483	125	initiating	2016-08-17 18:44:15.995+05	t	0	0	{}	{}	{}	t	f	f	f	f	f
6460	483	125	initiated	2016-08-17 18:44:16.006+05	t	0	0	{}	{}	{}	t	f	f	f	f	f
6461	483	125	invoking	2016-08-17 18:44:16.007+05	t	0	0	{}	{}	{}	t	f	f	f	f	f
6462	483	125	moving	2016-08-17 18:44:16.083+05	t	0	0	{}	{}	{}	t	f	f	f	f	t
6463	483	125	paused	2016-08-17 18:44:16.083+05	t	0	0	{}	{}	{}	t	f	f	f	f	t
6464	483	125	start	2016-08-17 20:44:58.488+05	t	0	0	{}	{}	{}	t	f	f	f	f	f
6465	483	125	moving	2016-08-17 20:44:58.499+05	t	0	0	{}	{}	{}	t	f	f	f	f	f
6466	483	125	initiating	2016-08-17 20:44:58.61+05	t	0	0	{}	{}	{}	t	f	f	f	f	f
6467	483	125	initiated	2016-08-17 20:44:58.621+05	t	0	0	{}	{}	{}	t	f	f	f	f	f
6468	483	125	invoking	2016-08-17 20:44:58.621+05	t	0	0	{}	{}	{}	t	f	f	f	f	f
6469	483	125	invoked	2016-08-17 20:44:58.665+05	t	0	0	{}	{}	{}	t	f	f	f	f	f
6470	483	125	finishing	2016-08-17 20:44:58.665+05	t	0	0	{}	{}	{}	t	f	f	f	f	f
6471	483	125	finished	2016-08-17 20:44:58.665+05	t	0	0	{}	{}	{}	t	f	f	f	f	f
6472	483	125	moving	2016-08-17 20:44:58.666+05	t	1	0	{}	{}	{}	t	f	f	f	f	f
6473	483	125	initiating	2016-08-17 20:44:58.666+05	t	1	0	{}	{}	{}	t	f	f	f	f	f
6474	483	125	initiated	2016-08-17 20:44:58.666+05	t	1	0	{}	{}	{}	t	f	f	f	f	f
6475	483	125	invoking	2016-08-17 20:44:58.666+05	t	1	0	{}	{}	{}	t	f	f	f	f	f
6476	483	125	moving	2016-08-17 20:44:58.681+05	t	1	0	{}	{}	{}	t	f	f	f	f	t
6477	483	125	paused	2016-08-17 20:44:58.681+05	t	1	0	{}	{}	{}	t	f	f	f	f	t
6478	470	88	start	2016-08-18 21:26:03.074+05	t	0	0	{}	{}	{}	t	f	f	f	f	f
6479	470	88	moving	2016-08-18 21:26:03.086+05	t	0	0	{}	{}	{}	t	f	f	f	f	f
6480	470	88	initiating	2016-08-18 21:26:03.371+05	t	0	0	{}	{}	{}	t	f	f	f	f	f
6481	470	88	initiated	2016-08-18 21:26:03.382+05	t	0	0	{}	{}	{}	t	f	f	f	f	f
6482	470	88	invoking	2016-08-18 21:26:03.382+05	t	0	0	{}	{}	{}	t	f	f	f	f	f
6483	470	88	invoked	2016-08-18 21:26:03.436+05	t	0	0	{}	{}	{}	t	f	f	f	f	f
6484	470	88	finishing	2016-08-18 21:26:03.436+05	t	0	0	{}	{}	{}	t	f	f	f	f	f
6485	470	88	finished	2016-08-18 21:26:03.436+05	t	0	0	{}	{}	{}	t	f	f	f	f	f
6486	470	88	moving	2016-08-18 21:26:03.437+05	t	1	0	{}	{}	{}	t	f	f	f	f	f
6487	470	88	initiating	2016-08-18 21:26:03.437+05	t	1	0	{}	{}	{}	t	f	f	f	f	f
6488	470	88	initiated	2016-08-18 21:26:03.437+05	t	1	0	{}	{}	{}	t	f	f	f	f	f
6489	470	88	invoking	2016-08-18 21:26:03.437+05	t	1	0	{}	{}	{}	t	f	f	f	f	f
6490	470	88	moving	2016-08-18 21:26:03.459+05	t	1	0	{}	{}	{}	t	f	f	f	f	t
6491	470	88	paused	2016-08-18 21:26:03.459+05	t	1	0	{}	{}	{}	t	f	f	f	f	t
6492	484	126	start	2016-08-18 21:43:29.978+05	t	0	0	{}	{}	{}	t	f	f	f	f	f
6493	484	126	moving	2016-08-18 21:43:29.978+05	t	0	0	{}	{}	{}	t	f	f	f	f	f
6494	484	126	initiating	2016-08-18 21:43:29.979+05	t	0	0	{}	{}	{}	t	f	f	f	f	f
6495	484	126	initiated	2016-08-18 21:43:29.979+05	t	0	0	{}	{}	{}	t	f	f	f	f	f
6496	484	126	invoking	2016-08-18 21:43:29.979+05	t	0	0	{}	{}	{}	t	f	f	f	f	f
6497	484	126	moving	2016-08-18 21:43:29.979+05	t	0	0	{}	{}	{}	t	f	f	f	f	t
6498	484	126	paused	2016-08-18 21:43:29.979+05	t	0	0	{}	{}	{}	t	f	f	f	f	t
6499	484	126	start	2016-08-18 21:43:49.452+05	t	0	0	{}	{}	{}	t	f	f	f	f	f
6500	484	126	moving	2016-08-18 21:43:49.452+05	t	0	0	{}	{}	{}	t	f	f	f	f	f
6501	484	126	initiating	2016-08-18 21:43:49.453+05	t	0	0	{}	{}	{}	t	f	f	f	f	f
6502	484	126	initiated	2016-08-18 21:43:49.453+05	t	0	0	{}	{}	{}	t	f	f	f	f	f
6503	484	126	invoking	2016-08-18 21:43:49.453+05	t	0	0	{}	{}	{}	t	f	f	f	f	f
6504	484	126	invoked	2016-08-18 21:43:49.453+05	t	0	0	{}	{}	{}	t	f	f	f	f	f
6505	484	126	finishing	2016-08-18 21:43:49.453+05	t	0	0	{}	{}	{}	t	f	f	f	f	f
6506	484	126	finished	2016-08-18 21:43:49.453+05	t	0	0	{}	{}	{}	t	f	f	f	f	f
6507	484	126	moving	2016-08-18 21:43:49.453+05	t	1	0	{}	{}	{}	t	f	f	f	f	f
6508	484	126	initiating	2016-08-18 21:43:49.453+05	t	1	0	{}	{}	{}	t	f	f	f	f	f
6509	484	126	initiated	2016-08-18 21:43:49.453+05	t	1	0	{}	{}	{}	t	f	f	f	f	f
6510	484	126	invoking	2016-08-18 21:43:49.453+05	t	1	0	{}	{}	{}	t	f	f	f	f	f
6511	484	126	moving	2016-08-18 21:43:49.453+05	t	1	0	{}	{}	{}	t	f	f	f	f	t
6512	484	126	paused	2016-08-18 21:43:49.453+05	t	1	0	{}	{}	{}	t	f	f	f	f	t
6513	484	126	start	2016-08-18 21:44:12.701+05	t	1	0	{}	{}	{}	t	f	f	f	f	f
6514	484	126	moving	2016-08-18 21:44:12.701+05	t	1	0	{}	{}	{}	t	f	f	f	f	f
6518	484	126	invoked	2016-08-18 21:44:12.701+05	t	1	0	{}	{}	{}	t	f	f	f	f	f
6526	484	126	paused	2016-08-18 21:44:12.702+05	t	2	0	{}	{}	{}	t	f	f	f	f	t
6527	485	88	start	2016-08-18 21:50:30.083+05	t	0	0	{}	{}	{}	t	f	f	f	f	f
6528	485	88	moving	2016-08-18 21:50:30.083+05	t	0	0	{}	{}	{}	t	f	f	f	f	f
6530	485	88	initiated	2016-08-18 21:50:30.083+05	t	0	0	{}	{}	{}	t	f	f	f	f	f
6533	485	88	paused	2016-08-18 21:50:30.083+05	t	0	0	{}	{}	{}	t	f	f	f	f	t
6538	485	88	invoking	2016-08-18 21:50:39.974+05	t	0	0	{}	{}	{}	t	f	f	f	f	f
6547	485	88	paused	2016-08-18 21:50:39.978+05	t	1	0	{}	{}	{}	t	f	f	f	f	t
6549	485	88	moving	2016-08-18 21:50:58.931+05	t	1	0	{}	{}	{}	t	f	f	f	f	f
6552	485	88	invoking	2016-08-18 21:50:58.931+05	t	1	0	{}	{}	{}	t	f	f	f	f	f
6554	485	88	finishing	2016-08-18 21:50:58.931+05	t	1	0	{}	{}	{}	t	f	f	f	f	f
6557	485	88	initiating	2016-08-18 21:50:58.931+05	t	2	0	{}	{}	{}	t	f	f	f	f	f
6559	485	88	invoking	2016-08-18 21:50:58.931+05	t	2	0	{}	{}	{}	t	f	f	f	f	f
6515	484	126	initiating	2016-08-18 21:44:12.701+05	t	1	0	{}	{}	{}	t	f	f	f	f	f
6517	484	126	invoking	2016-08-18 21:44:12.701+05	t	1	0	{}	{}	{}	t	f	f	f	f	f
6519	484	126	finishing	2016-08-18 21:44:12.701+05	t	1	0	{}	{}	{}	t	f	f	f	f	f
6522	484	126	initiating	2016-08-18 21:44:12.702+05	t	2	0	{}	{}	{}	t	f	f	f	f	f
6516	484	126	initiated	2016-08-18 21:44:12.701+05	t	1	0	{}	{}	{}	t	f	f	f	f	f
6524	484	126	invoking	2016-08-18 21:44:12.702+05	t	2	0	{}	{}	{}	t	f	f	f	f	f
6520	484	126	finished	2016-08-18 21:44:12.701+05	t	1	0	{}	{}	{}	t	f	f	f	f	f
6521	484	126	moving	2016-08-18 21:44:12.701+05	t	2	0	{}	{}	{}	t	f	f	f	f	f
6523	484	126	initiated	2016-08-18 21:44:12.702+05	t	2	0	{}	{}	{}	t	f	f	f	f	f
6529	485	88	initiating	2016-08-18 21:50:30.083+05	t	0	0	{}	{}	{}	t	f	f	f	f	f
6532	485	88	moving	2016-08-18 21:50:30.083+05	t	0	0	{}	{}	{}	t	f	f	f	f	t
6534	485	88	start	2016-08-18 21:50:39.974+05	t	0	0	{}	{}	{}	t	f	f	f	f	f
6535	485	88	moving	2016-08-18 21:50:39.974+05	t	0	0	{}	{}	{}	t	f	f	f	f	f
6536	485	88	initiating	2016-08-18 21:50:39.974+05	t	0	0	{}	{}	{}	t	f	f	f	f	f
6537	485	88	initiated	2016-08-18 21:50:39.974+05	t	0	0	{}	{}	{}	t	f	f	f	f	f
6540	485	88	finishing	2016-08-18 21:50:39.974+05	t	0	0	{}	{}	{}	t	f	f	f	f	f
6541	485	88	finished	2016-08-18 21:50:39.976+05	t	0	0	{}	{}	{}	t	f	f	f	f	f
6548	485	88	start	2016-08-18 21:50:58.931+05	t	1	0	{}	{}	{}	t	f	f	f	f	f
6550	485	88	initiating	2016-08-18 21:50:58.931+05	t	1	0	{}	{}	{}	t	f	f	f	f	f
6551	485	88	initiated	2016-08-18 21:50:58.931+05	t	1	0	{}	{}	{}	t	f	f	f	f	f
6553	485	88	invoked	2016-08-18 21:50:58.931+05	t	1	0	{}	{}	{}	t	f	f	f	f	f
6556	485	88	moving	2016-08-18 21:50:58.931+05	t	2	0	{}	{}	{}	t	f	f	f	f	f
6558	485	88	initiated	2016-08-18 21:50:58.931+05	t	2	0	{}	{}	{}	t	f	f	f	f	f
6561	485	88	paused	2016-08-18 21:50:58.932+05	t	2	0	{}	{}	{}	t	f	f	f	f	t
6525	484	126	moving	2016-08-18 21:44:12.702+05	t	2	0	{}	{}	{}	t	f	f	f	f	t
6531	485	88	invoking	2016-08-18 21:50:30.083+05	t	0	0	{}	{}	{}	t	f	f	f	f	f
6539	485	88	invoked	2016-08-18 21:50:39.974+05	t	0	0	{}	{}	{}	t	f	f	f	f	f
6542	485	88	moving	2016-08-18 21:50:39.976+05	t	1	0	{}	{}	{}	t	f	f	f	f	f
6543	485	88	initiating	2016-08-18 21:50:39.977+05	t	1	0	{}	{}	{}	t	f	f	f	f	f
6544	485	88	initiated	2016-08-18 21:50:39.977+05	t	1	0	{}	{}	{}	t	f	f	f	f	f
6545	485	88	invoking	2016-08-18 21:50:39.977+05	t	1	0	{}	{}	{}	t	f	f	f	f	f
6546	485	88	moving	2016-08-18 21:50:39.977+05	t	1	0	{}	{}	{}	t	f	f	f	f	t
6555	485	88	finished	2016-08-18 21:50:58.931+05	t	1	0	{}	{}	{}	t	f	f	f	f	f
6560	485	88	moving	2016-08-18 21:50:58.931+05	t	2	0	{}	{}	{}	t	f	f	f	f	t
\.


--
-- Name: bpstation_loggers_id_seq; Type: SEQUENCE SET; Schema: public; Owner: postgres
--

SELECT pg_catalog.setval('bpstation_loggers_id_seq', 6561, true);


--
-- Data for Name: bpstations; Type: TABLE DATA; Schema: public; Owner: postgres
--

COPY bpstations (id, process_id, state, step, space, container_step, expand_step, spaces_ids, started, finished, inspace, incontainer, inexpands, paused, note, created_at, updated_at, canceled, session_id, front) FROM stdin;
484	126	t	2	0	{}	{}	{}	t	f	f	f	f	t	Launch 1	\N	2016-08-18 21:44:12.832+05	f	362	t
454	85	t	0	0	{}	{}	{}	t	t	f	f	f	f	Launch 1	\N	2016-06-29 13:27:28.741+05	f	332	t
455	85	t	1	0	{}	{}	{}	t	f	f	f	f	t	Launch 2	\N	2016-06-29 18:41:50.814+05	f	333	t
457	117	t	0	0	{}	{}	{}	t	f	f	f	f	t	Launch 1	\N	2016-07-05 08:23:30.506+05	f	335	t
458	117	t	0	0	{}	{}	{}	t	f	f	f	f	t	Launch 2	\N	2016-07-07 12:04:03.76+05	f	336	t
485	88	t	2	0	{}	{}	{}	t	f	f	f	f	t	Launch 2	\N	2016-08-18 21:50:59.197+05	f	363	t
465	109	t	3	0	{}	{}	{}	t	t	f	f	f	f	Launch 7	\N	2016-07-16 12:08:15.629+05	f	343	t
466	122	t	1	0	{}	{}	{}	t	t	f	f	f	f	Launch 1	\N	2016-07-16 12:10:22.238+05	f	344	t
467	93	t	0	0	{}	{}	{}	f	f	f	f	f	f	Launch 14	2016-07-16 12:25:57.657+05	\N	f	345	t
468	123	t	1	0	{}	{}	{}	t	t	f	f	f	f	Launch 1	\N	2016-07-16 12:30:59.212+05	f	346	t
469	124	t	1	0	{}	{}	{}	t	f	f	f	f	t	Launch 1	\N	2016-07-16 12:31:13.653+05	f	347	t
471	74	t	0	0	{}	{}	{}	t	f	f	f	f	t	Launch 1	\N	2016-07-19 20:26:20.155+05	f	349	t
479	87	t	2	0	{}	{}	{}	t	t	f	f	f	f	Launch 8	\N	2016-07-20 13:26:06.822+05	f	357	t
480	85	t	2	0	{}	{}	{}	t	t	f	f	f	f	Launch 3	\N	2016-07-20 14:34:07.088+05	f	358	t
481	86	t	1	0	{}	{}	{}	t	t	f	f	f	f	Launch 1	\N	2016-07-30 03:21:12.304+05	f	359	t
482	86	t	1	0	{}	{}	{}	t	t	f	f	f	f	Launch 2	\N	2016-07-31 06:48:16.873+05	f	360	t
483	125	t	1	0	{}	{}	{}	t	f	f	f	f	t	Launch 1	\N	2016-08-17 20:45:02.55+05	f	361	t
470	88	t	1	0	{}	{}	{}	t	f	f	f	f	t	Launch 1	\N	2016-08-18 21:26:03.874+05	f	348	t
\.


--
-- Name: bpstations_id_seq; Type: SEQUENCE SET; Schema: public; Owner: postgres
--

SELECT pg_catalog.setval('bpstations_id_seq', 485, true);


--
-- Data for Name: bpswitchers; Type: TABLE DATA; Schema: public; Owner: postgres
--

COPY bpswitchers (id, bprocess_id, switch_type, priority, state_id, session_state, fn, target, created_at, updated_at, override_group) FROM stdin;
136	62	p	2	265	\N	paused	process	2015-04-27 15:20:48.549+05	2015-04-27 15:20:48.549+05	1
137	62	n	2	266	\N	inc	step	2015-04-27 15:20:48.612+05	2015-04-27 15:20:48.612+05	1
138	62	p	2	267	\N	paused	process	2015-04-27 15:20:48.549+05	2015-04-27 15:20:48.549+05	1
139	62	n	2	268	\N	inc	step	2015-04-27 15:20:48.612+05	2015-04-27 15:20:48.612+05	1
140	62	p	2	269	\N	paused	process	2015-04-27 15:20:48.549+05	2015-04-27 15:20:48.549+05	1
141	62	n	2	270	\N	inc	step	2015-04-27 15:20:48.612+05	2015-04-27 15:20:48.612+05	1
142	62	p	2	271	\N	paused	process	2015-04-27 15:20:48.549+05	2015-04-27 15:20:48.549+05	1
143	62	n	2	272	\N	inc	step	2015-04-27 15:20:48.612+05	2015-04-27 15:20:48.612+05	1
144	62	p	2	273	\N	paused	process	2015-04-27 15:20:48.549+05	2015-04-27 15:20:48.549+05	1
145	62	n	2	274	\N	inc	step	2015-04-27 15:20:48.612+05	2015-04-27 15:20:48.612+05	1
146	62	p	2	275	\N	paused	process	2015-04-27 15:20:48.549+05	2015-04-27 15:20:48.549+05	1
147	62	n	2	276	\N	inc	step	2015-04-27 15:20:48.612+05	2015-04-27 15:20:48.612+05	1
150	62	inn	2	279	\N	inn	space	2015-04-27 15:20:47.567+05	2015-04-27 15:20:47.567+05	0
151	62	outn	2	280	\N	outn	space	2015-04-27 15:20:47.922+05	2015-04-27 15:20:47.922+05	0
152	62	p	2	281	\N	paused	process	2015-04-27 15:20:48.549+05	2015-04-27 15:20:48.549+05	1
153	62	n	2	282	\N	inc	step	2015-04-27 15:20:48.612+05	2015-04-27 15:20:48.612+05	1
177	62	inn	2	324	\N	inn	space	2015-04-27 15:20:47.567+05	2015-04-27 15:20:47.567+05	0
178	62	outn	2	325	\N	outn	space	2015-04-27 15:20:47.922+05	2015-04-27 15:20:47.922+05	0
189	71	inn	2	345	\N	inn	space	2015-04-27 15:20:47.567+05	2015-04-27 15:20:47.567+05	0
190	71	outn	2	346	\N	outn	space	2015-04-27 15:20:47.922+05	2015-04-27 15:20:47.922+05	0
191	72	p	2	350	\N	paused	process	2015-04-27 15:20:48.549+05	2015-04-27 15:20:48.549+05	1
192	72	n	2	351	\N	inc	step	2015-04-27 15:20:48.612+05	2015-04-27 15:20:48.612+05	1
194	62	outn	2	356	\N	outn	space	2015-04-27 15:20:47.922+05	2015-04-27 15:20:47.922+05	0
195	62	n	2	357	\N	inc	step	\N	\N	0
196	62	n	2	358	\N	inc	step	\N	\N	0
198	74	p	2	363	\N	paused	process	2015-04-27 15:20:48.549+05	2015-04-27 15:20:48.549+05	1
199	74	n	2	364	\N	inc	step	2015-04-27 15:20:48.612+05	2015-04-27 15:20:48.612+05	1
200	74	inn	2	365	\N	inn	space	2015-04-27 15:20:47.567+05	2015-04-27 15:20:47.567+05	0
201	74	outn	2	366	\N	outn	space	2015-04-27 15:20:47.922+05	2015-04-27 15:20:47.922+05	0
202	74	p	2	367	\N	paused	process	2015-04-27 15:20:48.549+05	2015-04-27 15:20:48.549+05	1
203	74	n	2	368	\N	inc	step	2015-04-27 15:20:48.612+05	2015-04-27 15:20:48.612+05	1
204	74	inn	2	369	\N	inn	space	2015-04-27 15:20:47.567+05	2015-04-27 15:20:47.567+05	0
205	74	outn	2	370	\N	outn	space	2015-04-27 15:20:47.922+05	2015-04-27 15:20:47.922+05	0
206	74	p	2	371	\N	paused	process	2015-04-27 15:20:48.549+05	2015-04-27 15:20:48.549+05	1
207	74	n	2	372	\N	inc	step	2015-04-27 15:20:48.612+05	2015-04-27 15:20:48.612+05	1
225	84	p	2	420	\N	paused	process	2015-04-27 15:20:48.549+05	2015-04-27 15:20:48.549+05	1
226	84	n	2	421	\N	inc	step	2015-04-27 15:20:48.612+05	2015-04-27 15:20:48.612+05	1
227	84	n	2	422	\N	inc	step	\N	\N	0
228	84	p	2	423	\N	paused	process	2015-04-27 15:20:48.549+05	2015-04-27 15:20:48.549+05	1
229	84	n	2	424	\N	inc	step	2015-04-27 15:20:48.612+05	2015-04-27 15:20:48.612+05	1
230	84	n	2	425	\N	inc	step	\N	\N	0
231	84	p	2	426	\N	paused	process	2015-04-27 15:20:48.549+05	2015-04-27 15:20:48.549+05	1
232	84	n	2	427	\N	inc	step	2015-04-27 15:20:48.612+05	2015-04-27 15:20:48.612+05	1
235	62	p	2	442	\N	paused	process	2015-04-27 15:20:48.549+05	2015-04-27 15:20:48.549+05	1
236	62	n	2	443	\N	inc	step	2015-04-27 15:20:48.612+05	2015-04-27 15:20:48.612+05	1
237	88	p	2	444	\N	paused	process	2015-04-27 15:20:48.549+05	2015-04-27 15:20:48.549+05	1
238	88	n	2	445	\N	inc	step	2015-04-27 15:20:48.612+05	2015-04-27 15:20:48.612+05	1
239	88	p	2	446	\N	paused	process	2015-04-27 15:20:48.549+05	2015-04-27 15:20:48.549+05	1
240	88	n	2	447	\N	inc	step	2015-04-27 15:20:48.612+05	2015-04-27 15:20:48.612+05	1
241	88	p	2	448	\N	paused	process	2015-04-27 15:20:48.549+05	2015-04-27 15:20:48.549+05	1
242	88	n	2	449	\N	inc	step	2015-04-27 15:20:48.612+05	2015-04-27 15:20:48.612+05	1
243	88	p	2	450	\N	paused	process	2015-04-27 15:20:48.549+05	2015-04-27 15:20:48.549+05	1
244	88	n	2	451	\N	inc	step	2015-04-27 15:20:48.612+05	2015-04-27 15:20:48.612+05	1
245	88	p	2	452	\N	paused	process	2015-04-27 15:20:48.549+05	2015-04-27 15:20:48.549+05	1
246	88	n	2	453	\N	inc	step	2015-04-27 15:20:48.612+05	2015-04-27 15:20:48.612+05	1
247	88	p	2	454	\N	paused	process	2015-04-27 15:20:48.549+05	2015-04-27 15:20:48.549+05	1
248	88	n	2	455	\N	inc	step	2015-04-27 15:20:48.612+05	2015-04-27 15:20:48.612+05	1
249	88	p	2	456	\N	paused	process	2015-04-27 15:20:48.549+05	2015-04-27 15:20:48.549+05	1
250	88	n	2	457	\N	inc	step	2015-04-27 15:20:48.612+05	2015-04-27 15:20:48.612+05	1
251	88	p	2	458	\N	paused	process	2015-04-27 15:20:48.549+05	2015-04-27 15:20:48.549+05	1
252	88	n	2	459	\N	inc	step	2015-04-27 15:20:48.612+05	2015-04-27 15:20:48.612+05	1
253	90	p	2	466	\N	paused	process	2015-04-27 15:20:48.549+05	2015-04-27 15:20:48.549+05	1
254	90	n	2	467	\N	inc	step	2015-04-27 15:20:48.612+05	2015-04-27 15:20:48.612+05	1
255	92	p	2	474	\N	paused	process	2015-04-27 15:20:48.549+05	2015-04-27 15:20:48.549+05	1
256	92	n	2	475	\N	inc	step	2015-04-27 15:20:48.612+05	2015-04-27 15:20:48.612+05	1
257	92	n	2	476	\N	inc	step	\N	\N	0
260	93	p	2	482	\N	paused	process	2015-04-27 15:20:48.549+05	2015-04-27 15:20:48.549+05	1
261	93	n	2	483	\N	inc	step	2015-04-27 15:20:48.612+05	2015-04-27 15:20:48.612+05	1
262	93	p	2	484	\N	paused	process	2015-04-27 15:20:48.549+05	2015-04-27 15:20:48.549+05	1
263	93	n	2	485	\N	inc	step	2015-04-27 15:20:48.612+05	2015-04-27 15:20:48.612+05	1
264	93	p	2	486	\N	paused	process	2015-04-27 15:20:48.549+05	2015-04-27 15:20:48.549+05	1
265	93	n	2	487	\N	inc	step	2015-04-27 15:20:48.612+05	2015-04-27 15:20:48.612+05	1
278	94	p	2	512	\N	paused	process	2015-04-27 15:20:48.549+05	2015-04-27 15:20:48.549+05	1
279	94	n	2	513	\N	inc	step	2015-04-27 15:20:48.612+05	2015-04-27 15:20:48.612+05	1
290	93	p	2	533	\N	paused	process	2015-04-27 15:20:48.549+05	2015-04-27 15:20:48.549+05	1
291	93	n	2	534	\N	inc	step	2015-04-27 15:20:48.612+05	2015-04-27 15:20:48.612+05	1
292	93	p	2	535	\N	paused	process	2015-04-27 15:20:48.549+05	2015-04-27 15:20:48.549+05	1
293	93	n	2	536	\N	inc	step	2015-04-27 15:20:48.612+05	2015-04-27 15:20:48.612+05	1
294	85	p	2	600	\N	paused	process	2015-04-27 15:20:48.549+05	2015-04-27 15:20:48.549+05	1
295	85	n	2	601	\N	inc	step	2015-04-27 15:20:48.612+05	2015-04-27 15:20:48.612+05	1
296	85	p	2	603	\N	paused	process	2015-04-27 15:20:48.549+05	2015-04-27 15:20:48.549+05	1
297	85	n	2	604	\N	inc	step	2015-04-27 15:20:48.612+05	2015-04-27 15:20:48.612+05	1
298	117	p	2	606	\N	paused	process	2015-04-27 15:20:48.549+05	2015-04-27 15:20:48.549+05	1
299	117	n	2	607	\N	inc	step	2015-04-27 15:20:48.612+05	2015-04-27 15:20:48.612+05	1
300	117	p	2	609	\N	paused	process	2015-04-27 15:20:48.549+05	2015-04-27 15:20:48.549+05	1
301	117	n	2	610	\N	inc	step	2015-04-27 15:20:48.612+05	2015-04-27 15:20:48.612+05	1
306	117	p	2	633	\N	paused	process	2015-04-27 15:20:48.549+05	2015-04-27 15:20:48.549+05	1
307	117	n	2	634	\N	inc	step	2015-04-27 15:20:48.612+05	2015-04-27 15:20:48.612+05	1
308	123	p	2	645	\N	paused	process	2015-04-27 15:20:48.549+05	2015-04-27 15:20:48.549+05	1
309	123	n	2	646	\N	inc	step	2015-04-27 15:20:48.612+05	2015-04-27 15:20:48.612+05	1
310	124	p	2	651	\N	paused	process	2015-04-27 15:20:48.549+05	2015-04-27 15:20:48.549+05	1
311	124	n	2	652	\N	inc	step	2015-04-27 15:20:48.612+05	2015-04-27 15:20:48.612+05	1
312	124	p	2	654	\N	paused	process	2015-04-27 15:20:48.549+05	2015-04-27 15:20:48.549+05	1
313	124	n	2	655	\N	inc	step	2015-04-27 15:20:48.612+05	2015-04-27 15:20:48.612+05	1
314	87	p	2	660	\N	paused	process	2015-04-27 15:20:48.549+05	2015-04-27 15:20:48.549+05	1
315	87	n	2	661	\N	inc	step	2015-04-27 15:20:48.612+05	2015-04-27 15:20:48.612+05	1
316	125	p	2	718	\N	paused	process	2015-04-27 15:20:48.549+05	2015-04-27 15:20:48.549+05	1
317	125	n	2	719	\N	inc	step	2015-04-27 15:20:48.612+05	2015-04-27 15:20:48.612+05	1
318	125	p	2	721	\N	paused	process	2015-04-27 15:20:48.549+05	2015-04-27 15:20:48.549+05	1
319	125	n	2	722	\N	inc	step	2015-04-27 15:20:48.612+05	2015-04-27 15:20:48.612+05	1
320	126	p	2	727	\N	paused	process	2015-04-27 15:20:48.549+05	2015-04-27 15:20:48.549+05	1
321	126	n	2	728	\N	inc	step	2015-04-27 15:20:48.612+05	2015-04-27 15:20:48.612+05	1
322	126	p	2	730	\N	paused	process	2015-04-27 15:20:48.549+05	2015-04-27 15:20:48.549+05	1
323	126	n	2	731	\N	inc	step	2015-04-27 15:20:48.612+05	2015-04-27 15:20:48.612+05	1
324	126	p	2	733	\N	paused	process	2015-04-27 15:20:48.549+05	2015-04-27 15:20:48.549+05	1
325	126	n	2	734	\N	inc	step	2015-04-27 15:20:48.612+05	2015-04-27 15:20:48.612+05	1
326	126	p	2	736	\N	paused	process	2015-04-27 15:20:48.549+05	2015-04-27 15:20:48.549+05	1
327	126	n	2	737	\N	inc	step	2015-04-27 15:20:48.612+05	2015-04-27 15:20:48.612+05	1
328	126	p	2	739	\N	paused	process	2015-04-27 15:20:48.549+05	2015-04-27 15:20:48.549+05	1
329	126	n	2	740	\N	inc	step	2015-04-27 15:20:48.612+05	2015-04-27 15:20:48.612+05	1
330	126	p	2	742	\N	paused	process	2015-04-27 15:20:48.549+05	2015-04-27 15:20:48.549+05	1
331	126	n	2	743	\N	inc	step	2015-04-27 15:20:48.612+05	2015-04-27 15:20:48.612+05	1
332	126	p	2	745	\N	paused	process	2015-04-27 15:20:48.549+05	2015-04-27 15:20:48.549+05	1
333	126	n	2	746	\N	inc	step	2015-04-27 15:20:48.612+05	2015-04-27 15:20:48.612+05	1
334	126	p	2	748	\N	paused	process	2015-04-27 15:20:48.549+05	2015-04-27 15:20:48.549+05	1
335	126	n	2	749	\N	inc	step	2015-04-27 15:20:48.612+05	2015-04-27 15:20:48.612+05	1
\.


--
-- Name: bpswitchers_id_seq; Type: SEQUENCE SET; Schema: public; Owner: postgres
--

SELECT pg_catalog.setval('bpswitchers_id_seq', 335, true);


--
-- Data for Name: business_services; Type: TABLE DATA; Schema: public; Owner: postgres
--

COPY business_services (id, title, business_id, master_acc) FROM stdin;
1	esaatul	1	
2	321	1	
4	3211	1	
5	321	1	
8	hui	1	
9	321	1	
10	321	1	
31	happy new year	3	juices.woo@gmail.com
32	test	2	testing@minorityapp.com
38	Work on the project	12	ufijuice@yahoo.com
39	fafas	15	tototot@ttt.ru
40	fafas	16	fasffasfaa@fasfa.ru
41	fsafa	16	fasffasfaa@fasfa.ru
42	tewtwtwfsdfs	17	a91acde59745@yahoo.com
43	fsafafsafaf	17	a91acde59745@yahoo.com
44	tetewtw	20	0fd0fd0fd@yahoo.com
45	tettt	24	benzel@google.com
46	First service	25	another_one@minorityapp.com
47	tetet	28	test666@minorityapp.com
48	Common	29	iamjacke@gmail.com
49	32	12	ufijuice@yahoo.com
50	Common	30	tbrodeen@gmail.com
52	Law firm	2	testing@minorityapp.com
51	Design studio	2	testing@minorityapp.com
53	Marketing agency	2	testing@minorityapp.com
54	Common	31	alah@babah.com
55	Common	32	paul@minorityapp.com
56	Common	33	ffc.fabricio@gmail.com
57	Common	34	bbart@mailinator.com
58	Common	35	4244@fasaas.ru
\.


--
-- Name: business_services_id_seq; Type: SEQUENCE SET; Schema: public; Owner: postgres
--

SELECT pg_catalog.setval('business_services_id_seq', 58, true);


--
-- Data for Name: businesses; Type: TABLE DATA; Schema: public; Owner: postgres
--

COPY businesses (id, title, phone, website, country, city, address, walkthrough, created_at, updated_at, nickname, org) FROM stdin;
1	default business	\N	\N			\N	f	\N	\N	\N	t
3	Empire	7002858852	haha.co	Espano	Huhuiawei	Elm st. 19	t	\N	\N	\N	t
4	Your Company	\N	\N			\N	t	\N	\N	\N	t
5	Your Company	\N	\N			\N	t	\N	\N	\N	t
6	Your Company	\N	\N			\N	t	\N	\N	\N	t
7	Your Company	\N	\N			\N	t	\N	\N	\N	t
8	Your Company	\N	\N			\N	t	\N	\N	\N	t
9	Your Company	\N	\N			\N	t	\N	\N	\N	t
10	Your Company	\N	\N			\N	t	\N	\N	\N	t
11	Your Company	\N	\N			\N	t	\N	\N	\N	t
13	Your Company	\N	\N			\N	t	\N	\N	\N	t
14	Your Company	\N	\N			\N	t	\N	\N	\N	t
15	Your Company	\N	\N			\N	t	\N	\N	\N	t
16	Your Company	\N	\N			\N	t	\N	\N	\N	t
17	Your Company	\N	\N			\N	t	\N	\N	\N	t
18	Your Company	\N	\N			\N	t	\N	\N	\N	t
19	Your Company	\N	\N			\N	t	\N	\N	\N	t
20	Your Company	\N	\N			\N	t	\N	\N	\N	t
21	Your Company	\N	\N			\N	t	\N	\N	\N	t
22	Your Company	\N	\N			\N	t	\N	\N	\N	t
23	Your Company	\N	\N			\N	t	\N	\N	\N	t
24	Your Company	\N	\N			\N	t	\N	\N	\N	t
25	Your Company	\N	\N			\N	t	\N	\N	\N	t
26	Your Company	\N	\N			\N	t	\N	\N	\N	t
27	Your Company	\N	\N			\N	t	\N	\N	\N	t
28	Your Company	\N	\N			\N	t	\N	\N	\N	t
29	Your Company	\N	\N			\N	t	\N	\N	\N	t
30	Your Company	\N	\N			\N	t	\N	\N	\N	t
2	Minority	+79090860451	minorityapp.com	Russia	Saint-Petersburg	Komsomolsky prospekt 1	t	\N	\N	min	t
12	MinorityBestApp	\N	https://minorityapp.com	USA	Seattle	\N	t	\N	\N	min	t
31	alah's Workbench	\N	\N			\N	t	\N	\N	\N	t
32	paul's Workbench	\N	\N			\N	t	\N	\N	\N	t
33	ffc.fabricio's Workbench	\N	\N			\N	t	\N	\N	\N	t
34	bbart's Workbench	\N	\N			\N	t	\N	\N	\N	t
35	4244's Workbench	\N	\N			\N	t	\N	\N	\N	t
\.


--
-- Name: businesses_id_seq; Type: SEQUENCE SET; Schema: public; Owner: postgres
--

SELECT pg_catalog.setval('businesses_id_seq', 35, true);


--
-- Data for Name: cached_removed_resources; Type: TABLE DATA; Schema: public; Owner: postgres
--

COPY cached_removed_resources (id, scope, scope_type, action, what, what_id, date, "updatedAttributes") FROM stdin;
1		workbench	deleted	launches	178	2016-04-05 08:33:20.825	
2		workbench	deleted	launches	191	2016-04-05 08:33:23.696	
3		workbench	deleted	launches	188	2016-04-05 08:33:24.481	
4		workbench	deleted	launches	189	2016-04-05 08:33:25.35	
5	2	workbench	deleted	processes	89	2016-04-09 10:07:33.466	
6	33	workbench	updated	launches	199	2016-04-16 05:18:00.92	percent: 0 
7	12	workbench	deleted	processes	83	2016-04-16 20:12:19.145	
8	12	workbench	deleted	processes	70	2016-04-16 20:12:22.853	
9	12	workbench	updated	launches	200	2016-04-16 20:13:01.193	percent: 0 
10	12	workbench	updated	launches	197	2016-04-16 20:17:21.765	percent: 0 
11	12	workbench	updated	launches	197	2016-04-16 20:17:24.86	percent: 40 
12	12	workbench	updated	launches	197	2016-04-16 20:18:05.018	percent: 0 
13	12	workbench	updated	launches	197	2016-04-16 20:18:11.941	percent: 80 
14	12	workbench	updated	launches	197	2016-04-16 20:20:13.128	percent: 0 
15	12	workbench	updated	launches	197	2016-04-16 20:20:46.459	percent: 100 
16	2	workbench	updated	launches	201	2016-04-18 01:25:26.832	percent: 0 step: 0.0 
17	2	workbench	updated	launches	202	2016-04-18 01:27:04.233	percent: 0 step: 0.0 
18	2	workbench	updated	launches	203	2016-04-18 01:30:01.078	percent: 0 step: 0.0 
19	2	workbench	updated	launches	203	2016-04-18 01:30:26.335	percent: 0 step: 0.0 
20	2	workbench	updated	launches	203	2016-04-18 01:30:26.898	percent: 0 step: 1.0 
21	2	workbench	updated	launches	201	2016-04-18 01:31:04.196	percent: 0 step: 0.0 
22	2	workbench	updated	launches	201	2016-04-18 01:31:04.638	percent: 0 step: 1.0 
23	2	workbench	updated	launches	194	2016-04-18 01:31:26.019	percent: 0 step: 0.0 
24	2	workbench	updated	launches	194	2016-04-18 01:31:26.415	percent: 12 step: 1.0 
25	2	workbench	updated	launches	192	2016-04-18 01:31:58.225	percent: 0 step: 0.0 
26	2	workbench	updated	launches	192	2016-04-18 01:31:58.785	percent: 12 step: 1.0 
27	2	workbench	updated	launches	192	2016-04-18 01:32:29.946	percent: 0 step: 0.0 
28	2	workbench	updated	launches	192	2016-04-18 01:32:30.43	percent: 25 step: 2.0 
29	2	workbench	updated	launches	192	2016-04-18 01:33:05.632	percent: 0 step: 0.0 
30	2	workbench	updated	launches	192	2016-04-18 01:33:10.938	percent: 37 step: 3.0 
31	2	workbench	updated	launches	192	2016-04-18 01:33:32.771	percent: 0 step: 0.0 
32	2	workbench	updated	launches	192	2016-04-18 01:33:34.643	percent: 50 step: 4.0 
33	2	workbench	updated	launches	192	2016-04-18 01:33:48.903	percent: 0 step: 0.0 
34	2	workbench	updated	launches	192	2016-04-18 01:33:49.785	percent: 62 step: 5.0 
35	2	workbench	updated	launches	192	2016-04-18 01:34:24.313	percent: 0 step: 0.0 
36	2	workbench	updated	launches	192	2016-04-18 01:34:25.091	percent: 75 step: 6.0 
37	2	workbench	updated	launches	192	2016-04-18 01:34:50.562	percent: 0 step: 0.0 
38	2	workbench	updated	launches	192	2016-04-18 01:34:52.461	percent: 87 step: 7.0 
39	2	workbench	updated	launches	192	2016-04-18 01:35:07.015	percent: 0 step: 0.0 
40	2	workbench	updated	launches	192	2016-04-18 01:35:08.011	percent: 100 step: 8.0 
41	34	workbench	deleted	processes	91	2016-04-18 06:26:23.977	
42	34	workbench	updated	launches	204	2016-04-18 06:29:11.149	percent: 0 step: 0.0 
43	34	workbench	updated	launches	204	2016-04-18 06:29:24.389	percent: 0 step: 0.0 
44	34	workbench	updated	launches	204	2016-04-18 06:29:25.001	percent: 100 step: 2.0 
45	34	workbench	deleted	launches	204	2016-04-18 06:29:42.835	
46	12	workbench	deleted	launches	198	2016-04-22 08:39:55.466	
47	12	workbench	deleted	launches	200	2016-04-22 08:39:57.363	
48	12	workbench	updated	launches	205	2016-04-22 08:40:14.315	percent: 0 step: 0.0 
49	12	workbench	updated	launches	205	2016-04-22 08:49:50.42	percent: 0 step: 0.0 
50	12	workbench	deleted	launches	205	2016-04-22 08:52:14.032	
51	12	workbench	updated	launches	206	2016-04-22 08:52:46.216	percent: 0 step: 0.0 
52	12	workbench	updated	launches	206	2016-04-22 08:52:54.266	percent: 0 step: 0.0 
53	12	workbench	updated	launches	206	2016-04-22 08:52:54.521	percent: 50 step: 1.0 
54	12	workbench	updated	launches	207	2016-04-24 19:22:35.042	percent: 0 step: 0.0 
55	12	workbench	deleted	processes	96	2016-04-30 23:41:07.47	
56	12	workbench	deleted	processes	95	2016-05-01 00:48:11.066	
57	12	workbench	updated	launches	208	2016-05-24 19:31:09.672	percent: 0 step: 0.0 
58	12	workbench	updated	launches	209	2016-05-24 19:31:21.519	percent: 0 step: 0.0 
59	12	workbench	updated	launches	210	2016-05-24 19:31:32.659	percent: 0 step: 0.0 
60	12	workbench	updated	launches	211	2016-05-24 19:31:44.766	percent: 0 step: 0.0 
61	12	workbench	deleted	launches	211	2016-05-27 08:58:04.563	
62	12	workbench	deleted	launches	210	2016-05-27 09:30:37.72	
63	12	workbench	deleted	launches	209	2016-05-27 09:30:44.174	
64	12	workbench	deleted	launches	208	2016-05-27 09:30:46.392	
65	12	workbench	deleted	launches	207	2016-05-27 09:30:48.208	
66	12	workbench	deleted	launches	206	2016-05-27 09:30:51.546	
67	12	workbench	deleted	launches	219	2016-05-27 09:30:59.19	
68	12	workbench	deleted	launches	220	2016-05-27 09:31:00.958	
69	12	workbench	deleted	launches	221	2016-05-27 09:31:02.404	
70	12	workbench	deleted	launches	222	2016-05-27 09:31:04.585	
71	12	workbench	deleted	launches	223	2016-05-27 09:31:06.533	
72	12	workbench	deleted	launches	224	2016-05-27 09:31:07.882	
73	12	workbench	deleted	launches	218	2016-05-27 09:31:09.458	
74	12	workbench	deleted	launches	217	2016-05-27 09:31:11.726	
75	12	workbench	deleted	launches	227	2016-05-27 09:31:23.075	
76	12	workbench	deleted	launches	228	2016-05-27 09:31:41.747	
77	12	workbench	deleted	launches	229	2016-05-27 09:31:55.498	
78	12	workbench	deleted	launches	230	2016-05-27 09:31:59.018	
79	12	workbench	deleted	launches	231	2016-05-27 09:32:02.383	
80	12	workbench	deleted	launches	232	2016-05-27 09:32:03.465	
81	12	workbench	deleted	launches	233	2016-05-27 09:32:04.543	
82	12	workbench	deleted	launches	234	2016-05-27 09:32:08.077	
83	12	workbench	deleted	launches	235	2016-05-27 09:32:09.692	
84	12	workbench	deleted	launches	236	2016-05-27 09:32:11.15	
85	12	workbench	deleted	launches	237	2016-05-27 09:32:12.654	
86	12	workbench	deleted	launches	238	2016-05-27 09:32:14.097	
87	12	workbench	deleted	launches	239	2016-05-27 09:32:15.377	
88	12	workbench	deleted	launches	240	2016-05-27 09:32:16.698	
89	12	workbench	deleted	launches	241	2016-05-27 09:32:18.202	
90	12	workbench	deleted	launches	242	2016-05-27 09:32:19.155	
91	12	workbench	deleted	launches	243	2016-05-27 09:32:20.469	
100	12	workbench	deleted	launches	252	2016-05-27 09:32:30.268	
102	12	workbench	deleted	launches	254	2016-05-27 09:32:32.228	
109	12	workbench	deleted	launches	212	2016-05-27 09:32:40.308	
92	12	workbench	deleted	launches	244	2016-05-27 09:32:21.65	
93	12	workbench	deleted	launches	245	2016-05-27 09:32:22.674	
94	12	workbench	deleted	launches	246	2016-05-27 09:32:23.676	
98	12	workbench	deleted	launches	250	2016-05-27 09:32:28.122	
95	12	workbench	deleted	launches	247	2016-05-27 09:32:24.772	
97	12	workbench	deleted	launches	249	2016-05-27 09:32:27.032	
99	12	workbench	deleted	launches	251	2016-05-27 09:32:29.235	
101	12	workbench	deleted	launches	253	2016-05-27 09:32:31.296	
105	12	workbench	deleted	launches	216	2016-05-27 09:32:35.116	
96	12	workbench	deleted	launches	248	2016-05-27 09:32:25.838	
104	12	workbench	deleted	launches	225	2016-05-27 09:32:34.214	
103	12	workbench	deleted	launches	226	2016-05-27 09:32:33.204	
106	12	workbench	deleted	launches	215	2016-05-27 09:32:36.031	
107	12	workbench	deleted	launches	214	2016-05-27 09:32:36.973	
108	12	workbench	deleted	launches	213	2016-05-27 09:32:37.854	
110	12	workbench	updated	launches	255	2016-05-27 11:35:29.611	percent: 0 step: 0.0 
111	12	workbench	updated	launches	256	2016-05-27 12:03:55.083	percent: 0 step: 0.0 
112	12	workbench	updated	launches	256	2016-05-27 12:05:07.492	percent: 0 step: 0.0 
113	12	workbench	updated	launches	256	2016-05-27 12:05:15.443	percent: 33 step: 1.0 
114	12	workbench	updated	launches	255	2016-05-27 12:05:24.98	percent: 0 step: 0.0 
115	12	workbench	updated	launches	255	2016-05-27 12:05:31.265	percent: 33 step: 1.0 
116	12	workbench	deleted	processes	98	2016-05-28 12:59:53.514	
117	12	workbench	updated	launches	257	2016-06-08 15:33:37.973	percent: 0 step: 0.0 
118	12	workbench	updated	launches	258	2016-06-08 15:59:57.499	percent: 0 step: 0.0 
119	12	workbench	updated	launches	259	2016-06-08 16:01:49.439	percent: 0 step: 0.0 
120	12	workbench	deleted	processes	103	2016-06-22 12:59:16.486	
121	12	workbench	deleted	processes	102	2016-06-22 12:59:18.116	
122	12	workbench	deleted	processes	101	2016-06-22 12:59:19.749	
123	12	workbench	deleted	processes	100	2016-06-22 12:59:20.934	
124	12	workbench	deleted	processes	107	2016-06-22 13:05:13.307	
125	12	workbench	deleted	processes	106	2016-06-22 13:05:14.549	
126	12	workbench	deleted	processes	105	2016-06-22 13:05:15.66	
127	12	workbench	deleted	processes	104	2016-06-22 13:05:16.703	
128	12	workbench	deleted	launches	255	2016-06-22 16:32:24.019	
129	12	workbench	deleted	launches	256	2016-06-22 16:32:30.38	
130	12	workbench	deleted	launches	259	2016-06-22 16:32:34.159	
131	12	workbench	deleted	launches	258	2016-06-22 16:32:38.006	
132	12	workbench	updated	launches	263	2016-06-22 16:32:53.69	percent: 0 step: 0.0 
133	12	workbench	updated	launches	264	2016-06-22 16:34:32.47	percent: 0 step: 0.0 
134	12	workbench	updated	launches	265	2016-06-22 17:54:09.435	percent: 0 step: 0.0 
135	12	workbench	updated	launches	266	2016-06-22 17:56:09.849	percent: 0 step: 0.0 
136	12	workbench	updated	launches	267	2016-06-24 02:02:11.609	percent: 0 step: 0.0 
137	12	workbench	updated	launches	268	2016-06-24 02:35:55.84	percent: 0 step: 0.0 
138	12	workbench	updated	launches	269	2016-06-24 02:36:30.119	percent: 0 step: 0.0 
139	12	workbench	updated	launches	270	2016-06-24 03:40:33.317	percent: 0 step: 0.0 
140	12	workbench	updated	launches	271	2016-06-24 03:41:07.952	percent: 0 step: 0.0 
141	12	workbench	updated	launches	274	2016-06-24 06:33:44.095	percent: 0 step: 0.0 
142	12	workbench	updated	launches	275	2016-06-24 07:07:03.684	percent: 0 step: 0.0 
143	12	workbench	updated	launches	276	2016-06-24 07:07:34.569	percent: 0 step: 0.0 
144	12	workbench	updated	launches	277	2016-06-24 07:08:46.866	percent: 0 step: 0.0 
145	12	workbench	updated	launches	278	2016-06-24 07:12:08.61	percent: 0 step: 0.0 
146	12	workbench	updated	launches	279	2016-06-24 07:12:54.663	percent: 0 step: 0.0 
147	12	workbench	updated	launches	280	2016-06-24 07:24:08.099	percent: 0 step: 0.0 
148	12	workbench	updated	launches	281	2016-06-24 07:29:27.508	percent: 0 step: 0.0 
149	12	workbench	updated	launches	282	2016-06-24 07:30:45.638	percent: 0 step: 0.0 
150	12	workbench	updated	launches	283	2016-06-24 07:32:36.441	percent: 0 step: 0.0 
151	12	workbench	updated	launches	284	2016-06-24 07:33:43.083	percent: 0 step: 0.0 
152	12	workbench	updated	launches	285	2016-06-24 07:36:34.629	percent: 0 step: 0.0 
153	12	workbench	updated	launches	286	2016-06-24 07:37:13.745	percent: 0 step: 0.0 
154	12	workbench	updated	launches	287	2016-06-24 07:38:33.106	percent: 0 step: 0.0 
155	12	workbench	updated	launches	288	2016-06-24 08:24:59.015	percent: 0 step: 0.0 
156	12	workbench	updated	launches	289	2016-06-24 08:37:26.047	percent: 0 step: 1.0 
157	12	workbench	updated	launches	290	2016-06-24 08:41:12.619	percent: 0 step: 1.0 
158	12	workbench	updated	launches	291	2016-06-24 08:57:20.237	percent: 0 step: 0.0 
159	12	workbench	updated	launches	292	2016-06-24 08:59:59.714	percent: 0 step: 0.0 
160	12	workbench	updated	launches	293	2016-06-24 09:40:56.527	percent: 0 step: 0.0 
161	12	workbench	updated	launches	294	2016-06-24 11:26:40.407	percent: 0 step: 0.0 
162	12	workbench	updated	launches	295	2016-06-24 13:56:25.353	percent: 0 step: 0.0 
163	12	workbench	updated	launches	296	2016-06-24 13:59:53.029	percent: 0 step: 0.0 
164	12	workbench	updated	launches	297	2016-06-24 14:00:27.805	percent: 0 step: 0.0 
165	12	workbench	updated	launches	298	2016-06-24 16:09:25.16	percent: 0 step: 0.0 
166	12	workbench	deleted	processes	110	2016-06-25 15:52:06.851	
167	12	workbench	deleted	processes	99	2016-06-25 15:52:20.114	
168	12	workbench	deleted	processes	112	2016-06-25 15:52:36.792	
169	12	workbench	deleted	processes	108	2016-06-25 15:52:46.744	
170	12	workbench	deleted	processes	111	2016-06-25 16:00:35.331	
171	12	workbench	deleted	processes	113	2016-06-25 16:01:20.438	
172	12	workbench	deleted	processes	116	2016-06-25 16:18:58.481	
173	12	workbench	deleted	processes	115	2016-06-25 16:19:02.48	
174	12	workbench	deleted	processes	114	2016-06-25 16:19:05.733	
175	12	workbench	deleted	processes	120	2016-06-25 16:26:17.728	
176	12	workbench	deleted	processes	119	2016-06-25 16:26:21.037	
177	12	workbench	deleted	processes	118	2016-06-25 16:26:25.055	
178	12	workbench	updated	launches	299	2016-06-26 09:07:17.806	percent: 0 step: 0.0 
179	12	workbench	updated	launches	300	2016-06-26 11:07:42.461	percent: 0 step: 0.0 
180	12	workbench	updated	launches	301	2016-06-27 05:55:11.233	percent: 0 step: 0.0 
181	12	workbench	updated	launches	302	2016-06-27 06:53:07.929	percent: 0 step: 0.0 
182	12	workbench	updated	launches	303	2016-06-27 06:54:22.381	percent: 0 step: 0.0 
183	12	workbench	updated	launches	304	2016-06-27 17:03:46.057	percent: 0 step: 0.0 
184	12	workbench	updated	launches	305	2016-06-27 20:17:27.21	percent: 0 step: 0.0 
185	12	workbench	updated	launches	306	2016-06-27 21:10:12.361	percent: 0 step: 0.0 
186	12	workbench	updated	launches	307	2016-06-27 21:12:31.552	percent: 0 step: 0.0 
187	12	workbench	updated	launches	308	2016-06-27 21:13:56.961	percent: 0 step: 0.0 
188	12	workbench	updated	launches	309	2016-06-27 21:17:42.162	percent: 0 step: 0.0 
189	12	workbench	updated	launches	310	2016-06-27 21:17:43.658	percent: 0 step: 0.0 
190	12	workbench	updated	launches	311	2016-06-27 21:18:23.336	percent: 0 step: 0.0 
191	12	workbench	updated	launches	312	2016-06-27 21:20:25.753	percent: 0 step: 0.0 
192	12	workbench	updated	launches	313	2016-06-27 21:27:02.175	percent: 0 step: 0.0 
193	12	workbench	updated	launches	314	2016-06-27 22:13:11.31	percent: 0 step: 0.0 
194	12	workbench	updated	launches	315	2016-06-27 22:16:33.846	percent: 0 step: 0.0 
195	12	workbench	updated	launches	316	2016-06-27 22:17:24.024	percent: 0 step: 0.0 
196	12	workbench	updated	launches	317	2016-06-27 22:19:58.697	percent: 0 step: 0.0 
197	12	workbench	updated	launches	318	2016-06-27 22:23:45.434	percent: 0 step: 0.0 
198	12	workbench	updated	launches	318	2016-06-27 22:24:15.162	percent: 0 step: 0.0 
199	12	workbench	updated	launches	318	2016-06-27 22:26:11.855	percent: 0 step: 0.0 
200	12	workbench	updated	launches	318	2016-06-27 22:26:12.019	percent: 0 step: 0.0 
201	12	workbench	updated	launches	318	2016-06-27 22:26:45.083	percent: 0 step: 0.0 
202	12	workbench	updated	launches	319	2016-06-28 00:34:57.638	percent: 0 step: 0.0 
203	12	workbench	updated	launches	319	2016-06-28 00:35:30.092	percent: 0 step: 0.0 
204	12	workbench	updated	launches	319	2016-06-28 00:36:47.834	percent: 0 step: 0.0 
205	12	workbench	updated	launches	319	2016-06-28 00:36:48.029	percent: 0 step: 0.0 
206	12	workbench	updated	launches	319	2016-06-28 00:37:20.07	percent: 0 step: 0.0 
207	12	workbench	updated	launches	320	2016-06-28 10:39:07.817	percent: 0 step: 0.0 
208	12	workbench	updated	launches	320	2016-06-28 10:39:40.153	percent: 0 step: 0.0 
209	12	workbench	updated	launches	321	2016-06-28 10:49:28.318	percent: 0 step: 0.0 
210	12	workbench	updated	launches	321	2016-06-28 10:50:00.099	percent: 0 step: 0.0 
211	12	workbench	updated	launches	322	2016-06-28 11:24:26.382	percent: 0 step: 0.0 
212	12	workbench	updated	launches	322	2016-06-28 11:25:00.107	percent: 0 step: 0.0 
213	12	workbench	updated	launches	322	2016-06-28 11:25:00.279	percent: 0 step: 0.0 
214	12	workbench	updated	launches	323	2016-06-28 11:29:22.647	percent: 0 step: 0.0 
215	12	workbench	updated	launches	323	2016-06-28 11:29:55.114	percent: 0 step: 0.0 
216	12	workbench	updated	launches	324	2016-06-28 12:04:43.764	percent: 0 step: 0.0 
217	12	workbench	updated	launches	324	2016-06-28 12:05:15.138	percent: 0 step: 0.0 
218	12	workbench	updated	launches	324	2016-06-28 12:05:15.888	percent: 0 step: 0.0 
219	12	workbench	updated	launches	324	2016-06-28 12:05:50.061	percent: 0 step: 0.0 
220	12	workbench	updated	launches	324	2016-06-28 12:05:50.202	percent: 0 step: 0.0 
221	12	workbench	updated	launches	324	2016-06-28 12:06:25.06	percent: 0 step: 0.0 
222	12	workbench	updated	launches	324	2016-06-28 12:06:25.241	percent: 0 step: 0.0 
223	12	workbench	updated	launches	324	2016-06-28 12:07:00.061	percent: 0 step: 0.0 
224	12	workbench	updated	launches	324	2016-06-28 12:07:00.328	percent: 0 step: 0.0 
225	12	workbench	updated	launches	324	2016-06-28 12:07:35.076	percent: 0 step: 0.0 
226	12	workbench	updated	launches	324	2016-06-28 12:07:35.428	percent: 0 step: 0.0 
227	12	workbench	updated	launches	324	2016-06-28 12:08:10.062	percent: 0 step: 0.0 
228	12	workbench	updated	launches	324	2016-06-28 12:08:10.178	percent: 0 step: 0.0 
229	12	workbench	updated	launches	324	2016-06-28 12:08:45.111	percent: 0 step: 0.0 
230	12	workbench	updated	launches	324	2016-06-28 12:08:45.233	percent: 0 step: 0.0 
231	12	workbench	updated	launches	324	2016-06-28 12:09:20.069	percent: 0 step: 0.0 
232	12	workbench	updated	launches	324	2016-06-28 12:09:20.232	percent: 0 step: 0.0 
233	12	workbench	updated	launches	324	2016-06-28 12:09:55.074	percent: 0 step: 0.0 
234	12	workbench	updated	launches	324	2016-06-28 12:09:55.232	percent: 0 step: 0.0 
235	12	workbench	updated	launches	324	2016-06-28 12:10:30.043	percent: 0 step: 0.0 
236	12	workbench	updated	launches	324	2016-06-28 12:10:30.263	percent: 0 step: 0.0 
237	12	workbench	updated	launches	324	2016-06-28 12:11:05.072	percent: 0 step: 0.0 
238	12	workbench	updated	launches	324	2016-06-28 12:11:05.384	percent: 0 step: 0.0 
239	12	workbench	updated	launches	324	2016-06-28 12:11:40.056	percent: 0 step: 0.0 
240	12	workbench	updated	launches	324	2016-06-28 12:11:40.143	percent: 0 step: 0.0 
241	12	workbench	updated	launches	324	2016-06-28 12:12:15.071	percent: 0 step: 0.0 
242	12	workbench	updated	launches	324	2016-06-28 12:12:15.194	percent: 0 step: 0.0 
243	12	workbench	updated	launches	324	2016-06-28 12:12:50.07	percent: 0 step: 0.0 
244	12	workbench	updated	launches	324	2016-06-28 12:12:50.246	percent: 0 step: 0.0 
245	12	workbench	updated	launches	324	2016-06-28 12:13:25.067	percent: 0 step: 0.0 
246	12	workbench	updated	launches	324	2016-06-28 12:13:25.267	percent: 0 step: 0.0 
247	12	workbench	updated	launches	324	2016-06-28 12:14:00.049	percent: 0 step: 0.0 
248	12	workbench	updated	launches	324	2016-06-28 12:14:00.148	percent: 0 step: 0.0 
249	12	workbench	updated	launches	324	2016-06-28 12:14:35.063	percent: 0 step: 0.0 
250	12	workbench	updated	launches	324	2016-06-28 12:14:35.202	percent: 0 step: 0.0 
251	12	workbench	updated	launches	324	2016-06-28 12:15:10.072	percent: 0 step: 0.0 
252	12	workbench	updated	launches	324	2016-06-28 12:15:10.152	percent: 0 step: 0.0 
253	12	workbench	updated	launches	324	2016-06-28 12:15:45.274	percent: 0 step: 0.0 
254	12	workbench	updated	launches	324	2016-06-28 12:15:46.315	percent: 0 step: 0.0 
255	12	workbench	updated	launches	324	2016-06-28 12:16:20.051	percent: 0 step: 0.0 
256	12	workbench	updated	launches	324	2016-06-28 12:16:20.195	percent: 0 step: 0.0 
257	12	workbench	updated	launches	324	2016-06-28 12:16:55.118	percent: 0 step: 0.0 
258	12	workbench	updated	launches	324	2016-06-28 12:16:55.343	percent: 0 step: 0.0 
259	12	workbench	updated	launches	324	2016-06-28 12:17:30.05	percent: 0 step: 0.0 
260	12	workbench	updated	launches	324	2016-06-28 12:17:30.289	percent: 0 step: 0.0 
261	12	workbench	updated	launches	324	2016-06-28 12:18:05.055	percent: 0 step: 0.0 
262	12	workbench	updated	launches	324	2016-06-28 12:18:05.313	percent: 0 step: 0.0 
263	12	workbench	updated	launches	324	2016-06-28 12:18:40.061	percent: 0 step: 0.0 
264	12	workbench	updated	launches	324	2016-06-28 12:18:40.198	percent: 0 step: 0.0 
265	12	workbench	updated	launches	324	2016-06-28 12:19:15.087	percent: 0 step: 0.0 
266	12	workbench	updated	launches	324	2016-06-28 12:19:15.284	percent: 0 step: 0.0 
267	12	workbench	updated	launches	324	2016-06-28 12:19:50.124	percent: 0 step: 0.0 
268	12	workbench	updated	launches	324	2016-06-28 12:19:50.255	percent: 0 step: 0.0 
269	12	workbench	updated	launches	324	2016-06-28 12:20:25.097	percent: 0 step: 0.0 
270	12	workbench	updated	launches	324	2016-06-28 12:20:25.695	percent: 0 step: 0.0 
271	12	workbench	updated	launches	324	2016-06-28 12:21:00.109	percent: 0 step: 0.0 
272	12	workbench	updated	launches	324	2016-06-28 12:21:00.754	percent: 0 step: 0.0 
273	12	workbench	updated	launches	324	2016-06-28 12:21:35.061	percent: 0 step: 0.0 
274	12	workbench	updated	launches	324	2016-06-28 12:21:35.174	percent: 0 step: 0.0 
275	12	workbench	updated	launches	324	2016-06-28 12:22:10.083	percent: 0 step: 0.0 
279	12	workbench	updated	launches	324	2016-06-28 12:23:20.048	percent: 0 step: 0.0 
282	12	workbench	updated	launches	324	2016-06-28 12:23:55.256	percent: 0 step: 0.0 
296	12	workbench	updated	launches	324	2016-06-28 12:28:00.218	percent: 0 step: 0.0 
297	12	workbench	updated	launches	324	2016-06-28 12:28:35.071	percent: 0 step: 0.0 
298	12	workbench	updated	launches	324	2016-06-28 12:28:35.212	percent: 0 step: 0.0 
300	12	workbench	updated	launches	324	2016-06-28 12:29:10.145	percent: 0 step: 0.0 
276	12	workbench	updated	launches	324	2016-06-28 12:22:10.301	percent: 0 step: 0.0 
277	12	workbench	updated	launches	324	2016-06-28 12:22:45.065	percent: 0 step: 0.0 
284	12	workbench	updated	launches	324	2016-06-28 12:24:30.253	percent: 0 step: 0.0 
288	12	workbench	updated	launches	324	2016-06-28 12:25:40.43	percent: 0 step: 0.0 
290	12	workbench	updated	launches	324	2016-06-28 12:26:15.72	percent: 0 step: 0.0 
291	12	workbench	updated	launches	324	2016-06-28 12:26:50.093	percent: 0 step: 0.0 
293	12	workbench	updated	launches	324	2016-06-28 12:27:25.111	percent: 0 step: 0.0 
295	12	workbench	updated	launches	324	2016-06-28 12:28:00.06	percent: 0 step: 0.0 
299	12	workbench	updated	launches	324	2016-06-28 12:29:10.044	percent: 0 step: 0.0 
278	12	workbench	updated	launches	324	2016-06-28 12:22:45.309	percent: 0 step: 0.0 
280	12	workbench	updated	launches	324	2016-06-28 12:23:20.198	percent: 0 step: 0.0 
281	12	workbench	updated	launches	324	2016-06-28 12:23:55.081	percent: 0 step: 0.0 
283	12	workbench	updated	launches	324	2016-06-28 12:24:30.042	percent: 0 step: 0.0 
285	12	workbench	updated	launches	324	2016-06-28 12:25:05.035	percent: 0 step: 0.0 
286	12	workbench	updated	launches	324	2016-06-28 12:25:05.162	percent: 0 step: 0.0 
287	12	workbench	updated	launches	324	2016-06-28 12:25:40.069	percent: 0 step: 0.0 
289	12	workbench	updated	launches	324	2016-06-28 12:26:15.112	percent: 0 step: 0.0 
292	12	workbench	updated	launches	324	2016-06-28 12:26:50.255	percent: 0 step: 0.0 
294	12	workbench	updated	launches	324	2016-06-28 12:27:25.309	percent: 0 step: 0.0 
301	12	workbench	updated	launches	324	2016-06-28 12:29:45.067	percent: 0 step: 0.0 
302	12	workbench	updated	launches	324	2016-06-28 12:29:45.295	percent: 0 step: 0.0 
303	12	workbench	updated	launches	324	2016-06-28 12:30:20.078	percent: 0 step: 0.0 
304	12	workbench	updated	launches	324	2016-06-28 12:30:20.596	percent: 0 step: 0.0 
305	12	workbench	updated	launches	324	2016-06-28 12:30:55.041	percent: 0 step: 0.0 
306	12	workbench	updated	launches	324	2016-06-28 12:30:55.296	percent: 0 step: 0.0 
307	12	workbench	updated	launches	324	2016-06-28 12:31:30.055	percent: 0 step: 0.0 
308	12	workbench	updated	launches	324	2016-06-28 12:31:30.233	percent: 0 step: 0.0 
309	12	workbench	updated	launches	324	2016-06-28 12:32:05.069	percent: 0 step: 0.0 
310	12	workbench	updated	launches	324	2016-06-28 12:32:05.31	percent: 0 step: 0.0 
311	12	workbench	updated	launches	325	2016-06-28 15:12:53.683	percent: 0 step: 0.0 
312	12	workbench	updated	launches	325	2016-06-28 15:13:25.266	percent: 0 step: 0.0 
313	12	workbench	updated	launches	325	2016-06-28 15:13:26.1	percent: 0 step: 0.0 
314	12	workbench	updated	launches	325	2016-06-28 15:14:00.097	percent: 0 step: 0.0 
315	12	workbench	updated	launches	325	2016-06-28 15:14:00.333	percent: 0 step: 0.0 
316	12	workbench	updated	launches	326	2016-06-28 16:20:21.743	percent: 0 step: 0.0 
317	12	workbench	updated	launches	326	2016-06-28 16:20:55.109	percent: 0 step: 0.0 
318	12	workbench	updated	launches	326	2016-06-28 16:20:55.346	percent: 0 step: 0.0 
319	12	workbench	updated	launches	327	2016-06-28 16:25:33.441	percent: 0 step: 0.0 
320	12	workbench	updated	launches	327	2016-06-28 16:26:05.162	percent: 0 step: 0.0 
321	12	workbench	updated	launches	328	2016-06-28 16:33:12.388	percent: 0 step: 0.0 
322	12	workbench	updated	launches	328	2016-06-28 16:33:45.101	percent: 0 step: 0.0 
323	12	workbench	updated	launches	328	2016-06-28 16:33:45.373	percent: 0 step: 1.0 
324	12	workbench	updated	launches	328	2016-06-28 16:34:20.119	percent: 0 step: 0.0 
325	12	workbench	updated	launches	328	2016-06-28 16:34:20.326	percent: 0 step: 0.0 
326	12	workbench	updated	launches	329	2016-06-28 16:36:23.569	percent: 0 step: 0.0 
327	12	workbench	updated	launches	329	2016-06-28 16:36:55.098	percent: 0 step: 0.0 
328	12	workbench	updated	launches	329	2016-06-28 16:36:55.67	percent: 0 step: 1.0 
329	12	workbench	updated	launches	329	2016-06-28 16:37:30.11	percent: 0 step: 0.0 
330	12	workbench	updated	launches	329	2016-06-28 16:37:30.465	percent: 0 step: 0.0 
331	12	workbench	updated	launches	330	2016-06-28 16:43:14.898	percent: 0 step: 0.0 
332	12	workbench	updated	launches	331	2016-06-28 16:45:57.802	percent: 0 step: 0.0 
333	12	workbench	updated	launches	331	2016-06-28 16:46:30.193	percent: 0 step: 0.0 
334	12	workbench	updated	launches	331	2016-06-28 16:46:30.745	percent: 0 step: 1.0 
335	2	workbench	updated	launches	332	2016-06-29 13:26:34.589	percent: 0 step: 0.0 
336	2	workbench	updated	launches	332	2016-06-29 13:26:53.935	percent: 0 step: 0.0 
337	2	workbench	updated	launches	332	2016-06-29 13:26:54.899	percent: 50 step: 1.0 
338	2	workbench	updated	launches	332	2016-06-29 13:27:28.588	percent: 0 step: 0.0 
339	2	workbench	updated	launches	332	2016-06-29 13:27:28.756	percent: 0 step: 0.0 
340	2	workbench	updated	launches	333	2016-06-29 18:41:34.986	percent: 0 step: 0.0 
341	2	workbench	updated	launches	333	2016-06-29 18:41:49.617	percent: 0 step: 0.0 
342	2	workbench	updated	launches	333	2016-06-29 18:41:50.829	percent: 50 step: 1.0 
343	2	workbench	updated	processes	62	2016-06-30 02:18:18.645	title: User Guide service: 52 version: 1 state_machine_type: base 
344	2	workbench	updated	processes	62	2016-06-30 02:18:43.252	title: User Guide service: 51 version: 1 state_machine_type: base 
345	2	workbench	updated	processes	85	2016-06-30 13:08:59.323	title: Test service: 51 version: 1 state_machine_type: base 
346	2	workbench	updated	processes	86	2016-06-30 13:30:40.788	title: Work process service: 53 version: 1 state_machine_type: base 
347	12	workbench	updated	launches	335	2016-07-05 08:23:30.583	percent: 0 step: 0.0 
348	12	workbench	updated	processes	109	2016-07-07 11:37:04.983	title: APi test service: 38 version: 1 state_machine_type: base 
349	12	workbench	updated	launches	336	2016-07-07 12:04:03.925	percent: 0 step: 0.0 
350	12	workbench	updated	launches	337	2016-07-09 07:37:59.661	percent: 100 step: 2.0 
351	12	workbench	updated	launches	339	2016-07-09 10:12:35.946	percent: 100 step: 3.0 
352	12	workbench	updated	launches	340	2016-07-09 10:24:12.217	percent: 100 step: 3.0 
353	12	workbench	updated	launches	342	2016-07-11 08:38:06.868	percent: 100 step: 3.0 
354	12	workbench	deleted	processes	121	2016-07-13 07:06:04.051	
355	12	workbench	updated	processes	97	2016-07-16 12:05:29.059	title: Delay process test service: 38 version: 1 state_machine_type: base 
356	12	workbench	updated	processes	97	2016-07-16 12:06:40.556	title: Delay process test1 service: 38 version: 1 state_machine_type: base 
357	12	workbench	updated	processes	97	2016-07-16 12:07:30.49	title: Delay service: 38 version: 1 state_machine_type: base 
358	12	workbench	updated	launches	343	2016-07-16 12:08:15.678	percent: 100 step: 3.0 
359	12	workbench	updated	launches	344	2016-07-16 12:10:22.254	percent: 0 step: 1.0 
360	12	workbench	updated	launches	346	2016-07-16 12:30:34.672	percent: 0 step: 0.0 
361	12	workbench	updated	launches	347	2016-07-16 12:30:37.616	percent: 0 step: 0.0 
362	12	workbench	updated	launches	346	2016-07-16 12:30:57.621	percent: 0 step: 0.0 
363	12	workbench	updated	launches	346	2016-07-16 12:30:59.296	percent: 100 step: 1.0 
364	12	workbench	updated	launches	347	2016-07-16 12:31:13.363	percent: 0 step: 0.0 
365	12	workbench	updated	launches	347	2016-07-16 12:31:13.662	percent: 50 step: 1.0 
366	12	workbench	updated	processes	123	2016-07-16 12:54:54.518	title: fasfaf ff service: 38 version: 1 state_machine_type: base 
367	12	workbench	updated	processes	123	2016-07-16 12:57:22.108	title: Test this service: 38 version: 1 state_machine_type: base 
368	2	workbench	updated	launches	348	2016-07-19 17:22:05.738	percent: 0 step: 0.0 
369	2	workbench	updated	launches	349	2016-07-19 20:26:20.287	percent: 0 step: 0.0 
370	2	workbench	updated	launches	350	2016-07-20 11:02:06.784	percent: 50 step: 1.0 
371	2	workbench	updated	launches	350	2016-07-20 11:02:20.471	percent: 0 step: 0.0 
372	2	workbench	updated	launches	350	2016-07-20 11:02:21.207	percent: 0 step: 0.0 
373	2	workbench	updated	launches	351	2016-07-20 12:36:34.779	percent: 50 step: 1.0 
374	2	workbench	updated	launches	352	2016-07-20 12:50:34.708	percent: 100 step: 2.0 
375	2	workbench	updated	launches	351	2016-07-20 12:50:57.417	percent: 0 step: 0.0 
376	2	workbench	updated	launches	351	2016-07-20 12:50:58.231	percent: 0 step: 0.0 
377	2	workbench	updated	launches	353	2016-07-20 12:52:03.375	percent: 100 step: 2.0 
378	2	workbench	updated	launches	354	2016-07-20 13:03:34.744	percent: 50 step: 1.0 
379	2	workbench	updated	launches	354	2016-07-20 13:05:39.137	percent: 0 step: 0.0 
380	2	workbench	updated	launches	354	2016-07-20 13:05:39.361	percent: 0 step: 0.0 
381	2	workbench	updated	launches	355	2016-07-20 13:07:49.168	percent: 50 step: 1.0 
382	2	workbench	updated	launches	355	2016-07-20 13:08:30.164	percent: 0 step: 0.0 
383	2	workbench	updated	launches	355	2016-07-20 13:08:30.313	percent: 0 step: 0.0 
384	2	workbench	updated	launches	356	2016-07-20 13:12:08.204	percent: 50 step: 1.0 
385	2	workbench	updated	launches	356	2016-07-20 13:12:50.807	percent: 0 step: 0.0 
386	2	workbench	updated	launches	356	2016-07-20 13:12:50.974	percent: 0 step: 0.0 
387	2	workbench	updated	launches	357	2016-07-20 13:25:57.853	percent: 50 step: 1.0 
388	2	workbench	updated	launches	357	2016-07-20 13:26:06.448	percent: 50 step: 1.0 
389	2	workbench	updated	launches	357	2016-07-20 13:26:06.836	percent: 100 step: 2.0 
390	2	workbench	updated	launches	358	2016-07-20 14:33:51.3	percent: 0 step: 0.0 
391	2	workbench	updated	launches	358	2016-07-20 14:34:00.665	percent: 0 step: 0.0 
392	2	workbench	updated	launches	358	2016-07-20 14:34:00.897	percent: 50 step: 1.0 
393	2	workbench	updated	launches	358	2016-07-20 14:34:06.947	percent: 50 step: 1.0 
394	2	workbench	updated	launches	358	2016-07-20 14:34:07.101	percent: 100 step: 2.0 
395	2	workbench	updated	processes	87	2016-07-20 14:58:29.819	title: Crispy Potato Cakes service: 52 version: 1 state_machine_type: base 
396	2	workbench	updated	processes	87	2016-07-20 14:58:51.599	title: Crispy Potato Cakes1 service: 52 version: 1 state_machine_type: base 
397	2	workbench	updated	processes	87	2016-07-20 15:16:59.791	title: Crispy Potato Cakes service: 52 version: 1 state_machine_type: base 
398	2	workbench	updated	launches	359	2016-07-30 03:21:12.41	percent: 100 step: 1.0 
399	2	workbench	updated	launches	360	2016-07-31 06:48:17.14	percent: 100 step: 1.0 
400	2	workbench	updated	processes	86	2016-08-02 05:07:23.196	title: Work process service: 53 version: 1 state_machine_type: base 
401	2	workbench	updated	launches	361	2016-08-17 18:44:16.478	percent: 0 step: 0.0 
402	2	workbench	updated	launches	361	2016-08-17 20:44:56.646	percent: 0 step: 0.0 
403	2	workbench	updated	launches	361	2016-08-17 20:45:02.759	percent: 50 step: 1.0 
404	2	workbench	updated	launches	348	2016-08-18 21:25:59.704	percent: 0 step: 0.0 
405	2	workbench	updated	launches	348	2016-08-18 21:26:03.982	percent: 12 step: 1.0 
406	2	workbench	updated	launches	362	2016-08-18 21:43:30.125	percent: 0 step: 0.0 
407	2	workbench	updated	launches	362	2016-08-18 21:43:49.422	percent: 0 step: 0.0 
408	2	workbench	updated	launches	362	2016-08-18 21:43:49.573	percent: 12 step: 1.0 
409	2	workbench	updated	launches	362	2016-08-18 21:44:12.679	percent: 12 step: 1.0 
410	2	workbench	updated	launches	362	2016-08-18 21:44:12.847	percent: 25 step: 2.0 
411	2	workbench	updated	launches	363	2016-08-18 21:50:30.21	percent: 0 step: 0.0 
412	2	workbench	updated	launches	363	2016-08-18 21:50:39.934	percent: 0 step: 0.0 
413	2	workbench	updated	launches	363	2016-08-18 21:50:40.359	percent: 12 step: 1.0 
414	2	workbench	updated	launches	363	2016-08-18 21:50:58.908	percent: 12 step: 1.0 
415	2	workbench	updated	launches	363	2016-08-18 21:50:59.263	percent: 25 step: 2.0 
\.


--
-- Name: cached_removed_resources_id_seq; Type: SEQUENCE SET; Schema: public; Owner: postgres
--

SELECT pg_catalog.setval('cached_removed_resources_id_seq', 415, true);


--
-- Data for Name: client_observers; Type: TABLE DATA; Schema: public; Owner: postgres
--

COPY client_observers (id, uid) FROM stdin;
\.


--
-- Name: client_observers_id_seq; Type: SEQUENCE SET; Schema: public; Owner: postgres
--

SELECT pg_catalog.setval('client_observers_id_seq', 1, false);


--
-- Data for Name: comments; Type: TABLE DATA; Schema: public; Owner: postgres
--

COPY comments (id, author, body, created_at, updated_at) FROM stdin;
1	7c794d27-3b44-4e2e-abf3-ed2df167d874	Test commend	\N	\N
2	7c794d27-3b44-4e2e-abf3-ed2df167d874	Test comment	\N	\N
\.


--
-- Name: comments_id_seq; Type: SEQUENCE SET; Schema: public; Owner: postgres
--

SELECT pg_catalog.setval('comments_id_seq', 2, true);


--
-- Data for Name: elem_topologs; Type: TABLE DATA; Schema: public; Owner: postgres
--

COPY elem_topologs (id, process_id, front_elem_id, space_elem_id, hash, created_at, updated_at, space_id) FROM stdin;
3	38	144	\N		\N	\N	\N
4	39	145	\N		\N	\N	\N
6	40	146	\N		\N	\N	\N
8	39	147	\N		\N	\N	\N
10	39	148	\N		\N	\N	\N
11	39	\N	29		\N	\N	\N
101	62	224	\N		2015-07-26 09:42:01.147+05	2015-07-26 09:42:01.147+05	\N
102	62	225	\N		2015-07-26 09:45:19.53+05	2015-07-26 09:45:19.53+05	\N
103	62	226	\N		2015-07-26 09:52:05.779+05	2015-07-26 09:52:05.779+05	\N
104	62	227	\N		2015-07-26 09:56:10.077+05	2015-07-26 09:56:10.077+05	\N
105	62	228	\N		2015-07-26 10:08:31.104+05	2015-07-26 10:08:31.104+05	\N
106	62	229	\N		2015-07-26 10:15:06.444+05	2015-07-26 10:15:06.444+05	\N
108	62	231	\N		2015-07-26 11:06:36.084+05	2015-07-26 11:06:36.084+05	\N
109	62	\N	48		2015-07-26 11:06:58.476+05	2015-07-26 11:06:58.476+05	\N
127	62	241	\N		2015-08-27 15:03:51.395+05	2015-08-27 15:03:51.395+05	\N
134	71	248	\N		2015-09-05 15:34:15.19+05	2015-09-05 15:34:15.19+05	\N
135	72	249	\N		2015-09-22 12:54:49.857+05	2015-09-22 12:54:49.857+05	\N
137	62	251	\N		2015-10-10 04:24:32.116+05	2015-10-10 04:24:32.116+05	\N
138	62	\N	57		2015-10-10 04:25:02.937+05	2015-10-10 04:25:02.937+05	\N
140	74	253	\N		2015-10-10 04:49:54.422+05	2015-10-10 04:49:54.422+05	\N
141	74	254	\N		2015-10-10 04:50:05.015+05	2015-10-10 04:50:05.015+05	\N
142	74	\N	58		2015-10-10 04:50:17.394+05	2015-10-10 04:50:17.394+05	\N
143	74	255	\N		2015-10-10 04:50:31.963+05	2015-10-10 04:50:31.963+05	\N
144	74	\N	59		2015-10-10 04:50:50.346+05	2015-10-10 04:50:50.346+05	\N
154	84	265	\N		2016-02-13 17:15:04.567+05	2016-02-13 17:15:04.567+05	\N
155	84	266	\N		2016-02-13 17:15:20.122+05	2016-02-13 17:15:20.122+05	\N
156	84	267	\N		2016-02-13 17:15:32.79+05	2016-02-13 17:15:32.79+05	\N
157	84	268	\N		2016-02-13 17:15:41.742+05	2016-02-13 17:15:41.742+05	\N
158	84	269	\N		2016-02-13 17:15:51.391+05	2016-02-13 17:15:51.391+05	\N
160	62	271	\N		2016-03-06 07:58:16.773+05	2016-03-06 07:58:16.773+05	\N
161	88	272	\N		2016-03-06 17:03:16.962+05	2016-03-06 17:03:16.962+05	\N
162	88	273	\N		2016-03-06 17:38:50.946+05	2016-03-06 17:38:50.946+05	\N
163	88	274	\N		2016-03-06 17:43:01.766+05	2016-03-06 17:43:01.766+05	\N
164	88	275	\N		2016-03-06 17:43:29.551+05	2016-03-06 17:43:29.551+05	\N
165	88	276	\N		2016-03-06 17:43:47.673+05	2016-03-06 17:43:47.673+05	\N
166	88	277	\N		2016-03-06 17:44:18.481+05	2016-03-06 17:44:18.481+05	\N
167	88	278	\N		2016-03-06 17:44:33.197+05	2016-03-06 17:44:33.197+05	\N
168	88	279	\N		2016-03-06 17:44:50.744+05	2016-03-06 17:44:50.744+05	\N
169	90	280	\N		2016-04-16 10:17:42.4+05	2016-04-16 10:17:42.4+05	\N
170	92	281	\N		2016-04-18 11:28:48.895+05	2016-04-18 11:28:48.895+05	\N
171	92	282	\N		2016-04-18 11:29:01.827+05	2016-04-18 11:29:01.827+05	\N
173	93	284	\N		2016-04-22 08:25:38.577+05	2016-04-22 08:25:38.577+05	\N
174	93	285	\N		2016-04-22 08:39:13.79+05	2016-04-22 08:39:13.79+05	\N
175	93	286	\N		2016-04-24 19:18:42.509+05	2016-04-24 19:18:42.509+05	\N
182	94	293	\N		2016-05-01 00:59:50.852+05	2016-05-01 00:59:50.852+05	\N
184	94	295	\N		2016-05-14 05:21:37.318+05	2016-05-14 05:21:37.318+05	\N
185	94	296	\N		2016-05-14 06:01:22.733+05	2016-05-14 06:01:22.733+05	\N
186	97	297	\N		2016-05-25 06:25:02.174+05	2016-05-25 06:25:02.174+05	\N
191	93	302	\N		2016-06-17 06:18:09.698+05	2016-06-17 06:18:09.698+05	\N
192	93	303	\N		2016-06-17 06:18:33.148+05	2016-06-17 06:18:33.148+05	\N
193	85	304	\N		2016-06-29 13:26:00.433+05	2016-06-29 13:26:00.433+05	\N
194	85	305	\N		2016-06-29 13:26:08.259+05	2016-06-29 13:26:08.259+05	\N
195	117	306	\N		2016-07-05 07:51:25.801+05	2016-07-05 07:51:25.801+05	\N
196	117	307	\N		2016-07-05 08:00:37.718+05	2016-07-05 08:00:37.718+05	\N
197	109	308	\N		2016-07-09 07:18:33.803+05	2016-07-09 07:18:33.803+05	\N
198	109	309	\N		2016-07-09 07:19:00.022+05	2016-07-09 07:19:00.023+05	\N
199	109	310	\N		2016-07-09 09:10:39.663+05	2016-07-09 09:10:39.663+05	\N
203	117	314	\N		2016-07-14 06:26:46.882+05	2016-07-14 06:26:46.882+05	\N
204	122	315	\N		2016-07-16 12:10:11.615+05	2016-07-16 12:10:11.615+05	\N
205	123	316	\N		2016-07-16 12:29:45.473+05	2016-07-16 12:29:45.473+05	\N
206	124	317	\N		2016-07-16 12:30:09.227+05	2016-07-16 12:30:09.227+05	\N
207	124	318	\N		2016-07-16 12:30:16.619+05	2016-07-16 12:30:16.619+05	\N
208	87	319	\N		2016-07-20 11:01:45.368+05	2016-07-20 11:01:45.368+05	\N
209	87	320	\N		2016-07-20 11:01:55.029+05	2016-07-20 11:01:55.029+05	\N
222	86	333	\N		2016-08-06 19:20:41.381+05	2016-08-06 19:20:41.381+05	\N
223	86	334	\N		2016-08-06 20:04:41.435+05	2016-08-06 20:04:41.435+05	\N
226	86	337	\N		2016-08-11 05:54:22.772+05	2016-08-11 05:54:22.772+05	\N
227	125	338	\N		2016-08-17 18:43:29.362+05	2016-08-17 18:43:29.362+05	\N
228	125	339	\N		2016-08-17 18:43:51.957+05	2016-08-17 18:43:51.957+05	\N
229	126	340	\N		2016-08-18 21:33:44.222+05	2016-08-18 21:33:44.222+05	\N
230	126	341	\N		2016-08-18 21:33:52.166+05	2016-08-18 21:33:52.166+05	\N
231	126	342	\N		2016-08-18 21:42:14.714+05	2016-08-18 21:42:14.714+05	\N
232	126	343	\N		2016-08-18 21:42:21.339+05	2016-08-18 21:42:21.339+05	\N
233	126	344	\N		2016-08-18 21:42:28.882+05	2016-08-18 21:42:28.882+05	\N
234	126	345	\N		2016-08-18 21:42:55.513+05	2016-08-18 21:42:55.513+05	\N
235	126	346	\N		2016-08-18 21:43:06.046+05	2016-08-18 21:43:06.046+05	\N
236	126	347	\N		2016-08-18 21:43:12.686+05	2016-08-18 21:43:12.686+05	\N
\.


--
-- Name: elem_topologs_id_seq; Type: SEQUENCE SET; Schema: public; Owner: postgres
--

SELECT pg_catalog.setval('elem_topologs_id_seq', 236, true);


--
-- Data for Name: element_resources; Type: TABLE DATA; Schema: public; Owner: postgres
--

COPY element_resources (id, element_id, process_id, resource_id, entities, created_at, updated_at) FROM stdin;
\.


--
-- Name: element_resources_id_seq; Type: SEQUENCE SET; Schema: public; Owner: postgres
--

SELECT pg_catalog.setval('element_resources_id_seq', 2, true);


--
-- Data for Name: employees; Type: TABLE DATA; Schema: public; Owner: postgres
--

COPY employees (id, uid, master_acc, "position", manager, workbench_id) FROM stdin;
37	test666@minorityapp.com	test666@minorityapp.com	\N	t	28
38	iamjacke@gmail.com	iamjacke@gmail.com	\N	t	29
39	tbrodeen@gmail.com	tbrodeen@gmail.com	\N	t	30
1	testing@minorityapp.com	testing@minorityapp.com	\N	t	2
40	iamjacke@gmail.com	ufijuice@yahoo.com	\N	t	12
2	juices.woo@gmail.com	juices.woo@gmail.com	\N	t	3
8	R.Peht@example.com	R.Peht@example.com	\N	t	4
10	N.As@example.com	N.As@example.com	\N	t	5
11	B.Olxxo@example.com	B.Olxxo@example.com	\N	t	6
12	O.Qekwxza@example.com	O.Qekwxza@example.com	\N	t	7
13	X.Rrwydyywt@example.com	X.Rrwydyywt@example.com	\N	t	8
15	test1@minorityapp.com	test1@minorityapp.com	\N	t	9
16	test3@minorityapp.com	test3@minorityapp.com	\N	t	10
17	juices-woo@mail.ru	juices-woo@mail.ru	\N	t	11
18	ufijuice@yahoo.com	ufijuice@yahoo.com	\N	t	12
22	totes@mmom.ru	totes@mmom.ru	\N	t	13
23	tetwwe@tttt.ru	tetwwe@tttt.ru	\N	t	14
24	tototot@ttt.ru	tototot@ttt.ru	\N	t	15
25	fasffasfaa@fasfa.ru	fasffasfaa@fasfa.ru	\N	t	16
26	a91acde59745@yahoo.com	a91acde59745@yahoo.com	\N	t	17
27	xxxxx@cccc.co	xxxxx@cccc.co	\N	t	18
28	cascada@scada.ly	cascada@scada.ly	\N	t	19
29	0fd0fd0fd@yahoo.com	0fd0fd0fd@yahoo.com	\N	t	20
30	bezmen@ijst.ju	bezmen@ijst.ju	\N	t	21
31	e2ac3d5b310a@lycos.ly	e2ac3d5b310a@lycos.ly	\N	t	22
32	htte@guok.tw	htte@guok.tw	\N	t	23
33	benzel@google.com	benzel@google.com	\N	t	24
34	another_one@minorityapp.com	another_one@minorityapp.com	\N	t	25
35	see@guol.in	see@guol.in	\N	t	26
41	alah@babah.com	alah@babah.com	\N	t	31
42	paul@minorityapp.com	paul@minorityapp.com	\N	t	32
43	ffc.fabricio@gmail.com	ffc.fabricio@gmail.com	\N	t	33
44	bbart@mailinator.com	bbart@mailinator.com	\N	t	34
45	4244@fasaas.ru	4244@fasaas.ru	\N	t	35
\.


--
-- Data for Name: employees_businesses; Type: TABLE DATA; Schema: public; Owner: postgres
--

COPY employees_businesses (employee_id, business_id) FROM stdin;
1	2
2	3
8	4
10	5
11	6
12	7
13	8
15	9
16	10
17	11
18	12
22	13
23	14
24	15
25	16
26	17
27	18
28	19
29	20
30	21
31	22
32	23
33	24
34	25
35	26
37	28
38	29
39	30
40	12
\.


--
-- Name: employees_id_seq; Type: SEQUENCE SET; Schema: public; Owner: postgres
--

SELECT pg_catalog.setval('employees_id_seq', 45, true);


--
-- Data for Name: files; Type: TABLE DATA; Schema: public; Owner: postgres
--

COPY files (id, workbench, file_name, "azureId", description, external, external_url, created_at, updated_at) FROM stdin;
24	0	8KGTDeKR6117Md6CKCYuYQ.png	c6136021-6070-4ef5-8f05-f6e45ce37241		f	\N	2016-04-27 08:49:01.619	2016-04-27 08:49:01.619
27	0	a8293979984242.png	02262ae1-234e-4276-88cb-8fd8d1907233		f	\N	2016-04-27 13:22:22.202	2016-04-27 13:22:22.202
28	0	account_summary_gus2.jpg	9975bd5f-0e59-4d9e-80c8-fefd71bc58b3		f	\N	2016-04-27 13:22:37.886	2016-04-27 13:22:37.886
32	0	a8293979984242.png	9e4260a6-0234-4c13-a525-65dfd5d7edf8		f	\N	2016-04-27 14:15:49.324	2016-04-27 14:15:49.324
33	0	landing_page.png	61353b95-b825-40b6-97a0-c935b9937911		f	\N	2016-04-27 14:44:17.865	2016-04-27 14:44:17.865
34	0	002_2.jpg	ef02971d-3591-4c15-8f17-f091a0d9335c		f	\N	2016-05-04 15:26:18.038	2016-05-04 15:26:18.038
37	0	2.sites.png	7854dc59-b7ee-4609-8af5-40ce1e26be92		f	\N	2016-05-25 02:01:45.35	2016-05-25 02:01:45.35
38	0	002_2.jpg	bc395f92-2d8f-4c11-8264-cf150339fbb5		f	\N	2016-05-25 02:01:55.505	2016-05-25 02:01:55.505
39	0	__.png	bbd4e0d7-ea06-4f1c-bc03-571612a8a470		f	\N	2016-06-12 03:23:48.081	2016-06-12 03:23:48.081
\.


--
-- Name: files_id_seq; Type: SEQUENCE SET; Schema: public; Owner: postgres
--

SELECT pg_catalog.setval('files_id_seq', 39, true);


--
-- Data for Name: groups; Type: TABLE DATA; Schema: public; Owner: postgres
--

COPY groups (id, title, created_at, updated_at, business_id) FROM stdin;
5	Analytics	2015-08-26 16:23:41.827+05	2015-08-26 16:23:41.827+05	10
6	Analytics	2015-08-26 22:47:12.519+05	2015-08-26 22:47:12.519+05	11
8	TheTeam	2015-08-27 14:56:29.402+05	2015-08-27 14:56:29.402+05	2
9	Analytics	2015-08-28 16:26:20.243+05	2015-08-28 16:26:20.243+05	13
10	Analytics	2015-08-28 16:27:32.177+05	2015-08-28 16:27:32.177+05	14
11	Analytics	2015-08-28 19:28:03.035+05	2015-08-28 19:28:03.035+05	15
12	Analytics	2015-08-28 19:31:35.14+05	2015-08-28 19:31:35.14+05	16
13	Analytics	2015-08-28 19:32:59.23+05	2015-08-28 19:32:59.23+05	17
14	Analytics	2015-08-28 19:34:28.902+05	2015-08-28 19:34:28.902+05	18
15	Analytics	2015-08-28 19:41:42.875+05	2015-08-28 19:41:42.875+05	19
16	Analytics	2015-08-28 19:43:15.126+05	2015-08-28 19:43:15.126+05	20
17	Analytics	2015-08-28 20:10:45.334+05	2015-08-28 20:10:45.334+05	21
18	Analytics	2015-08-28 20:15:27.941+05	2015-08-28 20:15:27.941+05	22
19	Analytics	2015-08-28 20:28:37.383+05	2015-08-28 20:28:37.383+05	23
20	Analytics	2015-08-28 21:07:11.816+05	2015-08-28 21:07:11.816+05	24
21	Analytics	2015-09-05 15:32:15.462+05	2015-09-05 15:32:15.462+05	25
22	Analytics	2015-09-07 13:53:59.697+05	2015-09-07 13:53:59.697+05	26
23	Analytics	2015-09-18 15:43:55.712+05	2015-09-18 15:43:55.712+05	27
24	Analytics	2015-09-22 11:59:33.964+05	2015-09-22 11:59:33.964+05	28
25	Analytics	2015-09-27 13:09:40.541+05	2015-09-27 13:09:40.541+05	29
26	Analytics	2015-12-07 00:42:55.22+05	2015-12-07 00:42:55.22+05	30
27	Analytics	2016-04-13 08:52:14.951+05	2016-04-13 08:52:14.951+05	31
28	Analytics	2016-04-13 14:07:24.786+05	2016-04-13 14:07:24.786+05	32
29	Analytics	2016-04-16 10:15:39.115+05	2016-04-16 10:15:39.115+05	33
30	Analytics	2016-04-18 11:23:44.842+05	2016-04-18 11:23:44.842+05	34
31	Analytics	2016-07-24 04:48:57.51+05	2016-07-24 04:48:57.51+05	35
\.


--
-- Name: groups_id_seq; Type: SEQUENCE SET; Schema: public; Owner: postgres
--

SELECT pg_catalog.setval('groups_id_seq', 31, true);


--
-- Name: input_id_seq; Type: SEQUENCE SET; Schema: public; Owner: postgres
--

SELECT pg_catalog.setval('input_id_seq', 478, true);


--
-- Data for Name: input_loggers; Type: TABLE DATA; Schema: public; Owner: postgres
--

COPY input_loggers (id, uid, action, arguments, reaction_id, input, date, session_id, input_id) FROM stdin;
233	testing@minorityapp.com	input	{}	338	441	2016-06-29 13:26:53.418+05	332	442
234	testing@minorityapp.com	input	{}	339	443	2016-06-29 13:27:28.494+05	332	444
235	testing@minorityapp.com	input	{}	340	445	2016-06-29 18:41:49.014+05	333	446
236	iamjacke@gmail.com	input	{}	367	447	2016-07-16 12:30:56.934+05	346	448
237	iamjacke@gmail.com	input	{}	368	449	2016-07-16 12:31:13.287+05	347	450
241	testing@minorityapp.com	input	{}	392	457	2016-07-20 13:08:30.064+05	355	458
242	testing@minorityapp.com	input	{}	394	459	2016-07-20 13:12:50.743+05	356	460
243	testing@minorityapp.com	input	{}	396	461	2016-07-20 13:26:06.366+05	357	462
244	testing@minorityapp.com	input	{}	397	463	2016-07-20 14:34:00.539+05	358	464
245	testing@minorityapp.com	input	{}	398	465	2016-07-20 14:34:06.904+05	358	466
246	testing@minorityapp.com	input	{}	401	467	2016-08-17 20:44:55.791+05	361	468
247	testing@minorityapp.com	input	{}	370	469	2016-08-18 21:25:57.971+05	348	470
248	testing@minorityapp.com	input	{}	403	471	2016-08-18 21:43:49.355+05	362	472
249	testing@minorityapp.com	input	{}	404	473	2016-08-18 21:44:12.622+05	362	474
250	testing@minorityapp.com	input	{}	411	475	2016-08-18 21:50:39.628+05	363	476
251	testing@minorityapp.com	input	{}	412	477	2016-08-18 21:50:58.847+05	363	478
\.


--
-- Name: input_loggers_id_seq; Type: SEQUENCE SET; Schema: public; Owner: postgres
--

SELECT pg_catalog.setval('input_loggers_id_seq', 251, true);


--
-- Data for Name: launch_counters; Type: TABLE DATA; Schema: public; Owner: postgres
--

COPY launch_counters (id, process_id, count, created_at, updated_at) FROM stdin;
2	97	115	2016-05-25 08:39:02.89	2016-06-28 16:45:55.576
4	117	2	2016-07-05 08:23:26.716	2016-07-07 12:03:59.082
5	109	7	2016-07-09 07:37:54.793	2016-07-16 12:08:08.71
6	122	1	2016-07-16 12:10:21.409	2016-07-16 12:10:21.409
1	93	14	2016-04-22 08:40:12.119	2016-07-16 12:25:57.29
7	123	1	2016-07-16 12:30:32.515	2016-07-16 12:30:32.515
8	124	1	2016-07-16 12:30:36.972	2016-07-16 12:30:36.972
10	74	1	2016-07-19 20:26:15.057	2016-07-19 20:26:15.057
11	87	8	2016-07-20 11:02:01.342	2016-07-20 13:25:56.343
3	85	3	2016-06-29 13:26:31.225	2016-07-20 14:33:48.914
12	86	2	2016-07-30 03:21:06.476	2016-07-31 06:48:06.237
13	125	1	2016-08-17 18:44:13.165	2016-08-17 18:44:13.165
14	126	1	2016-08-18 21:43:25.312	2016-08-18 21:43:25.312
9	88	2	2016-07-19 17:22:01.443	2016-08-18 21:50:28.463
\.


--
-- Name: launch_counters_id_seq; Type: SEQUENCE SET; Schema: public; Owner: postgres
--

SELECT pg_catalog.setval('launch_counters_id_seq', 14, true);


--
-- Data for Name: launch_files; Type: TABLE DATA; Schema: public; Owner: postgres
--

COPY launch_files (id, file_id, launch_id, element_id, created_at, updated_at) FROM stdin;
3	27	206	\N	2016-04-27 13:22:22.275	2016-04-27 13:22:22.275
4	28	206	\N	2016-04-27 13:22:37.907	2016-04-27 13:22:37.907
8	32	207	247	2016-04-27 14:15:49.343	2016-04-27 14:15:49.343
9	33	207	\N	2016-04-27 14:44:18.117	2016-04-27 14:44:18.117
10	34	207	\N	2016-05-04 15:26:18.221	2016-05-04 15:26:18.221
13	37	211	259	2016-05-25 02:01:45.531	2016-05-25 02:01:45.531
14	38	211	259	2016-05-25 02:01:55.577	2016-05-25 02:01:55.577
15	39	255	304	2016-06-12 03:23:48.589	2016-06-12 03:23:48.589
\.


--
-- Name: launch_files_id_seq; Type: SEQUENCE SET; Schema: public; Owner: postgres
--

SELECT pg_catalog.setval('launch_files_id_seq', 15, true);


--
-- Data for Name: launch_middlewares; Type: TABLE DATA; Schema: public; Owner: postgres
--

COPY launch_middlewares (id, session_id, ident, iface_ident, reaction_id, created_at, updated_at, title) FROM stdin;
85	343	RestMiddleware	RestMiddleware	364	2016-07-16 12:08:11.011	2016-07-16 12:08:11.011	Rest middleware
86	343	RestMiddleware	RestMiddleware	365	2016-07-16 12:08:11.205	2016-07-16 12:08:11.205	Rest middleware
87	344	RestMiddleware	RestMiddleware	366	2016-07-16 12:10:21.75	2016-07-16 12:10:21.75	Rest middleware
93	355	RestMiddleware	RestMiddleware	391	2016-07-20 13:07:48.688	2016-07-20 13:07:48.688	Rest middleware
94	356	RestMiddleware	RestMiddleware	393	2016-07-20 13:12:07.158	2016-07-20 13:12:07.158	Rest middleware
95	357	RestMiddleware	RestMiddleware	395	2016-07-20 13:25:56.953	2016-07-20 13:25:56.953	Rest middleware
96	359	RestMiddleware	RestMiddleware	399	2016-07-30 03:21:09.103	2016-07-30 03:21:09.103	Rest middleware
97	360	RestMiddleware	RestMiddleware	400	2016-07-31 06:48:10.713	2016-07-31 06:48:10.713	Rest middleware
\.


--
-- Name: launch_middlewares_id_seq; Type: SEQUENCE SET; Schema: public; Owner: postgres
--

SELECT pg_catalog.setval('launch_middlewares_id_seq', 97, true);


--
-- Data for Name: launch_shares; Type: TABLE DATA; Schema: public; Owner: postgres
--

COPY launch_shares (id, title, price, description) FROM stdin;
\.


--
-- Name: launch_shares_id_seq; Type: SEQUENCE SET; Schema: public; Owner: postgres
--

SELECT pg_catalog.setval('launch_shares_id_seq', 2, true);


--
-- Data for Name: launch_strategies; Type: TABLE DATA; Schema: public; Owner: postgres
--

COPY launch_strategies (id, session_id, ident, middleware_id, is_null_strategy, created_at, updated_at) FROM stdin;
85	343	GETStrategy	85	f	2016-07-16 12:08:11.273	2016-07-16 12:08:11.273
86	343	GETStrategy	86	f	2016-07-16 12:08:11.413	2016-07-16 12:08:11.413
87	344	GETStrategy	87	f	2016-07-16 12:10:21.758	2016-07-16 12:10:21.758
93	355	GETStrategy	93	f	2016-07-20 13:07:48.698	2016-07-20 13:07:48.698
94	356	GETStrategy	94	f	2016-07-20 13:12:07.19	2016-07-20 13:12:07.19
95	357	GETStrategy	95	f	2016-07-20 13:25:56.993	2016-07-20 13:25:56.993
96	359	GETStrategy	96	f	2016-07-30 03:21:09.395	2016-07-30 03:21:09.395
97	360	GETStrategy	97	f	2016-07-31 06:48:10.968	2016-07-31 06:48:10.968
\.


--
-- Name: launch_strategies_id_seq; Type: SEQUENCE SET; Schema: public; Owner: postgres
--

SELECT pg_catalog.setval('launch_strategies_id_seq', 97, true);


--
-- Data for Name: launch_strategy_bases; Type: TABLE DATA; Schema: public; Owner: postgres
--

COPY launch_strategy_bases (id, strategy_id, key, base_type, value_type, value_content, validation_scheme, validation_pattern, created_at, updated_at) FROM stdin;
79	86	URL	url	url	http://httpbin.org/headers	url	\N	2016-07-16 12:08:11.478	2016-07-16 12:08:11.478
80	87	URL	url	url	http://httpbin.org/headers	url	\N	2016-07-16 12:10:21.768	2016-07-16 12:10:21.768
86	93	URL	url	url	http://httpbin.org/headers	url	\N	2016-07-20 13:07:48.704	2016-07-20 13:07:48.704
87	94	URL	url	url	http://httpbin.org/headers	url	\N	2016-07-20 13:12:07.214	2016-07-20 13:12:07.214
88	95	URL	url	url	http://httpbin.org/headers	url	\N	2016-07-20 13:25:57.032	2016-07-20 13:25:57.032
89	96	URL	url	url	http://httpbin.org/headers	url	\N	2016-07-30 03:21:09.624	2016-07-30 03:21:09.624
90	97	URL	url	url	http://httpbin.org/headers	url	\N	2016-07-31 06:48:11.291	2016-07-31 06:48:11.291
\.


--
-- Name: launch_strategy_bases_id_seq; Type: SEQUENCE SET; Schema: public; Owner: postgres
--

SELECT pg_catalog.setval('launch_strategy_bases_id_seq', 90, true);


--
-- Data for Name: launch_strategy_inputs; Type: TABLE DATA; Schema: public; Owner: postgres
--

COPY launch_strategy_inputs (id, strategy_id, op, title, "desc", ident, target_type, created_at, updated_at) FROM stdin;
\.


--
-- Name: launch_strategy_inputs_id_seq; Type: SEQUENCE SET; Schema: public; Owner: postgres
--

SELECT pg_catalog.setval('launch_strategy_inputs_id_seq', 1, false);


--
-- Data for Name: launch_strategy_outputs; Type: TABLE DATA; Schema: public; Owner: postgres
--

COPY launch_strategy_outputs (id, strategy_id, op, title, "desc", ident, target_type, created_at, updated_at) FROM stdin;
\.


--
-- Name: launch_strategy_outputs_id_seq; Type: SEQUENCE SET; Schema: public; Owner: postgres
--

SELECT pg_catalog.setval('launch_strategy_outputs_id_seq', 1, false);


--
-- Data for Name: launch_warps; Type: TABLE DATA; Schema: public; Owner: postgres
--

COPY launch_warps (id, launch_id, launch_element_id, board_id, created_at, updated_at) FROM stdin;
\.


--
-- Name: launch_warps_id_seq; Type: SEQUENCE SET; Schema: public; Owner: postgres
--

SELECT pg_catalog.setval('launch_warps_id_seq', 1, false);


--
-- Data for Name: launches_comments; Type: TABLE DATA; Schema: public; Owner: postgres
--

COPY launches_comments (id, comment_id, launch_id, created_at, updated_at) FROM stdin;
\.


--
-- Name: launches_comments_id_seq; Type: SEQUENCE SET; Schema: public; Owner: postgres
--

SELECT pg_catalog.setval('launches_comments_id_seq', 1, true);


--
-- Data for Name: logininfo; Type: TABLE DATA; Schema: public; Owner: postgres
--

COPY logininfo (id, "providerID", "providerKey") FROM stdin;
1	credentials	0fd0fd0fd@yahoo.com
2	credentials	a91acde59745@yahoo.com
3	credentials	another_one@minorityapp.com
4	credentials	A.Vbmgt@example.com
5	credentials	benzel@google.com
6	credentials	bezmen@ijst.ju
7	credentials	B.Olxxo@example.com
8	credentials	cascada@scada.ly
9	credentials	e2ac3d5b310a@lycos.ly
10	credentials	fasffasfaa@fasfa.ru
11	credentials	Z.Cnzjxooh@example.com
12	credentials	htte@guok.tw
13	credentials	juices-woo@mail.ru
14	credentials	H.Ci@example.com
15	credentials	N.As@example.com
16	credentials	S.Ypps@example.com
17	credentials	D.Zm@example.com
18	credentials	O.Qekwxza@example.com
19	credentials	K.La@example.com
20	credentials	R.Peht@example.com
21	credentials	S.Vkd@example.com
22	credentials	see@guol.in
23	credentials	V.Ybjpkdkorao@example.com
24	credentials	test1@minorityapp.com
25	credentials	test3@minorityapp.com
26	credentials	test666@minorityapp.com
27	credentials	testing@minorityapp.com
28	credentials	tetwwe@tttt.ru
29	credentials	totes@mmom.ru
30	credentials	tototot@ttt.ru
31	credentials	G.Izuymc@example.com
32	credentials	W.Ffk@example.com
33	credentials	J.Tuvrwjltww@example.com
34	credentials	X.Rrwydyywt@example.com
35	credentials	xxxxx@cccc.co
36	credentials	L.Btucabz@example.com
37	credentials	tbrodeen@gmail.com
38	credentials	juices.woo@gmail.com
39	credentials	flytoe@gmail.com
40	credentials	ufijuice@yahoo.com
41	credentials	niko@nnyman.com
42	credentials	iamjacke@gmail.com
43	credentials	eugene.timo@gmail.com
44	credentials	somyam@lexcis.com
45	credentials	nenad.jelovac@saturized.com
46	credentials	arthur.bilalov@swishd.com
47	credentials	thebrycelew@gmail.com
48	credentials	r.gorbunou@gmail.com
49	credentials	alah@babah.com
50	credentials	paul@minorityapp.com
51	credentials	ffc.fabricio@gmail.com
52	credentials	bbart@mailinator.com
53	credentials	4244@fasaas.ru
\.


--
-- Name: logininfo_id_seq; Type: SEQUENCE SET; Schema: public; Owner: postgres
--

SELECT pg_catalog.setval('logininfo_id_seq', 53, true);


--
-- Data for Name: middleware_refs; Type: TABLE DATA; Schema: public; Owner: postgres
--

COPY middleware_refs (id, title, ident, iface_ident, reflection_id, reaction_id, created_at, updated_at) FROM stdin;
1	Delay middleware	Delaying	com.minorityapp.core	28	7	2016-05-10 05:28:47.612	2016-05-10 05:28:47.612
3				30	12	\N	\N
4	Rest middleware	RestMiddleware	RestMiddleware	34	13	\N	\N
\.


--
-- Name: middleware_refs_id_seq; Type: SEQUENCE SET; Schema: public; Owner: postgres
--

SELECT pg_catalog.setval('middleware_refs_id_seq', 4, true);


--
-- Name: middleware_statuses_id_seq; Type: SEQUENCE SET; Schema: public; Owner: postgres
--

SELECT pg_catalog.setval('middleware_statuses_id_seq', 15, true);


--
-- Data for Name: middlewares; Type: TABLE DATA; Schema: public; Owner: postgres
--

COPY middlewares (id, ident, iface_ident, reaction_id, created_at, updated_at, title) FROM stdin;
1	Delaying	com.minorityapp.core	81	2016-05-14 06:01:23.898	2016-05-14 06:01:23.898	
2	Delaying	com.minorityapp.core	82	2016-05-25 06:25:02.635	2016-05-25 06:25:02.635	
3	RestMiddleware	RestMiddleware	94	2016-07-09 07:19:00.085	2016-07-09 07:19:00.085	Rest middleware
4	RestMiddleware	RestMiddleware	95	2016-07-09 09:10:40.055	2016-07-09 09:10:40.055	Rest middleware
6	RestMiddleware	RestMiddleware	100	2016-07-16 12:10:12.157	2016-07-16 12:10:12.157	Rest middleware
7	RestMiddleware	RestMiddleware	104	2016-07-20 11:01:45.857	2016-07-20 11:01:45.857	Rest middleware
20	RestMiddleware	RestMiddleware	118	2016-08-06 19:20:41.483	2016-08-06 19:20:41.483	Rest middleware
21	RestMiddleware	RestMiddleware	119	2016-08-06 20:04:41.613	2016-08-06 20:04:41.613	Rest middleware
24	RestMiddleware	RestMiddleware	122	2016-08-11 05:54:22.841	2016-08-11 05:54:22.841	Rest middleware
\.


--
-- Name: middlewares_id_seq; Type: SEQUENCE SET; Schema: public; Owner: postgres
--

SELECT pg_catalog.setval('middlewares_id_seq', 24, true);


--
-- Data for Name: oauth1info; Type: TABLE DATA; Schema: public; Owner: postgres
--

COPY oauth1info (id, token, secret, "loginInfoId") FROM stdin;
\.


--
-- Name: oauth1info_id_seq; Type: SEQUENCE SET; Schema: public; Owner: postgres
--

SELECT pg_catalog.setval('oauth1info_id_seq', 1, false);


--
-- Data for Name: oauth2info; Type: TABLE DATA; Schema: public; Owner: postgres
--

COPY oauth2info (id, accesstoken, tokentype, expiresin, refreshtoken, logininfoid) FROM stdin;
\.


--
-- Name: oauth2info_id_seq; Type: SEQUENCE SET; Schema: public; Owner: postgres
--

SELECT pg_catalog.setval('oauth2info_id_seq', 1, false);


--
-- Data for Name: observers; Type: TABLE DATA; Schema: public; Owner: postgres
--

COPY observers (id, station_id, bprocess_id, hash_code, "fullName", created_at) FROM stdin;
\.


--
-- Name: observers_id_seq; Type: SEQUENCE SET; Schema: public; Owner: postgres
--

SELECT pg_catalog.setval('observers_id_seq', 1, false);


--
-- Data for Name: openidattributes; Type: TABLE DATA; Schema: public; Owner: postgres
--

COPY openidattributes (id, key, value) FROM stdin;
\.


--
-- Data for Name: openidinfo; Type: TABLE DATA; Schema: public; Owner: postgres
--

COPY openidinfo (id, logininfoid) FROM stdin;
\.


--
-- Data for Name: passwordinfo; Type: TABLE DATA; Schema: public; Owner: postgres
--

COPY passwordinfo (hasher, password, salt, "loginInfoId") FROM stdin;
bcrypt	$2a$10$B2F7EaDcFekYeQvYnDMC9uDGQylaNZClU29PA1F.ktO00DE8tp7k2	\N	1
bcrypt	$2a$10$SjE5e02JoUuuLyqckvSdUeo7np/f1Uq//cZbMWiiP8w9ne1tsK1Zi	\N	2
bcrypt	$2a$10$RkbUNgAKBXwe8IY3Yf9gruz08WTYDiZVtRtuhzcr9XHDvE/bz1Mw2	\N	3
bcrypt		\N	4
bcrypt	$2a$10$IR0Myxc7wvrrr02RMpfxRuGp/rWntkdWcYKl3IsIJtHTlWz/XGhvy	\N	5
bcrypt	$2a$10$cMmD8ho7UvAKh4xZu74CKenWTG/zvkx3NGhArpcl96fejpYLWwG9e	\N	6
bcrypt		\N	7
bcrypt	$2a$10$xZo20p0bFWVNmefgC4Wnw.iKQo1M4feaS3Hjx3HbkipQtVhdpq7Yi	\N	8
bcrypt	$2a$10$JBvfLYCJ3UmshpuoWIhPNejnJBXPCAkeprIvQkxBNSQx3Kl942z4.	\N	9
bcrypt	$2a$10$Ut5xpp3LvMXw4J2KoCv8XOLDOniY97/sPA/RLH2vicsBkfo3uP7Z6	\N	10
bcrypt		\N	11
bcrypt	$2a$10$Hi/lpOd6LRAhzeUdPfstB.6G5CSPhawWy6eVJBfTmsLRVHiGlgsrq	\N	12
bcrypt	$2a$10$gTssyLPqEW8rILpz3EADFeDqzKKTqwEKIJ.WoPE8QONkVnCMxJ7DO	\N	13
bcrypt		\N	14
bcrypt		\N	15
bcrypt		\N	16
bcrypt		\N	17
bcrypt		\N	18
bcrypt		\N	19
bcrypt		\N	20
bcrypt		\N	21
bcrypt	$2a$10$MX/kwf1sfxmflnXtbATthOUAKbQGyCEM6cRJC23henlEY.IINRX4m	\N	22
bcrypt		\N	23
bcrypt	$2a$10$tGwBR6z0M32yFfUfCyV7neD8vODtEN6igRCDk3vAoXmz.iG25HWwi	\N	24
bcrypt	$2a$10$2wk4unOIbVCwV5kMESTBL.5xYf5fv/QXR0gJPJUwIrw.i9fxLdxae	\N	25
bcrypt	$2a$10$.eSnfZ00FaNe.HG03YCQEu1jWUvRBPKTx0ZOtPLSoK3LaA4rRIlYe	\N	26
bcrypt	$2a$10$ENARefhlAASkLkf7j4gQ1.efeDzHXkYW/N5r7eM8bnncKIhCsYQa.	\N	27
bcrypt	$2a$10$6.Ep/EH0DxN5o/7ou3I4muTxMj1vskNaYvRIPrC/Za6ubLCaOQMKa	\N	28
bcrypt	$2a$10$CCQRChkB1JbL8bcVHw8v1OyBjbtMwosMsZ4EwIRuKC2uWoyDZn60W	\N	29
bcrypt	$2a$10$7xBRcja5S7RaELE3HC7jHOEwtVr.G0P.B7sdlCE3fgpasjwXVVojq	\N	30
bcrypt		\N	31
bcrypt		\N	32
bcrypt		\N	33
bcrypt		\N	34
bcrypt	$2a$10$vvE1x3zgPNVUGBXLScygo.uu5EtC0x/TI0jobCrvrKgjxUYmJgCmi	\N	35
bcrypt		\N	36
bcrypt	$2a$10$j2vKQos1TVGmecs4NMlZ/eR5GAXPuvKqoS3tsuzeKL9KJnOqnN2.u	\N	37
bcrypt	$2a$10$/69bGMV4GJp/bGO94HLdmeqQq8.DPuqil4p3qTuNwQuZJywrCDIEC	\N	38
bcrypt	$2a$10$UP4Gj7oVVXfjAUvxgawZoO4WnkMog9KAxthVGT.3DI4UbWVoPqWWW	\N	39
bcrypt	$2a$10$FsTLnMiMQ0zsOos8v1p.nOQNW02n.h5FM0LRHMKtaeFH3F1D0zLZ2	\N	40
bcrypt	$2a$10$CNdi.xnv/.j6oK2dOKHg9OBixuV66Nm3.T.P/UVj89rVacrMW3GPq	\N	41
bcrypt	$2a$10$u3wKIoln69jS0qPNeHi/2./NNTaVkRwaJ1K9H4KCoVcoHIrF8uSaW	\N	43
bcrypt	$2a$10$mbhENmkN6XVQk/Ox.H9v3OyOERqLsZDfVIO3Ll4mtT0ZUpuXk99P2	\N	44
bcrypt	$2a$10$n0CucMuWR5kcm331NyR0jO69WsxhreRs3WaXPWJYBBAqPDPVEPPn6	\N	45
bcrypt	$2a$10$ekliSeZM1s1W.4w3wzSjOuXpz73xD93vkgW4B0SG5ytdMFLr/wp3u	\N	46
bcrypt	$2a$10$t3z/N/DkRQCAYpsG6XK2aekVsLWLhYrT9A5Lg/m5COC9vC1qxampu	\N	47
bcrypt	$2a$10$NPuYBLryTtN7vbad1kI1MOtEBLmUYoivA1v.LeVECNfUIiSjo5mVG	\N	48
bcrypt	$2a$10$/fGnc/C7fbiESpwaJSBJm.lLmUetEBFaBwTgh.DfYBO9k2cOVZIUe	\N	49
bcrypt	$2a$10$Xr/eCJVRFmQ700Qxzeo6NOXbhQPWz5WBvJoZbkP0hRfrrPMP2x86a	\N	50
bcrypt	$2a$10$X5m7VycN7lX/KhDGe37Snuy3C9zdYA0JmEfnGwHbYlT00SvQJyr/q	\N	51
bcrypt	$2a$10$IYjWiRN7SCourW05.cfpPeGsyrLOnpJhUxZqYmFiC9gCJdf1Gwi52	\N	52
bcrypt	$2a$10$Hw8PW/yTtCCfstGxuzit8OlNzCPfUbgQT240bdE9glVZEx5zj.jX2	\N	42
\.


--
-- Data for Name: plans; Type: TABLE DATA; Schema: public; Owner: postgres
--

COPY plans (id, title, price, description, slot_included, "order", hidden) FROM stdin;
2	Startup	49.99	Up to 5 collaborators, and 100 process launch 	5	2	f
3	Company	149.99	Up to 15 collaborators, and 300 process launch 	15	3	t
4	Free	0.00	Free plan	0	1	f
1	Trial	0.00	Trial plan for 14 days	5	0	f
\.


--
-- Name: plans_id_seq; Type: SEQUENCE SET; Schema: public; Owner: postgres
--

SELECT pg_catalog.setval('plans_id_seq', 3, true);


--
-- Data for Name: proc_element_reflections; Type: TABLE DATA; Schema: public; Owner: postgres
--

COPY proc_element_reflections (id, reflection_id, title, "desc", b_type, type_title, ref_space_id, "order", created_at, updated_at) FROM stdin;
1	1	Test		block	confirm	\N	1	\N	\N
2	1	Cn	 	brick	container_brick	1	2	\N	\N
3	2	Cf	 	block	confirm	\N	1	\N	\N
4	3	Cf	 	block	confirm	\N	1	\N	\N
5	4	Cn	 	brick	container_brick	\N	1	\N	\N
6	5	Placeholder	Plain action element. While invoking, puts marker after themself. Used for plain action description, without extra functionality.	block	positive	\N	1	\N	\N
23	25	Container		brick	container_brick	\N	1	2015-04-27 15:20:46.704+05	2015-04-27 15:20:46.76+05
24	26	Placeholder		block	placeholder	\N	1	\N	\N
25	27	Confirmation		block	confirm	\N	1	2015-04-27 15:20:48.329+05	2015-04-27 15:20:48.329+05
26	28	Delay		block	delay	\N	1	2016-05-10 05:22:35.493+05	2016-05-10 05:22:35.553+05
27	30	fasfasgasdgs	fsafafas	1	gdsgsdgsd	\N	1	\N	\N
29	34	API Call	Call an API	block	api	\N	1	\N	\N
\.


--
-- Name: proc_element_reflections_id_seq; Type: SEQUENCE SET; Schema: public; Owner: postgres
--

SELECT pg_catalog.setval('proc_element_reflections_id_seq', 29, true);


--
-- Data for Name: proc_elements; Type: TABLE DATA; Schema: public; Owner: postgres
--

COPY proc_elements (id, title, "desc", business_id, bprocess_id, b_type, type_title, space_id, "order", created_at, updated_at) FROM stdin;
119	1	1	3	22	brick	container_brick	\N	1	\N	\N
120	2	2	3	22	block	confirm	\N	2	\N	\N
121	3	3	3	22	brick	container_brick	\N	3	\N	\N
122	4	4	3	22	block	confirm	\N	4	\N	\N
123	5	5	3	22	block	confirm	\N	5	\N	\N
131	test		1	25	brick	container_brick	\N	1	\N	\N
132	test		1	26	brick	container_brick	\N	1	\N	\N
133	test		1	27	brick	container_brick	\N	1	\N	\N
134	test		1	28	brick	container_brick	\N	1	\N	\N
135	test		1	29	brick	container_brick	\N	1	\N	\N
136	test		1	30	brick	container_brick	\N	1	\N	\N
137	test		1	33	brick	container_brick	\N	1	\N	\N
138	test		1	34	brick	container_brick	\N	1	\N	\N
139	test		1	35	brick	container_brick	\N	1	\N	\N
140	test		1	36	brick	container_brick	\N	1	\N	\N
141	test		1	37	brick	container_brick	\N	1	\N	\N
142	test		1	38	brick	container_brick	\N	1	\N	\N
143	test		1	38	brick	container_brick	\N	2	\N	\N
144	test		1	38	brick	container_brick	\N	3	\N	\N
145	test		1	39	brick	container_brick	\N	1	\N	\N
146	test		1	40	brick	container_brick	\N	1	\N	\N
147	test		1	39	brick	container_brick	\N	2	\N	\N
148	test		1	39	brick	container_brick	\N	3	\N	\N
224	Create Service	At first you need to create service of your activity.	2	62	block	confirm	\N	1	2015-04-27 15:20:48.329+05	2015-04-27 15:20:48.329+05
225	Create Process	At second you need to create process of your activity.	2	62	block	confirm	\N	2	2015-04-27 15:20:48.329+05	2015-04-27 15:20:48.329+05
226	Add Elements	Add elements of your activity to process	2	62	block	confirm	\N	3	2015-04-27 15:20:48.329+05	2015-04-27 15:20:48.329+05
227	Add People	Add people from your team to your process or elements.	2	62	block	confirm	\N	4	2015-04-27 15:20:48.329+05	2015-04-27 15:20:48.329+05
228	Share	Share process to let customers see progress.	2	62	block	confirm	\N	5	2015-04-27 15:20:48.329+05	2015-04-27 15:20:48.329+05
229	Launch	Launched process allows session go forward by confirmation elements by you or your team.	2	62	block	confirm	\N	6	2015-04-27 15:20:48.329+05	2015-04-27 15:20:48.329+05
231	Manage		2	62	brick	container_brick	\N	7	2015-04-27 15:20:46.704+05	2015-04-27 15:20:46.76+05
241	iElement	Mr.Pickles research laboratory 2015 (c)	2	62	brick	container_brick	\N	8	2015-04-27 15:20:46.704+05	2015-04-27 15:20:46.76+05
248	fffff	fffff	25	71	brick	container_brick	\N	1	2015-04-27 15:20:46.704+05	2015-04-27 15:20:46.76+05
249	cf1	cf1	28	72	block	confirm	\N	1	2015-04-27 15:20:48.329+05	2015-04-27 15:20:48.329+05
251	Zero block	null	2	62	block	positive	\N	9	\N	\N
253	cf3	cf3	2	74	block	confirm	\N	1	2015-04-27 15:20:48.329+05	2015-04-27 15:20:48.329+05
254	cn	cn	2	74	brick	container_brick	\N	2	2015-04-27 15:20:46.704+05	2015-04-27 15:20:46.76+05
255	cf	cf	2	74	brick	container_brick	\N	3	2015-04-27 15:20:46.704+05	2015-04-27 15:20:46.76+05
265	z	z	12	84	block	confirm	\N	1	2015-04-27 15:20:48.329+05	2015-04-27 15:20:48.329+05
266	a	a	12	84	block	positive	\N	2	\N	\N
267	l	l	12	84	block	confirm	\N	3	2015-04-27 15:20:48.329+05	2015-04-27 15:20:48.329+05
268	u	u	12	84	block	positive	\N	4	\N	\N
269	p	p	12	84	block	confirm	\N	5	2015-04-27 15:20:48.329+05	2015-04-27 15:20:48.329+05
271	fsdfsf	sfdsf	2	62	block	confirm	\N	10	2015-04-27 15:20:48.329+05	2015-04-27 15:20:48.329+05
272	Advertise		2	88	block	confirm	\N	1	2015-04-27 15:20:48.329+05	2015-04-27 15:20:48.329+05
273	Lead		2	88	block	confirm	\N	2	2015-04-27 15:20:48.329+05	2015-04-27 15:20:48.329+05
274	Qualify		2	88	block	confirm	\N	3	2015-04-27 15:20:48.329+05	2015-04-27 15:20:48.329+05
275	Questionnaire		2	88	block	confirm	\N	4	2015-04-27 15:20:48.329+05	2015-04-27 15:20:48.329+05
276	Phone call		2	88	block	confirm	\N	5	2015-04-27 15:20:48.329+05	2015-04-27 15:20:48.329+05
277	Assessment		2	88	block	confirm	\N	6	2015-04-27 15:20:48.329+05	2015-04-27 15:20:48.329+05
278	Proposal		2	88	block	confirm	\N	7	2015-04-27 15:20:48.329+05	2015-04-27 15:20:48.329+05
279	Agreement		2	88	block	confirm	\N	8	2015-04-27 15:20:48.329+05	2015-04-27 15:20:48.329+05
280	aaa		33	90	block	confirm	\N	1	2015-04-27 15:20:48.329+05	2015-04-27 15:20:48.329+05
281	Stuff	ok	34	92	block	confirm	\N	1	2015-04-27 15:20:48.329+05	2015-04-27 15:20:48.329+05
282	Other stuff		34	92	block	positive	\N	2	\N	\N
284	gfdgdg	gdfgdfgd	12	93	block	confirm	\N	1	2015-04-27 15:20:48.329+05	2015-04-27 15:20:48.329+05
285	fdsfs	fafafafafa	12	93	block	confirm	\N	2	2015-04-27 15:20:48.329+05	2015-04-27 15:20:48.329+05
286			12	93	block	confirm	\N	3	2015-04-27 15:20:48.329+05	2015-04-27 15:20:48.329+05
296	gfsdf	gdsh	12	94	block	delay	\N	3	2016-05-10 05:22:35.493+05	2016-05-10 05:22:35.553+05
306	fsdfsds	fds	12	117	block	confirm	\N	1	2015-04-27 15:20:48.329+05	2015-04-27 15:20:48.329+05
307	cczcz	cz	12	117	block	confirm	\N	2	2015-04-27 15:20:48.329+05	2015-04-27 15:20:48.329+05
308	api req 1		12	109	block	api	\N	1	\N	\N
309	api req 2		12	109	block	api	\N	2	\N	\N
297	Delay test 1201		12	97	block	delay	\N	1	2016-05-10 05:22:35.493+05	2016-05-10 05:22:35.553+05
293	fdsf	sfdsf	12	94	block	confirm	\N	1	2015-04-27 15:20:48.329+05	2015-04-27 15:20:48.329+05
295	gfsdf	gdsh	12	94	block	delay	\N	2	2016-05-10 05:22:35.493+05	2016-05-10 05:22:35.553+05
302	cczxczcz		12	93	block	confirm	\N	4	2015-04-27 15:20:48.329+05	2015-04-27 15:20:48.329+05
303	vzxvzx	bz	12	93	block	confirm	\N	5	2015-04-27 15:20:48.329+05	2015-04-27 15:20:48.329+05
304			2	85	block	confirm	\N	1	2015-04-27 15:20:48.329+05	2015-04-27 15:20:48.329+05
305			2	85	block	confirm	\N	2	2015-04-27 15:20:48.329+05	2015-04-27 15:20:48.329+05
310	api req 3		12	109	block	api	\N	3	\N	\N
314	fasfaf	fasfa	12	117	block	confirm	\N	3	2015-04-27 15:20:48.329+05	2015-04-27 15:20:48.329+05
315	cz	xcz	12	122	block	api	\N	1	\N	\N
316	cf	cf	12	123	block	confirm	\N	1	2015-04-27 15:20:48.329+05	2015-04-27 15:20:48.329+05
317	cf1		12	124	block	confirm	\N	1	2015-04-27 15:20:48.329+05	2015-04-27 15:20:48.329+05
318	cf2		12	124	block	confirm	\N	2	2015-04-27 15:20:48.329+05	2015-04-27 15:20:48.329+05
319	dsada	dfd	2	87	block	api	\N	1	\N	\N
320	fdfs		2	87	block	confirm	\N	2	2015-04-27 15:20:48.329+05	2015-04-27 15:20:48.329+05
333	vcvvs	vxcvxx	2	86	block	api	\N	1	\N	\N
334	czxczvz		2	86	block	api	\N	2	\N	\N
337	xczcz		2	86	block	api	\N	3	\N	\N
338	Reviewing		2	125	block	confirm	\N	1	2015-04-27 15:20:48.329+05	2015-04-27 15:20:48.329+05
339	Completed		2	125	block	confirm	\N	2	2015-04-27 15:20:48.329+05	2015-04-27 15:20:48.329+05
340	cxZvz	zxbbzx	2	126	block	confirm	\N	1	2015-04-27 15:20:48.329+05	2015-04-27 15:20:48.329+05
341	zxvz	zxbzbzx	2	126	block	confirm	\N	2	2015-04-27 15:20:48.329+05	2015-04-27 15:20:48.329+05
342	Qualify	Qualify	2	126	block	confirm	\N	3	2015-04-27 15:20:48.329+05	2015-04-27 15:20:48.329+05
344	Qualify1	Qualify2	2	126	block	confirm	\N	5	2015-04-27 15:20:48.329+05	2015-04-27 15:20:48.329+05
343	Qualify4	Qualify	2	126	block	confirm	\N	4	2015-04-27 15:20:48.329+05	2015-04-27 15:20:48.329+05
345	Qualify5	Qualify	2	126	block	confirm	\N	6	2015-04-27 15:20:48.329+05	2015-04-27 15:20:48.329+05
346	Qualify7		2	126	block	confirm	\N	7	2015-04-27 15:20:48.329+05	2015-04-27 15:20:48.329+05
347	Qualify8	Qualify	2	126	block	confirm	\N	8	2015-04-27 15:20:48.329+05	2015-04-27 15:20:48.329+05
\.


--
-- Name: proc_elements_id_seq; Type: SEQUENCE SET; Schema: public; Owner: postgres
--

SELECT pg_catalog.setval('proc_elements_id_seq', 347, true);


--
-- Data for Name: process_histories; Type: TABLE DATA; Schema: public; Owner: postgres
--

COPY process_histories (id, master_acc, action, process_id, what, what_id, date) FROM stdin;
1	ufijuice@yahoo.com	elem_created	70	Post the text messages	246	2015-09-04 16:04:47.934+05
2	ufijuice@yahoo.com	perm_created	70	perm_created	18	2015-09-04 16:04:48.166+05
3	ufijuice@yahoo.com	elem_created	70	Collect the feedback	247	2015-09-04 16:07:42.534+05
4	ufijuice@yahoo.com	perm_created	70	perm_created	18	2015-09-04 16:07:42.776+05
5	ufijuice@yahoo.com	process_launched	70	\N	\N	2015-09-04 19:32:10.338+05
6	ufijuice@yahoo.com	process_resumed	70	\N	\N	2015-09-04 19:32:39.804+05
7	another_one@minorityapp.com	process_created	71	process_created	71	2015-09-05 15:33:45.445+05
8	another_one@minorityapp.com	elem_created	71	fffff	248	2015-09-05 15:34:15.252+05
9	ufijuice@yahoo.com	process_resumed	70	\N	\N	2015-09-10 03:20:51.27+05
10	ufijuice@yahoo.com	process_resumed	70	\N	\N	2015-09-12 04:22:46.359+05
11	ufijuice@yahoo.com	process_resumed	70	\N	\N	2015-09-12 04:22:48.984+05
12	ufijuice@yahoo.com	process_resumed	70	\N	\N	2015-09-12 04:22:49.096+05
13	ufijuice@yahoo.com	process_launched	70	\N	\N	2015-09-12 04:23:09.337+05
14	ufijuice@yahoo.com	process_resumed	70	\N	\N	2015-09-12 04:23:19.255+05
15	test666@minorityapp.com	process_created	72	process_created	72	2015-09-22 12:54:34.152+05
16	test666@minorityapp.com	elem_created	72	cf1	249	2015-09-22 12:54:50.046+05
17	test666@minorityapp.com	process_launched	72	\N	\N	2015-09-22 12:59:57.509+05
18	test666@minorityapp.com	process_resumed	72	\N	\N	2015-09-22 13:08:00.774+05
19	testing@minorityapp.com	process_launched	67	\N	\N	2015-09-22 17:27:29.284+05
20	testing@minorityapp.com	process_launched	61	\N	\N	2015-09-23 14:28:17.801+05
21	testing@minorityapp.com	process_resumed	61	\N	\N	2015-09-23 14:28:28.112+05
22	testing@minorityapp.com	process_launched	61	\N	\N	2015-10-01 00:54:23.264+05
23	ufijuice@yahoo.com	process_launched	70	\N	\N	2015-10-03 20:57:25.789+05
24	ufijuice@yahoo.com	process_launched	70	\N	\N	2015-10-03 20:57:36.948+05
25	ufijuice@yahoo.com	process_resumed	70	\N	\N	2015-10-03 21:19:22.201+05
26	ufijuice@yahoo.com	process_launched	70	\N	\N	2015-10-03 23:05:27.353+05
27	testing@minorityapp.com	process_deleted	59	process_deleted	59	2015-10-03 23:28:18.163+05
28	testing@minorityapp.com	process_deleted	59	process_deleted	59	2015-10-03 23:28:21.738+05
29	testing@minorityapp.com	process_deleted	59	process_deleted	59	2015-10-03 23:28:22.4+05
30	testing@minorityapp.com	process_deleted	59	process_deleted	59	2015-10-03 23:28:22.566+05
31	testing@minorityapp.com	process_deleted	59	process_deleted	59	2015-10-03 23:28:22.695+05
32	testing@minorityapp.com	process_deleted	59	process_deleted	59	2015-10-03 23:28:22.854+05
33	testing@minorityapp.com	process_deleted	59	process_deleted	59	2015-10-03 23:28:23.065+05
34	testing@minorityapp.com	process_deleted	59	process_deleted	59	2015-10-03 23:28:24.412+05
35	testing@minorityapp.com	process_deleted	59	process_deleted	59	2015-10-03 23:28:24.457+05
36	testing@minorityapp.com	process_deleted	59	process_deleted	59	2015-10-03 23:28:31.103+05
37	testing@minorityapp.com	process_deleted	59	process_deleted	59	2015-10-03 23:28:32.109+05
38	testing@minorityapp.com	process_deleted	59	process_deleted	59	2015-10-03 23:29:16.691+05
39	testing@minorityapp.com	process_deleted	60	process_deleted	60	2015-10-03 23:29:22.998+05
40	testing@minorityapp.com	process_deleted	60	process_deleted	60	2015-10-03 23:29:25.129+05
41	ufijuice@yahoo.com	process_resumed	70	\N	\N	2015-10-03 23:33:55.443+05
42	testing@minorityapp.com	process_deleted	69	process_deleted	69	2015-10-04 00:02:22.84+05
43	testing@minorityapp.com	process_created	73	process_created	73	2015-10-04 01:05:56.25+05
44	testing@minorityapp.com	process_deleted	73	process_deleted	73	2015-10-04 01:06:02.249+05
45	testing@minorityapp.com	process_deleted	68	process_deleted	68	2015-10-04 01:06:23.893+05
46	testing@minorityapp.com	process_deleted	67	process_deleted	67	2015-10-10 04:10:27.603+05
47	testing@minorityapp.com	process_deleted	66	process_deleted	66	2015-10-10 04:10:34.403+05
48	testing@minorityapp.com	process_deleted	65	process_deleted	65	2015-10-10 04:10:37.917+05
49	testing@minorityapp.com	elem_created	62	Zero Block	250	2015-10-10 04:24:00.04+05
50	testing@minorityapp.com	element_deleted	62	Zero Block	250	2015-10-10 04:24:16.39+05
51	testing@minorityapp.com	elem_created	62	Zero block	251	2015-10-10 04:24:32.212+05
52	testing@minorityapp.com	space_elem_created	62	Zerodotzero	\N	2015-10-10 04:25:03.022+05
53	testing@minorityapp.com	process_launched	62	\N	\N	2015-10-10 04:25:37.476+05
54	testing@minorityapp.com	process_launched	62	\N	\N	2015-10-10 04:25:58.403+05
55	testing@minorityapp.com	process_launched	62	\N	\N	2015-10-10 04:28:50.137+05
56	testing@minorityapp.com	process_resumed	62	\N	\N	2015-10-10 04:29:05.435+05
57	testing@minorityapp.com	process_resumed	62	\N	\N	2015-10-10 04:29:17.36+05
58	testing@minorityapp.com	process_resumed	62	\N	\N	2015-10-10 04:29:30.548+05
59	testing@minorityapp.com	process_resumed	62	\N	\N	2015-10-10 04:29:48.159+05
60	testing@minorityapp.com	process_resumed	62	\N	\N	2015-10-10 04:30:02.598+05
61	testing@minorityapp.com	process_resumed	62	\N	\N	2015-10-10 04:30:30.035+05
62	testing@minorityapp.com	process_resumed	62	\N	\N	2015-10-10 04:30:40.754+05
63	testing@minorityapp.com	process_resumed	62	\N	\N	2015-10-10 04:30:54.17+05
64	testing@minorityapp.com	process_resumed	62	\N	\N	2015-10-10 04:31:06.424+05
65	testing@minorityapp.com	process_resumed	62	\N	\N	2015-10-10 04:31:13.174+05
66	testing@minorityapp.com	process_resumed	62	\N	\N	2015-10-10 04:31:24.143+05
67	testing@minorityapp.com	process_created	74	process_created	74	2015-10-10 04:48:58.911+05
68	testing@minorityapp.com	elem_created	74	cf1	252	2015-10-10 04:49:36.379+05
69	testing@minorityapp.com	element_deleted	74	cf1	252	2015-10-10 04:49:43.029+05
70	testing@minorityapp.com	elem_created	74	cf3	253	2015-10-10 04:49:54.743+05
71	testing@minorityapp.com	elem_created	74	cn	254	2015-10-10 04:50:05.104+05
72	testing@minorityapp.com	space_elem_created	74	cf	\N	2015-10-10 04:50:17.588+05
73	testing@minorityapp.com	elem_created	74	cf	255	2015-10-10 04:50:32.235+05
74	testing@minorityapp.com	space_elem_created	74	cf	\N	2015-10-10 04:50:51.964+05
75	testing@minorityapp.com	process_launched	74	\N	\N	2015-10-10 04:52:34.694+05
76	testing@minorityapp.com	process_resumed	74	\N	\N	2015-10-10 04:52:49.052+05
77	testing@minorityapp.com	process_resumed	74	\N	\N	2015-10-10 04:53:03.648+05
78	ufijuice@yahoo.com	process_created	75	process_created	75	2015-10-21 03:02:57.4+05
79	ufijuice@yahoo.com	process_updated	75	process_updated	75	2015-10-21 03:08:22.222+05
80	ufijuice@yahoo.com	process_deleted	75	process_deleted	75	2015-10-21 10:06:11.311+05
81	ufijuice@yahoo.com	process_created	76	process_created	76	2015-10-21 10:25:16.239+05
82	ufijuice@yahoo.com	process_deleted	76	process_deleted	76	2015-10-21 11:02:58.739+05
83	ufijuice@yahoo.com	process_created	77	process_created	77	2015-11-04 22:20:21.465+05
84	ufijuice@yahoo.com	process_resumed	70	\N	\N	2015-11-05 13:20:09.485+05
85	ufijuice@yahoo.com	process_created	78	process_created	78	2015-11-09 11:39:39.24+05
86	ufijuice@yahoo.com	process_launched	70	\N	\N	2015-11-09 11:51:18.349+05
87	testing@minorityapp.com	process_deleted	60	process_deleted	60	2015-11-09 23:20:09.368+05
88	testing@minorityapp.com	process_created	79	process_created	79	2015-11-10 14:45:59.073+05
89	ufijuice@yahoo.com	process_resumed	70	\N	\N	2015-11-13 09:29:38.439+05
90	ufijuice@yahoo.com	process_resumed	70	\N	\N	2015-11-13 09:30:57.311+05
91	testing@minorityapp.com	process_deleted	79	process_deleted	79	2015-11-25 01:01:22.221+05
92	testing@minorityapp.com	process_created	80	process_created	80	2015-11-25 01:02:00.508+05
93	tbrodeen@gmail.com	process_created	81	process_created	81	2015-12-07 00:43:38.618+05
94	ufijuice@yahoo.com	process_created	82	process_created	82	2015-12-22 08:57:40.025+05
95	ufijuice@yahoo.com	elem_created	82	the first thath thing	256	2015-12-22 09:09:18.765+05
96	ufijuice@yahoo.com	elem_created	82	123	257	2015-12-22 09:09:35.881+05
97	ufijuice@yahoo.com	elem_created	82	lil	258	2015-12-22 09:10:55.906+05
98	testing@minorityapp.com	process_resumed	74	\N	\N	2015-12-24 11:02:42.626+05
99	ufijuice@yahoo.com	process_resumed	70	\N	\N	2016-01-04 22:25:18.919+05
100	ufijuice@yahoo.com	process_resumed	70	\N	\N	2016-01-04 22:26:09.969+05
101	ufijuice@yahoo.com	process_resumed	70	\N	\N	2016-01-04 22:27:29.583+05
102	ufijuice@yahoo.com	process_deleted	77	process_deleted	77	2016-01-04 22:28:35.86+05
103	ufijuice@yahoo.com	process_launched	70	\N	\N	2016-01-05 14:25:24.573+05
104	ufijuice@yahoo.com	process_resumed	70	\N	\N	2016-01-05 15:08:50.818+05
105	ufijuice@yahoo.com	process_launched	70	\N	\N	2016-01-05 16:30:49.072+05
106	ufijuice@yahoo.com	process_resumed	70	\N	\N	2016-01-08 04:19:33.703+05
107	ufijuice@yahoo.com	process_resumed	70	\N	\N	2016-01-08 04:20:34.913+05
108	ufijuice@yahoo.com	process_created	83	process_created	83	2016-01-08 04:22:51.68+05
109	ufijuice@yahoo.com	process_updated	83	process_updated	83	2016-01-08 04:25:34.182+05
110	ufijuice@yahoo.com	elem_created	83	UI	259	2016-01-08 04:26:20.844+05
111	ufijuice@yahoo.com	elem_created	83	Load optimization	260	2016-01-08 04:27:45.351+05
112	ufijuice@yahoo.com	process_launched	83	\N	\N	2016-01-08 04:29:22.948+05
113	ufijuice@yahoo.com	elem_created	83	Time block	261	2016-01-08 04:31:03.467+05
114	ufijuice@yahoo.com	elem_created	83	Custom element	262	2016-01-08 04:31:58.481+05
115	ufijuice@yahoo.com	element_deleted	83	Custom element	262	2016-01-08 04:32:23.39+05
116	ufijuice@yahoo.com	elem_created	83	Custom element	263	2016-01-08 04:33:00.757+05
117	ufijuice@yahoo.com	process_launched	83	\N	\N	2016-01-08 04:34:27.348+05
118	ufijuice@yahoo.com	process_resumed	83	\N	\N	2016-01-08 04:36:16.344+05
119	testing@minorityapp.com	process_launched	62	\N	\N	2016-01-15 16:45:03.82+05
120	testing@minorityapp.com	process_resumed	62	\N	\N	2016-01-15 16:46:21.991+05
121	testing@minorityapp.com	process_resumed	62	\N	\N	2016-01-15 16:46:40.6+05
122	testing@minorityapp.com	process_resumed	62	\N	\N	2016-01-15 16:51:24.744+05
123	testing@minorityapp.com	process_resumed	62	\N	\N	2016-01-15 16:52:50.581+05
124	testing@minorityapp.com	process_resumed	62	\N	\N	2016-01-15 16:53:24.746+05
125	testing@minorityapp.com	process_resumed	62	\N	\N	2016-01-18 00:59:14.918+05
126	testing@minorityapp.com	process_launched	62	\N	\N	2016-01-18 01:00:37.884+05
127	ufijuice@yahoo.com	elem_created	83	5	264	2016-01-23 07:08:52.491+05
128	ufijuice@yahoo.com	perm_deleted	70	perm_deleted	18	2016-01-23 07:12:03.695+05
129	ufijuice@yahoo.com	element_up	83	element_up	263	2016-01-23 07:39:49.88+05
130	ufijuice@yahoo.com	element_up	83	element_up	260	2016-01-23 07:39:54.567+05
131	ufijuice@yahoo.com	element_down	83	element_down	263	2016-01-23 07:39:58.036+05
132	ufijuice@yahoo.com	process_deleted	82	process_deleted	82	2016-01-24 11:26:06.306+05
133	ufijuice@yahoo.com	process_deleted	78	process_deleted	78	2016-01-24 11:26:12.751+05
134	ufijuice@yahoo.com	process_launched	83	\N	\N	2016-01-24 11:42:11.562+05
135	ufijuice@yahoo.com	process_launched	70	\N	\N	2016-01-24 13:02:27.076+05
136	ufijuice@yahoo.com	process_resumed	83	\N	\N	2016-01-24 13:07:26.474+05
137	ufijuice@yahoo.com	perm_created	83	perm_created	\N	2016-01-24 14:37:54.192+05
138	ufijuice@yahoo.com	perm_created	83	perm_created	\N	2016-01-24 14:37:59.332+05
139	ufijuice@yahoo.com	process_launched	83	\N	\N	2016-02-02 22:08:01.42+05
140	ufijuice@yahoo.com	process_launched	83	\N	\N	2016-02-02 23:42:43.563+05
141	ufijuice@yahoo.com	process_launched	83	\N	\N	2016-02-02 23:44:57.947+05
142	ufijuice@yahoo.com	process_resumed	83	\N	\N	2016-02-02 23:46:00.858+05
143	ufijuice@yahoo.com	process_resumed	83	\N	\N	2016-02-02 23:53:54.323+05
144	ufijuice@yahoo.com	process_resumed	83	\N	\N	2016-02-02 23:54:14.456+05
145	iamjacke@gmail.com	process_launched	83	\N	\N	2016-02-04 13:33:18.509+05
146	ufijuice@yahoo.com	process_resumed	83	\N	\N	2016-02-04 13:38:20.025+05
147	ufijuice@yahoo.com	process_launched	83	\N	\N	2016-02-06 00:15:36.737+05
148	ufijuice@yahoo.com	process_resumed	83	\N	\N	2016-02-06 00:16:29.855+05
149	ufijuice@yahoo.com	process_resumed	83	\N	\N	2016-02-06 00:16:46.402+05
150	ufijuice@yahoo.com	process_resumed	83	\N	\N	2016-02-06 02:32:05.15+05
151	ufijuice@yahoo.com	process_launched	83	\N	\N	2016-02-06 02:33:13.297+05
152	ufijuice@yahoo.com	process_resumed	83	\N	\N	2016-02-06 02:34:59.993+05
153	ufijuice@yahoo.com	process_resumed	83	\N	\N	2016-02-06 02:35:42.76+05
154	ufijuice@yahoo.com	process_launched	83	\N	\N	2016-02-10 20:06:56.524+05
155	ufijuice@yahoo.com	process_resumed	83	\N	\N	2016-02-10 20:08:04.152+05
156	testing@minorityapp.com	process_resumed	62	\N	\N	2016-02-11 11:31:56.47+05
157	testing@minorityapp.com	process_resumed	62	\N	\N	2016-02-11 11:33:19.556+05
158	testing@minorityapp.com	perm_created	62	perm_created	\N	2016-02-11 11:48:10.994+05
159	testing@minorityapp.com	perm_created	62	perm_created	\N	2016-02-11 11:48:23.088+05
160	testing@minorityapp.com	process_deleted	59	process_deleted	59	2016-02-11 21:10:38.265+05
161	testing@minorityapp.com	process_deleted	80	process_deleted	80	2016-02-11 21:10:46.986+05
162	testing@minorityapp.com	process_launched	62	\N	\N	2016-02-11 21:11:29.508+05
163	ufijuice@yahoo.com	process_resumed	83	\N	\N	2016-02-12 12:00:52.663+05
164	ufijuice@yahoo.com	process_resumed	83	\N	\N	2016-02-12 12:01:40.994+05
165	ufijuice@yahoo.com	process_resumed	83	\N	\N	2016-02-12 12:19:30.123+05
166	ufijuice@yahoo.com	process_resumed	83	\N	\N	2016-02-12 12:24:52.843+05
167	ufijuice@yahoo.com	perm_created	83	perm_created	\N	2016-02-12 12:35:28.974+05
168	ufijuice@yahoo.com	process_resumed	83	\N	\N	2016-02-12 13:02:03.123+05
169	iamjacke@gmail.com	process_launched	83	\N	\N	2016-02-12 14:28:43.723+05
170	iamjacke@gmail.com	process_resumed	83	\N	\N	2016-02-12 14:33:36.018+05
171	iamjacke@gmail.com	process_resumed	83	\N	\N	2016-02-12 14:37:48.149+05
172	ufijuice@yahoo.com	process_resumed	83	\N	\N	2016-02-13 13:02:59.072+05
173	ufijuice@yahoo.com	process_launched	83	\N	\N	2016-02-13 13:04:43.981+05
174	ufijuice@yahoo.com	process_launched	83	\N	\N	2016-02-13 13:04:47.089+05
175	ufijuice@yahoo.com	process_resumed	83	\N	\N	2016-02-13 13:20:08.906+05
176	ufijuice@yahoo.com	process_resumed	83	\N	\N	2016-02-13 14:09:04.086+05
177	ufijuice@yahoo.com	process_resumed	83	\N	\N	2016-02-13 14:09:21.371+05
178	ufijuice@yahoo.com	process_resumed	83	\N	\N	2016-02-13 14:09:37.314+05
179	ufijuice@yahoo.com	process_resumed	83	\N	\N	2016-02-13 14:09:56.518+05
180	ufijuice@yahoo.com	process_resumed	83	\N	\N	2016-02-13 14:10:20.917+05
181	ufijuice@yahoo.com	process_resumed	70	\N	\N	2016-02-13 17:10:36.554+05
182	ufijuice@yahoo.com	process_launched	70	\N	\N	2016-02-13 17:11:10.025+05
183	ufijuice@yahoo.com	process_created	84	process_created	84	2016-02-13 17:14:45.156+05
184	ufijuice@yahoo.com	elem_created	84	z	265	2016-02-13 17:15:04.849+05
185	ufijuice@yahoo.com	elem_created	84	a	266	2016-02-13 17:15:20.278+05
186	ufijuice@yahoo.com	elem_created	84	l	267	2016-02-13 17:15:32.978+05
187	ufijuice@yahoo.com	elem_created	84	u	268	2016-02-13 17:15:41.883+05
188	ufijuice@yahoo.com	elem_created	84	p	269	2016-02-13 17:15:51.606+05
189	ufijuice@yahoo.com	process_launched	84	\N	\N	2016-02-13 17:16:05.9+05
190	ufijuice@yahoo.com	process_resumed	83	\N	\N	2016-02-13 23:17:41.008+05
191	ufijuice@yahoo.com	process_resumed	70	\N	\N	2016-02-13 23:17:53.921+05
192	ufijuice@yahoo.com	process_resumed	83	\N	\N	2016-02-13 23:20:13.702+05
193	ufijuice@yahoo.com	process_resumed	84	\N	\N	2016-02-13 23:21:03.86+05
194	ufijuice@yahoo.com	process_resumed	84	\N	\N	2016-02-19 12:53:51.77+05
195	testing@minorityapp.com	process_created	85	process_created	85	2016-02-20 03:15:20.337+05
196	testing@minorityapp.com	elem_created	85	Elemental	270	2016-02-20 03:17:29.396+05
197	testing@minorityapp.com	process_created	86	process_created	86	2016-03-04 18:08:01.388+05
198	testing@minorityapp.com	process_created	87	process_created	87	2016-03-04 23:32:28.871+05
199	testing@minorityapp.com	process_created	88	process_created	88	2016-03-05 16:13:11.28+05
200	testing@minorityapp.com	elem_created	62	fsdfsf	271	2016-03-06 07:58:17.04+05
201	testing@minorityapp.com	elem_created	88	Advertise	272	2016-03-06 17:03:17.173+05
202	testing@minorityapp.com	elem_created	88	Lead	273	2016-03-06 17:38:51.217+05
203	testing@minorityapp.com	elem_created	88	Qualify	274	2016-03-06 17:43:01.979+05
204	testing@minorityapp.com	elem_created	88	Questionnaire	275	2016-03-06 17:43:29.813+05
205	testing@minorityapp.com	elem_created	88	Phone call	276	2016-03-06 17:43:47.891+05
206	testing@minorityapp.com	elem_created	88	Assessment	277	2016-03-06 17:44:18.795+05
207	testing@minorityapp.com	elem_created	88	Proposal	278	2016-03-06 17:44:33.489+05
208	testing@minorityapp.com	elem_created	88	Agreement	279	2016-03-06 17:44:50.969+05
209	testing@minorityapp.com	process_launched	88	\N	\N	2016-03-07 02:44:12.993+05
210	testing@minorityapp.com	process_launched	62	\N	\N	2016-03-07 02:45:53.559+05
211	testing@minorityapp.com	process_launched	88	\N	\N	2016-03-17 13:50:31.893+05
212	testing@minorityapp.com	perm_created	88	perm_created	\N	2016-03-28 17:20:34.969+05
213	testing@minorityapp.com	perm_created	88	perm_created	\N	2016-03-28 17:20:44.588+05
214	testing@minorityapp.com	perm_deleted	88	perm_deleted	30	2016-03-28 17:20:58.495+05
215	testing@minorityapp.com	perm_created	88	perm_created	\N	2016-03-28 17:21:10.589+05
216	ufijuice@yahoo.com	process_launched	70	\N	\N	2016-04-05 13:33:48.617+05
217	ufijuice@yahoo.com	process_launched	84	\N	\N	2016-04-05 13:34:04.115+05
218	ufijuice@yahoo.com	process_launched	83	\N	\N	2016-04-05 13:34:04.699+05
219	ufijuice@yahoo.com	process_launched	84	\N	\N	2016-04-05 13:34:06.549+05
220	testing@minorityapp.com	process_created	89	process_created	89	2016-04-09 15:05:55.192+05
221	testing@minorityapp.com	process_deleted	89	process_deleted	89	2016-04-09 15:07:33.45+05
225	ufijuice@yahoo.com	process_deleted	83	process_deleted	83	2016-04-17 01:12:19.121+05
226	ufijuice@yahoo.com	process_deleted	70	process_deleted	70	2016-04-17 01:12:22.843+05
227	ufijuice@yahoo.com	process_launched	84	\N	\N	2016-04-17 01:13:21.709+05
228	ufijuice@yahoo.com	process_resumed	84	\N	\N	2016-04-17 01:17:25.978+05
229	ufijuice@yahoo.com	process_resumed	84	\N	\N	2016-04-17 01:18:15.495+05
230	ufijuice@yahoo.com	process_resumed	84	\N	\N	2016-04-17 01:20:47.049+05
231	testing@minorityapp.com	process_launched	85	\N	\N	2016-04-18 06:25:27.71+05
232	testing@minorityapp.com	process_launched	88	\N	\N	2016-04-18 06:27:04.362+05
233	testing@minorityapp.com	process_launched	85	\N	\N	2016-04-18 06:30:01.251+05
234	testing@minorityapp.com	process_resumed	85	\N	\N	2016-04-18 06:30:27.05+05
235	testing@minorityapp.com	process_resumed	85	\N	\N	2016-04-18 06:31:04.824+05
236	testing@minorityapp.com	process_resumed	88	\N	\N	2016-04-18 06:31:26.638+05
237	testing@minorityapp.com	process_resumed	88	\N	\N	2016-04-18 06:31:59.142+05
238	testing@minorityapp.com	process_resumed	88	\N	\N	2016-04-18 06:32:30.789+05
239	testing@minorityapp.com	process_resumed	88	\N	\N	2016-04-18 06:33:12.97+05
240	testing@minorityapp.com	process_resumed	88	\N	\N	2016-04-18 06:33:34.586+05
241	testing@minorityapp.com	process_resumed	88	\N	\N	2016-04-18 06:33:51.402+05
242	testing@minorityapp.com	process_resumed	88	\N	\N	2016-04-18 06:34:25.531+05
243	testing@minorityapp.com	process_resumed	88	\N	\N	2016-04-18 06:34:52.393+05
244	testing@minorityapp.com	process_resumed	88	\N	\N	2016-04-18 06:35:08.488+05
252	iamjacke@gmail.com	process_created	93	process_created	93	2016-04-22 08:23:58.507+05
253	iamjacke@gmail.com	elem_created	93	fsdfss	283	2016-04-22 08:24:13.925+05
254	iamjacke@gmail.com	elem_created	93	gfdgdg	284	2016-04-22 08:25:38.617+05
255	iamjacke@gmail.com	element_deleted	93	fsdfss	283	2016-04-22 08:25:49.597+05
256	iamjacke@gmail.com	elem_created	93	fdsfs	285	2016-04-22 08:39:14.013+05
257	iamjacke@gmail.com	process_launched	93	\N	\N	2016-04-22 08:40:14.53+05
258	iamjacke@gmail.com	process_launched	93	\N	\N	2016-04-22 08:52:46.284+05
259	iamjacke@gmail.com	process_resumed	93	\N	\N	2016-04-22 08:52:54.668+05
260	iamjacke@gmail.com	elem_created	93		286	2016-04-24 19:18:43.353+05
261	iamjacke@gmail.com	process_launched	93	\N	\N	2016-04-24 19:22:35.506+05
262	iamjacke@gmail.com	process_created	94	process_created	94	2016-04-30 12:46:32.554+05
263	iamjacke@gmail.com	process_created	95	process_created	95	2016-04-30 12:52:02.49+05
264	iamjacke@gmail.com	elem_created	94		287	2016-04-30 17:56:36.767+05
265	iamjacke@gmail.com	elem_created	94	fdsfs	288	2016-04-30 22:59:48.637+05
266	iamjacke@gmail.com	elem_created	94		289	2016-04-30 23:04:14.175+05
267	iamjacke@gmail.com	elem_created	94	gfdg	290	2016-04-30 23:18:21.774+05
268	iamjacke@gmail.com	elem_created	94	gdfg	291	2016-04-30 23:21:42.111+05
269	iamjacke@gmail.com	elem_created	94	dfsf	292	2016-04-30 23:36:53.121+05
270	iamjacke@gmail.com	process_created	96	process_created	96	2016-04-30 23:40:57.337+05
271	iamjacke@gmail.com	process_deleted	96	process_deleted	96	2016-04-30 23:41:07.426+05
272	iamjacke@gmail.com	process_created	97	process_created	97	2016-04-30 23:47:59.71+05
273	iamjacke@gmail.com	process_deleted	95	process_deleted	95	2016-05-01 00:48:10.964+05
274	iamjacke@gmail.com	elem_created	94	fdsf	293	2016-05-01 00:59:51.472+05
275	iamjacke@gmail.com	elem_created	94	gfdgdf	294	2016-05-01 01:33:21.904+05
276	iamjacke@gmail.com	element_deleted	94		287	2016-05-12 21:09:38.363+05
277	iamjacke@gmail.com	element_deleted	94	fdsfs	288	2016-05-12 21:09:42.89+05
278	iamjacke@gmail.com	element_deleted	94		289	2016-05-12 21:09:45.882+05
279	iamjacke@gmail.com	element_deleted	94	gfdg	290	2016-05-12 21:09:48.544+05
280	iamjacke@gmail.com	element_deleted	94	gfdgdf	294	2016-05-12 21:09:50.548+05
281	iamjacke@gmail.com	element_deleted	94	gdfg	291	2016-05-12 21:09:52.266+05
282	iamjacke@gmail.com	element_deleted	94	dfsf	292	2016-05-12 21:09:54.614+05
283	iamjacke@gmail.com	elem_created	94	gfsdf	296	2016-05-14 06:01:24.867+05
284	iamjacke@gmail.com	process_launched	93	\N	\N	2016-05-24 19:31:10.042+05
285	iamjacke@gmail.com	process_launched	93	\N	\N	2016-05-24 19:31:21.569+05
286	iamjacke@gmail.com	process_launched	93	\N	\N	2016-05-24 19:31:32.719+05
287	iamjacke@gmail.com	process_launched	93	\N	\N	2016-05-24 19:31:44.819+05
288	iamjacke@gmail.com	elem_created	97	Delay test 1	297	2016-05-25 06:25:03.225+05
289	iamjacke@gmail.com	process_launched	93	\N	\N	2016-05-27 11:35:30.249+05
290	iamjacke@gmail.com	process_launched	93	\N	\N	2016-05-27 12:03:55.322+05
291	iamjacke@gmail.com	process_resumed	93	\N	\N	2016-05-27 12:05:15.552+05
292	iamjacke@gmail.com	process_resumed	93	\N	\N	2016-05-27 12:05:31.344+05
293	iamjacke@gmail.com	element_renamed	97	Delay test 12	1	2016-05-28 06:40:45.843+05
294	iamjacke@gmail.com	element_renamed	97	Delay test 120	1	2016-05-28 06:57:54.113+05
295	iamjacke@gmail.com	element_renamed	97	Delay test 1201	1	2016-05-28 06:58:26.665+05
296	iamjacke@gmail.com	process_created	98	process_created	98	2016-05-28 06:59:17.365+05
297	iamjacke@gmail.com	process_deleted	98	process_deleted	98	2016-05-28 12:59:51.556+05
298	iamjacke@gmail.com	element_renamed	97	Delay test 1201	1	2016-05-30 11:01:53.082+05
299	iamjacke@gmail.com	element_renamed	97	Delay test 1201	1	2016-05-30 11:02:07.16+05
300	iamjacke@gmail.com	process_created	99	process_created	99	2016-06-05 21:41:05.164+05
301	iamjacke@gmail.com	process_launched	93	\N	\N	2016-06-08 15:33:38.335+05
302	iamjacke@gmail.com	process_launched	93	\N	\N	2016-06-08 15:59:57.588+05
303	iamjacke@gmail.com	process_launched	93	\N	\N	2016-06-08 16:01:50.024+05
304	iamjacke@gmail.com	elem_created	93	cxzczx	298	2016-06-16 11:23:51.457+05
305	iamjacke@gmail.com	elem_created	93	asdas	299	2016-06-17 06:08:38.698+05
306	iamjacke@gmail.com	elem_created	93	cXCZ	300	2016-06-17 06:12:23.865+05
307	iamjacke@gmail.com	element_deleted	93	cXCZ	300	2016-06-17 06:13:46.249+05
308	iamjacke@gmail.com	element_deleted	93	asdas	299	2016-06-17 06:13:49.325+05
309	iamjacke@gmail.com	element_deleted	93	cxzczx	298	2016-06-17 06:13:51.322+05
310	iamjacke@gmail.com	elem_created	93	cxZCXZ	301	2016-06-17 06:14:24.512+05
311	iamjacke@gmail.com	element_deleted	93	cxZCXZ	301	2016-06-17 06:17:48.742+05
312	iamjacke@gmail.com	elem_created	93	cczxczcz	302	2016-06-17 06:18:09.804+05
313	iamjacke@gmail.com	elem_created	93	vzxvzx	303	2016-06-17 06:18:33.18+05
314	iamjacke@gmail.com	process_created	100	process_created	100	2016-06-22 12:58:46.275+05
315	iamjacke@gmail.com	process_created	101	process_created	101	2016-06-22 12:58:50.207+05
316	iamjacke@gmail.com	process_created	102	process_created	102	2016-06-22 12:58:54.091+05
317	iamjacke@gmail.com	process_created	103	process_created	103	2016-06-22 12:59:00.098+05
318	iamjacke@gmail.com	process_deleted	103	process_deleted	103	2016-06-22 12:59:16.484+05
319	iamjacke@gmail.com	process_deleted	102	process_deleted	102	2016-06-22 12:59:18.108+05
320	iamjacke@gmail.com	process_deleted	101	process_deleted	101	2016-06-22 12:59:19.737+05
321	iamjacke@gmail.com	process_deleted	100	process_deleted	100	2016-06-22 12:59:20.931+05
322	iamjacke@gmail.com	process_created	104	process_created	104	2016-06-22 12:59:32.98+05
323	iamjacke@gmail.com	process_created	105	process_created	105	2016-06-22 12:59:37.209+05
324	iamjacke@gmail.com	process_created	106	process_created	106	2016-06-22 12:59:40.425+05
325	iamjacke@gmail.com	process_created	107	process_created	107	2016-06-22 13:04:27.087+05
326	iamjacke@gmail.com	process_deleted	107	process_deleted	107	2016-06-22 13:05:13.306+05
327	iamjacke@gmail.com	process_deleted	106	process_deleted	106	2016-06-22 13:05:14.543+05
328	iamjacke@gmail.com	process_deleted	105	process_deleted	105	2016-06-22 13:05:15.658+05
329	iamjacke@gmail.com	process_deleted	104	process_deleted	104	2016-06-22 13:05:16.699+05
330	iamjacke@gmail.com	process_launched	97	\N	\N	2016-06-22 16:32:54.21+05
331	iamjacke@gmail.com	process_launched	97	\N	\N	2016-06-22 17:54:09.754+05
332	iamjacke@gmail.com	process_launched	97	\N	\N	2016-06-22 17:56:10.079+05
333	iamjacke@gmail.com	process_created	108	process_created	108	2016-06-25 15:26:41.357+05
334	iamjacke@gmail.com	process_created	109	process_created	109	2016-06-25 15:26:47.981+05
335	iamjacke@gmail.com	process_created	110	process_created	110	2016-06-25 15:26:54.127+05
336	iamjacke@gmail.com	process_created	111	process_created	111	2016-06-25 15:27:00.394+05
337	iamjacke@gmail.com	process_created	112	process_created	112	2016-06-25 15:27:06.753+05
338	iamjacke@gmail.com	process_deleted	110	process_deleted	110	2016-06-25 15:52:06.844+05
339	iamjacke@gmail.com	process_deleted	99	process_deleted	99	2016-06-25 15:52:20.106+05
340	iamjacke@gmail.com	process_deleted	112	process_deleted	112	2016-06-25 15:52:36.791+05
341	iamjacke@gmail.com	process_deleted	108	process_deleted	108	2016-06-25 15:52:46.743+05
342	iamjacke@gmail.com	process_deleted	111	process_deleted	111	2016-06-25 16:00:35.33+05
343	iamjacke@gmail.com	process_created	113	process_created	113	2016-06-25 16:00:42.477+05
344	iamjacke@gmail.com	process_created	114	process_created	114	2016-06-25 16:00:49.245+05
345	iamjacke@gmail.com	process_created	115	process_created	115	2016-06-25 16:00:55.972+05
346	iamjacke@gmail.com	process_created	116	process_created	116	2016-06-25 16:01:03.07+05
347	iamjacke@gmail.com	process_deleted	113	process_deleted	113	2016-06-25 16:01:20.436+05
348	iamjacke@gmail.com	process_deleted	116	process_deleted	116	2016-06-25 16:18:58.475+05
349	iamjacke@gmail.com	process_deleted	115	process_deleted	115	2016-06-25 16:19:02.476+05
350	iamjacke@gmail.com	process_deleted	114	process_deleted	114	2016-06-25 16:19:05.73+05
351	iamjacke@gmail.com	process_created	117	process_created	117	2016-06-25 16:19:17.493+05
352	iamjacke@gmail.com	process_created	118	process_created	118	2016-06-25 16:19:23.451+05
353	iamjacke@gmail.com	process_created	119	process_created	119	2016-06-25 16:19:30.877+05
354	iamjacke@gmail.com	process_created	120	process_created	120	2016-06-25 16:19:36.775+05
355	iamjacke@gmail.com	process_deleted	120	process_deleted	120	2016-06-25 16:26:17.723+05
356	iamjacke@gmail.com	process_deleted	119	process_deleted	119	2016-06-25 16:26:21.026+05
357	iamjacke@gmail.com	process_deleted	118	process_deleted	118	2016-06-25 16:26:25.054+05
358	testing@minorityapp.com	element_deleted	85	Elemental	270	2016-06-29 13:25:43.814+05
359	testing@minorityapp.com	elem_created	85		304	2016-06-29 13:26:01.012+05
360	testing@minorityapp.com	elem_created	85		305	2016-06-29 13:26:08.297+05
361	testing@minorityapp.com	process_launched	85	\N	\N	2016-06-29 13:26:35.24+05
362	testing@minorityapp.com	process_resumed	85	\N	\N	2016-06-29 13:26:55.182+05
363	testing@minorityapp.com	process_resumed	85	\N	\N	2016-06-29 13:27:29.058+05
364	testing@minorityapp.com	process_launched	85	\N	\N	2016-06-29 18:41:35.38+05
365	testing@minorityapp.com	process_resumed	85	\N	\N	2016-06-29 18:41:51.323+05
366	testing@minorityapp.com	process_updated	62	process_updated	62	2016-06-30 02:18:19.266+05
367	testing@minorityapp.com	process_updated	62	process_updated	62	2016-06-30 02:18:43.351+05
368	testing@minorityapp.com	process_updated	85	process_updated	85	2016-06-30 13:08:59.65+05
369	testing@minorityapp.com	process_updated	86	process_updated	86	2016-06-30 13:30:41.192+05
370	iamjacke@gmail.com	elem_created	117	fsdfsds	306	2016-07-05 07:51:26.645+05
371	iamjacke@gmail.com	elem_created	117	cczcz	307	2016-07-05 08:00:37.827+05
372	iamjacke@gmail.com	process_launched	117	\N	\N	2016-07-05 08:23:30.985+05
373	iamjacke@gmail.com	process_updated	109	process_updated	109	2016-07-07 11:37:05.495+05
374	iamjacke@gmail.com	process_launched	117	\N	\N	2016-07-07 12:04:04.479+05
375	iamjacke@gmail.com	elem_created	109	api req 1	308	2016-07-09 07:18:34.304+05
376	iamjacke@gmail.com	elem_created	109	api req 2	309	2016-07-09 07:19:00.397+05
377	iamjacke@gmail.com	process_launched	109	\N	\N	2016-07-09 07:38:00.156+05
378	iamjacke@gmail.com	elem_created	109	api req 3	310	2016-07-09 09:10:40.466+05
379	iamjacke@gmail.com	process_launched	109	\N	\N	2016-07-09 10:12:36.251+05
380	iamjacke@gmail.com	process_launched	109	\N	\N	2016-07-09 10:24:12.45+05
381	iamjacke@gmail.com	process_launched	109	\N	\N	2016-07-11 08:38:07.488+05
382	iamjacke@gmail.com	process_created	121	process_created	121	2016-07-13 05:12:30.328+05
383	iamjacke@gmail.com	elem_created	121	CZXC	311	2016-07-13 05:38:55.843+05
384	iamjacke@gmail.com	elem_created	121	fsxfs	312	2016-07-13 05:56:35.521+05
385	iamjacke@gmail.com	elem_created	121		313	2016-07-13 06:57:33.764+05
386	iamjacke@gmail.com	process_deleted	121	process_deleted	121	2016-07-13 07:06:04.049+05
387	iamjacke@gmail.com	elem_created	117	fasfaf	314	2016-07-14 06:26:47.455+05
388	iamjacke@gmail.com	process_updated	97	process_updated	97	2016-07-16 12:05:29.6+05
389	iamjacke@gmail.com	process_updated	97	process_updated	97	2016-07-16 12:06:40.592+05
390	iamjacke@gmail.com	process_updated	97	process_updated	97	2016-07-16 12:07:30.582+05
391	iamjacke@gmail.com	process_launched	109	\N	\N	2016-07-16 12:08:16.666+05
392	iamjacke@gmail.com	process_created	122	process_created	122	2016-07-16 12:09:36.83+05
393	iamjacke@gmail.com	elem_created	122	cz	315	2016-07-16 12:10:12.577+05
394	iamjacke@gmail.com	process_launched	122	\N	\N	2016-07-16 12:10:22.358+05
395	iamjacke@gmail.com	process_created	123	process_created	123	2016-07-16 12:29:29.683+05
396	iamjacke@gmail.com	elem_created	123	cf	316	2016-07-16 12:29:46.191+05
397	iamjacke@gmail.com	process_created	124	process_created	124	2016-07-16 12:29:55.233+05
398	iamjacke@gmail.com	elem_created	124	cf1	317	2016-07-16 12:30:09.262+05
399	iamjacke@gmail.com	elem_created	124	cf2	318	2016-07-16 12:30:16.644+05
400	iamjacke@gmail.com	process_launched	123	\N	\N	2016-07-16 12:30:35.043+05
401	iamjacke@gmail.com	process_launched	124	\N	\N	2016-07-16 12:30:37.678+05
402	iamjacke@gmail.com	process_resumed	123	\N	\N	2016-07-16 12:30:59.517+05
403	iamjacke@gmail.com	process_resumed	124	\N	\N	2016-07-16 12:31:13.823+05
404	iamjacke@gmail.com	process_updated	123	process_updated	123	2016-07-16 12:54:54.702+05
405	iamjacke@gmail.com	process_updated	123	process_updated	123	2016-07-16 12:57:22.141+05
406	testing@minorityapp.com	process_launched	88	\N	\N	2016-07-19 17:22:06.079+05
407	testing@minorityapp.com	elem_created	87	dsada	319	2016-07-20 11:01:46.447+05
408	testing@minorityapp.com	elem_created	87	fdfs	320	2016-07-20 11:01:55.203+05
409	testing@minorityapp.com	process_launched	87	\N	\N	2016-07-20 11:02:07.629+05
410	testing@minorityapp.com	process_resumed	87	\N	\N	2016-07-20 11:02:21.819+05
411	testing@minorityapp.com	process_launched	87	\N	\N	2016-07-20 12:36:35.042+05
412	testing@minorityapp.com	process_launched	87	\N	\N	2016-07-20 12:50:35.208+05
413	testing@minorityapp.com	process_resumed	87	\N	\N	2016-07-20 12:50:58.554+05
414	testing@minorityapp.com	process_launched	87	\N	\N	2016-07-20 12:52:03.471+05
415	testing@minorityapp.com	process_launched	87	\N	\N	2016-07-20 13:03:35.071+05
416	testing@minorityapp.com	process_resumed	87	\N	\N	2016-07-20 13:05:39.675+05
417	testing@minorityapp.com	process_launched	87	\N	\N	2016-07-20 13:07:49.354+05
418	testing@minorityapp.com	process_resumed	87	\N	\N	2016-07-20 13:08:30.569+05
419	testing@minorityapp.com	process_launched	87	\N	\N	2016-07-20 13:12:08.43+05
420	testing@minorityapp.com	process_resumed	87	\N	\N	2016-07-20 13:12:51.288+05
421	testing@minorityapp.com	process_launched	87	\N	\N	2016-07-20 13:25:58.115+05
422	testing@minorityapp.com	process_resumed	87	\N	\N	2016-07-20 13:26:06.922+05
423	testing@minorityapp.com	process_launched	85	\N	\N	2016-07-20 14:33:51.389+05
424	testing@minorityapp.com	process_resumed	85	\N	\N	2016-07-20 14:34:01.904+05
425	testing@minorityapp.com	process_resumed	85	\N	\N	2016-07-20 14:34:07.237+05
426	testing@minorityapp.com	process_updated	87	process_updated	87	2016-07-20 14:58:29.882+05
427	testing@minorityapp.com	process_updated	87	process_updated	87	2016-07-20 14:58:51.706+05
428	testing@minorityapp.com	process_updated	87	process_updated	87	2016-07-20 15:16:59.965+05
429	testing@minorityapp.com	elem_created	86	fasfaf	321	2016-07-22 02:42:31.03+05
430	testing@minorityapp.com	elem_created	86	cxczzx	322	2016-07-29 12:04:43.484+05
431	testing@minorityapp.com	element_deleted	86	cxczzx	322	2016-07-30 03:13:00.482+05
432	testing@minorityapp.com	process_launched	86	\N	\N	2016-07-30 03:21:13.631+05
433	testing@minorityapp.com	process_launched	86	\N	\N	2016-07-31 06:48:17.952+05
434	testing@minorityapp.com	elem_created	86	fdsfsdfs	328	2016-08-01 20:46:22.248+05
435	testing@minorityapp.com	elem_created	86	gbh	329	2016-08-01 21:07:29.335+05
436	testing@minorityapp.com	element_deleted	86	gbh	329	2016-08-01 21:09:55.309+05
437	testing@minorityapp.com	elem_created	86	vsdvs	330	2016-08-01 21:10:41.42+05
438	testing@minorityapp.com	element_deleted	86	vsdvs	330	2016-08-01 21:16:25.037+05
439	testing@minorityapp.com	elem_created	86	fsafaf	331	2016-08-01 21:18:31.131+05
440	testing@minorityapp.com	process_updated	86	process_updated	86	2016-08-02 05:07:23.691+05
441	testing@minorityapp.com	elem_created	86	fdsfs	332	2016-08-06 19:14:31.339+05
442	testing@minorityapp.com	element_deleted	86	fdsfs	332	2016-08-06 19:20:08.176+05
443	testing@minorityapp.com	element_deleted	86	fsafaf	331	2016-08-06 19:20:11.759+05
444	testing@minorityapp.com	element_deleted	86	fdsfsdfs	328	2016-08-06 19:20:14.75+05
445	testing@minorityapp.com	elem_created	86	vcvvs	333	2016-08-06 19:20:41.658+05
446	testing@minorityapp.com	element_deleted	86	fasfaf	321	2016-08-06 19:50:39.865+05
447	testing@minorityapp.com	elem_created	86	czxczvz	334	2016-08-06 20:04:41.821+05
448	testing@minorityapp.com	elem_created	86	xczz	335	2016-08-11 04:28:49.942+05
449	testing@minorityapp.com	element_deleted	86	xczz	335	2016-08-11 05:45:32.073+05
450	testing@minorityapp.com	elem_created	86	czxczvz	336	2016-08-11 05:46:31.414+05
451	testing@minorityapp.com	element_deleted	86	czxczvz	336	2016-08-11 05:54:07.976+05
452	testing@minorityapp.com	elem_created	86	xczcz	337	2016-08-11 05:54:23.021+05
453	testing@minorityapp.com	process_created	125	process_created	125	2016-08-17 18:43:09.549+05
454	testing@minorityapp.com	elem_created	125	Reviewing	338	2016-08-17 18:43:30.268+05
455	testing@minorityapp.com	elem_created	125	Completed	339	2016-08-17 18:43:52.009+05
456	testing@minorityapp.com	process_launched	125	\N	\N	2016-08-17 18:44:16.79+05
457	testing@minorityapp.com	process_resumed	125	\N	\N	2016-08-17 20:45:03.044+05
458	testing@minorityapp.com	process_resumed	88	\N	\N	2016-08-18 21:26:04.284+05
459	testing@minorityapp.com	process_created	126	process_created	126	2016-08-18 21:33:11.767+05
460	testing@minorityapp.com	elem_created	126	cxZvz	340	2016-08-18 21:33:45.143+05
461	testing@minorityapp.com	elem_created	126	zxvz	341	2016-08-18 21:33:52.199+05
462	testing@minorityapp.com	elem_created	126	Qualify	342	2016-08-18 21:42:14.747+05
463	testing@minorityapp.com	elem_created	126	Qualify	343	2016-08-18 21:42:21.438+05
464	testing@minorityapp.com	elem_created	126	Qualify1	344	2016-08-18 21:42:28.913+05
465	testing@minorityapp.com	element_renamed	126	Qualify4	1	2016-08-18 21:42:39.97+05
466	testing@minorityapp.com	elem_created	126	Qualify5	345	2016-08-18 21:42:55.545+05
467	testing@minorityapp.com	elem_created	126	Qualify7	346	2016-08-18 21:43:06.294+05
468	testing@minorityapp.com	elem_created	126	Qualify8	347	2016-08-18 21:43:12.719+05
469	testing@minorityapp.com	process_launched	126	\N	\N	2016-08-18 21:43:30.228+05
470	testing@minorityapp.com	process_resumed	126	\N	\N	2016-08-18 21:43:49.86+05
471	testing@minorityapp.com	process_resumed	126	\N	\N	2016-08-18 21:44:13.126+05
472	testing@minorityapp.com	process_launched	88	\N	\N	2016-08-18 21:50:30.416+05
473	testing@minorityapp.com	process_resumed	88	\N	\N	2016-08-18 21:50:40.481+05
474	testing@minorityapp.com	process_resumed	88	\N	\N	2016-08-18 21:50:59.547+05
\.


--
-- Name: process_histories_id_seq; Type: SEQUENCE SET; Schema: public; Owner: postgres
--

SELECT pg_catalog.setval('process_histories_id_seq', 474, true);


--
-- Data for Name: process_permissions; Type: TABLE DATA; Schema: public; Owner: postgres
--

COPY process_permissions (id, uid, group_id, bprocess, front_elem_id, space_elem_id, reaction_id, role) FROM stdin;
10	testing@minorityapp.com	\N	62	\N	\N	\N	all
11	testing@minorityapp.com	\N	62	\N	\N	\N	all
20	\N	21	71	\N	\N	\N	all
21	\N	24	72	\N	\N	\N	all
22	\N	26	81	\N	\N	\N	all
25	\N	8	62	225	\N	\N	all
26	testing@minorityapp.com	8	62	225	\N	\N	all
27	testing@minorityapp.com	8	62	225	\N	\N	all
29	testing@minorityapp.com	\N	88	272	\N	\N	all
31	\N	8	88	273	\N	\N	all
32	testing@minorityapp.com	\N	88	274	\N	\N	all
33	testing@minorityapp.com	\N	88	275	\N	\N	all
34	\N	29	90	\N	\N	\N	all
36	\N	30	92	\N	\N	\N	all
\.


--
-- Name: process_permissions_id_seq; Type: SEQUENCE SET; Schema: public; Owner: postgres
--

SELECT pg_catalog.setval('process_permissions_id_seq', 36, true);


--
-- Data for Name: reaction_refs; Type: TABLE DATA; Schema: public; Owner: postgres
--

COPY reaction_refs (id, reflection_id, autostart, element_id, state_ref_id, created_at, updated_at, title) FROM stdin;
4	27	f	22	\N	2015-04-27 15:20:48.79+05	2015-04-27 15:20:48.79+05	Confirming
12	30	f	24	\N	2016-06-08 15:14:50.523+05	2016-06-08 15:14:50.523+05	
7	28	t	23	\N	2016-05-10 05:28:18.652+05	2016-05-10 05:28:18.652+05	Delaying
13	34	t	26	\N	2016-07-09 07:08:29.951+05	2016-07-09 07:08:29.951+05	API Calling
\.


--
-- Name: reaction_refs_id_seq; Type: SEQUENCE SET; Schema: public; Owner: postgres
--

SELECT pg_catalog.setval('reaction_refs_id_seq', 13, true);


--
-- Data for Name: reaction_state_out_refs; Type: TABLE DATA; Schema: public; Owner: postgres
--

COPY reaction_state_out_refs (id, reaction_id, state_ref, "on", on_rate, created_at, updated_at, input) FROM stdin;
4	4	26	t	100	2015-04-27 15:20:48.979+05	2015-04-27 15:20:48.979+05	f
\.


--
-- Name: reaction_state_out_refs_id_seq; Type: SEQUENCE SET; Schema: public; Owner: postgres
--

SELECT pg_catalog.setval('reaction_state_out_refs_id_seq', 4, true);


--
-- Data for Name: reaction_state_outs; Type: TABLE DATA; Schema: public; Owner: postgres
--

COPY reaction_state_outs (id, reaction_id, state_id, "on", on_rate, created_at, updated_at, input) FROM stdin;
19	28	266	t	100	2015-04-27 15:20:48.979+05	2015-04-27 15:20:48.979+05	f
20	29	268	t	100	2015-04-27 15:20:48.979+05	2015-04-27 15:20:48.979+05	f
21	30	270	t	100	2015-04-27 15:20:48.979+05	2015-04-27 15:20:48.979+05	f
22	31	272	t	100	2015-04-27 15:20:48.979+05	2015-04-27 15:20:48.979+05	f
23	32	274	t	100	2015-04-27 15:20:48.979+05	2015-04-27 15:20:48.979+05	f
24	33	276	t	100	2015-04-27 15:20:48.979+05	2015-04-27 15:20:48.979+05	f
26	35	282	t	100	2015-04-27 15:20:48.979+05	2015-04-27 15:20:48.979+05	f
33	42	351	t	100	2015-04-27 15:20:48.979+05	2015-04-27 15:20:48.979+05	f
34	43	364	t	100	2015-04-27 15:20:48.979+05	2015-04-27 15:20:48.979+05	f
35	44	368	t	100	2015-04-27 15:20:48.979+05	2015-04-27 15:20:48.979+05	f
36	45	372	t	100	2015-04-27 15:20:48.979+05	2015-04-27 15:20:48.979+05	f
44	53	421	t	100	2015-04-27 15:20:48.979+05	2015-04-27 15:20:48.979+05	f
45	54	424	t	100	2015-04-27 15:20:48.979+05	2015-04-27 15:20:48.979+05	f
46	55	427	t	100	2015-04-27 15:20:48.979+05	2015-04-27 15:20:48.979+05	f
48	57	443	t	100	2015-04-27 15:20:48.979+05	2015-04-27 15:20:48.979+05	f
49	58	445	t	100	2015-04-27 15:20:48.979+05	2015-04-27 15:20:48.979+05	f
50	59	447	t	100	2015-04-27 15:20:48.979+05	2015-04-27 15:20:48.979+05	f
51	60	449	t	100	2015-04-27 15:20:48.979+05	2015-04-27 15:20:48.979+05	f
52	61	451	t	100	2015-04-27 15:20:48.979+05	2015-04-27 15:20:48.979+05	f
53	62	453	t	100	2015-04-27 15:20:48.979+05	2015-04-27 15:20:48.979+05	f
54	63	455	t	100	2015-04-27 15:20:48.979+05	2015-04-27 15:20:48.979+05	f
55	64	457	t	100	2015-04-27 15:20:48.979+05	2015-04-27 15:20:48.979+05	f
56	65	459	t	100	2015-04-27 15:20:48.979+05	2015-04-27 15:20:48.979+05	f
57	66	467	t	100	2015-04-27 15:20:48.979+05	2015-04-27 15:20:48.979+05	f
58	67	475	t	100	2015-04-27 15:20:48.979+05	2015-04-27 15:20:48.979+05	f
60	69	483	t	100	2015-04-27 15:20:48.979+05	2015-04-27 15:20:48.979+05	f
61	70	485	t	100	2015-04-27 15:20:48.979+05	2015-04-27 15:20:48.979+05	f
62	71	487	t	100	2015-04-27 15:20:48.979+05	2015-04-27 15:20:48.979+05	f
69	78	513	t	100	2015-04-27 15:20:48.979+05	2015-04-27 15:20:48.979+05	f
75	87	534	t	100	2015-04-27 15:20:48.979+05	2015-04-27 15:20:48.979+05	f
76	88	536	t	100	2015-04-27 15:20:48.979+05	2015-04-27 15:20:48.979+05	f
77	89	601	t	100	2015-04-27 15:20:48.979+05	2015-04-27 15:20:48.979+05	f
78	90	604	t	100	2015-04-27 15:20:48.979+05	2015-04-27 15:20:48.979+05	f
79	91	607	t	100	2015-04-27 15:20:48.979+05	2015-04-27 15:20:48.979+05	f
80	92	610	t	100	2015-04-27 15:20:48.979+05	2015-04-27 15:20:48.979+05	f
83	99	634	t	100	2015-04-27 15:20:48.979+05	2015-04-27 15:20:48.979+05	f
84	101	646	t	100	2015-04-27 15:20:48.979+05	2015-04-27 15:20:48.979+05	f
85	102	652	t	100	2015-04-27 15:20:48.979+05	2015-04-27 15:20:48.979+05	f
86	103	655	t	100	2015-04-27 15:20:48.979+05	2015-04-27 15:20:48.979+05	f
87	105	661	t	100	2015-04-27 15:20:48.979+05	2015-04-27 15:20:48.979+05	f
88	123	719	t	100	2015-04-27 15:20:48.979+05	2015-04-27 15:20:48.979+05	f
89	124	722	t	100	2015-04-27 15:20:48.979+05	2015-04-27 15:20:48.979+05	f
90	125	728	t	100	2015-04-27 15:20:48.979+05	2015-04-27 15:20:48.979+05	f
91	126	731	t	100	2015-04-27 15:20:48.979+05	2015-04-27 15:20:48.979+05	f
92	127	734	t	100	2015-04-27 15:20:48.979+05	2015-04-27 15:20:48.979+05	f
93	128	737	t	100	2015-04-27 15:20:48.979+05	2015-04-27 15:20:48.979+05	f
94	129	740	t	100	2015-04-27 15:20:48.979+05	2015-04-27 15:20:48.979+05	f
95	130	743	t	100	2015-04-27 15:20:48.979+05	2015-04-27 15:20:48.979+05	f
96	131	746	t	100	2015-04-27 15:20:48.979+05	2015-04-27 15:20:48.979+05	f
97	132	749	t	100	2015-04-27 15:20:48.979+05	2015-04-27 15:20:48.979+05	f
\.


--
-- Name: reaction_state_outs_id_seq; Type: SEQUENCE SET; Schema: public; Owner: postgres
--

SELECT pg_catalog.setval('reaction_state_outs_id_seq', 97, true);


--
-- Data for Name: reactions; Type: TABLE DATA; Schema: public; Owner: postgres
--

COPY reactions (id, bprocess_id, autostart, element_id, state_ref_id, created_at, updated_at, title) FROM stdin;
28	62	f	101	\N	2015-04-27 15:20:48.79+05	2015-04-27 15:20:48.79+05	Confirming
29	62	f	102	\N	2015-04-27 15:20:48.79+05	2015-04-27 15:20:48.79+05	Confirming
30	62	f	103	\N	2015-04-27 15:20:48.79+05	2015-04-27 15:20:48.79+05	Confirming
31	62	f	104	\N	2015-04-27 15:20:48.79+05	2015-04-27 15:20:48.79+05	Confirming
32	62	f	105	\N	2015-04-27 15:20:48.79+05	2015-04-27 15:20:48.79+05	Confirming
33	62	f	106	\N	2015-04-27 15:20:48.79+05	2015-04-27 15:20:48.79+05	Confirming
35	62	f	109	\N	2015-04-27 15:20:48.79+05	2015-04-27 15:20:48.79+05	Confirming
42	72	f	135	\N	2015-04-27 15:20:48.79+05	2015-04-27 15:20:48.79+05	Confirming
43	74	f	140	\N	2015-04-27 15:20:48.79+05	2015-04-27 15:20:48.79+05	Confirming
44	74	f	142	\N	2015-04-27 15:20:48.79+05	2015-04-27 15:20:48.79+05	Confirming
45	74	f	144	\N	2015-04-27 15:20:48.79+05	2015-04-27 15:20:48.79+05	Confirming
53	84	f	154	\N	2015-04-27 15:20:48.79+05	2015-04-27 15:20:48.79+05	Confirming
54	84	f	156	\N	2015-04-27 15:20:48.79+05	2015-04-27 15:20:48.79+05	Confirming
55	84	f	158	\N	2015-04-27 15:20:48.79+05	2015-04-27 15:20:48.79+05	Confirming
57	62	f	160	\N	2015-04-27 15:20:48.79+05	2015-04-27 15:20:48.79+05	Confirming
58	88	f	161	\N	2015-04-27 15:20:48.79+05	2015-04-27 15:20:48.79+05	Confirming
59	88	f	162	\N	2015-04-27 15:20:48.79+05	2015-04-27 15:20:48.79+05	Confirming
60	88	f	163	\N	2015-04-27 15:20:48.79+05	2015-04-27 15:20:48.79+05	Confirming
61	88	f	164	\N	2015-04-27 15:20:48.79+05	2015-04-27 15:20:48.79+05	Confirming
62	88	f	165	\N	2015-04-27 15:20:48.79+05	2015-04-27 15:20:48.79+05	Confirming
63	88	f	166	\N	2015-04-27 15:20:48.79+05	2015-04-27 15:20:48.79+05	Confirming
64	88	f	167	\N	2015-04-27 15:20:48.79+05	2015-04-27 15:20:48.79+05	Confirming
65	88	f	168	\N	2015-04-27 15:20:48.79+05	2015-04-27 15:20:48.79+05	Confirming
66	90	f	169	\N	2015-04-27 15:20:48.79+05	2015-04-27 15:20:48.79+05	Confirming
67	92	f	170	\N	2015-04-27 15:20:48.79+05	2015-04-27 15:20:48.79+05	Confirming
69	93	f	173	\N	2015-04-27 15:20:48.79+05	2015-04-27 15:20:48.79+05	Confirming
70	93	f	174	\N	2015-04-27 15:20:48.79+05	2015-04-27 15:20:48.79+05	Confirming
71	93	f	175	\N	2015-04-27 15:20:48.79+05	2015-04-27 15:20:48.79+05	Confirming
78	94	f	182	\N	2015-04-27 15:20:48.79+05	2015-04-27 15:20:48.79+05	Confirming
80	94	f	184	\N	2016-05-10 05:28:18.652+05	2016-05-10 05:28:18.652+05	Delaying
81	94	f	185	\N	2016-05-10 05:28:18.652+05	2016-05-10 05:28:18.652+05	Delaying
87	93	f	191	\N	2015-04-27 15:20:48.79+05	2015-04-27 15:20:48.79+05	Confirming
88	93	f	192	\N	2015-04-27 15:20:48.79+05	2015-04-27 15:20:48.79+05	Confirming
82	97	t	186	\N	2016-05-10 05:28:18.652+05	2016-05-10 05:28:18.652+05	Delaying
89	85	f	193	\N	2015-04-27 15:20:48.79+05	2015-04-27 15:20:48.79+05	Confirming
90	85	f	194	\N	2015-04-27 15:20:48.79+05	2015-04-27 15:20:48.79+05	Confirming
91	117	f	195	\N	2015-04-27 15:20:48.79+05	2015-04-27 15:20:48.79+05	Confirming
92	117	f	196	\N	2015-04-27 15:20:48.79+05	2015-04-27 15:20:48.79+05	Confirming
93	109	t	197	\N	2016-07-09 07:08:29.951+05	2016-07-09 07:08:29.951+05	API Calling
94	109	t	198	\N	2016-07-09 07:08:29.951+05	2016-07-09 07:08:29.951+05	API Calling
95	109	t	199	\N	2016-07-09 07:08:29.951+05	2016-07-09 07:08:29.951+05	API Calling
99	117	f	203	\N	2015-04-27 15:20:48.79+05	2015-04-27 15:20:48.79+05	Confirming
100	122	t	204	\N	2016-07-09 07:08:29.951+05	2016-07-09 07:08:29.951+05	API Calling
101	123	f	205	\N	2015-04-27 15:20:48.79+05	2015-04-27 15:20:48.79+05	Confirming
102	124	f	206	\N	2015-04-27 15:20:48.79+05	2015-04-27 15:20:48.79+05	Confirming
103	124	f	207	\N	2015-04-27 15:20:48.79+05	2015-04-27 15:20:48.79+05	Confirming
104	87	t	208	\N	2016-07-09 07:08:29.951+05	2016-07-09 07:08:29.951+05	API Calling
105	87	f	209	\N	2015-04-27 15:20:48.79+05	2015-04-27 15:20:48.79+05	Confirming
118	86	t	222	\N	2016-07-09 07:08:29.951+05	2016-07-09 07:08:29.951+05	API Calling
119	86	t	223	\N	2016-07-09 07:08:29.951+05	2016-07-09 07:08:29.951+05	API Calling
122	86	t	226	\N	2016-07-09 07:08:29.951+05	2016-07-09 07:08:29.951+05	API Calling
123	125	f	227	\N	2015-04-27 15:20:48.79+05	2015-04-27 15:20:48.79+05	Confirming
124	125	f	228	\N	2015-04-27 15:20:48.79+05	2015-04-27 15:20:48.79+05	Confirming
125	126	f	229	\N	2015-04-27 15:20:48.79+05	2015-04-27 15:20:48.79+05	Confirming
126	126	f	230	\N	2015-04-27 15:20:48.79+05	2015-04-27 15:20:48.79+05	Confirming
127	126	f	231	\N	2015-04-27 15:20:48.79+05	2015-04-27 15:20:48.79+05	Confirming
128	126	f	232	\N	2015-04-27 15:20:48.79+05	2015-04-27 15:20:48.79+05	Confirming
129	126	f	233	\N	2015-04-27 15:20:48.79+05	2015-04-27 15:20:48.79+05	Confirming
130	126	f	234	\N	2015-04-27 15:20:48.79+05	2015-04-27 15:20:48.79+05	Confirming
131	126	f	235	\N	2015-04-27 15:20:48.79+05	2015-04-27 15:20:48.79+05	Confirming
132	126	f	236	\N	2015-04-27 15:20:48.79+05	2015-04-27 15:20:48.79+05	Confirming
\.


--
-- Name: reactions_id_seq; Type: SEQUENCE SET; Schema: public; Owner: postgres
--

SELECT pg_catalog.setval('reactions_id_seq', 132, true);


--
-- Data for Name: reflect_action_mappings; Type: TABLE DATA; Schema: public; Owner: postgres
--

COPY reflect_action_mappings (id, reflection_id, ref_action, element_action, created_at, updated_at) FROM stdin;
8	34	13	118	2016-08-06 19:20:41.609	2016-08-06 19:20:41.609
9	34	13	119	2016-08-06 20:04:41.725	2016-08-06 20:04:41.725
12	34	13	122	2016-08-11 05:54:22.998	2016-08-11 05:54:22.998
13	27	4	123	2016-08-17 18:43:30.124	2016-08-17 18:43:30.124
14	27	4	124	2016-08-17 18:43:51.989	2016-08-17 18:43:51.989
15	27	4	125	2016-08-18 21:33:45.026	2016-08-18 21:33:45.026
16	27	4	126	2016-08-18 21:33:52.191	2016-08-18 21:33:52.191
17	27	4	127	2016-08-18 21:42:14.739	2016-08-18 21:42:14.739
18	27	4	128	2016-08-18 21:42:21.43	2016-08-18 21:42:21.43
19	27	4	129	2016-08-18 21:42:28.905	2016-08-18 21:42:28.905
20	27	4	130	2016-08-18 21:42:55.536	2016-08-18 21:42:55.536
21	27	4	131	2016-08-18 21:43:06.211	2016-08-18 21:43:06.211
22	27	4	132	2016-08-18 21:43:12.711	2016-08-18 21:43:12.711
\.


--
-- Name: reflect_action_mappings_id_seq; Type: SEQUENCE SET; Schema: public; Owner: postgres
--

SELECT pg_catalog.setval('reflect_action_mappings_id_seq', 22, true);


--
-- Data for Name: reflect_element_mappings; Type: TABLE DATA; Schema: public; Owner: postgres
--

COPY reflect_element_mappings (id, reflection_id, topology_element_id, ref_topo_element, created_at, updated_at) FROM stdin;
6	34	222	26	2016-08-06 19:20:41.691	2016-08-06 19:20:41.691
7	34	223	26	2016-08-06 20:04:41.867	2016-08-06 20:04:41.867
10	34	226	26	2016-08-11 05:54:23.063	2016-08-11 05:54:23.063
11	27	227	22	2016-08-17 18:43:30.268	2016-08-17 18:43:30.268
12	27	228	22	2016-08-17 18:43:52.01	2016-08-17 18:43:52.01
13	27	229	22	2016-08-18 21:33:45.143	2016-08-18 21:33:45.143
14	27	230	22	2016-08-18 21:33:52.199	2016-08-18 21:33:52.199
15	27	231	22	2016-08-18 21:42:14.747	2016-08-18 21:42:14.747
16	27	232	22	2016-08-18 21:42:21.438	2016-08-18 21:42:21.438
17	27	233	22	2016-08-18 21:42:28.913	2016-08-18 21:42:28.913
18	27	234	22	2016-08-18 21:42:55.545	2016-08-18 21:42:55.545
19	27	235	22	2016-08-18 21:43:06.294	2016-08-18 21:43:06.294
20	27	236	22	2016-08-18 21:43:12.719	2016-08-18 21:43:12.719
\.


--
-- Name: reflect_element_mappings_id_seq; Type: SEQUENCE SET; Schema: public; Owner: postgres
--

SELECT pg_catalog.setval('reflect_element_mappings_id_seq', 20, true);


--
-- Data for Name: reflected_elem_topologs; Type: TABLE DATA; Schema: public; Owner: postgres
--

COPY reflected_elem_topologs (id, reflection_id, front_elem_id, space_elem_id, hash, created_at, updated_at, space_id) FROM stdin;
1	1	1	\N		\N	\N	\N
2	1	2	\N	 	\N	\N	\N
3	1	\N	1	 	\N	\N	\N
4	5	6	\N	 	\N	\N	\N
5	4	5	\N	 	\N	\N	\N
20	25	23	\N		\N	\N	\N
21	26	24	\N		\N	\N	\N
22	27	25	\N		\N	\N	\N
23	28	26	\N		\N	\N	\N
24	30	27	\N		\N	\N	\N
26	34	29	\N		\N	\N	\N
\.


--
-- Name: reflected_elem_topologs_id_seq; Type: SEQUENCE SET; Schema: public; Owner: postgres
--

SELECT pg_catalog.setval('reflected_elem_topologs_id_seq', 26, true);


--
-- Data for Name: refs; Type: TABLE DATA; Schema: public; Owner: postgres
--

COPY refs (id, title, host, created_at, updated_at, "desc", category, hidden) FROM stdin;
1	Test2	base.minorityapp.com	\N	\N	Some desc	Base	t
2	Confirm2	base.minorityapp.com	\N	\N	Some desc	Confirmation	t
3	Confirm with cancelation	base.minorityapp.com	\N	\N	Some desc	Confirmation	t
4	Container2	base.minorityapp.com	\N	\N	Some desc	Base	t
5	Placeholder	test.minorityapp.com	\N	\N	Some desc	Base	t
25	Container		\N	\N	Element used for storing other elements by decomposing hard action to easy one. May have containers too inside.	Base	t
26	Placeholder3		\N	\N	Element used for fill the hole betwen other elements. When it's launch, nothing happens and it will be skipped.	Base	f
27	Confirmation		\N	\N	Element used for confirming action. When it's launch, and it's not confirmed, process will be paused until confirmed reaction was executed.	Base	f
30	fasfaf	fasfas	\N	\N	fagsagagas	Base	t
31	fasfaf2	fasfaf2fasfaf2fasfaf2	\N	\N	fasfaf2fasfaf2fasfaf2	Base	t
33	fasfaf3	fasfaf2fasfaf2fasfaf2fasfaf2	\N	\N	fasfaf2fasfaf2	Base	t
28	Timer	core.minorityapp.com	\N	\N	Element represent delaying 	Base	f
34	API Block	minorityapp.com	\N	\N	Block that create requests to REST API	Base	f
\.


--
-- Name: refs_id_seq; Type: SEQUENCE SET; Schema: public; Owner: postgres
--

SELECT pg_catalog.setval('refs_id_seq', 37, true);


--
-- Data for Name: resources; Type: TABLE DATA; Schema: public; Owner: postgres
--

COPY resources (id, title, business_id, created_at, updated_at) FROM stdin;
37	FDSFSFS	12	2016-06-20 06:42:11.485+05	2016-06-20 06:42:11.485+05
38		12	2016-06-20 12:01:47.949+05	2016-06-20 12:01:47.949+05
39	fs	2	2016-06-21 23:02:40.761+05	2016-06-21 23:02:40.761+05
40	cxzvzx	2	2016-08-17 16:42:42.167+05	2016-08-17 16:42:42.167+05
42	cxz1c3zcaa	2	2016-09-13 00:45:22.42+05	2016-09-13 01:11:48.764+05
\.


--
-- Name: resources_id_seq; Type: SEQUENCE SET; Schema: public; Owner: postgres
--

SELECT pg_catalog.setval('resources_id_seq', 42, true);


--
-- Data for Name: session_elem_topologs; Type: TABLE DATA; Schema: public; Owner: postgres
--

COPY session_elem_topologs (id, process_id, session_id, front_elem_id, space_elem_id, hash, created_at, updated_at, space_id) FROM stdin;
391	85	332	399	\N		2016-06-29 13:26:00.433+05	2016-06-29 13:26:00.433+05	\N
392	85	332	400	\N		2016-06-29 13:26:08.259+05	2016-06-29 13:26:08.259+05	\N
393	85	333	401	\N		2016-06-29 13:26:00.433+05	2016-06-29 13:26:00.433+05	\N
394	85	333	402	\N		2016-06-29 13:26:08.259+05	2016-06-29 13:26:08.259+05	\N
395	93	334	403	\N		2016-04-22 08:25:38.577+05	2016-04-22 08:25:38.577+05	\N
396	93	334	404	\N		2016-04-22 08:39:13.79+05	2016-04-22 08:39:13.79+05	\N
397	93	334	405	\N		2016-04-24 19:18:42.509+05	2016-04-24 19:18:42.509+05	\N
398	93	334	406	\N		2016-06-17 06:18:09.698+05	2016-06-17 06:18:09.698+05	\N
399	93	334	407	\N		2016-06-17 06:18:33.148+05	2016-06-17 06:18:33.148+05	\N
400	117	335	408	\N		2016-07-05 07:51:25.801+05	2016-07-05 07:51:25.801+05	\N
401	117	335	409	\N		2016-07-05 08:00:37.718+05	2016-07-05 08:00:37.718+05	\N
402	117	336	410	\N		2016-07-05 07:51:25.801+05	2016-07-05 07:51:25.801+05	\N
403	117	336	411	\N		2016-07-05 08:00:37.718+05	2016-07-05 08:00:37.718+05	\N
421	109	343	429	\N		2016-07-09 07:18:33.803+05	2016-07-09 07:18:33.803+05	\N
422	109	343	430	\N		2016-07-09 07:19:00.022+05	2016-07-09 07:19:00.023+05	\N
423	109	343	431	\N		2016-07-09 09:10:39.663+05	2016-07-09 09:10:39.663+05	\N
424	122	344	432	\N		2016-07-16 12:10:11.615+05	2016-07-16 12:10:11.615+05	\N
425	93	345	433	\N		2016-04-22 08:25:38.577+05	2016-04-22 08:25:38.577+05	\N
426	93	345	434	\N		2016-04-22 08:39:13.79+05	2016-04-22 08:39:13.79+05	\N
427	93	345	435	\N		2016-04-24 19:18:42.509+05	2016-04-24 19:18:42.509+05	\N
428	93	345	436	\N		2016-06-17 06:18:09.698+05	2016-06-17 06:18:09.698+05	\N
429	93	345	437	\N		2016-06-17 06:18:33.148+05	2016-06-17 06:18:33.148+05	\N
430	123	346	438	\N		2016-07-16 12:29:45.473+05	2016-07-16 12:29:45.473+05	\N
431	124	347	439	\N		2016-07-16 12:30:09.227+05	2016-07-16 12:30:09.227+05	\N
432	124	347	440	\N		2016-07-16 12:30:16.619+05	2016-07-16 12:30:16.619+05	\N
433	88	348	441	\N		2016-03-06 17:03:16.962+05	2016-03-06 17:03:16.962+05	\N
434	88	348	442	\N		2016-03-06 17:38:50.946+05	2016-03-06 17:38:50.946+05	\N
435	88	348	443	\N		2016-03-06 17:43:01.766+05	2016-03-06 17:43:01.766+05	\N
436	88	348	444	\N		2016-03-06 17:43:29.551+05	2016-03-06 17:43:29.551+05	\N
437	88	348	445	\N		2016-03-06 17:43:47.673+05	2016-03-06 17:43:47.673+05	\N
438	88	348	446	\N		2016-03-06 17:44:18.481+05	2016-03-06 17:44:18.481+05	\N
439	88	348	447	\N		2016-03-06 17:44:33.197+05	2016-03-06 17:44:33.197+05	\N
440	88	348	448	\N		2016-03-06 17:44:50.744+05	2016-03-06 17:44:50.744+05	\N
441	74	349	449	\N		2015-10-10 04:49:54.422+05	2015-10-10 04:49:54.422+05	\N
442	74	349	450	\N		2015-10-10 04:50:05.015+05	2015-10-10 04:50:05.015+05	\N
443	74	349	\N	21		2015-10-10 04:50:17.394+05	2015-10-10 04:50:17.394+05	\N
444	74	349	451	\N		2015-10-10 04:50:31.963+05	2015-10-10 04:50:31.963+05	\N
445	74	349	\N	22		2015-10-10 04:50:50.346+05	2015-10-10 04:50:50.346+05	\N
456	87	355	462	\N		2016-07-20 11:01:45.368+05	2016-07-20 11:01:45.368+05	\N
457	87	355	463	\N		2016-07-20 11:01:55.029+05	2016-07-20 11:01:55.029+05	\N
458	87	356	464	\N		2016-07-20 11:01:45.368+05	2016-07-20 11:01:45.368+05	\N
459	87	356	465	\N		2016-07-20 11:01:55.029+05	2016-07-20 11:01:55.029+05	\N
460	87	357	466	\N		2016-07-20 11:01:45.368+05	2016-07-20 11:01:45.368+05	\N
461	87	357	467	\N		2016-07-20 11:01:55.029+05	2016-07-20 11:01:55.029+05	\N
462	85	358	468	\N		2016-06-29 13:26:00.433+05	2016-06-29 13:26:00.433+05	\N
463	85	358	469	\N		2016-06-29 13:26:08.259+05	2016-06-29 13:26:08.259+05	\N
464	86	359	470	\N		2016-07-22 02:42:30.194+05	2016-07-22 02:42:30.194+05	\N
465	86	360	471	\N		2016-07-22 02:42:30.194+05	2016-07-22 02:42:30.194+05	\N
466	125	361	472	\N		2016-08-17 18:43:29.362+05	2016-08-17 18:43:29.362+05	\N
467	125	361	473	\N		2016-08-17 18:43:51.957+05	2016-08-17 18:43:51.957+05	\N
468	126	362	474	\N		2016-08-18 21:33:44.222+05	2016-08-18 21:33:44.222+05	\N
469	126	362	475	\N		2016-08-18 21:33:52.166+05	2016-08-18 21:33:52.166+05	\N
470	126	362	476	\N		2016-08-18 21:42:14.714+05	2016-08-18 21:42:14.714+05	\N
471	126	362	478	\N		2016-08-18 21:42:21.339+05	2016-08-18 21:42:21.339+05	\N
472	126	362	477	\N		2016-08-18 21:42:28.882+05	2016-08-18 21:42:28.882+05	\N
473	126	362	479	\N		2016-08-18 21:42:55.513+05	2016-08-18 21:42:55.513+05	\N
474	126	362	480	\N		2016-08-18 21:43:06.046+05	2016-08-18 21:43:06.046+05	\N
475	126	362	481	\N		2016-08-18 21:43:12.686+05	2016-08-18 21:43:12.686+05	\N
476	88	363	482	\N		2016-03-06 17:03:16.962+05	2016-03-06 17:03:16.962+05	\N
477	88	363	483	\N		2016-03-06 17:38:50.946+05	2016-03-06 17:38:50.946+05	\N
478	88	363	484	\N		2016-03-06 17:43:01.766+05	2016-03-06 17:43:01.766+05	\N
479	88	363	485	\N		2016-03-06 17:43:29.551+05	2016-03-06 17:43:29.551+05	\N
480	88	363	486	\N		2016-03-06 17:43:47.673+05	2016-03-06 17:43:47.673+05	\N
481	88	363	487	\N		2016-03-06 17:44:18.481+05	2016-03-06 17:44:18.481+05	\N
482	88	363	488	\N		2016-03-06 17:44:33.197+05	2016-03-06 17:44:33.197+05	\N
483	88	363	489	\N		2016-03-06 17:44:50.744+05	2016-03-06 17:44:50.744+05	\N
\.


--
-- Name: session_elem_topologs_id_seq; Type: SEQUENCE SET; Schema: public; Owner: postgres
--

SELECT pg_catalog.setval('session_elem_topologs_id_seq', 483, true);


--
-- Data for Name: session_element_resources; Type: TABLE DATA; Schema: public; Owner: postgres
--

COPY session_element_resources (id, session_element_id, process_id, session_id, resource_id, entities, created_at, updated_at) FROM stdin;
38	393	85	333	39	ad092990-b3a6-4d51-9503-2ed8d5a51cbe	2016-07-02 23:40:50.017+05	2016-07-02 23:40:50.017+05
39	400	117	335	38	694d1260-1498-4e6a-83b0-07bbaaec8478	2016-07-16 14:15:43.749+05	2016-07-16 14:15:43.749+05
\.


--
-- Name: session_element_resources_id_seq; Type: SEQUENCE SET; Schema: public; Owner: postgres
--

SELECT pg_catalog.setval('session_element_resources_id_seq', 39, true);


--
-- Data for Name: session_initial_states; Type: TABLE DATA; Schema: public; Owner: postgres
--

COPY session_initial_states (id, process_id, session_id, title, neutral, is_process_state, "on", on_rate, ses_front_elem_id, ses_space_elem_id, ses_space_id, created_at, updated_at, lang, middle, middleable, oposite, opositable) FROM stdin;
1379	85	332	initiated	uninitiated	t	f	0	\N	\N	\N	2016-02-20 03:15:18.994+05	2016-02-20 03:15:18.994+05	en	initiating	t		f
1380	85	332	invoking	paused	t	f	0	\N	\N	\N	2016-02-20 03:15:18.994+05	2016-02-20 03:15:18.994+05	en	invoking	t		f
1381	85	332	finished	unfinished	t	f	0	\N	\N	\N	2016-02-20 03:15:18.994+05	2016-02-20 03:15:18.994+05	en	finishing	t		f
1382	85	332	invoked	uninvoked	f	f	0	399	\N	\N	2015-04-27 15:20:48.423+05	2015-04-27 15:20:48.423+05	en	invoking	t		f
1383	85	332	confirmed	unconfirmed	f	f	0	399	\N	\N	2015-04-27 15:20:48.489+05	2015-04-27 15:20:48.489+05	en	confirming	t		f
1384	85	332	finished	unfinished	f	f	0	399	\N	\N	2015-04-27 15:20:48.125+05	2015-04-27 15:20:48.125+05	en	finishing	f	'unfinished'	f
1385	85	332	invoked	uninvoked	f	f	0	400	\N	\N	2015-04-27 15:20:48.423+05	2015-04-27 15:20:48.423+05	en	invoking	t		f
1386	85	332	confirmed	unconfirmed	f	f	0	400	\N	\N	2015-04-27 15:20:48.489+05	2015-04-27 15:20:48.489+05	en	confirming	t		f
1387	85	332	finished	unfinished	f	f	0	400	\N	\N	2015-04-27 15:20:48.125+05	2015-04-27 15:20:48.125+05	en	finishing	f	'unfinished'	f
1388	85	333	initiated	uninitiated	t	f	0	\N	\N	\N	2016-02-20 03:15:18.994+05	2016-02-20 03:15:18.994+05	en	initiating	t		f
1389	85	333	invoking	paused	t	f	0	\N	\N	\N	2016-02-20 03:15:18.994+05	2016-02-20 03:15:18.994+05	en	invoking	t		f
1390	85	333	finished	unfinished	t	f	0	\N	\N	\N	2016-02-20 03:15:18.994+05	2016-02-20 03:15:18.994+05	en	finishing	t		f
1391	85	333	invoked	uninvoked	f	f	0	401	\N	\N	2015-04-27 15:20:48.423+05	2015-04-27 15:20:48.423+05	en	invoking	t		f
1392	85	333	confirmed	unconfirmed	f	f	0	401	\N	\N	2015-04-27 15:20:48.489+05	2015-04-27 15:20:48.489+05	en	confirming	t		f
1393	85	333	finished	unfinished	f	f	0	401	\N	\N	2015-04-27 15:20:48.125+05	2015-04-27 15:20:48.125+05	en	finishing	f	'unfinished'	f
1394	85	333	invoked	uninvoked	f	f	0	402	\N	\N	2015-04-27 15:20:48.423+05	2015-04-27 15:20:48.423+05	en	invoking	t		f
1395	85	333	confirmed	unconfirmed	f	f	0	402	\N	\N	2015-04-27 15:20:48.489+05	2015-04-27 15:20:48.489+05	en	confirming	t		f
1396	85	333	finished	unfinished	f	f	0	402	\N	\N	2015-04-27 15:20:48.125+05	2015-04-27 15:20:48.125+05	en	finishing	f	'unfinished'	f
1397	93	334	initiated	uninitiated	t	f	0	\N	\N	\N	2016-04-22 08:23:58.435+05	2016-04-22 08:23:58.435+05	en	initiating	t		f
1398	93	334	invoking	paused	t	f	0	\N	\N	\N	2016-04-22 08:23:58.439+05	2016-04-22 08:23:58.439+05	en	invoking	t		f
1399	93	334	finished	unfinished	t	f	0	\N	\N	\N	2016-04-22 08:23:58.439+05	2016-04-22 08:23:58.439+05	en	finishing	t		f
1400	93	334	invoked	uninvoked	f	f	0	403	\N	\N	2015-04-27 15:20:48.423+05	2015-04-27 15:20:48.423+05	en	invoking	t		f
1401	93	334	confirmed	unconfirmed	f	f	0	403	\N	\N	2015-04-27 15:20:48.489+05	2015-04-27 15:20:48.489+05	en	confirming	t		f
1402	93	334	invoked	uninvoked	f	f	0	404	\N	\N	2015-04-27 15:20:48.423+05	2015-04-27 15:20:48.423+05	en	invoking	t		f
1403	93	334	confirmed	unconfirmed	f	f	0	404	\N	\N	2015-04-27 15:20:48.489+05	2015-04-27 15:20:48.489+05	en	confirming	t		f
1404	93	334	invoked	uninvoked	f	f	0	405	\N	\N	2015-04-27 15:20:48.423+05	2015-04-27 15:20:48.423+05	en	invoking	t		f
1405	93	334	confirmed	unconfirmed	f	f	0	405	\N	\N	2015-04-27 15:20:48.489+05	2015-04-27 15:20:48.489+05	en	confirming	t		f
1406	93	334	confirmed	unconfirmed	f	f	0	406	\N	\N	2015-04-27 15:20:48.489+05	2015-04-27 15:20:48.489+05	en	confirming	t		f
1407	93	334	invoked	uninvoked	f	f	0	407	\N	\N	2015-04-27 15:20:48.423+05	2015-04-27 15:20:48.423+05	en	invoking	t		f
1408	93	334	confirmed	unconfirmed	f	f	0	407	\N	\N	2015-04-27 15:20:48.489+05	2015-04-27 15:20:48.489+05	en	confirming	t		f
1409	117	335	invoked	uninvoked	f	f	0	408	\N	\N	2015-04-27 15:20:48.423+05	2015-04-27 15:20:48.423+05	en	invoking	t		f
1410	117	335	confirmed	unconfirmed	f	f	0	408	\N	\N	2015-04-27 15:20:48.489+05	2015-04-27 15:20:48.489+05	en	confirming	t		f
1411	117	335	finished	unfinished	f	f	0	408	\N	\N	2015-04-27 15:20:48.125+05	2015-04-27 15:20:48.125+05	en	finishing	f	'unfinished'	f
1412	117	335	invoked	uninvoked	f	f	0	409	\N	\N	2015-04-27 15:20:48.423+05	2015-04-27 15:20:48.423+05	en	invoking	t		f
1413	117	335	confirmed	unconfirmed	f	f	0	409	\N	\N	2015-04-27 15:20:48.489+05	2015-04-27 15:20:48.489+05	en	confirming	t		f
1414	117	335	finished	unfinished	f	f	0	409	\N	\N	2015-04-27 15:20:48.125+05	2015-04-27 15:20:48.125+05	en	finishing	f	'unfinished'	f
1415	117	335	initiated	uninitiated	t	f	0	\N	\N	\N	2016-06-25 16:19:17.386+05	2016-06-25 16:19:17.386+05	en	initiating	t		f
1416	117	335	invoking	paused	t	f	0	\N	\N	\N	2016-06-25 16:19:17.386+05	2016-06-25 16:19:17.386+05	en	invoking	t		f
1417	117	335	finished	unfinished	t	f	0	\N	\N	\N	2016-06-25 16:19:17.386+05	2016-06-25 16:19:17.386+05	en	finishing	t		f
1418	117	336	invoked	uninvoked	f	f	0	410	\N	\N	2015-04-27 15:20:48.423+05	2015-04-27 15:20:48.423+05	en	invoking	t		f
1419	117	336	confirmed	unconfirmed	f	f	0	410	\N	\N	2015-04-27 15:20:48.489+05	2015-04-27 15:20:48.489+05	en	confirming	t		f
1420	117	336	finished	unfinished	f	f	0	410	\N	\N	2015-04-27 15:20:48.125+05	2015-04-27 15:20:48.125+05	en	finishing	f	'unfinished'	f
1421	117	336	invoked	uninvoked	f	f	0	411	\N	\N	2015-04-27 15:20:48.423+05	2015-04-27 15:20:48.423+05	en	invoking	t		f
1422	117	336	confirmed	unconfirmed	f	f	0	411	\N	\N	2015-04-27 15:20:48.489+05	2015-04-27 15:20:48.489+05	en	confirming	t		f
1423	117	336	finished	unfinished	f	f	0	411	\N	\N	2015-04-27 15:20:48.125+05	2015-04-27 15:20:48.125+05	en	finishing	f	'unfinished'	f
1424	117	336	initiated	uninitiated	t	f	0	\N	\N	\N	2016-06-25 16:19:17.386+05	2016-06-25 16:19:17.386+05	en	initiating	t		f
1425	117	336	invoking	paused	t	f	0	\N	\N	\N	2016-06-25 16:19:17.386+05	2016-06-25 16:19:17.386+05	en	invoking	t		f
1426	117	336	finished	unfinished	t	f	0	\N	\N	\N	2016-06-25 16:19:17.386+05	2016-06-25 16:19:17.386+05	en	finishing	t		f
1514	93	345	initiated	uninitiated	t	f	0	\N	\N	\N	2016-04-22 08:23:58.435+05	2016-04-22 08:23:58.435+05	en	initiating	t		f
1521	93	345	invoked	uninvoked	f	f	0	435	\N	\N	2015-04-27 15:20:48.423+05	2015-04-27 15:20:48.423+05	en	invoking	t		f
1523	93	345	confirmed	unconfirmed	f	f	0	436	\N	\N	2015-04-27 15:20:48.489+05	2015-04-27 15:20:48.489+05	en	confirming	t		f
1525	93	345	confirmed	unconfirmed	f	f	0	437	\N	\N	2015-04-27 15:20:48.489+05	2015-04-27 15:20:48.489+05	en	confirming	t		f
1527	123	346	invoking	paused	t	f	0	\N	\N	\N	2016-07-16 12:29:29.25+05	2016-07-16 12:29:29.25+05	en	invoking	t		f
1530	123	346	confirmed	unconfirmed	f	f	0	438	\N	\N	2015-04-27 15:20:48.489+05	2015-04-27 15:20:48.489+05	en	confirming	t		f
1534	124	347	finished	unfinished	t	f	0	\N	\N	\N	2016-07-16 12:29:55.194+05	2016-07-16 12:29:55.194+05	en	finishing	t		f
1540	124	347	finished	unfinished	f	f	0	440	\N	\N	2015-04-27 15:20:48.125+05	2015-04-27 15:20:48.125+05	en	finishing	f	'unfinished'	f
1541	88	348	initiated	uninitiated	t	f	0	\N	\N	\N	2016-03-05 16:13:10.878+05	2016-03-05 16:13:10.878+05	en	initiating	t		f
1552	88	348	invoked	uninvoked	f	f	0	445	\N	\N	2015-04-27 15:20:48.423+05	2015-04-27 15:20:48.423+05	en	invoking	t		f
1556	88	348	invoked	uninvoked	f	f	0	447	\N	\N	2015-04-27 15:20:48.423+05	2015-04-27 15:20:48.423+05	en	invoking	t		f
1622	87	355	invoked	uninvoked	f	f	0	462	\N	\N	\N	\N	en		f		f
1624	87	355	invoked	uninvoked	f	f	0	463	\N	\N	2015-04-27 15:20:48.423+05	2015-04-27 15:20:48.423+05	en	invoking	t		f
1631	87	356	invoked	uninvoked	f	f	0	464	\N	\N	\N	\N	en		f		f
1639	87	357	initiated	uninitiated	f	f	0	466	\N	\N	\N	\N	en		f		f
1642	87	357	invoked	uninvoked	f	f	0	467	\N	\N	2015-04-27 15:20:48.423+05	2015-04-27 15:20:48.423+05	en	invoking	t		f
1654	86	359	initiated	uninitiated	t	f	0	\N	\N	\N	2016-03-04 18:08:00.965+05	2016-03-04 18:08:00.965+05	en	initiating	t		f
1656	86	359	finished	unfinished	t	f	0	\N	\N	\N	2016-03-04 18:08:00.966+05	2016-03-04 18:08:00.966+05	en	finishing	t		f
1657	86	359	initiated	uninitiated	f	f	0	470	\N	\N	\N	\N	en		f		f
1666	125	361	initiated	uninitiated	t	f	0	\N	\N	\N	2016-08-17 18:43:09.296+05	2016-08-17 18:43:09.296+05	en	initiating	t		f
1675	126	362	initiated	uninitiated	t	f	0	\N	\N	\N	2016-08-18 21:33:11.494+05	2016-08-18 21:33:11.494+05	en	initiating	t		f
1680	126	362	finished	unfinished	f	f	0	474	\N	\N	2015-04-27 15:20:48.125+05	2015-04-27 15:20:48.125+05	en	finishing	f	'unfinished'	f
1515	93	345	invoking	paused	t	f	0	\N	\N	\N	2016-04-22 08:23:58.439+05	2016-04-22 08:23:58.439+05	en	invoking	t		f
1536	124	347	confirmed	unconfirmed	f	f	0	439	\N	\N	2015-04-27 15:20:48.489+05	2015-04-27 15:20:48.489+05	en	confirming	t		f
1542	88	348	invoking	paused	t	f	0	\N	\N	\N	2016-03-05 16:13:10.878+05	2016-03-05 16:13:10.878+05	en	invoking	t		f
1546	88	348	invoked	uninvoked	f	f	0	442	\N	\N	2015-04-27 15:20:48.423+05	2015-04-27 15:20:48.423+05	en	invoking	t		f
1547	88	348	confirmed	unconfirmed	f	f	0	442	\N	\N	2015-04-27 15:20:48.489+05	2015-04-27 15:20:48.489+05	en	confirming	t		f
1548	88	348	invoked	uninvoked	f	f	0	443	\N	\N	2015-04-27 15:20:48.423+05	2015-04-27 15:20:48.423+05	en	invoking	t		f
1551	88	348	confirmed	unconfirmed	f	f	0	444	\N	\N	2015-04-27 15:20:48.489+05	2015-04-27 15:20:48.489+05	en	confirming	t		f
1555	88	348	confirmed	unconfirmed	f	f	0	446	\N	\N	2015-04-27 15:20:48.489+05	2015-04-27 15:20:48.489+05	en	confirming	t		f
1558	88	348	invoked	uninvoked	f	f	0	448	\N	\N	2015-04-27 15:20:48.423+05	2015-04-27 15:20:48.423+05	en	invoking	t		f
1560	74	349	initiated	uninitiated	t	f	0	\N	\N	\N	2015-10-10 04:48:58.73+05	2015-10-10 04:48:58.73+05	en	initiating	t		f
1561	74	349	invoking	paused	t	f	0	\N	\N	\N	2015-10-10 04:48:58.73+05	2015-10-10 04:48:58.73+05	en	invoking	t		f
1562	74	349	finished	unfinished	t	f	0	\N	\N	\N	2015-10-10 04:48:58.73+05	2015-10-10 04:48:58.73+05	en	finishing	t		f
1563	74	349	invoked	uninvoked	f	f	0	449	\N	\N	2015-04-27 15:20:48.423+05	2015-04-27 15:20:48.423+05	en	invoking	t		f
1564	74	349	confirmed	unconfirmed	f	f	0	449	\N	\N	2015-04-27 15:20:48.489+05	2015-04-27 15:20:48.489+05	en	confirming	t		f
1566	74	349	lap	unlap	f	f	0	\N	\N	28	2015-04-27 15:20:47.853+05	2015-04-27 15:20:47.853+05	en		f		f
1567	74	349	invoked	uninvoked	f	f	0	\N	21	\N	2015-04-27 15:20:48.423+05	2015-04-27 15:20:48.423+05	en	invoking	t		f
1569	74	349	invoked	uninvoked	f	f	0	451	\N	\N	2015-04-27 15:20:47.42+05	2015-04-27 15:20:47.42+05	en	invoking	t		f
1570	74	349	lap	unlap	f	f	0	\N	\N	29	2015-04-27 15:20:47.853+05	2015-04-27 15:20:47.853+05	en		f		f
1572	74	349	confirmed	unconfirmed	f	f	0	\N	22	\N	2015-04-27 15:20:48.489+05	2015-04-27 15:20:48.489+05	en	confirming	t		f
1618	87	355	initiated	uninitiated	t	f	0	\N	\N	\N	2016-03-04 23:32:28.464+05	2016-03-04 23:32:28.464+05	en	initiating	t		f
1623	87	355	finished	unfinished	f	f	0	462	\N	\N	\N	\N	en		f		f
1632	87	356	finished	unfinished	f	f	0	464	\N	\N	\N	\N	en		f		f
1635	87	356	finished	unfinished	f	f	0	465	\N	\N	2015-04-27 15:20:48.125+05	2015-04-27 15:20:48.125+05	en	finishing	f	'unfinished'	f
1645	85	358	initiated	uninitiated	t	f	0	\N	\N	\N	2016-02-20 03:15:18.994+05	2016-02-20 03:15:18.994+05	en	initiating	t		f
1646	85	358	invoking	paused	t	f	0	\N	\N	\N	2016-02-20 03:15:18.994+05	2016-02-20 03:15:18.994+05	en	invoking	t		f
1648	85	358	invoked	uninvoked	f	f	0	468	\N	\N	2015-04-27 15:20:48.423+05	2015-04-27 15:20:48.423+05	en	invoking	t		f
1650	85	358	finished	unfinished	f	f	0	468	\N	\N	2015-04-27 15:20:48.125+05	2015-04-27 15:20:48.125+05	en	finishing	f	'unfinished'	f
1655	86	359	invoking	paused	t	f	0	\N	\N	\N	2016-03-04 18:08:00.966+05	2016-03-04 18:08:00.966+05	en	invoking	t		f
1658	86	359	invoked	uninvoked	f	f	0	470	\N	\N	\N	\N	en		f		f
1667	125	361	invoking	paused	t	f	0	\N	\N	\N	2016-08-17 18:43:09.296+05	2016-08-17 18:43:09.296+05	en	invoking	t		f
1670	125	361	confirmed	unconfirmed	f	f	0	472	\N	\N	2015-04-27 15:20:48.489+05	2015-04-27 15:20:48.489+05	en	confirming	t		f
1672	125	361	invoked	uninvoked	f	f	0	473	\N	\N	2015-04-27 15:20:48.423+05	2015-04-27 15:20:48.423+05	en	invoking	t		f
1676	126	362	invoking	paused	t	f	0	\N	\N	\N	2016-08-18 21:33:11.494+05	2016-08-18 21:33:11.494+05	en	invoking	t		f
1679	126	362	confirmed	unconfirmed	f	f	0	474	\N	\N	2015-04-27 15:20:48.489+05	2015-04-27 15:20:48.489+05	en	confirming	t		f
1682	126	362	confirmed	unconfirmed	f	f	0	475	\N	\N	2015-04-27 15:20:48.489+05	2015-04-27 15:20:48.489+05	en	confirming	t		f
1683	126	362	finished	unfinished	f	f	0	475	\N	\N	2015-04-27 15:20:48.125+05	2015-04-27 15:20:48.125+05	en	finishing	f	'unfinished'	f
1684	126	362	invoked	uninvoked	f	f	0	476	\N	\N	2015-04-27 15:20:48.423+05	2015-04-27 15:20:48.423+05	en	invoking	t		f
1688	126	362	confirmed	unconfirmed	f	f	0	478	\N	\N	2015-04-27 15:20:48.489+05	2015-04-27 15:20:48.489+05	en	confirming	t		f
1689	126	362	finished	unfinished	f	f	0	478	\N	\N	2015-04-27 15:20:48.125+05	2015-04-27 15:20:48.125+05	en	finishing	f	'unfinished'	f
1690	126	362	invoked	uninvoked	f	f	0	477	\N	\N	2015-04-27 15:20:48.423+05	2015-04-27 15:20:48.423+05	en	invoking	t		f
1693	126	362	invoked	uninvoked	f	f	0	479	\N	\N	2015-04-27 15:20:48.423+05	2015-04-27 15:20:48.423+05	en	invoking	t		f
1694	126	362	confirmed	unconfirmed	f	f	0	479	\N	\N	2015-04-27 15:20:48.489+05	2015-04-27 15:20:48.489+05	en	confirming	t		f
1695	126	362	finished	unfinished	f	f	0	479	\N	\N	2015-04-27 15:20:48.125+05	2015-04-27 15:20:48.125+05	en	finishing	f	'unfinished'	f
1696	126	362	invoked	uninvoked	f	f	0	480	\N	\N	2015-04-27 15:20:48.423+05	2015-04-27 15:20:48.423+05	en	invoking	t		f
1699	126	362	invoked	uninvoked	f	f	0	481	\N	\N	2015-04-27 15:20:48.423+05	2015-04-27 15:20:48.423+05	en	invoking	t		f
1700	126	362	confirmed	unconfirmed	f	f	0	481	\N	\N	2015-04-27 15:20:48.489+05	2015-04-27 15:20:48.489+05	en	confirming	t		f
1704	88	363	finished	unfinished	t	f	0	\N	\N	\N	2016-03-05 16:13:10.878+05	2016-03-05 16:13:10.878+05	en	finishing	t		f
1708	88	363	confirmed	unconfirmed	f	f	0	483	\N	\N	2015-04-27 15:20:48.489+05	2015-04-27 15:20:48.489+05	en	confirming	t		f
1710	88	363	confirmed	unconfirmed	f	f	0	484	\N	\N	2015-04-27 15:20:48.489+05	2015-04-27 15:20:48.489+05	en	confirming	t		f
1713	88	363	invoked	uninvoked	f	f	0	486	\N	\N	2015-04-27 15:20:48.423+05	2015-04-27 15:20:48.423+05	en	invoking	t		f
1714	88	363	confirmed	unconfirmed	f	f	0	486	\N	\N	2015-04-27 15:20:48.489+05	2015-04-27 15:20:48.489+05	en	confirming	t		f
1516	93	345	finished	unfinished	t	f	0	\N	\N	\N	2016-04-22 08:23:58.439+05	2016-04-22 08:23:58.439+05	en	finishing	t		f
1518	93	345	confirmed	unconfirmed	f	f	0	433	\N	\N	2015-04-27 15:20:48.489+05	2015-04-27 15:20:48.489+05	en	confirming	t		f
1526	123	346	initiated	uninitiated	t	f	0	\N	\N	\N	2016-07-16 12:29:29.25+05	2016-07-16 12:29:29.25+05	en	initiating	t		f
1539	124	347	confirmed	unconfirmed	f	f	0	440	\N	\N	2015-04-27 15:20:48.489+05	2015-04-27 15:20:48.489+05	en	confirming	t		f
1543	88	348	finished	unfinished	t	f	0	\N	\N	\N	2016-03-05 16:13:10.878+05	2016-03-05 16:13:10.878+05	en	finishing	t		f
1565	74	349	invoked	uninvoked	f	f	0	450	\N	\N	2015-04-27 15:20:47.42+05	2015-04-27 15:20:47.42+05	en	invoking	t		f
1568	74	349	confirmed	unconfirmed	f	f	0	\N	21	\N	2015-04-27 15:20:48.489+05	2015-04-27 15:20:48.489+05	en	confirming	t		f
1571	74	349	invoked	uninvoked	f	f	0	\N	22	\N	2015-04-27 15:20:48.423+05	2015-04-27 15:20:48.423+05	en	invoking	t		f
1626	87	355	finished	unfinished	f	f	0	463	\N	\N	2015-04-27 15:20:48.125+05	2015-04-27 15:20:48.125+05	en	finishing	f	'unfinished'	f
1636	87	357	initiated	uninitiated	t	f	0	\N	\N	\N	2016-03-04 23:32:28.464+05	2016-03-04 23:32:28.464+05	en	initiating	t		f
1643	87	357	confirmed	unconfirmed	f	f	0	467	\N	\N	2015-04-27 15:20:48.489+05	2015-04-27 15:20:48.489+05	en	confirming	t		f
1647	85	358	finished	unfinished	t	f	0	\N	\N	\N	2016-02-20 03:15:18.994+05	2016-02-20 03:15:18.994+05	en	finishing	t		f
1649	85	358	confirmed	unconfirmed	f	f	0	468	\N	\N	2015-04-27 15:20:48.489+05	2015-04-27 15:20:48.489+05	en	confirming	t		f
1659	86	359	finished	unfinished	f	f	0	470	\N	\N	\N	\N	en		f		f
1668	125	361	finished	unfinished	t	f	0	\N	\N	\N	2016-08-17 18:43:09.296+05	2016-08-17 18:43:09.296+05	en	finishing	t		f
1669	125	361	invoked	uninvoked	f	f	0	472	\N	\N	2015-04-27 15:20:48.423+05	2015-04-27 15:20:48.423+05	en	invoking	t		f
1674	125	361	finished	unfinished	f	f	0	473	\N	\N	2015-04-27 15:20:48.125+05	2015-04-27 15:20:48.125+05	en	finishing	f	'unfinished'	f
1677	126	362	finished	unfinished	t	f	0	\N	\N	\N	2016-08-18 21:33:11.494+05	2016-08-18 21:33:11.494+05	en	finishing	t		f
1685	126	362	confirmed	unconfirmed	f	f	0	476	\N	\N	2015-04-27 15:20:48.489+05	2015-04-27 15:20:48.489+05	en	confirming	t		f
1686	126	362	finished	unfinished	f	f	0	476	\N	\N	2015-04-27 15:20:48.125+05	2015-04-27 15:20:48.125+05	en	finishing	f	'unfinished'	f
1697	126	362	confirmed	unconfirmed	f	f	0	480	\N	\N	2015-04-27 15:20:48.489+05	2015-04-27 15:20:48.489+05	en	confirming	t		f
1705	88	363	invoked	uninvoked	f	f	0	482	\N	\N	2015-04-27 15:20:48.423+05	2015-04-27 15:20:48.423+05	en	invoking	t		f
1707	88	363	invoked	uninvoked	f	f	0	483	\N	\N	2015-04-27 15:20:48.423+05	2015-04-27 15:20:48.423+05	en	invoking	t		f
1711	88	363	invoked	uninvoked	f	f	0	485	\N	\N	2015-04-27 15:20:48.423+05	2015-04-27 15:20:48.423+05	en	invoking	t		f
1517	93	345	invoked	uninvoked	f	f	0	433	\N	\N	2015-04-27 15:20:48.423+05	2015-04-27 15:20:48.423+05	en	invoking	t		f
1519	93	345	invoked	uninvoked	f	f	0	434	\N	\N	2015-04-27 15:20:48.423+05	2015-04-27 15:20:48.423+05	en	invoking	t		f
1522	93	345	confirmed	unconfirmed	f	f	0	435	\N	\N	2015-04-27 15:20:48.489+05	2015-04-27 15:20:48.489+05	en	confirming	t		f
1524	93	345	invoked	uninvoked	f	f	0	437	\N	\N	2015-04-27 15:20:48.423+05	2015-04-27 15:20:48.423+05	en	invoking	t		f
1529	123	346	invoked	uninvoked	f	f	0	438	\N	\N	2015-04-27 15:20:48.423+05	2015-04-27 15:20:48.423+05	en	invoking	t		f
1531	123	346	finished	unfinished	f	f	0	438	\N	\N	2015-04-27 15:20:48.125+05	2015-04-27 15:20:48.125+05	en	finishing	f	'unfinished'	f
1532	124	347	initiated	uninitiated	t	f	0	\N	\N	\N	2016-07-16 12:29:55.194+05	2016-07-16 12:29:55.194+05	en	initiating	t		f
1535	124	347	invoked	uninvoked	f	f	0	439	\N	\N	2015-04-27 15:20:48.423+05	2015-04-27 15:20:48.423+05	en	invoking	t		f
1537	124	347	finished	unfinished	f	f	0	439	\N	\N	2015-04-27 15:20:48.125+05	2015-04-27 15:20:48.125+05	en	finishing	f	'unfinished'	f
1538	124	347	invoked	uninvoked	f	f	0	440	\N	\N	2015-04-27 15:20:48.423+05	2015-04-27 15:20:48.423+05	en	invoking	t		f
1544	88	348	invoked	uninvoked	f	f	0	441	\N	\N	2015-04-27 15:20:48.423+05	2015-04-27 15:20:48.423+05	en	invoking	t		f
1545	88	348	confirmed	unconfirmed	f	f	0	441	\N	\N	2015-04-27 15:20:48.489+05	2015-04-27 15:20:48.489+05	en	confirming	t		f
1549	88	348	confirmed	unconfirmed	f	f	0	443	\N	\N	2015-04-27 15:20:48.489+05	2015-04-27 15:20:48.489+05	en	confirming	t		f
1554	88	348	invoked	uninvoked	f	f	0	446	\N	\N	2015-04-27 15:20:48.423+05	2015-04-27 15:20:48.423+05	en	invoking	t		f
1620	87	355	finished	unfinished	t	f	0	\N	\N	\N	2016-03-04 23:32:28.464+05	2016-03-04 23:32:28.464+05	en	finishing	t		f
1625	87	355	confirmed	unconfirmed	f	f	0	463	\N	\N	2015-04-27 15:20:48.489+05	2015-04-27 15:20:48.489+05	en	confirming	t		f
1627	87	356	initiated	uninitiated	t	f	0	\N	\N	\N	2016-03-04 23:32:28.464+05	2016-03-04 23:32:28.464+05	en	initiating	t		f
1630	87	356	initiated	uninitiated	f	f	0	464	\N	\N	\N	\N	en		f		f
1637	87	357	invoking	paused	t	f	0	\N	\N	\N	2016-03-04 23:32:28.464+05	2016-03-04 23:32:28.464+05	en	invoking	t		f
1640	87	357	invoked	uninvoked	f	f	0	466	\N	\N	\N	\N	en		f		f
1651	85	358	invoked	uninvoked	f	f	0	469	\N	\N	2015-04-27 15:20:48.423+05	2015-04-27 15:20:48.423+05	en	invoking	t		f
1653	85	358	finished	unfinished	f	f	0	469	\N	\N	2015-04-27 15:20:48.125+05	2015-04-27 15:20:48.125+05	en	finishing	f	'unfinished'	f
1660	86	360	initiated	uninitiated	t	f	0	\N	\N	\N	2016-03-04 18:08:00.965+05	2016-03-04 18:08:00.965+05	en	initiating	t		f
1661	86	360	invoking	paused	t	f	0	\N	\N	\N	2016-03-04 18:08:00.966+05	2016-03-04 18:08:00.966+05	en	invoking	t		f
1662	86	360	finished	unfinished	t	f	0	\N	\N	\N	2016-03-04 18:08:00.966+05	2016-03-04 18:08:00.966+05	en	finishing	t		f
1663	86	360	initiated	uninitiated	f	f	0	471	\N	\N	\N	\N	en		f		f
1664	86	360	invoked	uninvoked	f	f	0	471	\N	\N	\N	\N	en		f		f
1665	86	360	finished	unfinished	f	f	0	471	\N	\N	\N	\N	en		f		f
1671	125	361	finished	unfinished	f	f	0	472	\N	\N	2015-04-27 15:20:48.125+05	2015-04-27 15:20:48.125+05	en	finishing	f	'unfinished'	f
1678	126	362	invoked	uninvoked	f	f	0	474	\N	\N	2015-04-27 15:20:48.423+05	2015-04-27 15:20:48.423+05	en	invoking	t		f
1687	126	362	invoked	uninvoked	f	f	0	478	\N	\N	2015-04-27 15:20:48.423+05	2015-04-27 15:20:48.423+05	en	invoking	t		f
1698	126	362	finished	unfinished	f	f	0	480	\N	\N	2015-04-27 15:20:48.125+05	2015-04-27 15:20:48.125+05	en	finishing	f	'unfinished'	f
1702	88	363	initiated	uninitiated	t	f	0	\N	\N	\N	2016-03-05 16:13:10.878+05	2016-03-05 16:13:10.878+05	en	initiating	t		f
1706	88	363	confirmed	unconfirmed	f	f	0	482	\N	\N	2015-04-27 15:20:48.489+05	2015-04-27 15:20:48.489+05	en	confirming	t		f
1712	88	363	confirmed	unconfirmed	f	f	0	485	\N	\N	2015-04-27 15:20:48.489+05	2015-04-27 15:20:48.489+05	en	confirming	t		f
1715	88	363	invoked	uninvoked	f	f	0	487	\N	\N	2015-04-27 15:20:48.423+05	2015-04-27 15:20:48.423+05	en	invoking	t		f
1719	88	363	invoked	uninvoked	f	f	0	489	\N	\N	2015-04-27 15:20:48.423+05	2015-04-27 15:20:48.423+05	en	invoking	t		f
1720	88	363	confirmed	unconfirmed	f	f	0	489	\N	\N	2015-04-27 15:20:48.489+05	2015-04-27 15:20:48.489+05	en	confirming	t		f
1520	93	345	confirmed	unconfirmed	f	f	0	434	\N	\N	2015-04-27 15:20:48.489+05	2015-04-27 15:20:48.489+05	en	confirming	t		f
1528	123	346	finished	unfinished	t	f	0	\N	\N	\N	2016-07-16 12:29:29.25+05	2016-07-16 12:29:29.25+05	en	finishing	t		f
1533	124	347	invoking	paused	t	f	0	\N	\N	\N	2016-07-16 12:29:55.194+05	2016-07-16 12:29:55.194+05	en	invoking	t		f
1550	88	348	invoked	uninvoked	f	f	0	444	\N	\N	2015-04-27 15:20:48.423+05	2015-04-27 15:20:48.423+05	en	invoking	t		f
1553	88	348	confirmed	unconfirmed	f	f	0	445	\N	\N	2015-04-27 15:20:48.489+05	2015-04-27 15:20:48.489+05	en	confirming	t		f
1557	88	348	confirmed	unconfirmed	f	f	0	447	\N	\N	2015-04-27 15:20:48.489+05	2015-04-27 15:20:48.489+05	en	confirming	t		f
1559	88	348	confirmed	unconfirmed	f	f	0	448	\N	\N	2015-04-27 15:20:48.489+05	2015-04-27 15:20:48.489+05	en	confirming	t		f
1619	87	355	invoking	paused	t	f	0	\N	\N	\N	2016-03-04 23:32:28.464+05	2016-03-04 23:32:28.464+05	en	invoking	t		f
1621	87	355	initiated	uninitiated	f	f	0	462	\N	\N	\N	\N	en		f		f
1628	87	356	invoking	paused	t	f	0	\N	\N	\N	2016-03-04 23:32:28.464+05	2016-03-04 23:32:28.464+05	en	invoking	t		f
1629	87	356	finished	unfinished	t	f	0	\N	\N	\N	2016-03-04 23:32:28.464+05	2016-03-04 23:32:28.464+05	en	finishing	t		f
1633	87	356	invoked	uninvoked	f	f	0	465	\N	\N	2015-04-27 15:20:48.423+05	2015-04-27 15:20:48.423+05	en	invoking	t		f
1634	87	356	confirmed	unconfirmed	f	f	0	465	\N	\N	2015-04-27 15:20:48.489+05	2015-04-27 15:20:48.489+05	en	confirming	t		f
1638	87	357	finished	unfinished	t	f	0	\N	\N	\N	2016-03-04 23:32:28.464+05	2016-03-04 23:32:28.464+05	en	finishing	t		f
1641	87	357	finished	unfinished	f	f	0	466	\N	\N	\N	\N	en		f		f
1644	87	357	finished	unfinished	f	f	0	467	\N	\N	2015-04-27 15:20:48.125+05	2015-04-27 15:20:48.125+05	en	finishing	f	'unfinished'	f
1652	85	358	confirmed	unconfirmed	f	f	0	469	\N	\N	2015-04-27 15:20:48.489+05	2015-04-27 15:20:48.489+05	en	confirming	t		f
1673	125	361	confirmed	unconfirmed	f	f	0	473	\N	\N	2015-04-27 15:20:48.489+05	2015-04-27 15:20:48.489+05	en	confirming	t		f
1681	126	362	invoked	uninvoked	f	f	0	475	\N	\N	2015-04-27 15:20:48.423+05	2015-04-27 15:20:48.423+05	en	invoking	t		f
1691	126	362	confirmed	unconfirmed	f	f	0	477	\N	\N	2015-04-27 15:20:48.489+05	2015-04-27 15:20:48.489+05	en	confirming	t		f
1692	126	362	finished	unfinished	f	f	0	477	\N	\N	2015-04-27 15:20:48.125+05	2015-04-27 15:20:48.125+05	en	finishing	f	'unfinished'	f
1701	126	362	finished	unfinished	f	f	0	481	\N	\N	2015-04-27 15:20:48.125+05	2015-04-27 15:20:48.125+05	en	finishing	f	'unfinished'	f
1703	88	363	invoking	paused	t	f	0	\N	\N	\N	2016-03-05 16:13:10.878+05	2016-03-05 16:13:10.878+05	en	invoking	t		f
1709	88	363	invoked	uninvoked	f	f	0	484	\N	\N	2015-04-27 15:20:48.423+05	2015-04-27 15:20:48.423+05	en	invoking	t		f
1716	88	363	confirmed	unconfirmed	f	f	0	487	\N	\N	2015-04-27 15:20:48.489+05	2015-04-27 15:20:48.489+05	en	confirming	t		f
1496	109	343	initiated	uninitiated	f	f	0	429	\N	\N	\N	\N	en		f		f
1497	109	343	invoked	uninvoked	f	f	0	429	\N	\N	\N	\N	en		f		f
1498	109	343	finished	unfinished	f	f	0	429	\N	\N	\N	\N	en		f		f
1499	109	343	initiated	uninitiated	f	f	0	430	\N	\N	\N	\N	en		f		f
1500	109	343	invoked	uninvoked	f	f	0	430	\N	\N	\N	\N	en		f		f
1501	109	343	finished	unfinished	f	f	0	430	\N	\N	\N	\N	en		f		f
1502	109	343	initiated	uninitiated	f	f	0	431	\N	\N	\N	\N	en		f		f
1503	109	343	invoked	uninvoked	f	f	0	431	\N	\N	\N	\N	en		f		f
1504	109	343	finished	unfinished	f	f	0	431	\N	\N	\N	\N	en		f		f
1505	109	343	initiated	uninitiated	t	f	0	\N	\N	\N	2016-06-25 15:26:47.944+05	2016-06-25 15:26:47.944+05	en	initiating	t		f
1506	109	343	invoking	paused	t	f	0	\N	\N	\N	2016-06-25 15:26:47.944+05	2016-06-25 15:26:47.944+05	en	invoking	t		f
1507	109	343	finished	unfinished	t	f	0	\N	\N	\N	2016-06-25 15:26:47.944+05	2016-06-25 15:26:47.944+05	en	finishing	t		f
1508	122	344	initiated	uninitiated	t	f	0	\N	\N	\N	2016-07-16 12:09:36.369+05	2016-07-16 12:09:36.369+05	en	initiating	t		f
1509	122	344	invoking	paused	t	f	0	\N	\N	\N	2016-07-16 12:09:36.369+05	2016-07-16 12:09:36.369+05	en	invoking	t		f
1510	122	344	finished	unfinished	t	f	0	\N	\N	\N	2016-07-16 12:09:36.369+05	2016-07-16 12:09:36.369+05	en	finishing	t		f
1511	122	344	initiated	uninitiated	f	f	0	432	\N	\N	\N	\N	en		f		f
1512	122	344	invoked	uninvoked	f	f	0	432	\N	\N	\N	\N	en		f		f
1513	122	344	finished	unfinished	f	f	0	432	\N	\N	\N	\N	en		f		f
1717	88	363	invoked	uninvoked	f	f	0	488	\N	\N	2015-04-27 15:20:48.423+05	2015-04-27 15:20:48.423+05	en	invoking	t		f
1718	88	363	confirmed	unconfirmed	f	f	0	488	\N	\N	2015-04-27 15:20:48.489+05	2015-04-27 15:20:48.489+05	en	confirming	t		f
\.


--
-- Name: session_initial_states_id_seq; Type: SEQUENCE SET; Schema: public; Owner: postgres
--

SELECT pg_catalog.setval('session_initial_states_id_seq', 1720, true);


--
-- Data for Name: session_proc_elements; Type: TABLE DATA; Schema: public; Owner: postgres
--

COPY session_proc_elements (id, title, "desc", business_id, bprocess_id, session_id, b_type, type_title, space_id, "order", created_at, updated_at) FROM stdin;
399			2	85	332	block	confirm	\N	1	2015-04-27 15:20:48.329+05	2015-04-27 15:20:48.329+05
400			2	85	332	block	confirm	\N	2	2015-04-27 15:20:48.329+05	2015-04-27 15:20:48.329+05
401			2	85	333	block	confirm	\N	1	2015-04-27 15:20:48.329+05	2015-04-27 15:20:48.329+05
402			2	85	333	block	confirm	\N	2	2015-04-27 15:20:48.329+05	2015-04-27 15:20:48.329+05
403	gfdgdg	gdfgdfgd	12	93	334	block	confirm	\N	1	2015-04-27 15:20:48.329+05	2015-04-27 15:20:48.329+05
404	fdsfs	fafafafafa	12	93	334	block	confirm	\N	2	2015-04-27 15:20:48.329+05	2015-04-27 15:20:48.329+05
405			12	93	334	block	confirm	\N	3	2015-04-27 15:20:48.329+05	2015-04-27 15:20:48.329+05
406	cczxczcz		12	93	334	block	confirm	\N	4	2015-04-27 15:20:48.329+05	2015-04-27 15:20:48.329+05
407	vzxvzx	bz	12	93	334	block	confirm	\N	5	2015-04-27 15:20:48.329+05	2015-04-27 15:20:48.329+05
408	fsdfsds	fds	12	117	335	block	confirm	\N	1	2015-04-27 15:20:48.329+05	2015-04-27 15:20:48.329+05
409	cczcz	cz	12	117	335	block	confirm	\N	2	2015-04-27 15:20:48.329+05	2015-04-27 15:20:48.329+05
410	fsdfsds	fds	12	117	336	block	confirm	\N	1	2015-04-27 15:20:48.329+05	2015-04-27 15:20:48.329+05
411	cczcz	cz	12	117	336	block	confirm	\N	2	2015-04-27 15:20:48.329+05	2015-04-27 15:20:48.329+05
429	api req 1		12	109	343	block	api	\N	1	\N	\N
430	api req 2		12	109	343	block	api	\N	2	\N	\N
431	api req 3		12	109	343	block	api	\N	3	\N	\N
432	cz	xcz	12	122	344	block	api	\N	1	\N	\N
433	gfdgdg	gdfgdfgd	12	93	345	block	confirm	\N	1	2015-04-27 15:20:48.329+05	2015-04-27 15:20:48.329+05
434	fdsfs	fafafafafa	12	93	345	block	confirm	\N	2	2015-04-27 15:20:48.329+05	2015-04-27 15:20:48.329+05
435			12	93	345	block	confirm	\N	3	2015-04-27 15:20:48.329+05	2015-04-27 15:20:48.329+05
436	cczxczcz		12	93	345	block	confirm	\N	4	2015-04-27 15:20:48.329+05	2015-04-27 15:20:48.329+05
437	vzxvzx	bz	12	93	345	block	confirm	\N	5	2015-04-27 15:20:48.329+05	2015-04-27 15:20:48.329+05
438	cf	cf	12	123	346	block	confirm	\N	1	2015-04-27 15:20:48.329+05	2015-04-27 15:20:48.329+05
439	cf1		12	124	347	block	confirm	\N	1	2015-04-27 15:20:48.329+05	2015-04-27 15:20:48.329+05
440	cf2		12	124	347	block	confirm	\N	2	2015-04-27 15:20:48.329+05	2015-04-27 15:20:48.329+05
441	Advertise		2	88	348	block	confirm	\N	1	2015-04-27 15:20:48.329+05	2015-04-27 15:20:48.329+05
442	Lead		2	88	348	block	confirm	\N	2	2015-04-27 15:20:48.329+05	2015-04-27 15:20:48.329+05
443	Qualify		2	88	348	block	confirm	\N	3	2015-04-27 15:20:48.329+05	2015-04-27 15:20:48.329+05
444	Questionnaire		2	88	348	block	confirm	\N	4	2015-04-27 15:20:48.329+05	2015-04-27 15:20:48.329+05
445	Phone call		2	88	348	block	confirm	\N	5	2015-04-27 15:20:48.329+05	2015-04-27 15:20:48.329+05
446	Assessment		2	88	348	block	confirm	\N	6	2015-04-27 15:20:48.329+05	2015-04-27 15:20:48.329+05
447	Proposal		2	88	348	block	confirm	\N	7	2015-04-27 15:20:48.329+05	2015-04-27 15:20:48.329+05
448	Agreement		2	88	348	block	confirm	\N	8	2015-04-27 15:20:48.329+05	2015-04-27 15:20:48.329+05
449	cf3	cf3	2	74	349	block	confirm	\N	1	2015-04-27 15:20:48.329+05	2015-04-27 15:20:48.329+05
450	cn	cn	2	74	349	brick	container_brick	\N	2	2015-04-27 15:20:46.704+05	2015-04-27 15:20:46.76+05
451	cf	cf	2	74	349	brick	container_brick	\N	3	2015-04-27 15:20:46.704+05	2015-04-27 15:20:46.76+05
462	dsada	dfd	2	87	355	block	api	\N	1	\N	\N
463	fdfs		2	87	355	block	confirm	\N	2	2015-04-27 15:20:48.329+05	2015-04-27 15:20:48.329+05
464	dsada	dfd	2	87	356	block	api	\N	1	\N	\N
465	fdfs		2	87	356	block	confirm	\N	2	2015-04-27 15:20:48.329+05	2015-04-27 15:20:48.329+05
466	dsada	dfd	2	87	357	block	api	\N	1	\N	\N
467	fdfs		2	87	357	block	confirm	\N	2	2015-04-27 15:20:48.329+05	2015-04-27 15:20:48.329+05
468			2	85	358	block	confirm	\N	1	2015-04-27 15:20:48.329+05	2015-04-27 15:20:48.329+05
469			2	85	358	block	confirm	\N	2	2015-04-27 15:20:48.329+05	2015-04-27 15:20:48.329+05
470	fasfaf	csaca	2	86	359	block	api	\N	1	\N	\N
471	fasfaf	csaca	2	86	360	block	api	\N	1	\N	\N
472	Reviewing		2	125	361	block	confirm	\N	1	2015-04-27 15:20:48.329+05	2015-04-27 15:20:48.329+05
473	Completed		2	125	361	block	confirm	\N	2	2015-04-27 15:20:48.329+05	2015-04-27 15:20:48.329+05
474	cxZvz	zxbbzx	2	126	362	block	confirm	\N	1	2015-04-27 15:20:48.329+05	2015-04-27 15:20:48.329+05
475	zxvz	zxbzbzx	2	126	362	block	confirm	\N	2	2015-04-27 15:20:48.329+05	2015-04-27 15:20:48.329+05
476	Qualify	Qualify	2	126	362	block	confirm	\N	3	2015-04-27 15:20:48.329+05	2015-04-27 15:20:48.329+05
477	Qualify1	Qualify2	2	126	362	block	confirm	\N	5	2015-04-27 15:20:48.329+05	2015-04-27 15:20:48.329+05
478	Qualify4	Qualify	2	126	362	block	confirm	\N	4	2015-04-27 15:20:48.329+05	2015-04-27 15:20:48.329+05
479	Qualify5	Qualify	2	126	362	block	confirm	\N	6	2015-04-27 15:20:48.329+05	2015-04-27 15:20:48.329+05
480	Qualify7		2	126	362	block	confirm	\N	7	2015-04-27 15:20:48.329+05	2015-04-27 15:20:48.329+05
481	Qualify8	Qualify	2	126	362	block	confirm	\N	8	2015-04-27 15:20:48.329+05	2015-04-27 15:20:48.329+05
482	Advertise		2	88	363	block	confirm	\N	1	2015-04-27 15:20:48.329+05	2015-04-27 15:20:48.329+05
483	Lead		2	88	363	block	confirm	\N	2	2015-04-27 15:20:48.329+05	2015-04-27 15:20:48.329+05
484	Qualify		2	88	363	block	confirm	\N	3	2015-04-27 15:20:48.329+05	2015-04-27 15:20:48.329+05
485	Questionnaire		2	88	363	block	confirm	\N	4	2015-04-27 15:20:48.329+05	2015-04-27 15:20:48.329+05
486	Phone call		2	88	363	block	confirm	\N	5	2015-04-27 15:20:48.329+05	2015-04-27 15:20:48.329+05
487	Assessment		2	88	363	block	confirm	\N	6	2015-04-27 15:20:48.329+05	2015-04-27 15:20:48.329+05
488	Proposal		2	88	363	block	confirm	\N	7	2015-04-27 15:20:48.329+05	2015-04-27 15:20:48.329+05
489	Agreement		2	88	363	block	confirm	\N	8	2015-04-27 15:20:48.329+05	2015-04-27 15:20:48.329+05
\.


--
-- Name: session_proc_elements_id_seq; Type: SEQUENCE SET; Schema: public; Owner: postgres
--

SELECT pg_catalog.setval('session_proc_elements_id_seq', 489, true);


--
-- Data for Name: session_reaction_state_outs; Type: TABLE DATA; Schema: public; Owner: postgres
--

COPY session_reaction_state_outs (id, session_state_id, reaction_id, "on", on_rate, created_at, updated_at, input) FROM stdin;
224	1383	338	t	100	2015-04-27 15:20:48.979+05	2015-04-27 15:20:48.979+05	f
225	1386	339	t	100	2015-04-27 15:20:48.979+05	2015-04-27 15:20:48.979+05	f
226	1392	340	t	100	2015-04-27 15:20:48.979+05	2015-04-27 15:20:48.979+05	f
227	1395	341	t	100	2015-04-27 15:20:48.979+05	2015-04-27 15:20:48.979+05	f
228	1410	342	t	100	2015-04-27 15:20:48.979+05	2015-04-27 15:20:48.979+05	f
229	1413	343	t	100	2015-04-27 15:20:48.979+05	2015-04-27 15:20:48.979+05	f
230	1419	344	t	100	2015-04-27 15:20:48.979+05	2015-04-27 15:20:48.979+05	f
231	1422	345	t	100	2015-04-27 15:20:48.979+05	2015-04-27 15:20:48.979+05	f
232	1530	367	t	100	2015-04-27 15:20:48.979+05	2015-04-27 15:20:48.979+05	f
233	1536	368	t	100	2015-04-27 15:20:48.979+05	2015-04-27 15:20:48.979+05	f
234	1539	369	t	100	2015-04-27 15:20:48.979+05	2015-04-27 15:20:48.979+05	f
235	1545	370	t	100	2015-04-27 15:20:48.979+05	2015-04-27 15:20:48.979+05	f
236	1547	371	t	100	2015-04-27 15:20:48.979+05	2015-04-27 15:20:48.979+05	f
237	1549	372	t	100	2015-04-27 15:20:48.979+05	2015-04-27 15:20:48.979+05	f
238	1551	373	t	100	2015-04-27 15:20:48.979+05	2015-04-27 15:20:48.979+05	f
239	1553	374	t	100	2015-04-27 15:20:48.979+05	2015-04-27 15:20:48.979+05	f
240	1555	375	t	100	2015-04-27 15:20:48.979+05	2015-04-27 15:20:48.979+05	f
241	1557	376	t	100	2015-04-27 15:20:48.979+05	2015-04-27 15:20:48.979+05	f
242	1559	377	t	100	2015-04-27 15:20:48.979+05	2015-04-27 15:20:48.979+05	f
243	1564	378	t	100	2015-04-27 15:20:48.979+05	2015-04-27 15:20:48.979+05	f
244	1568	379	t	100	2015-04-27 15:20:48.979+05	2015-04-27 15:20:48.979+05	f
245	1572	380	t	100	2015-04-27 15:20:48.979+05	2015-04-27 15:20:48.979+05	f
251	1625	392	t	100	2015-04-27 15:20:48.979+05	2015-04-27 15:20:48.979+05	f
252	1634	394	t	100	2015-04-27 15:20:48.979+05	2015-04-27 15:20:48.979+05	f
253	1643	396	t	100	2015-04-27 15:20:48.979+05	2015-04-27 15:20:48.979+05	f
254	1649	397	t	100	2015-04-27 15:20:48.979+05	2015-04-27 15:20:48.979+05	f
255	1652	398	t	100	2015-04-27 15:20:48.979+05	2015-04-27 15:20:48.979+05	f
256	1670	401	t	100	2015-04-27 15:20:48.979+05	2015-04-27 15:20:48.979+05	f
257	1673	402	t	100	2015-04-27 15:20:48.979+05	2015-04-27 15:20:48.979+05	f
258	1679	403	t	100	2015-04-27 15:20:48.979+05	2015-04-27 15:20:48.979+05	f
259	1682	404	t	100	2015-04-27 15:20:48.979+05	2015-04-27 15:20:48.979+05	f
260	1685	405	t	100	2015-04-27 15:20:48.979+05	2015-04-27 15:20:48.979+05	f
261	1688	406	t	100	2015-04-27 15:20:48.979+05	2015-04-27 15:20:48.979+05	f
262	1691	407	t	100	2015-04-27 15:20:48.979+05	2015-04-27 15:20:48.979+05	f
263	1694	408	t	100	2015-04-27 15:20:48.979+05	2015-04-27 15:20:48.979+05	f
264	1697	409	t	100	2015-04-27 15:20:48.979+05	2015-04-27 15:20:48.979+05	f
265	1700	410	t	100	2015-04-27 15:20:48.979+05	2015-04-27 15:20:48.979+05	f
266	1706	411	t	100	2015-04-27 15:20:48.979+05	2015-04-27 15:20:48.979+05	f
267	1708	412	t	100	2015-04-27 15:20:48.979+05	2015-04-27 15:20:48.979+05	f
268	1710	413	t	100	2015-04-27 15:20:48.979+05	2015-04-27 15:20:48.979+05	f
269	1712	414	t	100	2015-04-27 15:20:48.979+05	2015-04-27 15:20:48.979+05	f
270	1714	415	t	100	2015-04-27 15:20:48.979+05	2015-04-27 15:20:48.979+05	f
271	1716	416	t	100	2015-04-27 15:20:48.979+05	2015-04-27 15:20:48.979+05	f
272	1718	417	t	100	2015-04-27 15:20:48.979+05	2015-04-27 15:20:48.979+05	f
273	1720	418	t	100	2015-04-27 15:20:48.979+05	2015-04-27 15:20:48.979+05	f
\.


--
-- Name: session_reaction_state_outs_id_seq; Type: SEQUENCE SET; Schema: public; Owner: postgres
--

SELECT pg_catalog.setval('session_reaction_state_outs_id_seq', 273, true);


--
-- Data for Name: session_reactions; Type: TABLE DATA; Schema: public; Owner: postgres
--

COPY session_reactions (id, bprocess_id, session_id, autostart, element_id, state_ref_id, title, created_at, updated_at) FROM stdin;
338	85	332	f	391	\N	Confirming	2015-04-27 15:20:48.79+05	2015-04-27 15:20:48.79+05
339	85	332	f	392	\N	Confirming	2015-04-27 15:20:48.79+05	2015-04-27 15:20:48.79+05
340	85	333	f	393	\N	Confirming	2015-04-27 15:20:48.79+05	2015-04-27 15:20:48.79+05
341	85	333	f	394	\N	Confirming	2015-04-27 15:20:48.79+05	2015-04-27 15:20:48.79+05
342	117	335	f	400	\N	Confirming	2015-04-27 15:20:48.79+05	2015-04-27 15:20:48.79+05
343	117	335	f	401	\N	Confirming	2015-04-27 15:20:48.79+05	2015-04-27 15:20:48.79+05
344	117	336	f	402	\N	Confirming	2015-04-27 15:20:48.79+05	2015-04-27 15:20:48.79+05
345	117	336	f	403	\N	Confirming	2015-04-27 15:20:48.79+05	2015-04-27 15:20:48.79+05
363	109	343	t	421	\N	API Calling	2016-07-09 07:08:29.951+05	2016-07-09 07:08:29.951+05
364	109	343	t	422	\N	API Calling	2016-07-09 07:08:29.951+05	2016-07-09 07:08:29.951+05
365	109	343	t	423	\N	API Calling	2016-07-09 07:08:29.951+05	2016-07-09 07:08:29.951+05
366	122	344	t	424	\N	API Calling	2016-07-09 07:08:29.951+05	2016-07-09 07:08:29.951+05
367	123	346	f	430	\N	Confirming	2015-04-27 15:20:48.79+05	2015-04-27 15:20:48.79+05
368	124	347	f	431	\N	Confirming	2015-04-27 15:20:48.79+05	2015-04-27 15:20:48.79+05
369	124	347	f	432	\N	Confirming	2015-04-27 15:20:48.79+05	2015-04-27 15:20:48.79+05
370	88	348	f	433	\N	Confirming	2015-04-27 15:20:48.79+05	2015-04-27 15:20:48.79+05
371	88	348	f	434	\N	Confirming	2015-04-27 15:20:48.79+05	2015-04-27 15:20:48.79+05
372	88	348	f	435	\N	Confirming	2015-04-27 15:20:48.79+05	2015-04-27 15:20:48.79+05
373	88	348	f	436	\N	Confirming	2015-04-27 15:20:48.79+05	2015-04-27 15:20:48.79+05
374	88	348	f	437	\N	Confirming	2015-04-27 15:20:48.79+05	2015-04-27 15:20:48.79+05
375	88	348	f	438	\N	Confirming	2015-04-27 15:20:48.79+05	2015-04-27 15:20:48.79+05
376	88	348	f	439	\N	Confirming	2015-04-27 15:20:48.79+05	2015-04-27 15:20:48.79+05
377	88	348	f	440	\N	Confirming	2015-04-27 15:20:48.79+05	2015-04-27 15:20:48.79+05
378	74	349	f	441	\N	Confirming	2015-04-27 15:20:48.79+05	2015-04-27 15:20:48.79+05
379	74	349	f	443	\N	Confirming	2015-04-27 15:20:48.79+05	2015-04-27 15:20:48.79+05
380	74	349	f	445	\N	Confirming	2015-04-27 15:20:48.79+05	2015-04-27 15:20:48.79+05
391	87	355	t	456	\N	API Calling	2016-07-09 07:08:29.951+05	2016-07-09 07:08:29.951+05
392	87	355	f	457	\N	Confirming	2015-04-27 15:20:48.79+05	2015-04-27 15:20:48.79+05
393	87	356	t	458	\N	API Calling	2016-07-09 07:08:29.951+05	2016-07-09 07:08:29.951+05
394	87	356	f	459	\N	Confirming	2015-04-27 15:20:48.79+05	2015-04-27 15:20:48.79+05
395	87	357	t	460	\N	API Calling	2016-07-09 07:08:29.951+05	2016-07-09 07:08:29.951+05
396	87	357	f	461	\N	Confirming	2015-04-27 15:20:48.79+05	2015-04-27 15:20:48.79+05
397	85	358	f	462	\N	Confirming	2015-04-27 15:20:48.79+05	2015-04-27 15:20:48.79+05
398	85	358	f	463	\N	Confirming	2015-04-27 15:20:48.79+05	2015-04-27 15:20:48.79+05
399	86	359	t	464	\N	API Calling	2016-07-09 07:08:29.951+05	2016-07-09 07:08:29.951+05
400	86	360	t	465	\N	API Calling	2016-07-09 07:08:29.951+05	2016-07-09 07:08:29.951+05
401	125	361	f	466	\N	Confirming	2015-04-27 15:20:48.79+05	2015-04-27 15:20:48.79+05
402	125	361	f	467	\N	Confirming	2015-04-27 15:20:48.79+05	2015-04-27 15:20:48.79+05
403	126	362	f	468	\N	Confirming	2015-04-27 15:20:48.79+05	2015-04-27 15:20:48.79+05
404	126	362	f	469	\N	Confirming	2015-04-27 15:20:48.79+05	2015-04-27 15:20:48.79+05
405	126	362	f	470	\N	Confirming	2015-04-27 15:20:48.79+05	2015-04-27 15:20:48.79+05
406	126	362	f	471	\N	Confirming	2015-04-27 15:20:48.79+05	2015-04-27 15:20:48.79+05
407	126	362	f	472	\N	Confirming	2015-04-27 15:20:48.79+05	2015-04-27 15:20:48.79+05
408	126	362	f	473	\N	Confirming	2015-04-27 15:20:48.79+05	2015-04-27 15:20:48.79+05
409	126	362	f	474	\N	Confirming	2015-04-27 15:20:48.79+05	2015-04-27 15:20:48.79+05
410	126	362	f	475	\N	Confirming	2015-04-27 15:20:48.79+05	2015-04-27 15:20:48.79+05
411	88	363	f	476	\N	Confirming	2015-04-27 15:20:48.79+05	2015-04-27 15:20:48.79+05
412	88	363	f	477	\N	Confirming	2015-04-27 15:20:48.79+05	2015-04-27 15:20:48.79+05
413	88	363	f	478	\N	Confirming	2015-04-27 15:20:48.79+05	2015-04-27 15:20:48.79+05
414	88	363	f	479	\N	Confirming	2015-04-27 15:20:48.79+05	2015-04-27 15:20:48.79+05
415	88	363	f	480	\N	Confirming	2015-04-27 15:20:48.79+05	2015-04-27 15:20:48.79+05
416	88	363	f	481	\N	Confirming	2015-04-27 15:20:48.79+05	2015-04-27 15:20:48.79+05
417	88	363	f	482	\N	Confirming	2015-04-27 15:20:48.79+05	2015-04-27 15:20:48.79+05
418	88	363	f	483	\N	Confirming	2015-04-27 15:20:48.79+05	2015-04-27 15:20:48.79+05
\.


--
-- Name: session_reactions_id_seq; Type: SEQUENCE SET; Schema: public; Owner: postgres
--

SELECT pg_catalog.setval('session_reactions_id_seq', 418, true);


--
-- Data for Name: session_space_elements; Type: TABLE DATA; Schema: public; Owner: postgres
--

COPY session_space_elements (id, title, "desc", business_id, bprocess_id, session_id, b_type, type_title, own_space_id, owned_space_id, space_role, "order", created_at, updated_at) FROM stdin;
21	cf	cf	2	74	349	block	confirm	\N	28	\N	1	2015-04-27 15:20:48.329+05	2015-04-27 15:20:48.329+05
22	cf	cf	2	74	349	block	confirm	\N	29	\N	1	2015-04-27 15:20:48.329+05	2015-04-27 15:20:48.329+05
\.


--
-- Name: session_space_elements_id_seq; Type: SEQUENCE SET; Schema: public; Owner: postgres
--

SELECT pg_catalog.setval('session_space_elements_id_seq', 22, true);


--
-- Data for Name: session_spaces; Type: TABLE DATA; Schema: public; Owner: postgres
--

COPY session_spaces (id, process_id, session_id, index, container, subbrick, brick_front_id, brick_nested_id, nesting_level, created_at, updated_at) FROM stdin;
28	74	349	1	t	f	450	\N	1	2015-04-27 15:20:47.69+05	2015-04-27 15:20:47.69+05
29	74	349	1	t	f	451	\N	1	2015-04-27 15:20:47.69+05	2015-04-27 15:20:47.69+05
\.


--
-- Name: session_spaces_id_seq; Type: SEQUENCE SET; Schema: public; Owner: postgres
--

SELECT pg_catalog.setval('session_spaces_id_seq', 29, true);


--
-- Data for Name: session_state_logs; Type: TABLE DATA; Schema: public; Owner: postgres
--

COPY session_state_logs (id, session_id, "on", on_rate, reason, created_at, updated_at, state_id) FROM stdin;
1892	332	t	100	flow	2016-06-29 13:26:33.817+05	2016-06-29 13:26:33.817+05	2706
1893	332	t	100	flow	2016-06-29 13:26:33.817+05	2016-06-29 13:26:33.817+05	2707
1894	332	f	50	flow	2016-06-29 13:26:34.078+05	2016-06-29 13:26:34.078+05	2709
1895	332	t	100	flow	2016-06-29 13:26:54.449+05	2016-06-29 13:26:54.449+05	2706
1896	332	t	100	flow	2016-06-29 13:26:54.449+05	2016-06-29 13:26:54.449+05	2707
1897	332	t	100	flow	2016-06-29 13:26:54.449+05	2016-06-29 13:26:54.449+05	2709
1898	332	t	100	flow	2016-06-29 13:26:54.449+05	2016-06-29 13:26:54.449+05	2711
1899	332	f	50	flow	2016-06-29 13:26:54.449+05	2016-06-29 13:26:54.449+05	2712
1900	332	t	100	flow	2016-06-29 13:27:28.609+05	2016-06-29 13:27:28.609+05	2706
1901	332	t	100	flow	2016-06-29 13:27:28.609+05	2016-06-29 13:27:28.609+05	2707
1902	332	t	100	flow	2016-06-29 13:27:28.63+05	2016-06-29 13:27:28.63+05	2708
1903	333	t	100	flow	2016-06-29 18:41:34.317+05	2016-06-29 18:41:34.317+05	2715
1904	333	t	100	flow	2016-06-29 18:41:34.317+05	2016-06-29 18:41:34.317+05	2716
1905	333	f	50	flow	2016-06-29 18:41:34.513+05	2016-06-29 18:41:34.513+05	2718
1906	333	t	100	flow	2016-06-29 18:41:50.262+05	2016-06-29 18:41:50.262+05	2715
1907	333	t	100	flow	2016-06-29 18:41:50.262+05	2016-06-29 18:41:50.262+05	2716
1908	333	t	100	flow	2016-06-29 18:41:50.263+05	2016-06-29 18:41:50.263+05	2718
1909	333	t	100	flow	2016-06-29 18:41:50.263+05	2016-06-29 18:41:50.263+05	2720
1910	333	f	50	flow	2016-06-29 18:41:50.264+05	2016-06-29 18:41:50.264+05	2721
1911	335	t	100	flow	2016-07-05 08:23:29.938+05	2016-07-05 08:23:29.938+05	2742
1912	335	t	100	flow	2016-07-05 08:23:29.938+05	2016-07-05 08:23:29.938+05	2743
1913	335	f	50	flow	2016-07-05 08:23:30.201+05	2016-07-05 08:23:30.201+05	2736
1914	336	t	100	flow	2016-07-07 12:04:02.263+05	2016-07-07 12:04:02.263+05	2751
1915	336	t	100	flow	2016-07-07 12:04:02.263+05	2016-07-07 12:04:02.263+05	2752
1916	336	f	50	flow	2016-07-07 12:04:02.513+05	2016-07-07 12:04:02.513+05	2745
2061	355	t	100	flow	2016-07-20 13:07:48.716+05	2016-07-20 13:07:48.716+05	2945
2062	355	t	100	flow	2016-07-20 13:07:48.716+05	2016-07-20 13:07:48.716+05	2946
2063	355	t	100	flow	2016-07-20 13:07:48.717+05	2016-07-20 13:07:48.717+05	2948
2064	355	f	50	flow	2016-07-20 13:07:49.031+05	2016-07-20 13:07:49.031+05	2949
2065	355	t	100	flow	2016-07-20 13:07:49.031+05	2016-07-20 13:07:49.031+05	2949
2066	355	t	100	flow	2016-07-20 13:07:49.031+05	2016-07-20 13:07:49.031+05	2950
2067	355	f	50	flow	2016-07-20 13:07:49.031+05	2016-07-20 13:07:49.031+05	2951
2068	355	t	100	flow	2016-07-20 13:08:30.193+05	2016-07-20 13:08:30.193+05	2945
2069	355	t	100	flow	2016-07-20 13:08:30.193+05	2016-07-20 13:08:30.193+05	2946
2070	355	t	100	flow	2016-07-20 13:08:30.21+05	2016-07-20 13:08:30.21+05	2947
2071	356	t	100	flow	2016-07-20 13:12:07.314+05	2016-07-20 13:12:07.314+05	2954
2072	356	t	100	flow	2016-07-20 13:12:07.314+05	2016-07-20 13:12:07.314+05	2955
2073	356	t	100	flow	2016-07-20 13:12:07.33+05	2016-07-20 13:12:07.33+05	2957
2074	356	f	50	flow	2016-07-20 13:12:07.69+05	2016-07-20 13:12:07.69+05	2958
2075	356	t	100	flow	2016-07-20 13:12:07.691+05	2016-07-20 13:12:07.691+05	2958
2076	356	t	100	flow	2016-07-20 13:12:07.691+05	2016-07-20 13:12:07.691+05	2959
2077	356	f	50	flow	2016-07-20 13:12:07.691+05	2016-07-20 13:12:07.691+05	2960
2078	356	t	100	flow	2016-07-20 13:12:50.863+05	2016-07-20 13:12:50.863+05	2954
2079	356	t	100	flow	2016-07-20 13:12:50.863+05	2016-07-20 13:12:50.863+05	2955
2080	356	t	100	flow	2016-07-20 13:12:50.867+05	2016-07-20 13:12:50.867+05	2956
2081	357	t	100	flow	2016-07-20 13:25:57.193+05	2016-07-20 13:25:57.193+05	2963
2082	357	t	100	flow	2016-07-20 13:25:57.193+05	2016-07-20 13:25:57.193+05	2964
2083	357	t	100	flow	2016-07-20 13:25:57.221+05	2016-07-20 13:25:57.221+05	2966
2084	357	f	50	flow	2016-07-20 13:25:57.604+05	2016-07-20 13:25:57.604+05	2967
2085	357	t	100	flow	2016-07-20 13:25:57.605+05	2016-07-20 13:25:57.605+05	2967
2086	357	t	100	flow	2016-07-20 13:25:57.605+05	2016-07-20 13:25:57.605+05	2968
2087	357	f	50	flow	2016-07-20 13:25:57.606+05	2016-07-20 13:25:57.606+05	2969
2088	357	t	100	flow	2016-07-20 13:26:06.529+05	2016-07-20 13:26:06.529+05	2963
2089	357	t	100	flow	2016-07-20 13:26:06.529+05	2016-07-20 13:26:06.529+05	2964
2090	357	t	100	flow	2016-07-20 13:26:06.529+05	2016-07-20 13:26:06.529+05	2969
2091	357	t	100	flow	2016-07-20 13:26:06.529+05	2016-07-20 13:26:06.529+05	2971
2092	357	t	100	flow	2016-07-20 13:26:06.529+05	2016-07-20 13:26:06.529+05	2965
2093	358	t	100	flow	2016-07-20 14:33:51.107+05	2016-07-20 14:33:51.107+05	2972
2094	358	t	100	flow	2016-07-20 14:33:51.107+05	2016-07-20 14:33:51.107+05	2973
2095	358	f	50	flow	2016-07-20 14:33:51.162+05	2016-07-20 14:33:51.162+05	2975
1973	343	t	100	flow	2016-07-16 12:08:12.157+05	2016-07-16 12:08:12.158+05	2832
1974	343	t	100	flow	2016-07-16 12:08:12.158+05	2016-07-16 12:08:12.158+05	2833
1975	343	t	100	flow	2016-07-16 12:08:12.322+05	2016-07-16 12:08:12.322+05	2823
1976	343	f	50	flow	2016-07-16 12:08:12.407+05	2016-07-16 12:08:12.407+05	2824
1977	343	t	100	flow	2016-07-16 12:08:12.418+05	2016-07-16 12:08:12.418+05	2824
1978	343	t	100	flow	2016-07-16 12:08:12.419+05	2016-07-16 12:08:12.419+05	2825
1979	343	t	100	flow	2016-07-16 12:08:12.419+05	2016-07-16 12:08:12.419+05	2826
1980	343	f	50	flow	2016-07-16 12:08:14.692+05	2016-07-16 12:08:14.692+05	2827
1981	343	t	100	flow	2016-07-16 12:08:14.692+05	2016-07-16 12:08:14.692+05	2827
1982	343	t	100	flow	2016-07-16 12:08:14.692+05	2016-07-16 12:08:14.692+05	2828
1983	343	t	100	flow	2016-07-16 12:08:14.692+05	2016-07-16 12:08:14.692+05	2829
1984	343	f	50	flow	2016-07-16 12:08:15.077+05	2016-07-16 12:08:15.077+05	2830
1985	343	t	100	flow	2016-07-16 12:08:15.077+05	2016-07-16 12:08:15.077+05	2830
1986	343	t	100	flow	2016-07-16 12:08:15.077+05	2016-07-16 12:08:15.077+05	2831
1987	343	t	100	flow	2016-07-16 12:08:15.077+05	2016-07-16 12:08:15.077+05	2834
1988	344	t	100	flow	2016-07-16 12:10:21.779+05	2016-07-16 12:10:21.779+05	2835
1989	344	t	100	flow	2016-07-16 12:10:21.779+05	2016-07-16 12:10:21.779+05	2836
1990	344	t	100	flow	2016-07-16 12:10:21.78+05	2016-07-16 12:10:21.78+05	2838
1991	344	f	50	flow	2016-07-16 12:10:22.106+05	2016-07-16 12:10:22.106+05	2839
1992	344	t	100	flow	2016-07-16 12:10:22.106+05	2016-07-16 12:10:22.106+05	2839
1993	344	t	100	flow	2016-07-16 12:10:22.106+05	2016-07-16 12:10:22.106+05	2840
1994	344	t	100	flow	2016-07-16 12:10:22.106+05	2016-07-16 12:10:22.106+05	2837
1995	346	t	100	flow	2016-07-16 12:30:33.978+05	2016-07-16 12:30:33.978+05	2853
1996	346	t	100	flow	2016-07-16 12:30:33.98+05	2016-07-16 12:30:33.98+05	2854
1997	346	f	50	flow	2016-07-16 12:30:34.16+05	2016-07-16 12:30:34.16+05	2856
1998	347	t	100	flow	2016-07-16 12:30:37.538+05	2016-07-16 12:30:37.538+05	2859
1999	347	t	100	flow	2016-07-16 12:30:37.538+05	2016-07-16 12:30:37.538+05	2860
2000	347	f	50	flow	2016-07-16 12:30:37.538+05	2016-07-16 12:30:37.538+05	2862
2001	346	t	100	flow	2016-07-16 12:30:58.929+05	2016-07-16 12:30:58.929+05	2853
2002	346	t	100	flow	2016-07-16 12:30:58.929+05	2016-07-16 12:30:58.929+05	2854
2003	346	t	100	flow	2016-07-16 12:30:58.93+05	2016-07-16 12:30:58.93+05	2856
2004	346	t	100	flow	2016-07-16 12:30:58.93+05	2016-07-16 12:30:58.93+05	2858
2005	346	t	100	flow	2016-07-16 12:30:58.93+05	2016-07-16 12:30:58.93+05	2855
2006	347	t	100	flow	2016-07-16 12:31:13.388+05	2016-07-16 12:31:13.388+05	2859
2007	347	t	100	flow	2016-07-16 12:31:13.388+05	2016-07-16 12:31:13.388+05	2860
2008	347	t	100	flow	2016-07-16 12:31:13.388+05	2016-07-16 12:31:13.388+05	2862
2009	347	t	100	flow	2016-07-16 12:31:13.388+05	2016-07-16 12:31:13.388+05	2864
2010	347	f	50	flow	2016-07-16 12:31:13.388+05	2016-07-16 12:31:13.388+05	2865
2011	348	t	100	flow	2016-07-19 17:22:05.182+05	2016-07-19 17:22:05.182+05	2868
2012	348	t	100	flow	2016-07-19 17:22:05.182+05	2016-07-19 17:22:05.182+05	2869
2013	348	f	50	flow	2016-07-19 17:22:05.365+05	2016-07-19 17:22:05.365+05	2871
2014	349	t	100	flow	2016-07-19 20:26:19.625+05	2016-07-19 20:26:19.625+05	2887
2015	349	t	100	flow	2016-07-19 20:26:19.625+05	2016-07-19 20:26:19.625+05	2888
2016	349	f	50	flow	2016-07-19 20:26:19.816+05	2016-07-19 20:26:19.816+05	2890
2096	358	t	100	flow	2016-07-20 14:34:00.77+05	2016-07-20 14:34:00.77+05	2972
2097	358	t	100	flow	2016-07-20 14:34:00.77+05	2016-07-20 14:34:00.77+05	2973
2099	358	t	100	flow	2016-07-20 14:34:00.77+05	2016-07-20 14:34:00.77+05	2977
2102	358	t	100	flow	2016-07-20 14:34:06.955+05	2016-07-20 14:34:06.955+05	2973
2104	358	t	100	flow	2016-07-20 14:34:06.955+05	2016-07-20 14:34:06.955+05	2980
2105	358	t	100	flow	2016-07-20 14:34:06.956+05	2016-07-20 14:34:06.956+05	2974
2098	358	t	100	flow	2016-07-20 14:34:00.77+05	2016-07-20 14:34:00.77+05	2975
2100	358	f	50	flow	2016-07-20 14:34:00.77+05	2016-07-20 14:34:00.77+05	2978
2101	358	t	100	flow	2016-07-20 14:34:06.955+05	2016-07-20 14:34:06.955+05	2972
2103	358	t	100	flow	2016-07-20 14:34:06.955+05	2016-07-20 14:34:06.955+05	2978
2106	359	t	100	flow	2016-07-30 03:21:10.336+05	2016-07-30 03:21:10.336+05	2981
2107	359	t	100	flow	2016-07-30 03:21:10.337+05	2016-07-30 03:21:10.337+05	2982
2108	359	t	100	flow	2016-07-30 03:21:10.598+05	2016-07-30 03:21:10.598+05	2984
2109	359	f	50	flow	2016-07-30 03:21:11.782+05	2016-07-30 03:21:11.782+05	2985
2110	359	t	100	flow	2016-07-30 03:21:11.793+05	2016-07-30 03:21:11.793+05	2985
2111	359	t	100	flow	2016-07-30 03:21:11.793+05	2016-07-30 03:21:11.793+05	2986
2112	359	t	100	flow	2016-07-30 03:21:11.794+05	2016-07-30 03:21:11.794+05	2983
2113	360	t	100	flow	2016-07-31 06:48:12.184+05	2016-07-31 06:48:12.184+05	2987
2114	360	t	100	flow	2016-07-31 06:48:12.184+05	2016-07-31 06:48:12.184+05	2988
2115	360	t	100	flow	2016-07-31 06:48:12.4+05	2016-07-31 06:48:12.4+05	2990
2116	360	f	50	flow	2016-07-31 06:48:16.255+05	2016-07-31 06:48:16.255+05	2991
2117	360	t	100	flow	2016-07-31 06:48:16.266+05	2016-07-31 06:48:16.266+05	2991
2118	360	t	100	flow	2016-07-31 06:48:16.266+05	2016-07-31 06:48:16.266+05	2992
2119	360	t	100	flow	2016-07-31 06:48:16.266+05	2016-07-31 06:48:16.266+05	2989
2120	361	t	100	flow	2016-08-17 18:44:15.734+05	2016-08-17 18:44:15.734+05	2993
2121	361	t	100	flow	2016-08-17 18:44:15.734+05	2016-08-17 18:44:15.734+05	2994
2122	361	f	50	flow	2016-08-17 18:44:16.05+05	2016-08-17 18:44:16.05+05	2996
2123	361	t	100	flow	2016-08-17 20:44:58.499+05	2016-08-17 20:44:58.499+05	2993
2124	361	t	100	flow	2016-08-17 20:44:58.499+05	2016-08-17 20:44:58.499+05	2994
2125	361	t	100	flow	2016-08-17 20:44:58.665+05	2016-08-17 20:44:58.665+05	2996
2126	361	t	100	flow	2016-08-17 20:44:58.665+05	2016-08-17 20:44:58.665+05	2998
2127	361	f	50	flow	2016-08-17 20:44:58.681+05	2016-08-17 20:44:58.681+05	2999
2128	348	t	100	flow	2016-08-18 21:26:03.086+05	2016-08-18 21:26:03.086+05	2868
2129	348	t	100	flow	2016-08-18 21:26:03.086+05	2016-08-18 21:26:03.086+05	2869
2130	348	t	100	flow	2016-08-18 21:26:03.436+05	2016-08-18 21:26:03.436+05	2871
2131	348	f	50	flow	2016-08-18 21:26:03.459+05	2016-08-18 21:26:03.459+05	2873
2132	362	t	100	flow	2016-08-18 21:43:29.978+05	2016-08-18 21:43:29.978+05	3002
2133	362	t	100	flow	2016-08-18 21:43:29.978+05	2016-08-18 21:43:29.978+05	3003
2134	362	f	50	flow	2016-08-18 21:43:29.979+05	2016-08-18 21:43:29.979+05	3005
2135	362	t	100	flow	2016-08-18 21:43:49.452+05	2016-08-18 21:43:49.452+05	3002
2136	362	t	100	flow	2016-08-18 21:43:49.452+05	2016-08-18 21:43:49.452+05	3003
2137	362	t	100	flow	2016-08-18 21:43:49.453+05	2016-08-18 21:43:49.453+05	3005
2138	362	t	100	flow	2016-08-18 21:43:49.453+05	2016-08-18 21:43:49.453+05	3007
2139	362	f	50	flow	2016-08-18 21:43:49.453+05	2016-08-18 21:43:49.453+05	3008
2140	362	t	100	flow	2016-08-18 21:44:12.701+05	2016-08-18 21:44:12.701+05	3002
2141	362	t	100	flow	2016-08-18 21:44:12.701+05	2016-08-18 21:44:12.701+05	3003
2142	362	t	100	flow	2016-08-18 21:44:12.701+05	2016-08-18 21:44:12.701+05	3008
2143	362	t	100	flow	2016-08-18 21:44:12.701+05	2016-08-18 21:44:12.701+05	3010
2144	362	f	50	flow	2016-08-18 21:44:12.702+05	2016-08-18 21:44:12.702+05	3011
2145	363	t	100	flow	2016-08-18 21:50:30.083+05	2016-08-18 21:50:30.083+05	3029
2146	363	t	100	flow	2016-08-18 21:50:30.083+05	2016-08-18 21:50:30.083+05	3030
2147	363	f	50	flow	2016-08-18 21:50:30.083+05	2016-08-18 21:50:30.083+05	3032
2148	363	t	100	flow	2016-08-18 21:50:39.974+05	2016-08-18 21:50:39.974+05	3029
2149	363	t	100	flow	2016-08-18 21:50:39.974+05	2016-08-18 21:50:39.974+05	3030
2150	363	t	100	flow	2016-08-18 21:50:39.974+05	2016-08-18 21:50:39.974+05	3032
2151	363	f	50	flow	2016-08-18 21:50:39.977+05	2016-08-18 21:50:39.977+05	3034
2152	363	t	100	flow	2016-08-18 21:50:58.931+05	2016-08-18 21:50:58.931+05	3029
2153	363	t	100	flow	2016-08-18 21:50:58.931+05	2016-08-18 21:50:58.931+05	3030
2154	363	t	100	flow	2016-08-18 21:50:58.931+05	2016-08-18 21:50:58.931+05	3034
2155	363	f	50	flow	2016-08-18 21:50:58.931+05	2016-08-18 21:50:58.931+05	3036
\.


--
-- Name: session_state_logs_id_seq; Type: SEQUENCE SET; Schema: public; Owner: postgres
--

SELECT pg_catalog.setval('session_state_logs_id_seq', 2155, true);


--
-- Data for Name: session_switchers; Type: TABLE DATA; Schema: public; Owner: postgres
--

COPY session_switchers (id, bprocess_id, session_id, switch_type, priority, session_state_ref_id, session_state_id, fn, target, override_group, created_at, updated_at) FROM stdin;
538	85	332	p	2	1382	\N	paused	process	1	2015-04-27 15:20:48.549+05	2015-04-27 15:20:48.549+05
539	85	332	n	2	1383	\N	inc	step	1	2015-04-27 15:20:48.612+05	2015-04-27 15:20:48.612+05
540	85	332	p	2	1385	\N	paused	process	1	2015-04-27 15:20:48.549+05	2015-04-27 15:20:48.549+05
541	85	332	n	2	1386	\N	inc	step	1	2015-04-27 15:20:48.612+05	2015-04-27 15:20:48.612+05
542	85	333	p	2	1391	\N	paused	process	1	2015-04-27 15:20:48.549+05	2015-04-27 15:20:48.549+05
543	85	333	n	2	1392	\N	inc	step	1	2015-04-27 15:20:48.612+05	2015-04-27 15:20:48.612+05
544	85	333	p	2	1394	\N	paused	process	1	2015-04-27 15:20:48.549+05	2015-04-27 15:20:48.549+05
545	85	333	n	2	1395	\N	inc	step	1	2015-04-27 15:20:48.612+05	2015-04-27 15:20:48.612+05
546	93	334	p	2	1400	\N	paused	process	1	2015-04-27 15:20:48.549+05	2015-04-27 15:20:48.549+05
547	93	334	n	2	1401	\N	inc	step	1	2015-04-27 15:20:48.612+05	2015-04-27 15:20:48.612+05
548	93	334	p	2	1402	\N	paused	process	1	2015-04-27 15:20:48.549+05	2015-04-27 15:20:48.549+05
549	93	334	n	2	1403	\N	inc	step	1	2015-04-27 15:20:48.612+05	2015-04-27 15:20:48.612+05
550	93	334	p	2	1404	\N	paused	process	1	2015-04-27 15:20:48.549+05	2015-04-27 15:20:48.549+05
551	93	334	n	2	1405	\N	inc	step	1	2015-04-27 15:20:48.612+05	2015-04-27 15:20:48.612+05
553	117	335	p	2	1409	\N	paused	process	1	2015-04-27 15:20:48.549+05	2015-04-27 15:20:48.549+05
554	117	335	n	2	1410	\N	inc	step	1	2015-04-27 15:20:48.612+05	2015-04-27 15:20:48.612+05
555	117	335	p	2	1412	\N	paused	process	1	2015-04-27 15:20:48.549+05	2015-04-27 15:20:48.549+05
556	117	335	n	2	1413	\N	inc	step	1	2015-04-27 15:20:48.612+05	2015-04-27 15:20:48.612+05
557	117	336	p	2	1418	\N	paused	process	1	2015-04-27 15:20:48.549+05	2015-04-27 15:20:48.549+05
558	117	336	n	2	1419	\N	inc	step	1	2015-04-27 15:20:48.612+05	2015-04-27 15:20:48.612+05
559	117	336	p	2	1421	\N	paused	process	1	2015-04-27 15:20:48.549+05	2015-04-27 15:20:48.549+05
560	117	336	n	2	1422	\N	inc	step	1	2015-04-27 15:20:48.612+05	2015-04-27 15:20:48.612+05
561	93	345	p	2	1517	\N	paused	process	1	2015-04-27 15:20:48.549+05	2015-04-27 15:20:48.549+05
562	93	345	n	2	1518	\N	inc	step	1	2015-04-27 15:20:48.612+05	2015-04-27 15:20:48.612+05
563	93	345	p	2	1519	\N	paused	process	1	2015-04-27 15:20:48.549+05	2015-04-27 15:20:48.549+05
564	93	345	n	2	1520	\N	inc	step	1	2015-04-27 15:20:48.612+05	2015-04-27 15:20:48.612+05
565	93	345	p	2	1521	\N	paused	process	1	2015-04-27 15:20:48.549+05	2015-04-27 15:20:48.549+05
566	93	345	n	2	1522	\N	inc	step	1	2015-04-27 15:20:48.612+05	2015-04-27 15:20:48.612+05
568	123	346	p	2	1529	\N	paused	process	1	2015-04-27 15:20:48.549+05	2015-04-27 15:20:48.549+05
569	123	346	n	2	1530	\N	inc	step	1	2015-04-27 15:20:48.612+05	2015-04-27 15:20:48.612+05
570	124	347	p	2	1535	\N	paused	process	1	2015-04-27 15:20:48.549+05	2015-04-27 15:20:48.549+05
571	124	347	n	2	1536	\N	inc	step	1	2015-04-27 15:20:48.612+05	2015-04-27 15:20:48.612+05
572	124	347	p	2	1538	\N	paused	process	1	2015-04-27 15:20:48.549+05	2015-04-27 15:20:48.549+05
573	124	347	n	2	1539	\N	inc	step	1	2015-04-27 15:20:48.612+05	2015-04-27 15:20:48.612+05
574	88	348	p	2	1544	\N	paused	process	1	2015-04-27 15:20:48.549+05	2015-04-27 15:20:48.549+05
575	88	348	n	2	1545	\N	inc	step	1	2015-04-27 15:20:48.612+05	2015-04-27 15:20:48.612+05
576	88	348	p	2	1546	\N	paused	process	1	2015-04-27 15:20:48.549+05	2015-04-27 15:20:48.549+05
577	88	348	n	2	1547	\N	inc	step	1	2015-04-27 15:20:48.612+05	2015-04-27 15:20:48.612+05
578	88	348	p	2	1548	\N	paused	process	1	2015-04-27 15:20:48.549+05	2015-04-27 15:20:48.549+05
579	88	348	n	2	1549	\N	inc	step	1	2015-04-27 15:20:48.612+05	2015-04-27 15:20:48.612+05
580	88	348	p	2	1550	\N	paused	process	1	2015-04-27 15:20:48.549+05	2015-04-27 15:20:48.549+05
581	88	348	n	2	1551	\N	inc	step	1	2015-04-27 15:20:48.612+05	2015-04-27 15:20:48.612+05
582	88	348	p	2	1552	\N	paused	process	1	2015-04-27 15:20:48.549+05	2015-04-27 15:20:48.549+05
583	88	348	n	2	1553	\N	inc	step	1	2015-04-27 15:20:48.612+05	2015-04-27 15:20:48.612+05
584	88	348	p	2	1554	\N	paused	process	1	2015-04-27 15:20:48.549+05	2015-04-27 15:20:48.549+05
585	88	348	n	2	1555	\N	inc	step	1	2015-04-27 15:20:48.612+05	2015-04-27 15:20:48.612+05
586	88	348	p	2	1556	\N	paused	process	1	2015-04-27 15:20:48.549+05	2015-04-27 15:20:48.549+05
587	88	348	n	2	1557	\N	inc	step	1	2015-04-27 15:20:48.612+05	2015-04-27 15:20:48.612+05
588	88	348	p	2	1558	\N	paused	process	1	2015-04-27 15:20:48.549+05	2015-04-27 15:20:48.549+05
589	88	348	n	2	1559	\N	inc	step	1	2015-04-27 15:20:48.612+05	2015-04-27 15:20:48.612+05
590	74	349	p	2	1563	\N	paused	process	1	2015-04-27 15:20:48.549+05	2015-04-27 15:20:48.549+05
591	74	349	n	2	1564	\N	inc	step	1	2015-04-27 15:20:48.612+05	2015-04-27 15:20:48.612+05
592	74	349	inn	2	1565	\N	inn	space	0	2015-04-27 15:20:47.567+05	2015-04-27 15:20:47.567+05
593	74	349	outn	2	1566	\N	outn	space	0	2015-04-27 15:20:47.922+05	2015-04-27 15:20:47.922+05
594	74	349	p	2	1567	\N	paused	process	1	2015-04-27 15:20:48.549+05	2015-04-27 15:20:48.549+05
595	74	349	n	2	1568	\N	inc	step	1	2015-04-27 15:20:48.612+05	2015-04-27 15:20:48.612+05
596	74	349	inn	2	1569	\N	inn	space	0	2015-04-27 15:20:47.567+05	2015-04-27 15:20:47.567+05
597	74	349	outn	2	1570	\N	outn	space	0	2015-04-27 15:20:47.922+05	2015-04-27 15:20:47.922+05
598	74	349	p	2	1571	\N	paused	process	1	2015-04-27 15:20:48.549+05	2015-04-27 15:20:48.549+05
599	74	349	n	2	1572	\N	inc	step	1	2015-04-27 15:20:48.612+05	2015-04-27 15:20:48.612+05
610	87	355	p	2	1624	\N	paused	process	1	2015-04-27 15:20:48.549+05	2015-04-27 15:20:48.549+05
611	87	355	n	2	1625	\N	inc	step	1	2015-04-27 15:20:48.612+05	2015-04-27 15:20:48.612+05
612	87	356	p	2	1633	\N	paused	process	1	2015-04-27 15:20:48.549+05	2015-04-27 15:20:48.549+05
613	87	356	n	2	1634	\N	inc	step	1	2015-04-27 15:20:48.612+05	2015-04-27 15:20:48.612+05
614	87	357	p	2	1642	\N	paused	process	1	2015-04-27 15:20:48.549+05	2015-04-27 15:20:48.549+05
615	87	357	n	2	1643	\N	inc	step	1	2015-04-27 15:20:48.612+05	2015-04-27 15:20:48.612+05
616	85	358	p	2	1648	\N	paused	process	1	2015-04-27 15:20:48.549+05	2015-04-27 15:20:48.549+05
617	85	358	n	2	1649	\N	inc	step	1	2015-04-27 15:20:48.612+05	2015-04-27 15:20:48.612+05
618	85	358	p	2	1651	\N	paused	process	1	2015-04-27 15:20:48.549+05	2015-04-27 15:20:48.549+05
619	85	358	n	2	1652	\N	inc	step	1	2015-04-27 15:20:48.612+05	2015-04-27 15:20:48.612+05
620	125	361	p	2	1669	\N	paused	process	1	2015-04-27 15:20:48.549+05	2015-04-27 15:20:48.549+05
621	125	361	n	2	1670	\N	inc	step	1	2015-04-27 15:20:48.612+05	2015-04-27 15:20:48.612+05
622	125	361	p	2	1672	\N	paused	process	1	2015-04-27 15:20:48.549+05	2015-04-27 15:20:48.549+05
623	125	361	n	2	1673	\N	inc	step	1	2015-04-27 15:20:48.612+05	2015-04-27 15:20:48.612+05
624	126	362	p	2	1678	\N	paused	process	1	2015-04-27 15:20:48.549+05	2015-04-27 15:20:48.549+05
625	126	362	n	2	1679	\N	inc	step	1	2015-04-27 15:20:48.612+05	2015-04-27 15:20:48.612+05
626	126	362	p	2	1681	\N	paused	process	1	2015-04-27 15:20:48.549+05	2015-04-27 15:20:48.549+05
627	126	362	n	2	1682	\N	inc	step	1	2015-04-27 15:20:48.612+05	2015-04-27 15:20:48.612+05
628	126	362	p	2	1684	\N	paused	process	1	2015-04-27 15:20:48.549+05	2015-04-27 15:20:48.549+05
629	126	362	n	2	1685	\N	inc	step	1	2015-04-27 15:20:48.612+05	2015-04-27 15:20:48.612+05
630	126	362	p	2	1687	\N	paused	process	1	2015-04-27 15:20:48.549+05	2015-04-27 15:20:48.549+05
631	126	362	n	2	1688	\N	inc	step	1	2015-04-27 15:20:48.612+05	2015-04-27 15:20:48.612+05
632	126	362	p	2	1690	\N	paused	process	1	2015-04-27 15:20:48.549+05	2015-04-27 15:20:48.549+05
633	126	362	n	2	1691	\N	inc	step	1	2015-04-27 15:20:48.612+05	2015-04-27 15:20:48.612+05
634	126	362	p	2	1693	\N	paused	process	1	2015-04-27 15:20:48.549+05	2015-04-27 15:20:48.549+05
635	126	362	n	2	1694	\N	inc	step	1	2015-04-27 15:20:48.612+05	2015-04-27 15:20:48.612+05
638	126	362	p	2	1699	\N	paused	process	1	2015-04-27 15:20:48.549+05	2015-04-27 15:20:48.549+05
636	126	362	p	2	1696	\N	paused	process	1	2015-04-27 15:20:48.549+05	2015-04-27 15:20:48.549+05
639	126	362	n	2	1700	\N	inc	step	1	2015-04-27 15:20:48.612+05	2015-04-27 15:20:48.612+05
637	126	362	n	2	1697	\N	inc	step	1	2015-04-27 15:20:48.612+05	2015-04-27 15:20:48.612+05
640	88	363	p	2	1705	\N	paused	process	1	2015-04-27 15:20:48.549+05	2015-04-27 15:20:48.549+05
641	88	363	n	2	1706	\N	inc	step	1	2015-04-27 15:20:48.612+05	2015-04-27 15:20:48.612+05
642	88	363	p	2	1707	\N	paused	process	1	2015-04-27 15:20:48.549+05	2015-04-27 15:20:48.549+05
643	88	363	n	2	1708	\N	inc	step	1	2015-04-27 15:20:48.612+05	2015-04-27 15:20:48.612+05
644	88	363	p	2	1709	\N	paused	process	1	2015-04-27 15:20:48.549+05	2015-04-27 15:20:48.549+05
645	88	363	n	2	1710	\N	inc	step	1	2015-04-27 15:20:48.612+05	2015-04-27 15:20:48.612+05
646	88	363	p	2	1711	\N	paused	process	1	2015-04-27 15:20:48.549+05	2015-04-27 15:20:48.549+05
647	88	363	n	2	1712	\N	inc	step	1	2015-04-27 15:20:48.612+05	2015-04-27 15:20:48.612+05
648	88	363	p	2	1713	\N	paused	process	1	2015-04-27 15:20:48.549+05	2015-04-27 15:20:48.549+05
649	88	363	n	2	1714	\N	inc	step	1	2015-04-27 15:20:48.612+05	2015-04-27 15:20:48.612+05
650	88	363	p	2	1715	\N	paused	process	1	2015-04-27 15:20:48.549+05	2015-04-27 15:20:48.549+05
651	88	363	n	2	1716	\N	inc	step	1	2015-04-27 15:20:48.612+05	2015-04-27 15:20:48.612+05
652	88	363	p	2	1717	\N	paused	process	1	2015-04-27 15:20:48.549+05	2015-04-27 15:20:48.549+05
653	88	363	n	2	1718	\N	inc	step	1	2015-04-27 15:20:48.612+05	2015-04-27 15:20:48.612+05
654	88	363	p	2	1719	\N	paused	process	1	2015-04-27 15:20:48.549+05	2015-04-27 15:20:48.549+05
655	88	363	n	2	1720	\N	inc	step	1	2015-04-27 15:20:48.612+05	2015-04-27 15:20:48.612+05
\.


--
-- Name: session_switchers_id_seq; Type: SEQUENCE SET; Schema: public; Owner: postgres
--

SELECT pg_catalog.setval('session_switchers_id_seq', 655, true);


--
-- Data for Name: sessionstates; Type: TABLE DATA; Schema: public; Owner: postgres
--

COPY sessionstates (id, process_id, session_id, title, neutral, is_process_state, front_elem_id, space_elem_id, created_at, updated_at, lang, space_id, "on", on_rate, origin_state_id, middle, middleable, oposite, opositable, session_front_elem_id, session_space_id, session_space_elem_id) FROM stdin;
2714	85	332	finished	unfinished	f	400	\N	2016-06-29 13:26:32.05+05	2016-06-29 13:26:32.05+05	en	\N	f	0	1387	finishing	f	'unfinished'	f	400	\N	\N
2740	117	335	confirmed	unconfirmed	f	409	\N	2016-07-05 08:23:28.146+05	2016-07-05 08:23:28.146+05	en	\N	f	0	1413	confirming	t		f	409	\N	\N
2741	117	335	finished	unfinished	f	409	\N	2016-07-05 08:23:28.146+05	2016-07-05 08:23:28.146+05	en	\N	f	0	1414	finishing	f	'unfinished'	f	409	\N	\N
2744	117	335	finished	unfinished	t	\N	\N	2016-07-05 08:23:28.146+05	2016-07-05 08:23:28.146+05	en	\N	f	0	1417	finishing	t		f	\N	\N	\N
2736	117	335	invoked	uninvoked	f	408	\N	2016-07-05 08:23:28.126+05	2016-07-05 08:23:28.126+05	en	\N	f	50	1409	invoking	t		f	408	\N	\N
2742	117	335	initiated	uninitiated	t	\N	\N	2016-07-05 08:23:28.146+05	2016-07-05 08:23:28.146+05	en	\N	t	100	1415	initiating	t		f	\N	\N	\N
2743	117	335	invoking	paused	t	\N	\N	2016-07-05 08:23:28.146+05	2016-07-05 08:23:28.146+05	en	\N	t	100	1416	invoking	t		f	\N	\N	\N
2710	85	332	confirmed	unconfirmed	f	399	\N	2016-06-29 13:26:32.05+05	2016-06-29 13:26:32.05+05	en	\N	t	100	1383	confirming	t		f	399	\N	\N
2711	85	332	finished	unfinished	f	399	\N	2016-06-29 13:26:32.05+05	2016-06-29 13:26:32.05+05	en	\N	t	100	1384	finishing	f	'unfinished'	f	399	\N	\N
2709	85	332	invoked	uninvoked	f	399	\N	2016-06-29 13:26:32.05+05	2016-06-29 13:26:32.05+05	en	\N	t	100	1382	invoking	t		f	399	\N	\N
2713	85	332	confirmed	unconfirmed	f	400	\N	2016-06-29 13:26:32.05+05	2016-06-29 13:26:32.05+05	en	\N	t	100	1386	confirming	t		f	400	\N	\N
2712	85	332	invoked	uninvoked	f	400	\N	2016-06-29 13:26:32.05+05	2016-06-29 13:26:32.05+05	en	\N	f	50	1385	invoking	t		f	400	\N	\N
2708	85	332	finished	unfinished	t	\N	\N	2016-06-29 13:26:32.05+05	2016-06-29 13:26:32.05+05	en	\N	t	100	1381	finishing	t		f	\N	\N	\N
2706	85	332	initiated	uninitiated	t	\N	\N	2016-06-29 13:26:32.004+05	2016-06-29 13:26:32.004+05	en	\N	t	100	1379	initiating	t		f	\N	\N	\N
2707	85	332	invoking	paused	t	\N	\N	2016-06-29 13:26:32.05+05	2016-06-29 13:26:32.05+05	en	\N	t	100	1380	invoking	t		f	\N	\N	\N
2717	85	333	finished	unfinished	t	\N	\N	2016-06-29 18:41:32.659+05	2016-06-29 18:41:32.659+05	en	\N	f	0	1390	finishing	t		f	\N	\N	\N
2722	85	333	confirmed	unconfirmed	f	402	\N	2016-06-29 18:41:32.659+05	2016-06-29 18:41:32.659+05	en	\N	f	0	1395	confirming	t		f	402	\N	\N
2723	85	333	finished	unfinished	f	402	\N	2016-06-29 18:41:32.659+05	2016-06-29 18:41:32.659+05	en	\N	f	0	1396	finishing	f	'unfinished'	f	402	\N	\N
2746	117	336	confirmed	unconfirmed	f	410	\N	2016-07-07 12:04:00.49+05	2016-07-07 12:04:00.49+05	en	\N	f	0	1419	confirming	t		f	410	\N	\N
2747	117	336	finished	unfinished	f	410	\N	2016-07-07 12:04:00.49+05	2016-07-07 12:04:00.49+05	en	\N	f	0	1420	finishing	f	'unfinished'	f	410	\N	\N
2748	117	336	invoked	uninvoked	f	411	\N	2016-07-07 12:04:00.49+05	2016-07-07 12:04:00.49+05	en	\N	f	0	1421	invoking	t		f	411	\N	\N
2719	85	333	confirmed	unconfirmed	f	401	\N	2016-06-29 18:41:32.659+05	2016-06-29 18:41:32.659+05	en	\N	t	100	1392	confirming	t		f	401	\N	\N
2720	85	333	finished	unfinished	f	401	\N	2016-06-29 18:41:32.659+05	2016-06-29 18:41:32.659+05	en	\N	t	100	1393	finishing	f	'unfinished'	f	401	\N	\N
2718	85	333	invoked	uninvoked	f	401	\N	2016-06-29 18:41:32.659+05	2016-06-29 18:41:32.659+05	en	\N	t	100	1391	invoking	t		f	401	\N	\N
2721	85	333	invoked	uninvoked	f	402	\N	2016-06-29 18:41:32.659+05	2016-06-29 18:41:32.659+05	en	\N	f	50	1394	invoking	t		f	402	\N	\N
2715	85	333	initiated	uninitiated	t	\N	\N	2016-06-29 18:41:32.63+05	2016-06-29 18:41:32.63+05	en	\N	t	100	1388	initiating	t		f	\N	\N	\N
2716	85	333	invoking	paused	t	\N	\N	2016-06-29 18:41:32.659+05	2016-06-29 18:41:32.659+05	en	\N	t	100	1389	invoking	t		f	\N	\N	\N
2724	93	334	initiated	uninitiated	t	\N	\N	2016-07-05 05:46:23.693+05	2016-07-05 05:46:23.693+05	en	\N	f	0	1397	initiating	t		f	\N	\N	\N
2725	93	334	invoking	paused	t	\N	\N	2016-07-05 05:46:23.721+05	2016-07-05 05:46:23.721+05	en	\N	f	0	1398	invoking	t		f	\N	\N	\N
2726	93	334	finished	unfinished	t	\N	\N	2016-07-05 05:46:23.721+05	2016-07-05 05:46:23.721+05	en	\N	f	0	1399	finishing	t		f	\N	\N	\N
2727	93	334	invoked	uninvoked	f	403	\N	2016-07-05 05:46:23.721+05	2016-07-05 05:46:23.721+05	en	\N	f	0	1400	invoking	t		f	403	\N	\N
2728	93	334	confirmed	unconfirmed	f	403	\N	2016-07-05 05:46:23.721+05	2016-07-05 05:46:23.721+05	en	\N	f	0	1401	confirming	t		f	403	\N	\N
2729	93	334	invoked	uninvoked	f	404	\N	2016-07-05 05:46:23.721+05	2016-07-05 05:46:23.721+05	en	\N	f	0	1402	invoking	t		f	404	\N	\N
2730	93	334	confirmed	unconfirmed	f	404	\N	2016-07-05 05:46:23.721+05	2016-07-05 05:46:23.721+05	en	\N	f	0	1403	confirming	t		f	404	\N	\N
2731	93	334	invoked	uninvoked	f	405	\N	2016-07-05 05:46:23.721+05	2016-07-05 05:46:23.721+05	en	\N	f	0	1404	invoking	t		f	405	\N	\N
2732	93	334	confirmed	unconfirmed	f	405	\N	2016-07-05 05:46:23.721+05	2016-07-05 05:46:23.721+05	en	\N	f	0	1405	confirming	t		f	405	\N	\N
2733	93	334	confirmed	unconfirmed	f	406	\N	2016-07-05 05:46:23.721+05	2016-07-05 05:46:23.721+05	en	\N	f	0	1406	confirming	t		f	406	\N	\N
2734	93	334	invoked	uninvoked	f	407	\N	2016-07-05 05:46:23.721+05	2016-07-05 05:46:23.721+05	en	\N	f	0	1407	invoking	t		f	407	\N	\N
2735	93	334	confirmed	unconfirmed	f	407	\N	2016-07-05 05:46:23.721+05	2016-07-05 05:46:23.721+05	en	\N	f	0	1408	confirming	t		f	407	\N	\N
2737	117	335	confirmed	unconfirmed	f	408	\N	2016-07-05 08:23:28.146+05	2016-07-05 08:23:28.146+05	en	\N	f	0	1410	confirming	t		f	408	\N	\N
2738	117	335	finished	unfinished	f	408	\N	2016-07-05 08:23:28.146+05	2016-07-05 08:23:28.146+05	en	\N	f	0	1411	finishing	f	'unfinished'	f	408	\N	\N
2739	117	335	invoked	uninvoked	f	409	\N	2016-07-05 08:23:28.146+05	2016-07-05 08:23:28.146+05	en	\N	f	0	1412	invoking	t		f	409	\N	\N
2749	117	336	confirmed	unconfirmed	f	411	\N	2016-07-07 12:04:00.49+05	2016-07-07 12:04:00.49+05	en	\N	f	0	1422	confirming	t		f	411	\N	\N
2750	117	336	finished	unfinished	f	411	\N	2016-07-07 12:04:00.49+05	2016-07-07 12:04:00.49+05	en	\N	f	0	1423	finishing	f	'unfinished'	f	411	\N	\N
2753	117	336	finished	unfinished	t	\N	\N	2016-07-07 12:04:00.49+05	2016-07-07 12:04:00.49+05	en	\N	f	0	1426	finishing	t		f	\N	\N	\N
2745	117	336	invoked	uninvoked	f	410	\N	2016-07-07 12:04:00.464+05	2016-07-07 12:04:00.464+05	en	\N	f	50	1418	invoking	t		f	410	\N	\N
2751	117	336	initiated	uninitiated	t	\N	\N	2016-07-07 12:04:00.49+05	2016-07-07 12:04:00.49+05	en	\N	t	100	1424	initiating	t		f	\N	\N	\N
2752	117	336	invoking	paused	t	\N	\N	2016-07-07 12:04:00.49+05	2016-07-07 12:04:00.49+05	en	\N	t	100	1425	invoking	t		f	\N	\N	\N
2841	93	345	initiated	uninitiated	t	\N	\N	2016-07-16 12:25:58.18+05	2016-07-16 12:25:58.18+05	en	\N	f	0	1514	initiating	t		f	\N	\N	\N
2845	93	345	confirmed	unconfirmed	f	433	\N	2016-07-16 12:25:58.206+05	2016-07-16 12:25:58.206+05	en	\N	f	0	1518	confirming	t		f	433	\N	\N
2846	93	345	invoked	uninvoked	f	434	\N	2016-07-16 12:25:58.206+05	2016-07-16 12:25:58.206+05	en	\N	f	0	1519	invoking	t		f	434	\N	\N
2851	93	345	invoked	uninvoked	f	437	\N	2016-07-16 12:25:58.206+05	2016-07-16 12:25:58.206+05	en	\N	f	0	1524	invoking	t		f	437	\N	\N
2855	123	346	finished	unfinished	t	\N	\N	2016-07-16 12:30:32.811+05	2016-07-16 12:30:32.811+05	en	\N	t	100	1528	finishing	t		f	\N	\N	\N
2854	123	346	invoking	paused	t	\N	\N	2016-07-16 12:30:32.811+05	2016-07-16 12:30:32.811+05	en	\N	t	100	1527	invoking	t		f	\N	\N	\N
2863	124	347	confirmed	unconfirmed	f	439	\N	2016-07-16 12:30:37.204+05	2016-07-16 12:30:37.204+05	en	\N	t	100	1536	confirming	t		f	439	\N	\N
2870	88	348	finished	unfinished	t	\N	\N	2016-07-19 17:22:02.968+05	2016-07-19 17:22:02.968+05	en	\N	f	0	1543	finishing	t		f	\N	\N	\N
2875	88	348	invoked	uninvoked	f	443	\N	2016-07-19 17:22:02.968+05	2016-07-19 17:22:02.968+05	en	\N	f	0	1548	invoking	t		f	443	\N	\N
2876	88	348	confirmed	unconfirmed	f	443	\N	2016-07-19 17:22:02.968+05	2016-07-19 17:22:02.968+05	en	\N	f	0	1549	confirming	t		f	443	\N	\N
2878	88	348	confirmed	unconfirmed	f	444	\N	2016-07-19 17:22:02.968+05	2016-07-19 17:22:02.968+05	en	\N	f	0	1551	confirming	t		f	444	\N	\N
2880	88	348	confirmed	unconfirmed	f	445	\N	2016-07-19 17:22:02.968+05	2016-07-19 17:22:02.968+05	en	\N	f	0	1553	confirming	t		f	445	\N	\N
2881	88	348	invoked	uninvoked	f	446	\N	2016-07-19 17:22:02.968+05	2016-07-19 17:22:02.968+05	en	\N	f	0	1554	invoking	t		f	446	\N	\N
2885	88	348	invoked	uninvoked	f	448	\N	2016-07-19 17:22:02.968+05	2016-07-19 17:22:02.968+05	en	\N	f	0	1558	invoking	t		f	448	\N	\N
2868	88	348	initiated	uninitiated	t	\N	\N	2016-07-19 17:22:02.942+05	2016-07-19 17:22:02.942+05	en	\N	t	100	1541	initiating	t		f	\N	\N	\N
2842	93	345	invoking	paused	t	\N	\N	2016-07-16 12:25:58.206+05	2016-07-16 12:25:58.206+05	en	\N	f	0	1515	invoking	t		f	\N	\N	\N
2844	93	345	invoked	uninvoked	f	433	\N	2016-07-16 12:25:58.206+05	2016-07-16 12:25:58.206+05	en	\N	f	0	1517	invoking	t		f	433	\N	\N
2852	93	345	confirmed	unconfirmed	f	437	\N	2016-07-16 12:25:58.206+05	2016-07-16 12:25:58.206+05	en	\N	f	0	1525	confirming	t		f	437	\N	\N
2857	123	346	confirmed	unconfirmed	f	438	\N	2016-07-16 12:30:32.811+05	2016-07-16 12:30:32.811+05	en	\N	t	100	1530	confirming	t		f	438	\N	\N
2862	124	347	invoked	uninvoked	f	439	\N	2016-07-16 12:30:37.204+05	2016-07-16 12:30:37.204+05	en	\N	t	100	1535	invoking	t		f	439	\N	\N
2859	124	347	initiated	uninitiated	t	\N	\N	2016-07-16 12:30:37.204+05	2016-07-16 12:30:37.204+05	en	\N	t	100	1532	initiating	t		f	\N	\N	\N
2860	124	347	invoking	paused	t	\N	\N	2016-07-16 12:30:37.204+05	2016-07-16 12:30:37.204+05	en	\N	t	100	1533	invoking	t		f	\N	\N	\N
2874	88	348	confirmed	unconfirmed	f	442	\N	2016-07-19 17:22:02.968+05	2016-07-19 17:22:02.968+05	en	\N	f	0	1547	confirming	t		f	442	\N	\N
2877	88	348	invoked	uninvoked	f	444	\N	2016-07-19 17:22:02.968+05	2016-07-19 17:22:02.968+05	en	\N	f	0	1550	invoking	t		f	444	\N	\N
2879	88	348	invoked	uninvoked	f	445	\N	2016-07-19 17:22:02.968+05	2016-07-19 17:22:02.968+05	en	\N	f	0	1552	invoking	t		f	445	\N	\N
2884	88	348	confirmed	unconfirmed	f	447	\N	2016-07-19 17:22:02.968+05	2016-07-19 17:22:02.968+05	en	\N	f	0	1557	confirming	t		f	447	\N	\N
2892	74	349	invoked	uninvoked	f	450	\N	2016-07-19 20:26:17.444+05	2016-07-19 20:26:17.444+05	en	\N	f	0	1565	invoking	t		f	450	\N	\N
2895	74	349	confirmed	unconfirmed	f	\N	21	2016-07-19 20:26:17.444+05	2016-07-19 20:26:17.444+05	en	\N	f	0	1568	confirming	t		f	\N	\N	21
3009	126	362	confirmed	unconfirmed	f	475	\N	2016-08-18 21:43:26.747+05	2016-08-18 21:43:26.747+05	en	\N	t	100	1682	confirming	t		f	475	\N	\N
3002	126	362	initiated	uninitiated	t	\N	\N	2016-08-18 21:43:26.722+05	2016-08-18 21:43:26.722+05	en	\N	t	100	1675	initiating	t		f	\N	\N	\N
3003	126	362	invoking	paused	t	\N	\N	2016-08-18 21:43:26.747+05	2016-08-18 21:43:26.747+05	en	\N	t	100	1676	invoking	t		f	\N	\N	\N
2950	87	355	finished	unfinished	f	462	\N	2016-07-20 13:07:48.555+05	2016-07-20 13:07:48.555+05	en	\N	t	100	1623		f		f	462	\N	\N
2951	87	355	invoked	uninvoked	f	463	\N	2016-07-20 13:07:48.555+05	2016-07-20 13:07:48.555+05	en	\N	f	50	1624	invoking	t		f	463	\N	\N
2945	87	355	initiated	uninitiated	t	\N	\N	2016-07-20 13:07:48.555+05	2016-07-20 13:07:48.555+05	en	\N	t	100	1618	initiating	t		f	\N	\N	\N
2946	87	355	invoking	paused	t	\N	\N	2016-07-20 13:07:48.555+05	2016-07-20 13:07:48.555+05	en	\N	t	100	1619	invoking	t		f	\N	\N	\N
2956	87	356	finished	unfinished	t	\N	\N	2016-07-20 13:12:06.944+05	2016-07-20 13:12:06.944+05	en	\N	t	100	1629	finishing	t		f	\N	\N	\N
3031	88	363	finished	unfinished	t	\N	\N	2016-08-18 21:50:28.79+05	2016-08-18 21:50:28.79+05	en	\N	f	0	1704	finishing	t		f	\N	\N	\N
2968	87	357	finished	unfinished	f	466	\N	2016-07-20 13:25:56.659+05	2016-07-20 13:25:56.659+05	en	\N	t	100	1641		f		f	466	\N	\N
2971	87	357	finished	unfinished	f	467	\N	2016-07-20 13:25:56.659+05	2016-07-20 13:25:56.659+05	en	\N	t	100	1644	finishing	f	'unfinished'	f	467	\N	\N
2963	87	357	initiated	uninitiated	t	\N	\N	2016-07-20 13:25:56.655+05	2016-07-20 13:25:56.655+05	en	\N	t	100	1636	initiating	t		f	\N	\N	\N
2974	85	358	finished	unfinished	t	\N	\N	2016-07-20 14:33:50.046+05	2016-07-20 14:33:50.046+05	en	\N	t	100	1647	finishing	t		f	\N	\N	\N
2984	86	359	initiated	uninitiated	f	470	\N	2016-07-30 03:21:08.229+05	2016-07-30 03:21:08.229+05	en	\N	t	100	1657		f		f	470	\N	\N
2985	86	359	invoked	uninvoked	f	470	\N	2016-07-30 03:21:08.229+05	2016-07-30 03:21:08.229+05	en	\N	t	100	1658		f		f	470	\N	\N
2990	86	360	initiated	uninitiated	f	471	\N	2016-07-31 06:48:09.011+05	2016-07-31 06:48:09.011+05	en	\N	t	100	1663		f		f	471	\N	\N
2989	86	360	finished	unfinished	t	\N	\N	2016-07-31 06:48:09.011+05	2016-07-31 06:48:09.011+05	en	\N	t	100	1662	finishing	t		f	\N	\N	\N
2997	125	361	confirmed	unconfirmed	f	472	\N	2016-08-17 18:44:14.125+05	2016-08-17 18:44:14.125+05	en	\N	t	100	1670	confirming	t		f	472	\N	\N
2994	125	361	invoking	paused	t	\N	\N	2016-08-17 18:44:14.125+05	2016-08-17 18:44:14.125+05	en	\N	t	100	1667	invoking	t		f	\N	\N	\N
2869	88	348	invoking	paused	t	\N	\N	2016-07-19 17:22:02.968+05	2016-07-19 17:22:02.968+05	en	\N	t	100	1542	invoking	t		f	\N	\N	\N
3013	126	362	finished	unfinished	f	476	\N	2016-08-18 21:43:26.747+05	2016-08-18 21:43:26.747+05	en	\N	f	0	1686	finishing	f	'unfinished'	f	476	\N	\N
3016	126	362	finished	unfinished	f	478	\N	2016-08-18 21:43:26.747+05	2016-08-18 21:43:26.747+05	en	\N	f	0	1689	finishing	f	'unfinished'	f	478	\N	\N
3019	126	362	finished	unfinished	f	477	\N	2016-08-18 21:43:26.747+05	2016-08-18 21:43:26.747+05	en	\N	f	0	1692	finishing	f	'unfinished'	f	477	\N	\N
3023	126	362	invoked	uninvoked	f	480	\N	2016-08-18 21:43:26.747+05	2016-08-18 21:43:26.747+05	en	\N	f	0	1696	invoking	t		f	480	\N	\N
3026	126	362	invoked	uninvoked	f	481	\N	2016-08-18 21:43:26.747+05	2016-08-18 21:43:26.747+05	en	\N	f	0	1699	invoking	t		f	481	\N	\N
3037	88	363	confirmed	unconfirmed	f	484	\N	2016-08-18 21:50:28.79+05	2016-08-18 21:50:28.79+05	en	\N	f	0	1710	confirming	t		f	484	\N	\N
3040	88	363	invoked	uninvoked	f	486	\N	2016-08-18 21:50:28.79+05	2016-08-18 21:50:28.79+05	en	\N	f	0	1713	invoking	t		f	486	\N	\N
3041	88	363	confirmed	unconfirmed	f	486	\N	2016-08-18 21:50:28.79+05	2016-08-18 21:50:28.79+05	en	\N	f	0	1714	confirming	t		f	486	\N	\N
3043	88	363	confirmed	unconfirmed	f	487	\N	2016-08-18 21:50:28.79+05	2016-08-18 21:50:28.79+05	en	\N	f	0	1716	confirming	t		f	487	\N	\N
3044	88	363	invoked	uninvoked	f	488	\N	2016-08-18 21:50:28.79+05	2016-08-18 21:50:28.79+05	en	\N	f	0	1717	invoking	t		f	488	\N	\N
3047	88	363	confirmed	unconfirmed	f	489	\N	2016-08-18 21:50:28.79+05	2016-08-18 21:50:28.79+05	en	\N	f	0	1720	confirming	t		f	489	\N	\N
3033	88	363	confirmed	unconfirmed	f	482	\N	2016-08-18 21:50:28.79+05	2016-08-18 21:50:28.79+05	en	\N	t	100	1706	confirming	t		f	482	\N	\N
3034	88	363	invoked	uninvoked	f	483	\N	2016-08-18 21:50:28.79+05	2016-08-18 21:50:28.79+05	en	\N	t	100	1707	invoking	t		f	483	\N	\N
3030	88	363	invoking	paused	t	\N	\N	2016-08-18 21:50:28.79+05	2016-08-18 21:50:28.79+05	en	\N	t	100	1703	invoking	t		f	\N	\N	\N
2843	93	345	finished	unfinished	t	\N	\N	2016-07-16 12:25:58.206+05	2016-07-16 12:25:58.206+05	en	\N	f	0	1516	finishing	t		f	\N	\N	\N
2847	93	345	confirmed	unconfirmed	f	434	\N	2016-07-16 12:25:58.206+05	2016-07-16 12:25:58.206+05	en	\N	f	0	1520	confirming	t		f	434	\N	\N
2861	124	347	finished	unfinished	t	\N	\N	2016-07-16 12:30:37.204+05	2016-07-16 12:30:37.204+05	en	\N	f	0	1534	finishing	t		f	\N	\N	\N
2867	124	347	finished	unfinished	f	440	\N	2016-07-16 12:30:37.204+05	2016-07-16 12:30:37.204+05	en	\N	f	0	1540	finishing	f	'unfinished'	f	440	\N	\N
2858	123	346	finished	unfinished	f	438	\N	2016-07-16 12:30:32.811+05	2016-07-16 12:30:32.811+05	en	\N	t	100	1531	finishing	f	'unfinished'	f	438	\N	\N
2856	123	346	invoked	uninvoked	f	438	\N	2016-07-16 12:30:32.811+05	2016-07-16 12:30:32.811+05	en	\N	t	100	1529	invoking	t		f	438	\N	\N
2853	123	346	initiated	uninitiated	t	\N	\N	2016-07-16 12:30:32.811+05	2016-07-16 12:30:32.811+05	en	\N	t	100	1526	initiating	t		f	\N	\N	\N
2864	124	347	finished	unfinished	f	439	\N	2016-07-16 12:30:37.204+05	2016-07-16 12:30:37.204+05	en	\N	t	100	1537	finishing	f	'unfinished'	f	439	\N	\N
2882	88	348	confirmed	unconfirmed	f	446	\N	2016-07-19 17:22:02.968+05	2016-07-19 17:22:02.968+05	en	\N	f	0	1555	confirming	t		f	446	\N	\N
2886	88	348	confirmed	unconfirmed	f	448	\N	2016-07-19 17:22:02.968+05	2016-07-19 17:22:02.968+05	en	\N	f	0	1559	confirming	t		f	448	\N	\N
2952	87	355	confirmed	unconfirmed	f	463	\N	2016-07-20 13:07:48.555+05	2016-07-20 13:07:48.555+05	en	\N	t	100	1625	confirming	t		f	463	\N	\N
2947	87	355	finished	unfinished	t	\N	\N	2016-07-20 13:07:48.555+05	2016-07-20 13:07:48.555+05	en	\N	t	100	1620	finishing	t		f	\N	\N	\N
3012	126	362	confirmed	unconfirmed	f	476	\N	2016-08-18 21:43:26.747+05	2016-08-18 21:43:26.747+05	en	\N	f	0	1685	confirming	t		f	476	\N	\N
3014	126	362	invoked	uninvoked	f	478	\N	2016-08-18 21:43:26.747+05	2016-08-18 21:43:26.747+05	en	\N	f	0	1687	invoking	t		f	478	\N	\N
2957	87	356	initiated	uninitiated	f	464	\N	2016-07-20 13:12:06.944+05	2016-07-20 13:12:06.944+05	en	\N	t	100	1630		f		f	464	\N	\N
2960	87	356	invoked	uninvoked	f	465	\N	2016-07-20 13:12:06.944+05	2016-07-20 13:12:06.944+05	en	\N	f	50	1633	invoking	t		f	465	\N	\N
3015	126	362	confirmed	unconfirmed	f	478	\N	2016-08-18 21:43:26.747+05	2016-08-18 21:43:26.747+05	en	\N	f	0	1688	confirming	t		f	478	\N	\N
3017	126	362	invoked	uninvoked	f	477	\N	2016-08-18 21:43:26.747+05	2016-08-18 21:43:26.747+05	en	\N	f	0	1690	invoking	t		f	477	\N	\N
3018	126	362	confirmed	unconfirmed	f	477	\N	2016-08-18 21:43:26.747+05	2016-08-18 21:43:26.747+05	en	\N	f	0	1691	confirming	t		f	477	\N	\N
3020	126	362	invoked	uninvoked	f	479	\N	2016-08-18 21:43:26.747+05	2016-08-18 21:43:26.747+05	en	\N	f	0	1693	invoking	t		f	479	\N	\N
2966	87	357	initiated	uninitiated	f	466	\N	2016-07-20 13:25:56.658+05	2016-07-20 13:25:56.658+05	en	\N	t	100	1639		f		f	466	\N	\N
2967	87	357	invoked	uninvoked	f	466	\N	2016-07-20 13:25:56.659+05	2016-07-20 13:25:56.659+05	en	\N	t	100	1640		f		f	466	\N	\N
2969	87	357	invoked	uninvoked	f	467	\N	2016-07-20 13:25:56.659+05	2016-07-20 13:25:56.659+05	en	\N	t	100	1642	invoking	t		f	467	\N	\N
2964	87	357	invoking	paused	t	\N	\N	2016-07-20 13:25:56.658+05	2016-07-20 13:25:56.658+05	en	\N	t	100	1637	invoking	t		f	\N	\N	\N
3021	126	362	confirmed	unconfirmed	f	479	\N	2016-08-18 21:43:26.747+05	2016-08-18 21:43:26.747+05	en	\N	f	0	1694	confirming	t		f	479	\N	\N
3022	126	362	finished	unfinished	f	479	\N	2016-08-18 21:43:26.747+05	2016-08-18 21:43:26.747+05	en	\N	f	0	1695	finishing	f	'unfinished'	f	479	\N	\N
3024	126	362	confirmed	unconfirmed	f	480	\N	2016-08-18 21:43:26.747+05	2016-08-18 21:43:26.747+05	en	\N	f	0	1697	confirming	t		f	480	\N	\N
3025	126	362	finished	unfinished	f	480	\N	2016-08-18 21:43:26.747+05	2016-08-18 21:43:26.747+05	en	\N	f	0	1698	finishing	f	'unfinished'	f	480	\N	\N
3027	126	362	confirmed	unconfirmed	f	481	\N	2016-08-18 21:43:26.747+05	2016-08-18 21:43:26.747+05	en	\N	f	0	1700	confirming	t		f	481	\N	\N
2976	85	358	confirmed	unconfirmed	f	468	\N	2016-07-20 14:33:50.047+05	2016-07-20 14:33:50.047+05	en	\N	t	100	1649	confirming	t		f	468	\N	\N
2975	85	358	invoked	uninvoked	f	468	\N	2016-07-20 14:33:50.046+05	2016-07-20 14:33:50.046+05	en	\N	t	100	1648	invoking	t		f	468	\N	\N
2980	85	358	finished	unfinished	f	469	\N	2016-07-20 14:33:50.047+05	2016-07-20 14:33:50.047+05	en	\N	t	100	1653	finishing	f	'unfinished'	f	469	\N	\N
2972	85	358	initiated	uninitiated	t	\N	\N	2016-07-20 14:33:50.034+05	2016-07-20 14:33:50.034+05	en	\N	t	100	1645	initiating	t		f	\N	\N	\N
2986	86	359	finished	unfinished	f	470	\N	2016-07-30 03:21:08.229+05	2016-07-30 03:21:08.229+05	en	\N	t	100	1659		f		f	470	\N	\N
2995	125	361	finished	unfinished	t	\N	\N	2016-08-17 18:44:14.125+05	2016-08-17 18:44:14.125+05	en	\N	f	0	1668	finishing	t		f	\N	\N	\N
2998	125	361	finished	unfinished	f	472	\N	2016-08-17 18:44:14.125+05	2016-08-17 18:44:14.125+05	en	\N	t	100	1671	finishing	f	'unfinished'	f	472	\N	\N
2999	125	361	invoked	uninvoked	f	473	\N	2016-08-17 18:44:14.125+05	2016-08-17 18:44:14.125+05	en	\N	f	50	1672	invoking	t		f	473	\N	\N
2872	88	348	confirmed	unconfirmed	f	441	\N	2016-07-19 17:22:02.968+05	2016-07-19 17:22:02.968+05	en	\N	t	100	1545	confirming	t		f	441	\N	\N
2871	88	348	invoked	uninvoked	f	441	\N	2016-07-19 17:22:02.968+05	2016-07-19 17:22:02.968+05	en	\N	t	100	1544	invoking	t		f	441	\N	\N
3028	126	362	finished	unfinished	f	481	\N	2016-08-18 21:43:26.747+05	2016-08-18 21:43:26.747+05	en	\N	f	0	1701	finishing	f	'unfinished'	f	481	\N	\N
3039	88	363	confirmed	unconfirmed	f	485	\N	2016-08-18 21:50:28.79+05	2016-08-18 21:50:28.79+05	en	\N	f	0	1712	confirming	t		f	485	\N	\N
3042	88	363	invoked	uninvoked	f	487	\N	2016-08-18 21:50:28.79+05	2016-08-18 21:50:28.79+05	en	\N	f	0	1715	invoking	t		f	487	\N	\N
3045	88	363	confirmed	unconfirmed	f	488	\N	2016-08-18 21:50:28.79+05	2016-08-18 21:50:28.79+05	en	\N	f	0	1718	confirming	t		f	488	\N	\N
3005	126	362	invoked	uninvoked	f	474	\N	2016-08-18 21:43:26.747+05	2016-08-18 21:43:26.747+05	en	\N	t	100	1678	invoking	t		f	474	\N	\N
3007	126	362	finished	unfinished	f	474	\N	2016-08-18 21:43:26.747+05	2016-08-18 21:43:26.747+05	en	\N	t	100	1680	finishing	f	'unfinished'	f	474	\N	\N
3010	126	362	finished	unfinished	f	475	\N	2016-08-18 21:43:26.747+05	2016-08-18 21:43:26.747+05	en	\N	t	100	1683	finishing	f	'unfinished'	f	475	\N	\N
3008	126	362	invoked	uninvoked	f	475	\N	2016-08-18 21:43:26.747+05	2016-08-18 21:43:26.747+05	en	\N	t	100	1681	invoking	t		f	475	\N	\N
3011	126	362	invoked	uninvoked	f	476	\N	2016-08-18 21:43:26.747+05	2016-08-18 21:43:26.747+05	en	\N	f	50	1684	invoking	t		f	476	\N	\N
3038	88	363	invoked	uninvoked	f	485	\N	2016-08-18 21:50:28.79+05	2016-08-18 21:50:28.79+05	en	\N	f	0	1711	invoking	t		f	485	\N	\N
3046	88	363	invoked	uninvoked	f	489	\N	2016-08-18 21:50:28.79+05	2016-08-18 21:50:28.79+05	en	\N	f	0	1719	invoking	t		f	489	\N	\N
3032	88	363	invoked	uninvoked	f	482	\N	2016-08-18 21:50:28.79+05	2016-08-18 21:50:28.79+05	en	\N	t	100	1705	invoking	t		f	482	\N	\N
3035	88	363	confirmed	unconfirmed	f	483	\N	2016-08-18 21:50:28.79+05	2016-08-18 21:50:28.79+05	en	\N	t	100	1708	confirming	t		f	483	\N	\N
3036	88	363	invoked	uninvoked	f	484	\N	2016-08-18 21:50:28.79+05	2016-08-18 21:50:28.79+05	en	\N	f	50	1709	invoking	t		f	484	\N	\N
3029	88	363	initiated	uninitiated	t	\N	\N	2016-08-18 21:50:28.79+05	2016-08-18 21:50:28.79+05	en	\N	t	100	1702	initiating	t		f	\N	\N	\N
2848	93	345	invoked	uninvoked	f	435	\N	2016-07-16 12:25:58.206+05	2016-07-16 12:25:58.206+05	en	\N	f	0	1521	invoking	t		f	435	\N	\N
2849	93	345	confirmed	unconfirmed	f	435	\N	2016-07-16 12:25:58.206+05	2016-07-16 12:25:58.206+05	en	\N	f	0	1522	confirming	t		f	435	\N	\N
2850	93	345	confirmed	unconfirmed	f	436	\N	2016-07-16 12:25:58.206+05	2016-07-16 12:25:58.206+05	en	\N	f	0	1523	confirming	t		f	436	\N	\N
2866	124	347	confirmed	unconfirmed	f	440	\N	2016-07-16 12:30:37.204+05	2016-07-16 12:30:37.204+05	en	\N	f	0	1539	confirming	t		f	440	\N	\N
2865	124	347	invoked	uninvoked	f	440	\N	2016-07-16 12:30:37.204+05	2016-07-16 12:30:37.204+05	en	\N	f	50	1538	invoking	t		f	440	\N	\N
2883	88	348	invoked	uninvoked	f	447	\N	2016-07-19 17:22:02.968+05	2016-07-19 17:22:02.968+05	en	\N	f	0	1556	invoking	t		f	447	\N	\N
2889	74	349	finished	unfinished	t	\N	\N	2016-07-19 20:26:17.444+05	2016-07-19 20:26:17.444+05	en	\N	f	0	1562	finishing	t		f	\N	\N	\N
2891	74	349	confirmed	unconfirmed	f	449	\N	2016-07-19 20:26:17.444+05	2016-07-19 20:26:17.444+05	en	\N	f	0	1564	confirming	t		f	449	\N	\N
2838	122	344	initiated	uninitiated	f	432	\N	2016-07-16 12:10:21.658+05	2016-07-16 12:10:21.658+05	en	\N	t	100	1511		f		f	432	\N	\N
2839	122	344	invoked	uninvoked	f	432	\N	2016-07-16 12:10:21.658+05	2016-07-16 12:10:21.658+05	en	\N	t	100	1512		f		f	432	\N	\N
2840	122	344	finished	unfinished	f	432	\N	2016-07-16 12:10:21.658+05	2016-07-16 12:10:21.658+05	en	\N	t	100	1513		f		f	432	\N	\N
2836	122	344	invoking	paused	t	\N	\N	2016-07-16 12:10:21.658+05	2016-07-16 12:10:21.658+05	en	\N	t	100	1509	invoking	t		f	\N	\N	\N
2837	122	344	finished	unfinished	t	\N	\N	2016-07-16 12:10:21.658+05	2016-07-16 12:10:21.658+05	en	\N	t	100	1510	finishing	t		f	\N	\N	\N
2835	122	344	initiated	uninitiated	t	\N	\N	2016-07-16 12:10:21.658+05	2016-07-16 12:10:21.658+05	en	\N	t	100	1508	initiating	t		f	\N	\N	\N
2893	74	349	lap	unlap	f	\N	\N	2016-07-19 20:26:17.444+05	2016-07-19 20:26:17.444+05	en	28	f	0	1566		f		f	\N	28	\N
2894	74	349	invoked	uninvoked	f	\N	21	2016-07-19 20:26:17.444+05	2016-07-19 20:26:17.444+05	en	\N	f	0	1567	invoking	t		f	\N	\N	21
2896	74	349	invoked	uninvoked	f	451	\N	2016-07-19 20:26:17.444+05	2016-07-19 20:26:17.444+05	en	\N	f	0	1569	invoking	t		f	451	\N	\N
2897	74	349	lap	unlap	f	\N	\N	2016-07-19 20:26:17.444+05	2016-07-19 20:26:17.444+05	en	29	f	0	1570		f		f	\N	29	\N
2898	74	349	invoked	uninvoked	f	\N	22	2016-07-19 20:26:17.444+05	2016-07-19 20:26:17.444+05	en	\N	f	0	1571	invoking	t		f	\N	\N	22
2899	74	349	confirmed	unconfirmed	f	\N	22	2016-07-19 20:26:17.444+05	2016-07-19 20:26:17.444+05	en	\N	f	0	1572	confirming	t		f	\N	\N	22
2890	74	349	invoked	uninvoked	f	449	\N	2016-07-19 20:26:17.444+05	2016-07-19 20:26:17.444+05	en	\N	f	50	1563	invoking	t		f	449	\N	\N
2887	74	349	initiated	uninitiated	t	\N	\N	2016-07-19 20:26:17.417+05	2016-07-19 20:26:17.417+05	en	\N	t	100	1560	initiating	t		f	\N	\N	\N
2888	74	349	invoking	paused	t	\N	\N	2016-07-19 20:26:17.444+05	2016-07-19 20:26:17.444+05	en	\N	t	100	1561	invoking	t		f	\N	\N	\N
2953	87	355	finished	unfinished	f	463	\N	2016-07-20 13:07:48.555+05	2016-07-20 13:07:48.555+05	en	\N	f	0	1626	finishing	f	'unfinished'	f	463	\N	\N
2970	87	357	confirmed	unconfirmed	f	467	\N	2016-07-20 13:25:56.659+05	2016-07-20 13:25:56.659+05	en	\N	t	100	1643	confirming	t		f	467	\N	\N
2965	87	357	finished	unfinished	t	\N	\N	2016-07-20 13:25:56.658+05	2016-07-20 13:25:56.658+05	en	\N	t	100	1638	finishing	t		f	\N	\N	\N
2948	87	355	initiated	uninitiated	f	462	\N	2016-07-20 13:07:48.555+05	2016-07-20 13:07:48.555+05	en	\N	t	100	1621		f		f	462	\N	\N
2949	87	355	invoked	uninvoked	f	462	\N	2016-07-20 13:07:48.555+05	2016-07-20 13:07:48.555+05	en	\N	t	100	1622		f		f	462	\N	\N
2962	87	356	finished	unfinished	f	465	\N	2016-07-20 13:12:06.944+05	2016-07-20 13:12:06.944+05	en	\N	f	0	1635	finishing	f	'unfinished'	f	465	\N	\N
2958	87	356	invoked	uninvoked	f	464	\N	2016-07-20 13:12:06.944+05	2016-07-20 13:12:06.944+05	en	\N	t	100	1631		f		f	464	\N	\N
2959	87	356	finished	unfinished	f	464	\N	2016-07-20 13:12:06.944+05	2016-07-20 13:12:06.944+05	en	\N	t	100	1632		f		f	464	\N	\N
2961	87	356	confirmed	unconfirmed	f	465	\N	2016-07-20 13:12:06.944+05	2016-07-20 13:12:06.944+05	en	\N	t	100	1634	confirming	t		f	465	\N	\N
2954	87	356	initiated	uninitiated	t	\N	\N	2016-07-20 13:12:06.941+05	2016-07-20 13:12:06.941+05	en	\N	t	100	1627	initiating	t		f	\N	\N	\N
2955	87	356	invoking	paused	t	\N	\N	2016-07-20 13:12:06.944+05	2016-07-20 13:12:06.944+05	en	\N	t	100	1628	invoking	t		f	\N	\N	\N
2973	85	358	invoking	paused	t	\N	\N	2016-07-20 14:33:50.046+05	2016-07-20 14:33:50.046+05	en	\N	t	100	1646	invoking	t		f	\N	\N	\N
2977	85	358	finished	unfinished	f	468	\N	2016-07-20 14:33:50.047+05	2016-07-20 14:33:50.047+05	en	\N	t	100	1650	finishing	f	'unfinished'	f	468	\N	\N
2979	85	358	confirmed	unconfirmed	f	469	\N	2016-07-20 14:33:50.047+05	2016-07-20 14:33:50.047+05	en	\N	t	100	1652	confirming	t		f	469	\N	\N
2978	85	358	invoked	uninvoked	f	469	\N	2016-07-20 14:33:50.047+05	2016-07-20 14:33:50.047+05	en	\N	t	100	1651	invoking	t		f	469	\N	\N
2981	86	359	initiated	uninitiated	t	\N	\N	2016-07-30 03:21:08.195+05	2016-07-30 03:21:08.195+05	en	\N	t	100	1654	initiating	t		f	\N	\N	\N
2982	86	359	invoking	paused	t	\N	\N	2016-07-30 03:21:08.229+05	2016-07-30 03:21:08.229+05	en	\N	t	100	1655	invoking	t		f	\N	\N	\N
2983	86	359	finished	unfinished	t	\N	\N	2016-07-30 03:21:08.229+05	2016-07-30 03:21:08.229+05	en	\N	t	100	1656	finishing	t		f	\N	\N	\N
2991	86	360	invoked	uninvoked	f	471	\N	2016-07-31 06:48:09.011+05	2016-07-31 06:48:09.011+05	en	\N	t	100	1664		f		f	471	\N	\N
2992	86	360	finished	unfinished	f	471	\N	2016-07-31 06:48:09.011+05	2016-07-31 06:48:09.011+05	en	\N	t	100	1665		f		f	471	\N	\N
2987	86	360	initiated	uninitiated	t	\N	\N	2016-07-31 06:48:08.97+05	2016-07-31 06:48:08.97+05	en	\N	t	100	1660	initiating	t		f	\N	\N	\N
2988	86	360	invoking	paused	t	\N	\N	2016-07-31 06:48:09.011+05	2016-07-31 06:48:09.011+05	en	\N	t	100	1661	invoking	t		f	\N	\N	\N
3000	125	361	confirmed	unconfirmed	f	473	\N	2016-08-17 18:44:14.125+05	2016-08-17 18:44:14.125+05	en	\N	f	0	1673	confirming	t		f	473	\N	\N
3001	125	361	finished	unfinished	f	473	\N	2016-08-17 18:44:14.125+05	2016-08-17 18:44:14.125+05	en	\N	f	0	1674	finishing	f	'unfinished'	f	473	\N	\N
2993	125	361	initiated	uninitiated	t	\N	\N	2016-08-17 18:44:14.103+05	2016-08-17 18:44:14.103+05	en	\N	t	100	1666	initiating	t		f	\N	\N	\N
2873	88	348	invoked	uninvoked	f	442	\N	2016-07-19 17:22:02.968+05	2016-07-19 17:22:02.968+05	en	\N	f	50	1546	invoking	t		f	442	\N	\N
2996	125	361	invoked	uninvoked	f	472	\N	2016-08-17 18:44:14.125+05	2016-08-17 18:44:14.125+05	en	\N	t	100	1669	invoking	t		f	472	\N	\N
3004	126	362	finished	unfinished	t	\N	\N	2016-08-18 21:43:26.747+05	2016-08-18 21:43:26.747+05	en	\N	f	0	1677	finishing	t		f	\N	\N	\N
2823	109	343	initiated	uninitiated	f	429	\N	2016-07-16 12:08:09.993+05	2016-07-16 12:08:09.993+05	en	\N	t	100	1496		f		f	429	\N	\N
2824	109	343	invoked	uninvoked	f	429	\N	2016-07-16 12:08:10.019+05	2016-07-16 12:08:10.019+05	en	\N	t	100	1497		f		f	429	\N	\N
2825	109	343	finished	unfinished	f	429	\N	2016-07-16 12:08:10.019+05	2016-07-16 12:08:10.019+05	en	\N	t	100	1498		f		f	429	\N	\N
2826	109	343	initiated	uninitiated	f	430	\N	2016-07-16 12:08:10.019+05	2016-07-16 12:08:10.019+05	en	\N	t	100	1499		f		f	430	\N	\N
2827	109	343	invoked	uninvoked	f	430	\N	2016-07-16 12:08:10.019+05	2016-07-16 12:08:10.019+05	en	\N	t	100	1500		f		f	430	\N	\N
2828	109	343	finished	unfinished	f	430	\N	2016-07-16 12:08:10.019+05	2016-07-16 12:08:10.019+05	en	\N	t	100	1501		f		f	430	\N	\N
2829	109	343	initiated	uninitiated	f	431	\N	2016-07-16 12:08:10.019+05	2016-07-16 12:08:10.019+05	en	\N	t	100	1502		f		f	431	\N	\N
2830	109	343	invoked	uninvoked	f	431	\N	2016-07-16 12:08:10.02+05	2016-07-16 12:08:10.02+05	en	\N	t	100	1503		f		f	431	\N	\N
2831	109	343	finished	unfinished	f	431	\N	2016-07-16 12:08:10.02+05	2016-07-16 12:08:10.02+05	en	\N	t	100	1504		f		f	431	\N	\N
2832	109	343	initiated	uninitiated	t	\N	\N	2016-07-16 12:08:10.02+05	2016-07-16 12:08:10.02+05	en	\N	t	100	1505	initiating	t		f	\N	\N	\N
2833	109	343	invoking	paused	t	\N	\N	2016-07-16 12:08:10.02+05	2016-07-16 12:08:10.02+05	en	\N	t	100	1506	invoking	t		f	\N	\N	\N
2834	109	343	finished	unfinished	t	\N	\N	2016-07-16 12:08:10.02+05	2016-07-16 12:08:10.02+05	en	\N	t	100	1507	finishing	t		f	\N	\N	\N
3006	126	362	confirmed	unconfirmed	f	474	\N	2016-08-18 21:43:26.747+05	2016-08-18 21:43:26.747+05	en	\N	t	100	1679	confirming	t		f	474	\N	\N
\.


--
-- Name: sessionstates_id_seq; Type: SEQUENCE SET; Schema: public; Owner: postgres
--

SELECT pg_catalog.setval('sessionstates_id_seq', 3047, true);


--
-- Data for Name: space_element_reflections; Type: TABLE DATA; Schema: public; Owner: postgres
--

COPY space_element_reflections (id, reflection_id, title, "desc", b_type, type_title, ref_space_id, ref_space_owned_id, space_role, "order", created_at, updated_at) FROM stdin;
1	1	Space elem	 	block	confirm	\N	1	container	1	\N	\N
\.


--
-- Name: space_element_reflections_id_seq; Type: SEQUENCE SET; Schema: public; Owner: postgres
--

SELECT pg_catalog.setval('space_element_reflections_id_seq', 3, false);


--
-- Data for Name: space_elements; Type: TABLE DATA; Schema: public; Owner: postgres
--

COPY space_elements (id, title, "desc", business_id, bprocess_id, b_type, type_title, own_space_id, owned_space_id, space_role, "order", created_at, updated_at) FROM stdin;
26	test		1	39	brick	container_brick	\N	41	\N	1	\N	\N
27	test		1	40	brick	container_brick	\N	43	\N	1	\N	\N
28	test		1	39	brick	container_brick	\N	45	\N	1	\N	\N
29	test		1	39	brick	container_brick	\N	47	\N	1	\N	\N
48	Repeat	After session finished, launch it again.	2	62	block	confirm	\N	81	\N	1	2015-04-27 15:20:48.329+05	2015-04-27 15:20:48.329+05
57	Zerodotzero	0.0	2	62	block	positive	\N	81	\N	2	\N	\N
58	cf	cf	2	74	block	confirm	\N	89	\N	1	2015-04-27 15:20:48.329+05	2015-04-27 15:20:48.329+05
59	cf	cf	2	74	block	confirm	\N	90	\N	1	2015-04-27 15:20:48.329+05	2015-04-27 15:20:48.329+05
\.


--
-- Name: space_elements_id_seq; Type: SEQUENCE SET; Schema: public; Owner: postgres
--

SELECT pg_catalog.setval('space_elements_id_seq', 59, true);


--
-- Data for Name: space_refs; Type: TABLE DATA; Schema: public; Owner: postgres
--

COPY space_refs (id, reflection_id, index, container, subbrick, brick_front, brick_nested, "nestingLevel", created_at, updated_at) FROM stdin;
1	1	1	t	f	2	\N	1	\N	\N
2	4	1	t	f	5	\N	1	\N	\N
3	25	1	t	f	23	\N	1	2015-04-27 15:20:47.69+05	2015-04-27 15:20:47.69+05
\.


--
-- Name: space_refs_id_seq; Type: SEQUENCE SET; Schema: public; Owner: postgres
--

SELECT pg_catalog.setval('space_refs_id_seq', 3, true);


--
-- Data for Name: state_refs; Type: TABLE DATA; Schema: public; Owner: postgres
--

COPY state_refs (id, reflection_id, title, neutral, process_state, "on", on_rate, ref_front_elem_id, ref_space_elem_id, created_at, updated_at, lang, ref_space_id, middle, middleable, oposite, opositable) FROM stdin;
1	1	started	unstarted	f	f	0	1	\N	\N	\N	en	\N		f		f
2	1	finished	not_finished	f	f	0	1	\N	\N	\N	en	\N		f		f
3	1	confirmed	unconfirmed	f	f	0	1	\N	\N	\N	en	\N		f		f
4	1	started	unstarted	f	f	0	2	\N	\N	\N	en	\N		f		f
5	1	started	unstarted	f	f	0	\N	1	\N	\N	en	\N		f		f
6	1	confirmed	unconfirmed	f	f	0	\N	1	\N	\N	en	\N		f		f
7	1	finished	not_finished	f	f	0	2	\N	\N	\N	en	\N		f		f
8	5	invoked	uninvoked	f	f	0	6	\N	\N	\N	en	\N		f		f
22	25	invoked	uninvoked	f	f	0	23	\N	2015-04-27 15:20:47.42+05	2015-04-27 15:20:47.42+05	en	\N	invoking	t		f
23	25	lap	unlap	f	f	0	\N	\N	2015-04-27 15:20:47.853+05	2015-04-27 15:20:47.853+05	en	3		f		f
24	26	invoked	uninvoked	f	f	0	24	\N	2015-04-27 15:20:48.125+05	2015-04-27 15:20:48.125+05	en	\N	invoking	t		f
25	27	invoked	uninvoked	f	f	0	25	\N	2015-04-27 15:20:48.423+05	2015-04-27 15:20:48.423+05	en	\N	invoking	t		f
26	27	confirmed	unconfirmed	f	f	0	25	\N	2015-04-27 15:20:48.489+05	2015-04-27 15:20:48.489+05	en	\N	confirming	t		f
27	28	finished	unfinished	f	f	0	26	\N	2016-05-10 05:40:16.7+05	2016-05-10 05:40:16.7+05	en	\N		f		f
28	28	initiated	uninitiated	f	f	0	26	\N	2016-05-10 05:40:16.7+05	2016-05-10 05:40:16.7+05	en	\N		f		f
29	28	invoked	uninvoked	f	f	0	26	\N	2016-05-10 05:40:16.7+05	2016-05-10 05:40:16.7+05	en	\N		f		f
30	28	canceled	uncanceled	f	f	0	26	\N	2016-05-10 05:40:16.7+05	2016-05-10 05:40:16.7+05	en	\N		f		f
31	27	finished	unfinished	f	f	0	25	\N	2015-04-27 15:20:48.125+05	2015-04-27 15:20:48.125+05	en	\N	finishing	f	'unfinished'	f
33	34	initiated	uninitiated	f	f	0	29	\N	\N	\N	en	\N		f		f
34	34	invoked	uninvoked	f	f	0	29	\N	\N	\N	en	\N		f		f
35	34	finished	unfinished	f	f	0	29	\N	\N	\N	en	\N		f		f
\.


--
-- Name: state_refs_id_seq; Type: SEQUENCE SET; Schema: public; Owner: postgres
--

SELECT pg_catalog.setval('state_refs_id_seq', 35, true);


--
-- Data for Name: strategies; Type: TABLE DATA; Schema: public; Owner: postgres
--

COPY strategies (id, ident, middleware_id, is_null_strategy, created_at, updated_at) FROM stdin;
1	Duration	1	f	2016-05-14 06:01:24.316	2016-05-14 06:01:24.316
2	Duration	2	f	2016-05-25 06:25:02.911	2016-05-25 06:25:02.911
3	GETStrategy	3	f	2016-07-09 07:19:00.236	2016-07-09 07:19:00.236
4	GETStrategy	4	f	2016-07-09 09:10:40.156	2016-07-09 09:10:40.156
6	GETStrategy	6	f	2016-07-16 12:10:12.29	2016-07-16 12:10:12.29
7	GETStrategy	7	f	2016-07-20 11:01:46.101	2016-07-20 11:01:46.101
20	GETStrategy	20	f	2016-08-06 19:20:41.504	2016-08-06 19:20:41.504
21	GETStrategy	21	f	2016-08-06 20:04:41.642	2016-08-06 20:04:41.642
24	GETStrategy	24	f	2016-08-11 05:54:22.865	2016-08-11 05:54:22.865
\.


--
-- Name: strategies_id_seq; Type: SEQUENCE SET; Schema: public; Owner: postgres
--

SELECT pg_catalog.setval('strategies_id_seq', 24, true);


--
-- Data for Name: strategy_base_refs; Type: TABLE DATA; Schema: public; Owner: postgres
--

COPY strategy_base_refs (id, strategy_id, key, base_type, value_type, value_content, validation_scheme, validation_pattern, created_at, updated_at) FROM stdin;
1	2	duration	duration	seconds	0	""	""	2016-05-10 05:30:28.616	2016-05-10 05:30:28.616
3	3	schedule	datetime	datetime	0	""	""	2016-05-10 05:30:28.616	2016-05-10 05:30:28.616
5	5					\N	\N	\N	\N
6	6	URL	url	url				\N	\N
7	6	HEADERS	headers	headers		headers	headers	\N	\N
\.


--
-- Name: strategy_base_refs_id_seq; Type: SEQUENCE SET; Schema: public; Owner: postgres
--

SELECT pg_catalog.setval('strategy_base_refs_id_seq', 7, true);


--
-- Data for Name: strategy_bases; Type: TABLE DATA; Schema: public; Owner: postgres
--

COPY strategy_bases (id, strategy_id, key, base_type, value_type, value_content, validation_scheme, validation_pattern, created_at, updated_at) FROM stdin;
1	1	duration	duration	seconds	43	number	\N	2016-05-14 06:01:24.627	2016-05-14 06:01:24.627
2	2	duration	duration	seconds	1000	number	\N	2016-05-25 06:25:03.143	2016-05-25 06:25:03.143
3	4	URL	url	url	http://httpbin.org/headers	url	\N	2016-07-09 09:10:40.294	2016-07-09 09:10:40.295
5	6	URL	url	url	http://httpbin.org/headers	url	\N	2016-07-16 12:10:12.476	2016-07-16 12:10:12.476
6	7	URL	url	url	http://httpbin.org/headers	url	\N	2016-07-20 11:01:46.267	2016-07-20 11:01:46.267
19	20	URL	url	url	"https://httpbin.org/headers"	url	\N	2016-08-06 19:20:41.562	2016-08-06 19:20:41.562
21	21	URL	url	url	"http://httpbin.org/headers"	url	\N	2016-08-06 20:04:41.695	2016-08-06 20:04:41.695
20	20	HEADERS	headers	headers	[{"$$hashKey":"object:3167","key":"fsdfsdc5","value":"zxczvxz"}]	headers	\N	2016-08-06 19:20:41.564	2016-08-06 19:20:41.564
23	24	URL	url	url	"https://httpbin.org/headers"	url	\N	2016-08-11 05:54:22.934	2016-08-11 05:54:22.934
\.


--
-- Name: strategy_bases_id_seq; Type: SEQUENCE SET; Schema: public; Owner: postgres
--

SELECT pg_catalog.setval('strategy_bases_id_seq', 23, true);


--
-- Data for Name: strategy_input_refs; Type: TABLE DATA; Schema: public; Owner: postgres
--

COPY strategy_input_refs (id, strategy_id, op, title, "desc", ident, target_type, created_at, updated_at) FROM stdin;
\.


--
-- Name: strategy_input_refs_id_seq; Type: SEQUENCE SET; Schema: public; Owner: postgres
--

SELECT pg_catalog.setval('strategy_input_refs_id_seq', 1, false);


--
-- Data for Name: strategy_inputs; Type: TABLE DATA; Schema: public; Owner: postgres
--

COPY strategy_inputs (id, strategy_id, op, title, "desc", ident, target_type, created_at, updated_at) FROM stdin;
\.


--
-- Name: strategy_inputs_id_seq; Type: SEQUENCE SET; Schema: public; Owner: postgres
--

SELECT pg_catalog.setval('strategy_inputs_id_seq', 1, false);


--
-- Data for Name: strategy_output_refs; Type: TABLE DATA; Schema: public; Owner: postgres
--

COPY strategy_output_refs (id, strategy_id, op, title, "desc", ident, target_type, created_at, updated_at) FROM stdin;
\.


--
-- Name: strategy_output_refs_id_seq; Type: SEQUENCE SET; Schema: public; Owner: postgres
--

SELECT pg_catalog.setval('strategy_output_refs_id_seq', 1, false);


--
-- Data for Name: strategy_outputs; Type: TABLE DATA; Schema: public; Owner: postgres
--

COPY strategy_outputs (id, strategy_id, op, title, "desc", ident, target_type, created_at, updated_at) FROM stdin;
\.


--
-- Name: strategy_outputs_id_seq; Type: SEQUENCE SET; Schema: public; Owner: postgres
--

SELECT pg_catalog.setval('strategy_outputs_id_seq', 1, false);


--
-- Data for Name: strategy_refs; Type: TABLE DATA; Schema: public; Owner: postgres
--

COPY strategy_refs (id, ident, reflection_id, middleware_id, is_null_strategy, created_at, updated_at) FROM stdin;
1	Delay	28	1	t	2016-05-10 05:30:28.616	2016-05-10 05:30:28.616
2	Duration	28	1	f	2016-05-10 05:31:19.192	2016-05-10 05:31:19.192
3	Delay	28	1	f	2016-05-10 05:31:52.323	2016-05-10 05:31:52.323
5		30	3	f	\N	\N
6	GETStrategy	34	4	f	\N	\N
\.


--
-- Name: strategy_refs_id_seq; Type: SEQUENCE SET; Schema: public; Owner: postgres
--

SELECT pg_catalog.setval('strategy_refs_id_seq', 6, true);


--
-- Data for Name: switcher_refs; Type: TABLE DATA; Schema: public; Owner: postgres
--

COPY switcher_refs (id, reflection_id, switch_type, priority, state_ref_id, fn, target, created_at, updated_at, override_group) FROM stdin;
1	5	n	2	8	inc	step	\N	\N	0
11	25	inn	2	22	inn	space	2015-04-27 15:20:47.567+05	2015-04-27 15:20:47.567+05	0
12	25	outn	2	23	outn	space	2015-04-27 15:20:47.922+05	2015-04-27 15:20:47.922+05	0
13	26	n	2	24	inc	step	2015-04-27 15:20:48.194+05	2015-04-27 15:20:48.194+05	0
14	27	p	2	25	paused	process	2015-04-27 15:20:48.549+05	2015-04-27 15:20:48.549+05	1
15	27	n	2	26	inc	step	2015-04-27 15:20:48.612+05	2015-04-27 15:20:48.612+05	1
\.


--
-- Name: switcher_refs_id_seq; Type: SEQUENCE SET; Schema: public; Owner: postgres
--

SELECT pg_catalog.setval('switcher_refs_id_seq', 15, true);


--
-- Data for Name: tokens; Type: TABLE DATA; Schema: public; Owner: postgres
--

COPY tokens (uuid, email, "creationTime", "expirationTime", "isSignUp") FROM stdin;
01b25a47-07b3-4187-9d77-8e547ea43c23	scott@clearlogic.co.uk	2015-08-26 10:59:57.979	2015-08-26 11:59:57.979	t
070ab252-3711-4b8e-bf72-fa8e8755689d	lelel@lel.ru	2015-08-29 13:12:00.502	2015-08-29 14:12:00.502	t
178e4d06-c7e9-4a4c-a058-0a69f5c7be2d	johanssons.davids@gmail.com	2015-09-05 03:41:32.178	2015-10-16 19:41:32.178	t
224bf915-5179-4fd5-93d1-e4fa5e551511	condetega+minorityapp@gmail.com	2015-09-05 03:40:59.363	2015-10-16 19:40:59.363	t
29663c03-fc3c-4ef5-804b-8ea092d8f094	thomaslloyd22@gmail.com	2015-09-03 05:35:15.791	2015-09-03 06:35:15.791	t
3278bc63-65d2-4786-b8ed-293643066ef4	2four5oh3@gmail.com	2015-08-26 10:58:17.795	2015-08-26 11:58:17.795	t
39f354cb-5a48-453c-9ae2-6f37be4c0647	johanssons.davids@gmail.com	2015-09-03 05:36:36.945	2015-09-03 06:36:36.945	t
3d05d9de-0c27-41a6-80eb-f698aa51f06a	see@guol.in	2015-08-26 10:58:43.298	2015-08-26 11:58:43.298	t
3f5ddbe1-3c29-4ae4-8d2e-228495eb8905	thomaslloyd22@gmail.com	2015-08-26 10:59:23.031	2015-08-26 11:59:23.031	t
40e1aca7-fbe7-4c0a-8eae-28bbe8b59b02	condetega+minorityapp@gmail.com	2015-09-03 05:30:40.135	2015-09-03 06:30:40.135	t
427221e7-45eb-4f2f-b947-0b85a75805f7	givemeinvite@inviteplz.com	2015-08-29 09:18:27.572	2015-08-29 10:18:27.572	t
4370b4b0-0de4-457f-819c-730a6ff2f3a7	2four5oh3@gmail.com	2015-09-05 03:41:06.527	2015-10-16 19:41:06.527	t
457209d2-70cf-4a15-9a09-ee2c2764a485	shabaz@appscinated.com	2015-09-05 03:40:36.966	2015-10-16 19:40:36.966	t
45881114-92f0-4a47-bacf-c6b29a1d99c1	nicolas.de_luis_merino@edu.escpeurope.eu	2015-08-26 10:57:18.759	2015-08-26 11:57:18.759	t
4f517b6c-8bc4-4202-afb2-905f8b26f783	another_one2@minorityapp.com	2015-09-05 23:17:06.597	2015-10-17 15:17:06.597	t
51b38e6a-025b-4915-82df-a9da0c3d154b	tetetetete@min.ru	2015-08-29 09:02:58.898	2015-08-29 10:02:58.898	t
5ec18d86-db93-41e4-8d75-2c9e7f4bb20f	rsababady@pro.onet.pl	2015-09-18 09:42:05.737	2015-10-30 01:42:05.737	t
5fd6a977-72ad-4221-8bed-ce1ff5d017a6	shabaz@appscinated.com	2015-09-05 03:39:51.958	2015-09-05 04:39:51.958	t
66375749-93fc-45f7-ae40-54d3191c3c49	famouspianist@mail.ru	2015-08-27 10:00:39.343	2015-08-27 11:00:39.343	t
719e6b50-4057-40af-a553-904fee6ebe89	gerald.c.hensel@gmail.com	2015-09-03 05:34:17.932	2015-09-03 06:34:17.932	t
72b26a7b-0801-442f-b58c-96bfe38bc2b9	juices-woo@mail.ru	2015-08-26 13:39:01.542	2015-08-26 14:39:01.542	t
76a0ed97-1742-4cb0-aed0-619ab48df8e4	juelzb@santana.com	2015-08-28 14:39:38.643	2015-08-28 15:39:38.643	t
76fbb3eb-497c-4e59-80c2-4ad3e0b0f629	miloscitakovic@gmail.com	2015-09-05 03:40:51.069	2015-10-16 19:40:51.069	t
7ccecf62-915b-4806-aa01-bf752c75e925	juices-woo@mail.ru	2015-08-26 11:25:48.169	2015-08-26 12:25:48.169	t
82e1e519-f84d-489b-9064-b8edba7b82e2	i_i_i07@icloud.com	2015-06-22 17:40:46.199	2015-06-22 18:40:46.199	t
85a40275-61f7-409b-b918-693e1c6ebaf1	2four5oh3@gmail.com	2015-09-03 05:31:39.915	2015-09-03 06:31:39.915	t
8754d3e0-2eb7-4cde-863e-b8f17f2939f3	shabaz@appscinated.com	2015-08-26 10:56:51.644	2015-08-26 11:56:51.644	t
91ec624e-15bc-413d-afb5-86a70dd89d0d	gerald.c.hensel@gmail.com	2015-08-26 10:59:03.057	2015-08-26 11:59:03.057	t
9cf80e07-3342-4086-9461-e860a2693e40	miloscitakovic@gmail.com	2015-08-26 10:57:35.885	2015-08-26 11:57:35.885	t
9da57763-0034-4f01-8a26-8764829b9bf0	shabaz@appscinated.com	2015-09-03 05:27:25.379	2015-09-03 06:27:25.379	t
a4d1f1e4-b6b7-4bec-ad6c-2bfce325710f	condetega+minorityapp@gmail.com	2015-08-26 10:58:00.53	2015-08-26 11:58:00.53	t
a9c8b37f-0c4d-4f2a-a13a-7aa77cd1ea11	aroberts025@gmail.com	2015-09-22 07:21:48.817	2015-11-02 23:21:48.817	t
b56b4263-f256-4537-8cb6-4e796651be8c	famouspianist@mail.ru	2015-08-27 10:00:24.528	2015-08-27 11:00:24.528	t
bb33e402-46a6-449a-b30a-843f8d219ba6	nicolas.de_luis_merino@edu.escpeurope.eu	2015-09-03 05:29:36.565	2015-09-03 06:29:36.565	t
bf77a9a9-1126-457a-abc3-e2a56a64bbe5	giveinvite2@giveinvite2.com	2015-08-29 10:14:07.067	2015-08-29 11:14:07.067	t
c265bf07-36cd-4f1c-bac7-8ca65fbc853e	see@guol.in	2015-09-03 05:32:45.73	2015-09-03 06:32:45.73	t
cf49ff4c-a136-4b24-9443-7c02bf20b222	famouspianist@mail.ru	2015-08-27 09:59:11.962	2015-08-27 10:59:11.962	t
d4483342-74f2-4c2b-a465-78b3451a00fa	kunal@oxyzeninfolab.com	2015-08-26 11:00:24.132	2015-08-26 12:00:24.132	t
d68e0ae3-60b7-4e48-a48b-e3382d160506	gerald.c.hensel@gmail.com	2015-09-05 03:41:20.551	2015-10-16 19:41:20.551	t
d9a3f09a-4857-4d39-9ab8-e1b0fb34d284	thomaslloyd22@gmail.com	2015-09-05 03:41:25.754	2015-10-16 19:41:25.754	t
e8314cd8-ca2f-4659-a8ee-e162218bbfd0	testing4@minorityapp.com	2015-09-04 21:19:30.892	2015-09-04 22:19:30.892	t
eabfbd53-95c1-46b6-a708-3b563b5896f5	miloscitakovic@gmail.com	2015-09-03 05:30:14.036	2015-09-03 06:30:14.036	t
f0294333-da04-428e-a008-706c298b4287	fffff@fffffffff.ff	2015-08-29 10:09:47.021	2015-08-29 11:09:47.021	t
fb57d8d6-413c-473a-83b0-df0fcfc95204	johanssons.davids@gmail.com	2015-08-26 10:59:42.25	2015-08-26 11:59:42.25	t
fbe1d432-1194-4eb7-b7bf-cea56327b671	nicolas.de_luis_merino@edu.escpeurope.eu	2015-09-05 03:40:44.598	2015-10-16 19:40:44.598	t
8e5a789c-cd1c-43bf-afa1-872e5f49ba52	juices.woo@mail.com	2015-09-27 08:01:41.533	2015-11-08 00:01:41.533	t
53f2fd47-3da4-4f1f-a72a-9e9fef6b1972	iamjacke@gmail.com	2015-09-27 08:49:12.834	2015-11-08 00:49:12.834	f
8e8db701-65bf-4b98-8d41-fedd72b9596c	miciver@gmail.com	2016-01-02 15:56:20.54	2016-02-13 07:56:20.54	t
\.


--
-- Data for Name: user; Type: TABLE DATA; Schema: public; Owner: postgres
--

COPY "user" ("userID", "firstName", "lastName", "fullName", email, "avatarURL") FROM stdin;
00309d5d-0e1e-43fe-b938-d87523de4ff8	casasac	csacacsa	casasac csacacsa	0fd0fd0fd@yahoo.com	\N
4374ae5e-28c3-4b75-8cb3-5ca99e56d5d0	83c33de673e6	83c33de673e6	83c33de673e6 83c33de673e6	a91acde59745@yahoo.com	\N
191e79a1-93e3-4d7f-8cff-fa37bb4f29d2	Another	User	Another User	another_one@minorityapp.com	\N
96502bf6-7b2b-4282-90be-6690e352b11d	Affvam	Vbmgt	Affvam Vbmgt	A.Vbmgt@example.com	\N
4de76ff8-792e-4843-bf20-55112265a927	Benzel	Wichinsky	Benzel Wichinsky	benzel@google.com	\N
0927e3c7-85fd-4a3b-9e78-59cf2dd263a4	Zach	Zaltsman	Zach Zaltsman	bezmen@ijst.ju	\N
106afd72-fcbe-4b41-aa7e-7292a9eda2f9	Bs	Olxxo	Bs Olxxo	B.Olxxo@example.com	\N
3995b32f-e363-4382-989e-3a89383c4fc2	0fd3b1506c1a	0fd3b1506c1a	0fd3b1506c1a 0fd3b1506c1a	cascada@scada.ly	\N
14c26631-fcc4-4e84-99a1-d3231c7a8866	matt	perry	matt perry	e2ac3d5b310a@lycos.ly	\N
2164da8e-6570-44af-b53c-38949393aed7	a91acde59745	a91acde59745	a91acde59745 a91acde59745	fasffasfaa@fasfa.ru	\N
b1702358-2aa1-409d-8793-79579445142e	Zrjl	Cnzjxooh	Zrjl Cnzjxooh	Z.Cnzjxooh@example.com	\N
e8cfcf91-4bd3-45d2-a30b-0f0bda855f5c	Mintat	Guoky	Mintat Guoky	htte@guok.tw	\N
11f96529-7038-4844-8bf0-b5f83e1bf045	petux	ebaniy	petux ebaniy	juices-woo@mail.ru	\N
ec6a2802-9ad6-4f26-a30d-8d984dc68e9f	Hzasvm	Ci	Hzasvm Ci	H.Ci@example.com	\N
caad2610-78ec-464c-bf1a-7ef464418163	Nu	As	Nu As	N.As@example.com	\N
193fa9e8-7380-48d5-bc82-9894a92700f0	Sjtxh	Ypps	Sjtxh Ypps	S.Ypps@example.com	\N
c08e3dd8-4d80-4a79-8d4b-58bd6cc74003	Dl	Zm	Dl Zm	D.Zm@example.com	\N
4b4e2847-2172-40e5-9f35-da84a58758ef	Ojkvecldwx	Qekwxza	Ojkvecldwx Qekwxza	O.Qekwxza@example.com	\N
a45dcafe-cd67-4bd6-a847-e0b4dffc219f	Kjgbsqddsu	La	Kjgbsqddsu La	K.La@example.com	\N
07ea59be-189e-4e73-99db-29eee9ccc434	Rsnhn	Peht	Rsnhn Peht	R.Peht@example.com	\N
fa123550-3f81-4b73-8c19-156359cdeae5	Sxemk	Vkd	Sxemk Vkd	S.Vkd@example.com	\N
567b1ecf-7925-42ab-b676-f2bd3751d97c	Guo Lin	See	Guo Lin See	see@guol.in	http://www.gravatar.com/avatar/2f4034e69c945856913eb624b7a43f7e?d=404
8a8e5496-e729-41fa-bd11-f1d0a4962f2e	Vxfeu	Ybjpkdkorao	Vxfeu Ybjpkdkorao	V.Ybjpkdkorao@example.com	\N
39998a09-1cc5-4b69-84dc-7b307724a934	fsafa	fsafa	fsafa fsafa	test1@minorityapp.com	\N
960b933f-9700-4445-bf45-bb9ccd8e47fe	Lopster	Tom	Lopster Tom	test3@minorityapp.com	\N
4601de4e-97f0-4609-9c0d-fe432475b740	tetetwt	fsfsd	tetetwt fsfsd	test666@minorityapp.com	\N
68c033a7-fd7a-4972-96fe-3bf0bb371a67	Steve	Jobs	Steve Jobs	testing@minorityapp.com	http://www.gravatar.com/avatar/651ec554c78e46fe3e36cb98dacb31a5?d=404
e57006c5-7293-4060-8b21-d60b28ad45d4	hui	pizda	hui pizda	tetwwe@tttt.ru	\N
c48faaa9-2941-4a42-a484-4b49bd7d97eb	fdsfsf	sfsdfsfs	fdsfsf sfsdfsfs	totes@mmom.ru	\N
84dd4f48-1ce1-404f-b0e6-5ce09f8060ae	fasfa	fasfa	fasfa fasfa	tototot@ttt.ru	\N
350a303b-e7d1-433a-9c77-fe2a95ec88a5	Gr	Izuymc	Gr Izuymc	G.Izuymc@example.com	\N
2ecc29f9-404d-450e-9326-8179580bfe39	Wokr	Ffk	Wokr Ffk	W.Ffk@example.com	\N
98fe9f36-1a3c-4bbc-8583-e5c8fcc1f0bb	Jxedsjidch	Tuvrwjltww	Jxedsjidch Tuvrwjltww	J.Tuvrwjltww@example.com	\N
127cb532-5fef-4f51-a30b-d422b0c2dd00	Xr	Rrwydyywt	Xr Rrwydyywt	X.Rrwydyywt@example.com	\N
5d6218a7-875c-4ad6-8d6e-a1a986c664e5	cascaca	cascasca	cascaca cascasca	xxxxx@cccc.co	\N
0ad3338e-b305-475c-8087-9032c4d2ae9c	Lfc	Btucabz	Lfc Btucabz	L.Btucabz@example.com	\N
788a769a-458e-4731-83e7-2230361a4d8a	Travis	Brodeen	Travis Brodeen	tbrodeen@gmail.com	http://www.gravatar.com/avatar/a685ddf9e7a03f1fe39b2f4a6053ef39?d=404
d0b2d8a2-f2be-4cd7-8d4b-5b4dffeeef58	Pavel	Chekmaryov	Pavel Chekmaryov	juices.woo@gmail.com	\N
4cf5def0-5bdd-4989-acaa-5f40ede896b5	Patric	Sterrantino	Patric Sterrantino	flytoe@gmail.com	http://www.gravatar.com/avatar/61921fb13c3000fe3e4632b72ccfea3d?d=404
765ef58f-42e7-49bd-85cd-254b6c702895	Paul	Green	Paul Green	ufijuice@yahoo.com	\N
71d8866d-d960-4a57-b5bc-c4d84e5b4984	Niko	Nyman	Niko Nyman	niko@nnyman.com	http://www.gravatar.com/avatar/e38e91b9229a6f11593a61ab0087703b?d=404
7c794d27-3b44-4e2e-abf3-ed2df167d874	Stan	Sobolev	Stan Sobolev	iamjacke@gmail.com	http://www.gravatar.com/avatar/651ec554c78e46fe3e36cb98dacb31a5?d=404
f6782185-630a-4305-a516-aa473f0c8515	Eugene	Timo	Eugene Timo	eugene.timo@gmail.com	\N
3ebd4dee-39dc-4dc5-8199-884ffbf4ae0f	John	Dell	John Dell	somyam@lexcis.com	\N
ff3ca4d4-dd5c-4aec-8f83-106476af4889	Nenad	Jelovac	Nenad Jelovac	nenad.jelovac@saturized.com	http://www.gravatar.com/avatar/f64e5682461aa4f669832d851d847e4a?d=404
3df56c7a-2073-4d14-881a-156d5e5407bc	Arthur	Bilalov	Arthur Bilalov	arthur.bilalov@swishd.com	\N
f1bb600c-95d2-4a32-bf15-95c451834534	Bryce	Lew	Bryce Lew	thebrycelew@gmail.com	\N
73e6e8f8-f386-446a-ba7f-8cb5e06cb87a	Ruslan	Rusky	Ruslan Rusky	r.gorbunou@gmail.com	\N
809c1372-1310-4ab8-aed3-e0680a989da1	alah@babah.com	alah@babah.com	alah@babah.com alah@babah.com	alah@babah.com	\N
3619b7ff-7820-427f-974e-69f4a21115f5	kek	k	kek k	paul@minorityapp.com	\N
55929934-6cfb-4106-9892-48fe61cbdedd	Fabricio	Campos	Fabricio Campos	ffc.fabricio@gmail.com	https://secure.gravatar.com/avatar/0e4e8657638dfdc01ac4e6bcdc1c8571?d=404
6816f4e1-2f55-4a22-a096-4a262a7200cc	Bart	Black	Bart Black	bbart@mailinator.com	\N
1d69ef14-04b5-4b66-a170-76b148e74c0e	vxcvx	cxvc	vxcvx cxvc	4244@fasaas.ru	\N
\.


--
-- Data for Name: userlogininfo; Type: TABLE DATA; Schema: public; Owner: postgres
--

COPY userlogininfo ("userID", "loginInfoId") FROM stdin;
00309d5d-0e1e-43fe-b938-d87523de4ff8	1
4374ae5e-28c3-4b75-8cb3-5ca99e56d5d0	2
191e79a1-93e3-4d7f-8cff-fa37bb4f29d2	3
96502bf6-7b2b-4282-90be-6690e352b11d	4
4de76ff8-792e-4843-bf20-55112265a927	5
0927e3c7-85fd-4a3b-9e78-59cf2dd263a4	6
106afd72-fcbe-4b41-aa7e-7292a9eda2f9	7
3995b32f-e363-4382-989e-3a89383c4fc2	8
14c26631-fcc4-4e84-99a1-d3231c7a8866	9
2164da8e-6570-44af-b53c-38949393aed7	10
b1702358-2aa1-409d-8793-79579445142e	11
e8cfcf91-4bd3-45d2-a30b-0f0bda855f5c	12
11f96529-7038-4844-8bf0-b5f83e1bf045	13
ec6a2802-9ad6-4f26-a30d-8d984dc68e9f	14
caad2610-78ec-464c-bf1a-7ef464418163	15
193fa9e8-7380-48d5-bc82-9894a92700f0	16
c08e3dd8-4d80-4a79-8d4b-58bd6cc74003	17
4b4e2847-2172-40e5-9f35-da84a58758ef	18
a45dcafe-cd67-4bd6-a847-e0b4dffc219f	19
07ea59be-189e-4e73-99db-29eee9ccc434	20
fa123550-3f81-4b73-8c19-156359cdeae5	21
567b1ecf-7925-42ab-b676-f2bd3751d97c	22
8a8e5496-e729-41fa-bd11-f1d0a4962f2e	23
39998a09-1cc5-4b69-84dc-7b307724a934	24
960b933f-9700-4445-bf45-bb9ccd8e47fe	25
4601de4e-97f0-4609-9c0d-fe432475b740	26
68c033a7-fd7a-4972-96fe-3bf0bb371a67	27
e57006c5-7293-4060-8b21-d60b28ad45d4	28
c48faaa9-2941-4a42-a484-4b49bd7d97eb	29
84dd4f48-1ce1-404f-b0e6-5ce09f8060ae	30
350a303b-e7d1-433a-9c77-fe2a95ec88a5	31
2ecc29f9-404d-450e-9326-8179580bfe39	32
98fe9f36-1a3c-4bbc-8583-e5c8fcc1f0bb	33
127cb532-5fef-4f51-a30b-d422b0c2dd00	34
5d6218a7-875c-4ad6-8d6e-a1a986c664e5	35
0ad3338e-b305-475c-8087-9032c4d2ae9c	36
788a769a-458e-4731-83e7-2230361a4d8a	37
d0b2d8a2-f2be-4cd7-8d4b-5b4dffeeef58	38
4cf5def0-5bdd-4989-acaa-5f40ede896b5	39
765ef58f-42e7-49bd-85cd-254b6c702895	40
71d8866d-d960-4a57-b5bc-c4d84e5b4984	41
7c794d27-3b44-4e2e-abf3-ed2df167d874	42
f6782185-630a-4305-a516-aa473f0c8515	43
3ebd4dee-39dc-4dc5-8199-884ffbf4ae0f	44
ff3ca4d4-dd5c-4aec-8f83-106476af4889	45
3df56c7a-2073-4d14-881a-156d5e5407bc	46
f1bb600c-95d2-4a32-bf15-95c451834534	47
73e6e8f8-f386-446a-ba7f-8cb5e06cb87a	48
809c1372-1310-4ab8-aed3-e0680a989da1	49
3619b7ff-7820-427f-974e-69f4a21115f5	50
55929934-6cfb-4106-9892-48fe61cbdedd	51
6816f4e1-2f55-4a22-a096-4a262a7200cc	52
1d69ef14-04b5-4b66-a170-76b148e74c0e	53
\.


--
-- Name: account_group_pkey; Type: CONSTRAINT; Schema: public; Owner: postgres; Tablespace: 
--

ALTER TABLE ONLY account_group
    ADD CONSTRAINT account_group_pkey PRIMARY KEY (id);


--
-- Name: account_infos_pkey; Type: CONSTRAINT; Schema: public; Owner: postgres; Tablespace: 
--

ALTER TABLE ONLY account_infos
    ADD CONSTRAINT account_infos_pkey PRIMARY KEY (id);


--
-- Name: account_loggers_pkey; Type: CONSTRAINT; Schema: public; Owner: postgres; Tablespace: 
--

ALTER TABLE ONLY account_loggers
    ADD CONSTRAINT account_loggers_pkey PRIMARY KEY (id);


--
-- Name: account_plan_history_pkey; Type: CONSTRAINT; Schema: public; Owner: postgres; Tablespace: 
--

ALTER TABLE ONLY account_plan_history
    ADD CONSTRAINT account_plan_history_pkey PRIMARY KEY (id);


--
-- Name: account_plans_pkey; Type: CONSTRAINT; Schema: public; Owner: postgres; Tablespace: 
--

ALTER TABLE ONLY account_plans
    ADD CONSTRAINT account_plans_pkey PRIMARY KEY (id);


--
-- Name: accounts_pkey; Type: CONSTRAINT; Schema: public; Owner: postgres; Tablespace: 
--

ALTER TABLE ONLY accounts
    ADD CONSTRAINT accounts_pkey PRIMARY KEY ("userId");


--
-- Name: action_act_results_pkey; Type: CONSTRAINT; Schema: public; Owner: postgres; Tablespace: 
--

ALTER TABLE ONLY action_act_results
    ADD CONSTRAINT action_act_results_pkey PRIMARY KEY (id);


--
-- Name: action_acts_pkey; Type: CONSTRAINT; Schema: public; Owner: postgres; Tablespace: 
--

ALTER TABLE ONLY action_acts
    ADD CONSTRAINT action_acts_pkey PRIMARY KEY (id);


--
-- Name: billing_infos_pkey; Type: CONSTRAINT; Schema: public; Owner: postgres; Tablespace: 
--

ALTER TABLE ONLY billing_infos
    ADD CONSTRAINT billing_infos_pkey PRIMARY KEY (id);


--
-- Name: bills_pkey; Type: CONSTRAINT; Schema: public; Owner: postgres; Tablespace: 
--

ALTER TABLE ONLY bills
    ADD CONSTRAINT bills_pkey PRIMARY KEY (id);


--
-- Name: bploggers_pkey; Type: CONSTRAINT; Schema: public; Owner: postgres; Tablespace: 
--

ALTER TABLE ONLY bploggers
    ADD CONSTRAINT bploggers_pkey PRIMARY KEY (id);


--
-- Name: bprocesses_pkey; Type: CONSTRAINT; Schema: public; Owner: postgres; Tablespace: 
--

ALTER TABLE ONLY bprocesses
    ADD CONSTRAINT bprocesses_pkey PRIMARY KEY (id);


--
-- Name: bpsessions_pkey; Type: CONSTRAINT; Schema: public; Owner: postgres; Tablespace: 
--

ALTER TABLE ONLY bpsessions
    ADD CONSTRAINT bpsessions_pkey PRIMARY KEY (id);


--
-- Name: bpspaces_pkey; Type: CONSTRAINT; Schema: public; Owner: postgres; Tablespace: 
--

ALTER TABLE ONLY bpspaces
    ADD CONSTRAINT bpspaces_pkey PRIMARY KEY (id);


--
-- Name: bpstaterefs_pkey; Type: CONSTRAINT; Schema: public; Owner: postgres; Tablespace: 
--

ALTER TABLE ONLY bpstaterefs
    ADD CONSTRAINT bpstaterefs_pkey PRIMARY KEY (id);


--
-- Name: bpstates_pkey; Type: CONSTRAINT; Schema: public; Owner: postgres; Tablespace: 
--

ALTER TABLE ONLY bpstates
    ADD CONSTRAINT bpstates_pkey PRIMARY KEY (id);


--
-- Name: bpstation_loggers_pkey; Type: CONSTRAINT; Schema: public; Owner: postgres; Tablespace: 
--

ALTER TABLE ONLY bpstation_loggers
    ADD CONSTRAINT bpstation_loggers_pkey PRIMARY KEY (id);


--
-- Name: bpstations_pkey; Type: CONSTRAINT; Schema: public; Owner: postgres; Tablespace: 
--

ALTER TABLE ONLY bpstations
    ADD CONSTRAINT bpstations_pkey PRIMARY KEY (id);


--
-- Name: bpswitchers_pkey; Type: CONSTRAINT; Schema: public; Owner: postgres; Tablespace: 
--

ALTER TABLE ONLY bpswitchers
    ADD CONSTRAINT bpswitchers_pkey PRIMARY KEY (id);


--
-- Name: business_services_pkey; Type: CONSTRAINT; Schema: public; Owner: postgres; Tablespace: 
--

ALTER TABLE ONLY business_services
    ADD CONSTRAINT business_services_pkey PRIMARY KEY (id);


--
-- Name: businesses_pkey; Type: CONSTRAINT; Schema: public; Owner: postgres; Tablespace: 
--

ALTER TABLE ONLY businesses
    ADD CONSTRAINT businesses_pkey PRIMARY KEY (id);


--
-- Name: cached_removed_resources_pkey; Type: CONSTRAINT; Schema: public; Owner: postgres; Tablespace: 
--

ALTER TABLE ONLY cached_removed_resources
    ADD CONSTRAINT cached_removed_resources_pkey PRIMARY KEY (id);


--
-- Name: client_observers_pkey; Type: CONSTRAINT; Schema: public; Owner: postgres; Tablespace: 
--

ALTER TABLE ONLY client_observers
    ADD CONSTRAINT client_observers_pkey PRIMARY KEY (id);


--
-- Name: comments_pkey; Type: CONSTRAINT; Schema: public; Owner: postgres; Tablespace: 
--

ALTER TABLE ONLY comments
    ADD CONSTRAINT comments_pkey PRIMARY KEY (id);


--
-- Name: elem_topologs_pkey; Type: CONSTRAINT; Schema: public; Owner: postgres; Tablespace: 
--

ALTER TABLE ONLY elem_topologs
    ADD CONSTRAINT elem_topologs_pkey PRIMARY KEY (id);


--
-- Name: element_resources_pkey; Type: CONSTRAINT; Schema: public; Owner: postgres; Tablespace: 
--

ALTER TABLE ONLY element_resources
    ADD CONSTRAINT element_resources_pkey PRIMARY KEY (id);


--
-- Name: employees_pkey; Type: CONSTRAINT; Schema: public; Owner: postgres; Tablespace: 
--

ALTER TABLE ONLY employees
    ADD CONSTRAINT employees_pkey PRIMARY KEY (id);


--
-- Name: files_pkey; Type: CONSTRAINT; Schema: public; Owner: postgres; Tablespace: 
--

ALTER TABLE ONLY files
    ADD CONSTRAINT files_pkey PRIMARY KEY (id);


--
-- Name: groups_pkey; Type: CONSTRAINT; Schema: public; Owner: postgres; Tablespace: 
--

ALTER TABLE ONLY groups
    ADD CONSTRAINT groups_pkey PRIMARY KEY (id);


--
-- Name: input_loggers_pkey; Type: CONSTRAINT; Schema: public; Owner: postgres; Tablespace: 
--

ALTER TABLE ONLY input_loggers
    ADD CONSTRAINT input_loggers_pkey PRIMARY KEY (id);


--
-- Name: launch_counters_pkey; Type: CONSTRAINT; Schema: public; Owner: postgres; Tablespace: 
--

ALTER TABLE ONLY launch_counters
    ADD CONSTRAINT launch_counters_pkey PRIMARY KEY (id);


--
-- Name: launch_files_pkey; Type: CONSTRAINT; Schema: public; Owner: postgres; Tablespace: 
--

ALTER TABLE ONLY launch_files
    ADD CONSTRAINT launch_files_pkey PRIMARY KEY (id);


--
-- Name: launch_middlewares_pkey; Type: CONSTRAINT; Schema: public; Owner: postgres; Tablespace: 
--

ALTER TABLE ONLY launch_middlewares
    ADD CONSTRAINT launch_middlewares_pkey PRIMARY KEY (id);


--
-- Name: launch_shares_pkey; Type: CONSTRAINT; Schema: public; Owner: postgres; Tablespace: 
--

ALTER TABLE ONLY launch_shares
    ADD CONSTRAINT launch_shares_pkey PRIMARY KEY (id);


--
-- Name: launch_strategies_pkey; Type: CONSTRAINT; Schema: public; Owner: postgres; Tablespace: 
--

ALTER TABLE ONLY launch_strategies
    ADD CONSTRAINT launch_strategies_pkey PRIMARY KEY (id);


--
-- Name: launch_strategy_bases_pkey; Type: CONSTRAINT; Schema: public; Owner: postgres; Tablespace: 
--

ALTER TABLE ONLY launch_strategy_bases
    ADD CONSTRAINT launch_strategy_bases_pkey PRIMARY KEY (id);


--
-- Name: launch_strategy_inputs_pkey; Type: CONSTRAINT; Schema: public; Owner: postgres; Tablespace: 
--

ALTER TABLE ONLY launch_strategy_inputs
    ADD CONSTRAINT launch_strategy_inputs_pkey PRIMARY KEY (id);


--
-- Name: launch_strategy_outputs_pkey; Type: CONSTRAINT; Schema: public; Owner: postgres; Tablespace: 
--

ALTER TABLE ONLY launch_strategy_outputs
    ADD CONSTRAINT launch_strategy_outputs_pkey PRIMARY KEY (id);


--
-- Name: launch_warps_pkey; Type: CONSTRAINT; Schema: public; Owner: postgres; Tablespace: 
--

ALTER TABLE ONLY launch_warps
    ADD CONSTRAINT launch_warps_pkey PRIMARY KEY (id);


--
-- Name: launches_comments_pkey; Type: CONSTRAINT; Schema: public; Owner: postgres; Tablespace: 
--

ALTER TABLE ONLY launches_comments
    ADD CONSTRAINT launches_comments_pkey PRIMARY KEY (id);


--
-- Name: logininfo_pkey; Type: CONSTRAINT; Schema: public; Owner: postgres; Tablespace: 
--

ALTER TABLE ONLY logininfo
    ADD CONSTRAINT logininfo_pkey PRIMARY KEY (id);


--
-- Name: middleware_refs_pkey; Type: CONSTRAINT; Schema: public; Owner: postgres; Tablespace: 
--

ALTER TABLE ONLY middleware_refs
    ADD CONSTRAINT middleware_refs_pkey PRIMARY KEY (id);


--
-- Name: middleware_statuses_pkey; Type: CONSTRAINT; Schema: public; Owner: postgres; Tablespace: 
--

ALTER TABLE ONLY action_statuses
    ADD CONSTRAINT middleware_statuses_pkey PRIMARY KEY (id);


--
-- Name: middlewares_pkey; Type: CONSTRAINT; Schema: public; Owner: postgres; Tablespace: 
--

ALTER TABLE ONLY middlewares
    ADD CONSTRAINT middlewares_pkey PRIMARY KEY (id);


--
-- Name: oauth1info_pkey; Type: CONSTRAINT; Schema: public; Owner: postgres; Tablespace: 
--

ALTER TABLE ONLY oauth1info
    ADD CONSTRAINT oauth1info_pkey PRIMARY KEY (id);


--
-- Name: oauth2info_pkey; Type: CONSTRAINT; Schema: public; Owner: postgres; Tablespace: 
--

ALTER TABLE ONLY oauth2info
    ADD CONSTRAINT oauth2info_pkey PRIMARY KEY (id);


--
-- Name: observers_pkey; Type: CONSTRAINT; Schema: public; Owner: postgres; Tablespace: 
--

ALTER TABLE ONLY observers
    ADD CONSTRAINT observers_pkey PRIMARY KEY (id);


--
-- Name: openidinfo_pkey; Type: CONSTRAINT; Schema: public; Owner: postgres; Tablespace: 
--

ALTER TABLE ONLY openidinfo
    ADD CONSTRAINT openidinfo_pkey PRIMARY KEY (id);


--
-- Name: plans_pkey; Type: CONSTRAINT; Schema: public; Owner: postgres; Tablespace: 
--

ALTER TABLE ONLY plans
    ADD CONSTRAINT plans_pkey PRIMARY KEY (id);


--
-- Name: proc_element_reflections_pkey; Type: CONSTRAINT; Schema: public; Owner: postgres; Tablespace: 
--

ALTER TABLE ONLY proc_element_reflections
    ADD CONSTRAINT proc_element_reflections_pkey PRIMARY KEY (id);


--
-- Name: proc_elements_pkey; Type: CONSTRAINT; Schema: public; Owner: postgres; Tablespace: 
--

ALTER TABLE ONLY proc_elements
    ADD CONSTRAINT proc_elements_pkey PRIMARY KEY (id);


--
-- Name: process_histories_pkey; Type: CONSTRAINT; Schema: public; Owner: postgres; Tablespace: 
--

ALTER TABLE ONLY process_histories
    ADD CONSTRAINT process_histories_pkey PRIMARY KEY (id);


--
-- Name: process_permissions_pkey; Type: CONSTRAINT; Schema: public; Owner: postgres; Tablespace: 
--

ALTER TABLE ONLY process_permissions
    ADD CONSTRAINT process_permissions_pkey PRIMARY KEY (id);


--
-- Name: reaction_refs_pkey; Type: CONSTRAINT; Schema: public; Owner: postgres; Tablespace: 
--

ALTER TABLE ONLY reaction_refs
    ADD CONSTRAINT reaction_refs_pkey PRIMARY KEY (id);


--
-- Name: reaction_state_out_refs_pkey; Type: CONSTRAINT; Schema: public; Owner: postgres; Tablespace: 
--

ALTER TABLE ONLY reaction_state_out_refs
    ADD CONSTRAINT reaction_state_out_refs_pkey PRIMARY KEY (id);


--
-- Name: reaction_state_outs_pkey; Type: CONSTRAINT; Schema: public; Owner: postgres; Tablespace: 
--

ALTER TABLE ONLY reaction_state_outs
    ADD CONSTRAINT reaction_state_outs_pkey PRIMARY KEY (id);


--
-- Name: reactions_pkey; Type: CONSTRAINT; Schema: public; Owner: postgres; Tablespace: 
--

ALTER TABLE ONLY reactions
    ADD CONSTRAINT reactions_pkey PRIMARY KEY (id);


--
-- Name: reflect_action_mappings_pkey; Type: CONSTRAINT; Schema: public; Owner: postgres; Tablespace: 
--

ALTER TABLE ONLY reflect_action_mappings
    ADD CONSTRAINT reflect_action_mappings_pkey PRIMARY KEY (id);


--
-- Name: reflect_element_mappings_pkey; Type: CONSTRAINT; Schema: public; Owner: postgres; Tablespace: 
--

ALTER TABLE ONLY reflect_element_mappings
    ADD CONSTRAINT reflect_element_mappings_pkey PRIMARY KEY (id);


--
-- Name: reflected_elem_topologs_pkey; Type: CONSTRAINT; Schema: public; Owner: postgres; Tablespace: 
--

ALTER TABLE ONLY reflected_elem_topologs
    ADD CONSTRAINT reflected_elem_topologs_pkey PRIMARY KEY (id);


--
-- Name: refs_pkey; Type: CONSTRAINT; Schema: public; Owner: postgres; Tablespace: 
--

ALTER TABLE ONLY refs
    ADD CONSTRAINT refs_pkey PRIMARY KEY (id);


--
-- Name: refs_title_key; Type: CONSTRAINT; Schema: public; Owner: postgres; Tablespace: 
--

ALTER TABLE ONLY refs
    ADD CONSTRAINT refs_title_key UNIQUE (title);


--
-- Name: resources_pkey; Type: CONSTRAINT; Schema: public; Owner: postgres; Tablespace: 
--

ALTER TABLE ONLY resources
    ADD CONSTRAINT resources_pkey PRIMARY KEY (id);


--
-- Name: session_elem_topologs_pkey; Type: CONSTRAINT; Schema: public; Owner: postgres; Tablespace: 
--

ALTER TABLE ONLY session_elem_topologs
    ADD CONSTRAINT session_elem_topologs_pkey PRIMARY KEY (id);


--
-- Name: session_element_resources_pkey; Type: CONSTRAINT; Schema: public; Owner: postgres; Tablespace: 
--

ALTER TABLE ONLY session_element_resources
    ADD CONSTRAINT session_element_resources_pkey PRIMARY KEY (id);


--
-- Name: session_initial_states_pkey; Type: CONSTRAINT; Schema: public; Owner: postgres; Tablespace: 
--

ALTER TABLE ONLY session_initial_states
    ADD CONSTRAINT session_initial_states_pkey PRIMARY KEY (id);


--
-- Name: session_proc_elements_pkey; Type: CONSTRAINT; Schema: public; Owner: postgres; Tablespace: 
--

ALTER TABLE ONLY session_proc_elements
    ADD CONSTRAINT session_proc_elements_pkey PRIMARY KEY (id);


--
-- Name: session_reaction_state_outs_pkey; Type: CONSTRAINT; Schema: public; Owner: postgres; Tablespace: 
--

ALTER TABLE ONLY session_reaction_state_outs
    ADD CONSTRAINT session_reaction_state_outs_pkey PRIMARY KEY (id);


--
-- Name: session_reactions_pkey; Type: CONSTRAINT; Schema: public; Owner: postgres; Tablespace: 
--

ALTER TABLE ONLY session_reactions
    ADD CONSTRAINT session_reactions_pkey PRIMARY KEY (id);


--
-- Name: session_space_elements_pkey; Type: CONSTRAINT; Schema: public; Owner: postgres; Tablespace: 
--

ALTER TABLE ONLY session_space_elements
    ADD CONSTRAINT session_space_elements_pkey PRIMARY KEY (id);


--
-- Name: session_spaces_pkey; Type: CONSTRAINT; Schema: public; Owner: postgres; Tablespace: 
--

ALTER TABLE ONLY session_spaces
    ADD CONSTRAINT session_spaces_pkey PRIMARY KEY (id);


--
-- Name: session_state_logs_pkey; Type: CONSTRAINT; Schema: public; Owner: postgres; Tablespace: 
--

ALTER TABLE ONLY session_state_logs
    ADD CONSTRAINT session_state_logs_pkey PRIMARY KEY (id);


--
-- Name: session_switchers_pkey; Type: CONSTRAINT; Schema: public; Owner: postgres; Tablespace: 
--

ALTER TABLE ONLY session_switchers
    ADD CONSTRAINT session_switchers_pkey PRIMARY KEY (id);


--
-- Name: sessionstates_pkey; Type: CONSTRAINT; Schema: public; Owner: postgres; Tablespace: 
--

ALTER TABLE ONLY sessionstates
    ADD CONSTRAINT sessionstates_pkey PRIMARY KEY (id);


--
-- Name: space_element_reflections_pkey; Type: CONSTRAINT; Schema: public; Owner: postgres; Tablespace: 
--

ALTER TABLE ONLY space_element_reflections
    ADD CONSTRAINT space_element_reflections_pkey PRIMARY KEY (id);


--
-- Name: space_elements_pkey; Type: CONSTRAINT; Schema: public; Owner: postgres; Tablespace: 
--

ALTER TABLE ONLY space_elements
    ADD CONSTRAINT space_elements_pkey PRIMARY KEY (id);


--
-- Name: space_refs_pkey; Type: CONSTRAINT; Schema: public; Owner: postgres; Tablespace: 
--

ALTER TABLE ONLY space_refs
    ADD CONSTRAINT space_refs_pkey PRIMARY KEY (id);


--
-- Name: state_refs_pkey; Type: CONSTRAINT; Schema: public; Owner: postgres; Tablespace: 
--

ALTER TABLE ONLY state_refs
    ADD CONSTRAINT state_refs_pkey PRIMARY KEY (id);


--
-- Name: strategies_pkey; Type: CONSTRAINT; Schema: public; Owner: postgres; Tablespace: 
--

ALTER TABLE ONLY strategies
    ADD CONSTRAINT strategies_pkey PRIMARY KEY (id);


--
-- Name: strategy_base_refs_pkey; Type: CONSTRAINT; Schema: public; Owner: postgres; Tablespace: 
--

ALTER TABLE ONLY strategy_base_refs
    ADD CONSTRAINT strategy_base_refs_pkey PRIMARY KEY (id);


--
-- Name: strategy_bases_pkey; Type: CONSTRAINT; Schema: public; Owner: postgres; Tablespace: 
--

ALTER TABLE ONLY strategy_bases
    ADD CONSTRAINT strategy_bases_pkey PRIMARY KEY (id);


--
-- Name: strategy_input_refs_pkey; Type: CONSTRAINT; Schema: public; Owner: postgres; Tablespace: 
--

ALTER TABLE ONLY strategy_input_refs
    ADD CONSTRAINT strategy_input_refs_pkey PRIMARY KEY (id);


--
-- Name: strategy_inputs_pkey; Type: CONSTRAINT; Schema: public; Owner: postgres; Tablespace: 
--

ALTER TABLE ONLY strategy_inputs
    ADD CONSTRAINT strategy_inputs_pkey PRIMARY KEY (id);


--
-- Name: strategy_output_refs_pkey; Type: CONSTRAINT; Schema: public; Owner: postgres; Tablespace: 
--

ALTER TABLE ONLY strategy_output_refs
    ADD CONSTRAINT strategy_output_refs_pkey PRIMARY KEY (id);


--
-- Name: strategy_outputs_pkey; Type: CONSTRAINT; Schema: public; Owner: postgres; Tablespace: 
--

ALTER TABLE ONLY strategy_outputs
    ADD CONSTRAINT strategy_outputs_pkey PRIMARY KEY (id);


--
-- Name: strategy_refs_pkey; Type: CONSTRAINT; Schema: public; Owner: postgres; Tablespace: 
--

ALTER TABLE ONLY strategy_refs
    ADD CONSTRAINT strategy_refs_pkey PRIMARY KEY (id);


--
-- Name: switcher_refs_pkey; Type: CONSTRAINT; Schema: public; Owner: postgres; Tablespace: 
--

ALTER TABLE ONLY switcher_refs
    ADD CONSTRAINT switcher_refs_pkey PRIMARY KEY (id);


--
-- Name: user_pkey; Type: CONSTRAINT; Schema: public; Owner: postgres; Tablespace: 
--

ALTER TABLE ONLY "user"
    ADD CONSTRAINT user_pkey PRIMARY KEY ("userID");


--
-- Name: acc_group_employee_fk; Type: FK CONSTRAINT; Schema: public; Owner: postgres
--

ALTER TABLE ONLY account_group
    ADD CONSTRAINT acc_group_employee_fk FOREIGN KEY (employee_id) REFERENCES employees(id) ON DELETE CASCADE;


--
-- Name: acc_info_current_biz_business_fk; Type: FK CONSTRAINT; Schema: public; Owner: postgres
--

ALTER TABLE ONLY account_infos
    ADD CONSTRAINT acc_info_current_biz_business_fk FOREIGN KEY (workbench_id) REFERENCES businesses(id) ON DELETE CASCADE;


--
-- Name: account_group_group_id_fkey; Type: FK CONSTRAINT; Schema: public; Owner: postgres
--

ALTER TABLE ONLY account_group
    ADD CONSTRAINT account_group_group_id_fkey FOREIGN KEY (group_id) REFERENCES groups(id) ON DELETE CASCADE;


--
-- Name: account_plans_business_id_fkey; Type: FK CONSTRAINT; Schema: public; Owner: postgres
--

ALTER TABLE ONLY account_plans
    ADD CONSTRAINT account_plans_business_id_fkey FOREIGN KEY (business_id) REFERENCES businesses(id);


--
-- Name: account_plans_plan_id_fkey; Type: FK CONSTRAINT; Schema: public; Owner: postgres
--

ALTER TABLE ONLY account_plans
    ADD CONSTRAINT account_plans_plan_id_fkey FOREIGN KEY (plan_id) REFERENCES plans(id) ON DELETE CASCADE;


--
-- Name: act_reaction_fk; Type: FK CONSTRAINT; Schema: public; Owner: postgres
--

ALTER TABLE ONLY action_act_results
    ADD CONSTRAINT act_reaction_fk FOREIGN KEY (act_id) REFERENCES action_acts(id) ON DELETE CASCADE;


--
-- Name: act_reaction_fk; Type: FK CONSTRAINT; Schema: public; Owner: postgres
--

ALTER TABLE ONLY action_statuses
    ADD CONSTRAINT act_reaction_fk FOREIGN KEY (act_id) REFERENCES action_acts(id) ON DELETE CASCADE;


--
-- Name: action_acts_reaction_fk; Type: FK CONSTRAINT; Schema: public; Owner: postgres
--

ALTER TABLE ONLY action_acts
    ADD CONSTRAINT action_acts_reaction_fk FOREIGN KEY (reaction) REFERENCES session_reactions(id) ON DELETE CASCADE;


--
-- Name: action_acts_session_fk; Type: FK CONSTRAINT; Schema: public; Owner: postgres
--

ALTER TABLE ONLY action_acts
    ADD CONSTRAINT action_acts_session_fk FOREIGN KEY (session_id) REFERENCES bpsessions(id) ON DELETE CASCADE;


--
-- Name: bill_his_fk; Type: FK CONSTRAINT; Schema: public; Owner: postgres
--

ALTER TABLE ONLY account_plan_history
    ADD CONSTRAINT bill_his_fk FOREIGN KEY (bill_id) REFERENCES bills(id) ON DELETE CASCADE;


--
-- Name: billing_infos_business_id_fkey; Type: FK CONSTRAINT; Schema: public; Owner: postgres
--

ALTER TABLE ONLY billing_infos
    ADD CONSTRAINT billing_infos_business_id_fkey FOREIGN KEY (business_id) REFERENCES businesses(id) ON DELETE CASCADE;


--
-- Name: bills_current_biz_business_fk; Type: FK CONSTRAINT; Schema: public; Owner: postgres
--

ALTER TABLE ONLY bills
    ADD CONSTRAINT bills_current_biz_business_fk FOREIGN KEY (workbench_id) REFERENCES businesses(id) ON DELETE CASCADE;


--
-- Name: bprocesses_business_id_fkey; Type: FK CONSTRAINT; Schema: public; Owner: postgres
--

ALTER TABLE ONLY bprocesses
    ADD CONSTRAINT bprocesses_business_id_fkey FOREIGN KEY (business_id) REFERENCES businesses(id) ON DELETE CASCADE;


--
-- Name: bprocesses_service_id_fkey; Type: FK CONSTRAINT; Schema: public; Owner: postgres
--

ALTER TABLE ONLY bprocesses
    ADD CONSTRAINT bprocesses_service_id_fkey FOREIGN KEY (service_id) REFERENCES business_services(id) ON DELETE CASCADE;


--
-- Name: bpsessions_process_id_fkey; Type: FK CONSTRAINT; Schema: public; Owner: postgres
--

ALTER TABLE ONLY bpsessions
    ADD CONSTRAINT bpsessions_process_id_fkey FOREIGN KEY (process_id) REFERENCES bprocesses(id) ON DELETE CASCADE;


--
-- Name: bpspaces_process_id_fkey; Type: FK CONSTRAINT; Schema: public; Owner: postgres
--

ALTER TABLE ONLY bpspaces
    ADD CONSTRAINT bpspaces_process_id_fkey FOREIGN KEY (process_id) REFERENCES bprocesses(id) ON DELETE CASCADE;


--
-- Name: bpstaterefs_session_state_fkey; Type: FK CONSTRAINT; Schema: public; Owner: postgres
--

ALTER TABLE ONLY bpstaterefs
    ADD CONSTRAINT bpstaterefs_session_state_fkey FOREIGN KEY (session_state) REFERENCES sessionstates(id) ON DELETE CASCADE;


--
-- Name: bpstaterefs_state_id_fkey; Type: FK CONSTRAINT; Schema: public; Owner: postgres
--

ALTER TABLE ONLY bpstaterefs
    ADD CONSTRAINT bpstaterefs_state_id_fkey FOREIGN KEY (state_id) REFERENCES bpstates(id) ON DELETE CASCADE;


--
-- Name: bpstates_front_elem_id_fkey; Type: FK CONSTRAINT; Schema: public; Owner: postgres
--

ALTER TABLE ONLY bpstates
    ADD CONSTRAINT bpstates_front_elem_id_fkey FOREIGN KEY (front_elem_id) REFERENCES proc_elements(id) ON DELETE CASCADE;


--
-- Name: bpstates_process_id_fkey; Type: FK CONSTRAINT; Schema: public; Owner: postgres
--

ALTER TABLE ONLY bpstates
    ADD CONSTRAINT bpstates_process_id_fkey FOREIGN KEY (process_id) REFERENCES bprocesses(id) ON DELETE CASCADE;


--
-- Name: bpstates_space_elem_id_fkey; Type: FK CONSTRAINT; Schema: public; Owner: postgres
--

ALTER TABLE ONLY bpstates
    ADD CONSTRAINT bpstates_space_elem_id_fkey FOREIGN KEY (space_elem_id) REFERENCES space_elements(id) ON DELETE CASCADE;


--
-- Name: bpstations_session_id_fkey; Type: FK CONSTRAINT; Schema: public; Owner: postgres
--

ALTER TABLE ONLY bpstations
    ADD CONSTRAINT bpstations_session_id_fkey FOREIGN KEY (session_id) REFERENCES bpsessions(id) ON DELETE CASCADE;


--
-- Name: bpswitchers_session_state_fkey; Type: FK CONSTRAINT; Schema: public; Owner: postgres
--

ALTER TABLE ONLY bpswitchers
    ADD CONSTRAINT bpswitchers_session_state_fkey FOREIGN KEY (session_state) REFERENCES sessionstates(id) ON DELETE CASCADE;


--
-- Name: bpswitchers_state_id_fkey; Type: FK CONSTRAINT; Schema: public; Owner: postgres
--

ALTER TABLE ONLY bpswitchers
    ADD CONSTRAINT bpswitchers_state_id_fkey FOREIGN KEY (state_id) REFERENCES bpstates(id) ON DELETE CASCADE;


--
-- Name: business_services_business_id_fkey; Type: FK CONSTRAINT; Schema: public; Owner: postgres
--

ALTER TABLE ONLY business_services
    ADD CONSTRAINT business_services_business_id_fkey FOREIGN KEY (business_id) REFERENCES businesses(id);


--
-- Name: commentAuthor_macc_fk; Type: FK CONSTRAINT; Schema: public; Owner: postgres
--

ALTER TABLE ONLY comments
    ADD CONSTRAINT "commentAuthor_macc_fk" FOREIGN KEY (author) REFERENCES "user"("userID") ON DELETE CASCADE;


--
-- Name: el_res_fk; Type: FK CONSTRAINT; Schema: public; Owner: postgres
--

ALTER TABLE ONLY element_resources
    ADD CONSTRAINT el_res_fk FOREIGN KEY (element_id) REFERENCES elem_topologs(id) ON DELETE CASCADE;


--
-- Name: el_res_sp_bprocess_fk; Type: FK CONSTRAINT; Schema: public; Owner: postgres
--

ALTER TABLE ONLY element_resources
    ADD CONSTRAINT el_res_sp_bprocess_fk FOREIGN KEY (process_id) REFERENCES bprocesses(id) ON DELETE CASCADE;


--
-- Name: elem_topologs_front_elem_id_fkey; Type: FK CONSTRAINT; Schema: public; Owner: postgres
--

ALTER TABLE ONLY elem_topologs
    ADD CONSTRAINT elem_topologs_front_elem_id_fkey FOREIGN KEY (front_elem_id) REFERENCES proc_elements(id) ON DELETE CASCADE;


--
-- Name: elem_topologs_process_id_fkey; Type: FK CONSTRAINT; Schema: public; Owner: postgres
--

ALTER TABLE ONLY elem_topologs
    ADD CONSTRAINT elem_topologs_process_id_fkey FOREIGN KEY (process_id) REFERENCES bprocesses(id) ON DELETE CASCADE;


--
-- Name: elem_topologs_space_elem_id_fkey; Type: FK CONSTRAINT; Schema: public; Owner: postgres
--

ALTER TABLE ONLY elem_topologs
    ADD CONSTRAINT elem_topologs_space_elem_id_fkey FOREIGN KEY (space_elem_id) REFERENCES space_elements(id) ON DELETE CASCADE;


--
-- Name: elem_topologs_space_id_fkey; Type: FK CONSTRAINT; Schema: public; Owner: postgres
--

ALTER TABLE ONLY elem_topologs
    ADD CONSTRAINT elem_topologs_space_id_fkey FOREIGN KEY (space_id) REFERENCES bpspaces(id) ON DELETE CASCADE;


--
-- Name: emp_workbench_fk; Type: FK CONSTRAINT; Schema: public; Owner: postgres
--

ALTER TABLE ONLY employees
    ADD CONSTRAINT emp_workbench_fk FOREIGN KEY (workbench_id) REFERENCES businesses(id) ON DELETE CASCADE;


--
-- Name: employees_businesses_business_id_fkey; Type: FK CONSTRAINT; Schema: public; Owner: postgres
--

ALTER TABLE ONLY employees_businesses
    ADD CONSTRAINT employees_businesses_business_id_fkey FOREIGN KEY (business_id) REFERENCES businesses(id) ON DELETE CASCADE;


--
-- Name: employees_businesses_employee_id_fkey; Type: FK CONSTRAINT; Schema: public; Owner: postgres
--

ALTER TABLE ONLY employees_businesses
    ADD CONSTRAINT employees_businesses_employee_id_fkey FOREIGN KEY (employee_id) REFERENCES employees(id) ON DELETE CASCADE;


--
-- Name: groups_business_id_fkey; Type: FK CONSTRAINT; Schema: public; Owner: postgres
--

ALTER TABLE ONLY groups
    ADD CONSTRAINT groups_business_id_fkey FOREIGN KEY (business_id) REFERENCES businesses(id) ON DELETE CASCADE;


--
-- Name: input_loggers_session_id_fkey; Type: FK CONSTRAINT; Schema: public; Owner: postgres
--

ALTER TABLE ONLY input_loggers
    ADD CONSTRAINT input_loggers_session_id_fkey FOREIGN KEY (session_id) REFERENCES bpsessions(id) ON DELETE CASCADE;


--
-- Name: launch_counters_bprocess_fk; Type: FK CONSTRAINT; Schema: public; Owner: postgres
--

ALTER TABLE ONLY launch_counters
    ADD CONSTRAINT launch_counters_bprocess_fk FOREIGN KEY (process_id) REFERENCES bprocesses(id) ON DELETE CASCADE;


--
-- Name: launch_files_file_id_pkey; Type: FK CONSTRAINT; Schema: public; Owner: postgres
--

ALTER TABLE ONLY launch_files
    ADD CONSTRAINT launch_files_file_id_pkey FOREIGN KEY (file_id) REFERENCES files(id);


--
-- Name: launch_shares_biz_business_fk; Type: FK CONSTRAINT; Schema: public; Owner: postgres
--

ALTER TABLE ONLY launch_shares
    ADD CONSTRAINT launch_shares_biz_business_fk FOREIGN KEY (price) REFERENCES businesses(id) ON DELETE CASCADE;


--
-- Name: launch_shares_sp_session_fk; Type: FK CONSTRAINT; Schema: public; Owner: postgres
--

ALTER TABLE ONLY launch_shares
    ADD CONSTRAINT launch_shares_sp_session_fk FOREIGN KEY (title) REFERENCES bpsessions(id) ON DELETE CASCADE;


--
-- Name: launch_strategy_bases_unit_strategy_fk; Type: FK CONSTRAINT; Schema: public; Owner: postgres
--

ALTER TABLE ONLY launch_strategy_bases
    ADD CONSTRAINT launch_strategy_bases_unit_strategy_fk FOREIGN KEY (strategy_id) REFERENCES launch_strategies(id) ON DELETE CASCADE;


--
-- Name: launch_strategy_inputs_unit_strategy_fk; Type: FK CONSTRAINT; Schema: public; Owner: postgres
--

ALTER TABLE ONLY launch_strategy_inputs
    ADD CONSTRAINT launch_strategy_inputs_unit_strategy_fk FOREIGN KEY (strategy_id) REFERENCES launch_strategies(id) ON DELETE CASCADE;


--
-- Name: launch_strategy_middleware_fk; Type: FK CONSTRAINT; Schema: public; Owner: postgres
--

ALTER TABLE ONLY launch_strategies
    ADD CONSTRAINT launch_strategy_middleware_fk FOREIGN KEY (middleware_id) REFERENCES launch_middlewares(id) ON DELETE CASCADE;


--
-- Name: launch_strategy_outputs_unit_strategy_fk; Type: FK CONSTRAINT; Schema: public; Owner: postgres
--

ALTER TABLE ONLY launch_strategy_outputs
    ADD CONSTRAINT launch_strategy_outputs_unit_strategy_fk FOREIGN KEY (strategy_id) REFERENCES launch_strategies(id) ON DELETE CASCADE;


--
-- Name: launch_warps_comment_fk; Type: FK CONSTRAINT; Schema: public; Owner: postgres
--

ALTER TABLE ONLY launches_comments
    ADD CONSTRAINT launch_warps_comment_fk FOREIGN KEY (comment_id) REFERENCES comments(id) ON DELETE CASCADE;


--
-- Name: launch_warps_launch_elem_fk; Type: FK CONSTRAINT; Schema: public; Owner: postgres
--

ALTER TABLE ONLY launch_warps
    ADD CONSTRAINT launch_warps_launch_elem_fk FOREIGN KEY (launch_element_id) REFERENCES session_elem_topologs(id) ON DELETE CASCADE;


--
-- Name: launch_warps_launch_fk; Type: FK CONSTRAINT; Schema: public; Owner: postgres
--

ALTER TABLE ONLY launch_warps
    ADD CONSTRAINT launch_warps_launch_fk FOREIGN KEY (launch_id) REFERENCES bpsessions(id) ON DELETE CASCADE;


--
-- Name: launch_warps_launch_fk; Type: FK CONSTRAINT; Schema: public; Owner: postgres
--

ALTER TABLE ONLY launches_comments
    ADD CONSTRAINT launch_warps_launch_fk FOREIGN KEY (launch_id) REFERENCES bpsessions(id) ON DELETE CASCADE;


--
-- Name: lg_b_fk; Type: FK CONSTRAINT; Schema: public; Owner: postgres
--

ALTER TABLE ONLY bploggers
    ADD CONSTRAINT lg_b_fk FOREIGN KEY (station_id) REFERENCES bpstations(id) ON DELETE CASCADE;


--
-- Name: lg_bprocess_fk; Type: FK CONSTRAINT; Schema: public; Owner: postgres
--

ALTER TABLE ONLY bploggers
    ADD CONSTRAINT lg_bprocess_fk FOREIGN KEY (process_id) REFERENCES bprocesses(id) ON DELETE CASCADE;


--
-- Name: middleware_reaction_fk; Type: FK CONSTRAINT; Schema: public; Owner: postgres
--

ALTER TABLE ONLY middlewares
    ADD CONSTRAINT middleware_reaction_fk FOREIGN KEY (reaction_id) REFERENCES reactions(id) ON DELETE CASCADE;


--
-- Name: middleware_reaction_fk; Type: FK CONSTRAINT; Schema: public; Owner: postgres
--

ALTER TABLE ONLY launch_middlewares
    ADD CONSTRAINT middleware_reaction_fk FOREIGN KEY (reaction_id) REFERENCES session_reactions(id) ON DELETE CASCADE;


--
-- Name: middleware_reaction_session_fk; Type: FK CONSTRAINT; Schema: public; Owner: postgres
--

ALTER TABLE ONLY launch_middlewares
    ADD CONSTRAINT middleware_reaction_session_fk FOREIGN KEY (session_id) REFERENCES bpsessions(id) ON DELETE CASCADE;


--
-- Name: middleware_reaction_session_fk; Type: FK CONSTRAINT; Schema: public; Owner: postgres
--

ALTER TABLE ONLY launch_strategies
    ADD CONSTRAINT middleware_reaction_session_fk FOREIGN KEY (session_id) REFERENCES bpsessions(id) ON DELETE CASCADE;


--
-- Name: middleware_ref_reaction_ref_fk; Type: FK CONSTRAINT; Schema: public; Owner: postgres
--

ALTER TABLE ONLY middleware_refs
    ADD CONSTRAINT middleware_ref_reaction_ref_fk FOREIGN KEY (reaction_id) REFERENCES reaction_refs(id) ON DELETE CASCADE;


--
-- Name: middleware_ref_reflect_fk; Type: FK CONSTRAINT; Schema: public; Owner: postgres
--

ALTER TABLE ONLY middleware_refs
    ADD CONSTRAINT middleware_ref_reflect_fk FOREIGN KEY (reflection_id) REFERENCES refs(id) ON DELETE CASCADE;


--
-- Name: middleware_ref_reflect_fk; Type: FK CONSTRAINT; Schema: public; Owner: postgres
--

ALTER TABLE ONLY strategy_refs
    ADD CONSTRAINT middleware_ref_reflect_fk FOREIGN KEY (middleware_id) REFERENCES middleware_refs(id) ON DELETE CASCADE;


--
-- Name: observers_bprocess_id_fkey; Type: FK CONSTRAINT; Schema: public; Owner: postgres
--

ALTER TABLE ONLY observers
    ADD CONSTRAINT observers_bprocess_id_fkey FOREIGN KEY (bprocess_id) REFERENCES bprocesses(id) ON DELETE CASCADE;


--
-- Name: observers_station_id_fkey; Type: FK CONSTRAINT; Schema: public; Owner: postgres
--

ALTER TABLE ONLY observers
    ADD CONSTRAINT observers_station_id_fkey FOREIGN KEY (station_id) REFERENCES bpstations(id) ON DELETE CASCADE;


--
-- Name: proc_element_reflections_reflection_id_fkey; Type: FK CONSTRAINT; Schema: public; Owner: postgres
--

ALTER TABLE ONLY proc_element_reflections
    ADD CONSTRAINT proc_element_reflections_reflection_id_fkey FOREIGN KEY (reflection_id) REFERENCES refs(id) ON DELETE CASCADE;


--
-- Name: proc_elements_bprocess_id_fkey; Type: FK CONSTRAINT; Schema: public; Owner: postgres
--

ALTER TABLE ONLY proc_elements
    ADD CONSTRAINT proc_elements_bprocess_id_fkey FOREIGN KEY (bprocess_id) REFERENCES bprocesses(id) ON DELETE CASCADE;


--
-- Name: proc_elements_business_id_fkey; Type: FK CONSTRAINT; Schema: public; Owner: postgres
--

ALTER TABLE ONLY proc_elements
    ADD CONSTRAINT proc_elements_business_id_fkey FOREIGN KEY (business_id) REFERENCES businesses(id) ON DELETE CASCADE;


--
-- Name: process_permissions_bprocess_fkey; Type: FK CONSTRAINT; Schema: public; Owner: postgres
--

ALTER TABLE ONLY process_permissions
    ADD CONSTRAINT process_permissions_bprocess_fkey FOREIGN KEY (bprocess) REFERENCES bprocesses(id) ON DELETE CASCADE;


--
-- Name: process_permissions_front_elem_id_fkey; Type: FK CONSTRAINT; Schema: public; Owner: postgres
--

ALTER TABLE ONLY process_permissions
    ADD CONSTRAINT process_permissions_front_elem_id_fkey FOREIGN KEY (front_elem_id) REFERENCES proc_elements(id) ON DELETE CASCADE;


--
-- Name: process_permissions_group_id_fkey; Type: FK CONSTRAINT; Schema: public; Owner: postgres
--

ALTER TABLE ONLY process_permissions
    ADD CONSTRAINT process_permissions_group_id_fkey FOREIGN KEY (group_id) REFERENCES groups(id) ON DELETE CASCADE;


--
-- Name: process_permissions_reaction_id_fkey; Type: FK CONSTRAINT; Schema: public; Owner: postgres
--

ALTER TABLE ONLY process_permissions
    ADD CONSTRAINT process_permissions_reaction_id_fkey FOREIGN KEY (reaction_id) REFERENCES reactions(id) ON DELETE CASCADE;


--
-- Name: process_permissions_space_elem_id_fkey; Type: FK CONSTRAINT; Schema: public; Owner: postgres
--

ALTER TABLE ONLY process_permissions
    ADD CONSTRAINT process_permissions_space_elem_id_fkey FOREIGN KEY (space_elem_id) REFERENCES space_elements(id) ON DELETE CASCADE;


--
-- Name: react_topo_s_sp_session_fk; Type: FK CONSTRAINT; Schema: public; Owner: postgres
--

ALTER TABLE ONLY session_reactions
    ADD CONSTRAINT react_topo_s_sp_session_fk FOREIGN KEY (session_id) REFERENCES bpsessions(id) ON DELETE CASCADE;


--
-- Name: reaction_refs_element_id_fkey; Type: FK CONSTRAINT; Schema: public; Owner: postgres
--

ALTER TABLE ONLY reaction_refs
    ADD CONSTRAINT reaction_refs_element_id_fkey FOREIGN KEY (element_id) REFERENCES reflected_elem_topologs(id) ON DELETE CASCADE;


--
-- Name: reaction_refs_reflection_id_fkey; Type: FK CONSTRAINT; Schema: public; Owner: postgres
--

ALTER TABLE ONLY reaction_refs
    ADD CONSTRAINT reaction_refs_reflection_id_fkey FOREIGN KEY (reflection_id) REFERENCES refs(id) ON DELETE CASCADE;


--
-- Name: reaction_refs_state_ref_id_fkey; Type: FK CONSTRAINT; Schema: public; Owner: postgres
--

ALTER TABLE ONLY reaction_refs
    ADD CONSTRAINT reaction_refs_state_ref_id_fkey FOREIGN KEY (state_ref_id) REFERENCES state_refs(id) ON DELETE CASCADE;


--
-- Name: reaction_state_out_refs_reaction_id_fkey; Type: FK CONSTRAINT; Schema: public; Owner: postgres
--

ALTER TABLE ONLY reaction_state_out_refs
    ADD CONSTRAINT reaction_state_out_refs_reaction_id_fkey FOREIGN KEY (reaction_id) REFERENCES reaction_refs(id) ON DELETE CASCADE;


--
-- Name: reaction_state_out_refs_state_ref_fkey; Type: FK CONSTRAINT; Schema: public; Owner: postgres
--

ALTER TABLE ONLY reaction_state_out_refs
    ADD CONSTRAINT reaction_state_out_refs_state_ref_fkey FOREIGN KEY (state_ref) REFERENCES state_refs(id) ON DELETE CASCADE;


--
-- Name: reaction_state_outs_reaction_id_fkey; Type: FK CONSTRAINT; Schema: public; Owner: postgres
--

ALTER TABLE ONLY reaction_state_outs
    ADD CONSTRAINT reaction_state_outs_reaction_id_fkey FOREIGN KEY (reaction_id) REFERENCES reactions(id) ON DELETE CASCADE;


--
-- Name: reaction_state_outs_state_id_fkey; Type: FK CONSTRAINT; Schema: public; Owner: postgres
--

ALTER TABLE ONLY reaction_state_outs
    ADD CONSTRAINT reaction_state_outs_state_id_fkey FOREIGN KEY (state_id) REFERENCES bpstates(id) ON DELETE CASCADE;


--
-- Name: reactions_bprocess_id_fkey; Type: FK CONSTRAINT; Schema: public; Owner: postgres
--

ALTER TABLE ONLY reactions
    ADD CONSTRAINT reactions_bprocess_id_fkey FOREIGN KEY (bprocess_id) REFERENCES bprocesses(id) ON DELETE CASCADE;


--
-- Name: reactions_element_id_fkey; Type: FK CONSTRAINT; Schema: public; Owner: postgres
--

ALTER TABLE ONLY reactions
    ADD CONSTRAINT reactions_element_id_fkey FOREIGN KEY (element_id) REFERENCES elem_topologs(id) ON DELETE CASCADE;


--
-- Name: reactions_state_ref_id_fkey; Type: FK CONSTRAINT; Schema: public; Owner: postgres
--

ALTER TABLE ONLY reactions
    ADD CONSTRAINT reactions_state_ref_id_fkey FOREIGN KEY (state_ref_id) REFERENCES bpstates(id) ON DELETE CASCADE;


--
-- Name: reflect_action_mappings_element_action_fk; Type: FK CONSTRAINT; Schema: public; Owner: postgres
--

ALTER TABLE ONLY reflect_action_mappings
    ADD CONSTRAINT reflect_action_mappings_element_action_fk FOREIGN KEY (element_action) REFERENCES reactions(id) ON DELETE CASCADE;


--
-- Name: reflect_action_mappings_ref_action_fk; Type: FK CONSTRAINT; Schema: public; Owner: postgres
--

ALTER TABLE ONLY reflect_action_mappings
    ADD CONSTRAINT reflect_action_mappings_ref_action_fk FOREIGN KEY (ref_action) REFERENCES reaction_refs(id) ON DELETE SET NULL;


--
-- Name: reflect_action_mappings_reflect_fk; Type: FK CONSTRAINT; Schema: public; Owner: postgres
--

ALTER TABLE ONLY reflect_action_mappings
    ADD CONSTRAINT reflect_action_mappings_reflect_fk FOREIGN KEY (reflection_id) REFERENCES refs(id) ON DELETE CASCADE;


--
-- Name: reflect_element_mappings_ref_topo_element_fk; Type: FK CONSTRAINT; Schema: public; Owner: postgres
--

ALTER TABLE ONLY reflect_element_mappings
    ADD CONSTRAINT reflect_element_mappings_ref_topo_element_fk FOREIGN KEY (ref_topo_element) REFERENCES reflected_elem_topologs(id) ON DELETE SET NULL;


--
-- Name: reflect_element_mappings_reflect_fk; Type: FK CONSTRAINT; Schema: public; Owner: postgres
--

ALTER TABLE ONLY reflect_element_mappings
    ADD CONSTRAINT reflect_element_mappings_reflect_fk FOREIGN KEY (reflection_id) REFERENCES refs(id) ON DELETE CASCADE;


--
-- Name: reflect_element_mappings_topology_element_fk; Type: FK CONSTRAINT; Schema: public; Owner: postgres
--

ALTER TABLE ONLY reflect_element_mappings
    ADD CONSTRAINT reflect_element_mappings_topology_element_fk FOREIGN KEY (topology_element_id) REFERENCES elem_topologs(id) ON DELETE CASCADE;


--
-- Name: reflected_elem_topologs_front_elem_id_fkey; Type: FK CONSTRAINT; Schema: public; Owner: postgres
--

ALTER TABLE ONLY reflected_elem_topologs
    ADD CONSTRAINT reflected_elem_topologs_front_elem_id_fkey FOREIGN KEY (front_elem_id) REFERENCES proc_element_reflections(id) ON DELETE CASCADE;


--
-- Name: reflected_elem_topologs_reflection_id_fkey; Type: FK CONSTRAINT; Schema: public; Owner: postgres
--

ALTER TABLE ONLY reflected_elem_topologs
    ADD CONSTRAINT reflected_elem_topologs_reflection_id_fkey FOREIGN KEY (reflection_id) REFERENCES refs(id) ON DELETE CASCADE;


--
-- Name: reflected_elem_topologs_space_elem_id_fkey; Type: FK CONSTRAINT; Schema: public; Owner: postgres
--

ALTER TABLE ONLY reflected_elem_topologs
    ADD CONSTRAINT reflected_elem_topologs_space_elem_id_fkey FOREIGN KEY (space_elem_id) REFERENCES space_element_reflections(id) ON DELETE CASCADE;


--
-- Name: reflected_elem_topologs_space_id_fkey; Type: FK CONSTRAINT; Schema: public; Owner: postgres
--

ALTER TABLE ONLY reflected_elem_topologs
    ADD CONSTRAINT reflected_elem_topologs_space_id_fkey FOREIGN KEY (space_id) REFERENCES space_refs(id) ON DELETE CASCADE;


--
-- Name: res_business_fk; Type: FK CONSTRAINT; Schema: public; Owner: postgres
--

ALTER TABLE ONLY resources
    ADD CONSTRAINT res_business_fk FOREIGN KEY (business_id) REFERENCES businesses(id) ON DELETE CASCADE;


--
-- Name: res_fk; Type: FK CONSTRAINT; Schema: public; Owner: postgres
--

ALTER TABLE ONLY element_resources
    ADD CONSTRAINT res_fk FOREIGN KEY (resource_id) REFERENCES resources(id) ON DELETE CASCADE;


--
-- Name: s_proc_el_bprocess_fk; Type: FK CONSTRAINT; Schema: public; Owner: postgres
--

ALTER TABLE ONLY session_proc_elements
    ADD CONSTRAINT s_proc_el_bprocess_fk FOREIGN KEY (bprocess_id) REFERENCES bprocesses(id) ON DELETE CASCADE;


--
-- Name: s_proc_el_business_fk; Type: FK CONSTRAINT; Schema: public; Owner: postgres
--

ALTER TABLE ONLY session_proc_elements
    ADD CONSTRAINT s_proc_el_business_fk FOREIGN KEY (business_id) REFERENCES businesses(id) ON DELETE CASCADE;


--
-- Name: s_proc_el_session_fk; Type: FK CONSTRAINT; Schema: public; Owner: postgres
--

ALTER TABLE ONLY session_proc_elements
    ADD CONSTRAINT s_proc_el_session_fk FOREIGN KEY (session_id) REFERENCES bpsessions(id) ON DELETE CASCADE;


--
-- Name: s_res_s_sp_session_fk; Type: FK CONSTRAINT; Schema: public; Owner: postgres
--

ALTER TABLE ONLY session_element_resources
    ADD CONSTRAINT s_res_s_sp_session_fk FOREIGN KEY (session_id) REFERENCES bpsessions(id) ON DELETE CASCADE;


--
-- Name: s_res_sp_bprocess_fk; Type: FK CONSTRAINT; Schema: public; Owner: postgres
--

ALTER TABLE ONLY session_element_resources
    ADD CONSTRAINT s_res_sp_bprocess_fk FOREIGN KEY (process_id) REFERENCES bprocesses(id) ON DELETE CASCADE;


--
-- Name: s_sp_bprocess_fk; Type: FK CONSTRAINT; Schema: public; Owner: postgres
--

ALTER TABLE ONLY session_spaces
    ADD CONSTRAINT s_sp_bprocess_fk FOREIGN KEY (process_id) REFERENCES bprocesses(id) ON DELETE CASCADE;


--
-- Name: s_sp_el_bprocess_fk; Type: FK CONSTRAINT; Schema: public; Owner: postgres
--

ALTER TABLE ONLY session_space_elements
    ADD CONSTRAINT s_sp_el_bprocess_fk FOREIGN KEY (bprocess_id) REFERENCES bprocesses(id) ON DELETE CASCADE;


--
-- Name: s_sp_el_business_fk; Type: FK CONSTRAINT; Schema: public; Owner: postgres
--

ALTER TABLE ONLY session_space_elements
    ADD CONSTRAINT s_sp_el_business_fk FOREIGN KEY (business_id) REFERENCES businesses(id) ON DELETE CASCADE;


--
-- Name: s_sp_el_session_fk; Type: FK CONSTRAINT; Schema: public; Owner: postgres
--

ALTER TABLE ONLY session_space_elements
    ADD CONSTRAINT s_sp_el_session_fk FOREIGN KEY (session_id) REFERENCES bpsessions(id) ON DELETE CASCADE;


--
-- Name: s_sp_el_session_space_fk; Type: FK CONSTRAINT; Schema: public; Owner: postgres
--

ALTER TABLE ONLY session_space_elements
    ADD CONSTRAINT s_sp_el_session_space_fk FOREIGN KEY (owned_space_id) REFERENCES session_spaces(id) ON DELETE CASCADE;


--
-- Name: s_sp_session_fk; Type: FK CONSTRAINT; Schema: public; Owner: postgres
--

ALTER TABLE ONLY session_spaces
    ADD CONSTRAINT s_sp_session_fk FOREIGN KEY (session_id) REFERENCES bpsessions(id) ON DELETE CASCADE;


--
-- Name: s_st_bprocess_fk; Type: FK CONSTRAINT; Schema: public; Owner: postgres
--

ALTER TABLE ONLY sessionstates
    ADD CONSTRAINT s_st_bprocess_fk FOREIGN KEY (process_id) REFERENCES bprocesses(id) ON DELETE CASCADE;


--
-- Name: s_st_session_fk; Type: FK CONSTRAINT; Schema: public; Owner: postgres
--

ALTER TABLE ONLY sessionstates
    ADD CONSTRAINT s_st_session_fk FOREIGN KEY (session_id) REFERENCES bpsessions(id) ON DELETE CASCADE;


--
-- Name: s_st_state_fk; Type: FK CONSTRAINT; Schema: public; Owner: postgres
--

ALTER TABLE ONLY sessionstates
    ADD CONSTRAINT s_st_state_fk FOREIGN KEY (origin_state_id) REFERENCES session_initial_states(id) ON DELETE CASCADE;


--
-- Name: ses_el_res_fk; Type: FK CONSTRAINT; Schema: public; Owner: postgres
--

ALTER TABLE ONLY session_element_resources
    ADD CONSTRAINT ses_el_res_fk FOREIGN KEY (session_element_id) REFERENCES session_elem_topologs(id) ON DELETE CASCADE;


--
-- Name: ses_init_state_bprocess_fk; Type: FK CONSTRAINT; Schema: public; Owner: postgres
--

ALTER TABLE ONLY session_initial_states
    ADD CONSTRAINT ses_init_state_bprocess_fk FOREIGN KEY (process_id) REFERENCES bprocesses(id) ON DELETE CASCADE;


--
-- Name: ses_init_state_procelem_fk; Type: FK CONSTRAINT; Schema: public; Owner: postgres
--

ALTER TABLE ONLY session_initial_states
    ADD CONSTRAINT ses_init_state_procelem_fk FOREIGN KEY (ses_front_elem_id) REFERENCES session_proc_elements(id) ON DELETE CASCADE;


--
-- Name: ses_init_state_session_fk; Type: FK CONSTRAINT; Schema: public; Owner: postgres
--

ALTER TABLE ONLY session_initial_states
    ADD CONSTRAINT ses_init_state_session_fk FOREIGN KEY (session_id) REFERENCES bpsessions(id) ON DELETE CASCADE;


--
-- Name: ses_init_state_space_fk; Type: FK CONSTRAINT; Schema: public; Owner: postgres
--

ALTER TABLE ONLY session_initial_states
    ADD CONSTRAINT ses_init_state_space_fk FOREIGN KEY (ses_space_id) REFERENCES session_spaces(id) ON DELETE CASCADE;


--
-- Name: ses_init_state_spaceelem_fk; Type: FK CONSTRAINT; Schema: public; Owner: postgres
--

ALTER TABLE ONLY session_initial_states
    ADD CONSTRAINT ses_init_state_spaceelem_fk FOREIGN KEY (ses_space_elem_id) REFERENCES session_space_elements(id) ON DELETE CASCADE;


--
-- Name: ses_react_bprocess_fk; Type: FK CONSTRAINT; Schema: public; Owner: postgres
--

ALTER TABLE ONLY session_reactions
    ADD CONSTRAINT ses_react_bprocess_fk FOREIGN KEY (bprocess_id) REFERENCES bprocesses(id) ON DELETE CASCADE;


--
-- Name: ses_react_element_fk; Type: FK CONSTRAINT; Schema: public; Owner: postgres
--

ALTER TABLE ONLY session_reactions
    ADD CONSTRAINT ses_react_element_fk FOREIGN KEY (element_id) REFERENCES session_elem_topologs(id) ON DELETE CASCADE;


--
-- Name: ses_react_out_reaction_fk; Type: FK CONSTRAINT; Schema: public; Owner: postgres
--

ALTER TABLE ONLY session_reaction_state_outs
    ADD CONSTRAINT ses_react_out_reaction_fk FOREIGN KEY (reaction_id) REFERENCES session_reactions(id) ON DELETE CASCADE;


--
-- Name: ses_react_out_state_fk; Type: FK CONSTRAINT; Schema: public; Owner: postgres
--

ALTER TABLE ONLY session_reaction_state_outs
    ADD CONSTRAINT ses_react_out_state_fk FOREIGN KEY (session_state_id) REFERENCES session_initial_states(id) ON DELETE CASCADE;


--
-- Name: ses_react_state_fk; Type: FK CONSTRAINT; Schema: public; Owner: postgres
--

ALTER TABLE ONLY session_reactions
    ADD CONSTRAINT ses_react_state_fk FOREIGN KEY (state_ref_id) REFERENCES session_initial_states(id) ON DELETE CASCADE;


--
-- Name: ses_res_fk; Type: FK CONSTRAINT; Schema: public; Owner: postgres
--

ALTER TABLE ONLY session_element_resources
    ADD CONSTRAINT ses_res_fk FOREIGN KEY (resource_id) REFERENCES resources(id) ON DELETE CASCADE;


--
-- Name: session_state_logs_session_id_fkey; Type: FK CONSTRAINT; Schema: public; Owner: postgres
--

ALTER TABLE ONLY session_state_logs
    ADD CONSTRAINT session_state_logs_session_id_fkey FOREIGN KEY (session_id) REFERENCES bpsessions(id) ON DELETE CASCADE;


--
-- Name: session_state_logs_state_id_fkey; Type: FK CONSTRAINT; Schema: public; Owner: postgres
--

ALTER TABLE ONLY session_state_logs
    ADD CONSTRAINT session_state_logs_state_id_fkey FOREIGN KEY (state_id) REFERENCES sessionstates(id) ON DELETE CASCADE;


--
-- Name: space_element_reflections_reflection_id_fkey; Type: FK CONSTRAINT; Schema: public; Owner: postgres
--

ALTER TABLE ONLY space_element_reflections
    ADD CONSTRAINT space_element_reflections_reflection_id_fkey FOREIGN KEY (reflection_id) REFERENCES refs(id) ON DELETE CASCADE;


--
-- Name: space_elements_bprocess_id_fkey; Type: FK CONSTRAINT; Schema: public; Owner: postgres
--

ALTER TABLE ONLY space_elements
    ADD CONSTRAINT space_elements_bprocess_id_fkey FOREIGN KEY (bprocess_id) REFERENCES bprocesses(id) ON DELETE CASCADE;


--
-- Name: space_elements_business_id_fkey; Type: FK CONSTRAINT; Schema: public; Owner: postgres
--

ALTER TABLE ONLY space_elements
    ADD CONSTRAINT space_elements_business_id_fkey FOREIGN KEY (business_id) REFERENCES businesses(id) ON DELETE CASCADE;


--
-- Name: space_elements_owned_space_id_fkey; Type: FK CONSTRAINT; Schema: public; Owner: postgres
--

ALTER TABLE ONLY space_elements
    ADD CONSTRAINT space_elements_owned_space_id_fkey FOREIGN KEY (owned_space_id) REFERENCES bpspaces(id) ON DELETE CASCADE;


--
-- Name: space_refs_reflection_id_fkey; Type: FK CONSTRAINT; Schema: public; Owner: postgres
--

ALTER TABLE ONLY space_refs
    ADD CONSTRAINT space_refs_reflection_id_fkey FOREIGN KEY (reflection_id) REFERENCES refs(id) ON DELETE CASCADE;


--
-- Name: state_refs_ref_front_elem_id_fkey; Type: FK CONSTRAINT; Schema: public; Owner: postgres
--

ALTER TABLE ONLY state_refs
    ADD CONSTRAINT state_refs_ref_front_elem_id_fkey FOREIGN KEY (ref_front_elem_id) REFERENCES proc_element_reflections(id) ON DELETE CASCADE;


--
-- Name: state_refs_ref_front_elem_id_fkey1; Type: FK CONSTRAINT; Schema: public; Owner: postgres
--

ALTER TABLE ONLY state_refs
    ADD CONSTRAINT state_refs_ref_front_elem_id_fkey1 FOREIGN KEY (ref_front_elem_id) REFERENCES proc_element_reflections(id) ON DELETE CASCADE;


--
-- Name: state_refs_ref_space_elem_id_fkey; Type: FK CONSTRAINT; Schema: public; Owner: postgres
--

ALTER TABLE ONLY state_refs
    ADD CONSTRAINT state_refs_ref_space_elem_id_fkey FOREIGN KEY (ref_space_elem_id) REFERENCES space_element_reflections(id) ON DELETE CASCADE;


--
-- Name: state_refs_ref_space_elem_id_fkey1; Type: FK CONSTRAINT; Schema: public; Owner: postgres
--

ALTER TABLE ONLY state_refs
    ADD CONSTRAINT state_refs_ref_space_elem_id_fkey1 FOREIGN KEY (ref_space_elem_id) REFERENCES space_element_reflections(id) ON DELETE CASCADE;


--
-- Name: state_refs_reflection_id_fkey; Type: FK CONSTRAINT; Schema: public; Owner: postgres
--

ALTER TABLE ONLY state_refs
    ADD CONSTRAINT state_refs_reflection_id_fkey FOREIGN KEY (reflection_id) REFERENCES refs(id) ON DELETE CASCADE;


--
-- Name: strategy_base_refs_strategy_fk; Type: FK CONSTRAINT; Schema: public; Owner: postgres
--

ALTER TABLE ONLY strategy_base_refs
    ADD CONSTRAINT strategy_base_refs_strategy_fk FOREIGN KEY (strategy_id) REFERENCES strategy_refs(id) ON DELETE CASCADE;


--
-- Name: strategy_bases_unit_strategy_fk; Type: FK CONSTRAINT; Schema: public; Owner: postgres
--

ALTER TABLE ONLY strategy_bases
    ADD CONSTRAINT strategy_bases_unit_strategy_fk FOREIGN KEY (strategy_id) REFERENCES strategies(id) ON DELETE CASCADE;


--
-- Name: strategy_input_refs_strategy_fk; Type: FK CONSTRAINT; Schema: public; Owner: postgres
--

ALTER TABLE ONLY strategy_input_refs
    ADD CONSTRAINT strategy_input_refs_strategy_fk FOREIGN KEY (strategy_id) REFERENCES strategy_refs(id) ON DELETE CASCADE;


--
-- Name: strategy_inputs_unit_strategy_fk; Type: FK CONSTRAINT; Schema: public; Owner: postgres
--

ALTER TABLE ONLY strategy_inputs
    ADD CONSTRAINT strategy_inputs_unit_strategy_fk FOREIGN KEY (strategy_id) REFERENCES strategies(id) ON DELETE CASCADE;


--
-- Name: strategy_middleware_fk; Type: FK CONSTRAINT; Schema: public; Owner: postgres
--

ALTER TABLE ONLY strategies
    ADD CONSTRAINT strategy_middleware_fk FOREIGN KEY (middleware_id) REFERENCES middlewares(id) ON DELETE CASCADE;


--
-- Name: strategy_output_refs_strategy_fk; Type: FK CONSTRAINT; Schema: public; Owner: postgres
--

ALTER TABLE ONLY strategy_output_refs
    ADD CONSTRAINT strategy_output_refs_strategy_fk FOREIGN KEY (strategy_id) REFERENCES strategy_refs(id) ON DELETE CASCADE;


--
-- Name: strategy_outputs_unit_strategy_fk; Type: FK CONSTRAINT; Schema: public; Owner: postgres
--

ALTER TABLE ONLY strategy_outputs
    ADD CONSTRAINT strategy_outputs_unit_strategy_fk FOREIGN KEY (strategy_id) REFERENCES strategies(id) ON DELETE CASCADE;


--
-- Name: strategy_ref_reflect_fk; Type: FK CONSTRAINT; Schema: public; Owner: postgres
--

ALTER TABLE ONLY strategy_refs
    ADD CONSTRAINT strategy_ref_reflect_fk FOREIGN KEY (reflection_id) REFERENCES refs(id) ON DELETE CASCADE;


--
-- Name: sw_s_sp_session_fk; Type: FK CONSTRAINT; Schema: public; Owner: postgres
--

ALTER TABLE ONLY session_switchers
    ADD CONSTRAINT sw_s_sp_session_fk FOREIGN KEY (session_id) REFERENCES bpsessions(id) ON DELETE CASCADE;


--
-- Name: sw_session_state_fk; Type: FK CONSTRAINT; Schema: public; Owner: postgres
--

ALTER TABLE ONLY session_switchers
    ADD CONSTRAINT sw_session_state_fk FOREIGN KEY (session_state_id) REFERENCES sessionstates(id) ON DELETE CASCADE;


--
-- Name: sw_statefk; Type: FK CONSTRAINT; Schema: public; Owner: postgres
--

ALTER TABLE ONLY session_switchers
    ADD CONSTRAINT sw_statefk FOREIGN KEY (session_state_ref_id) REFERENCES session_initial_states(id) ON DELETE CASCADE;


--
-- Name: switcher_refs_reflection_id_fkey; Type: FK CONSTRAINT; Schema: public; Owner: postgres
--

ALTER TABLE ONLY switcher_refs
    ADD CONSTRAINT switcher_refs_reflection_id_fkey FOREIGN KEY (reflection_id) REFERENCES refs(id) ON DELETE CASCADE;


--
-- Name: switcher_refs_state_ref_id_fkey; Type: FK CONSTRAINT; Schema: public; Owner: postgres
--

ALTER TABLE ONLY switcher_refs
    ADD CONSTRAINT switcher_refs_state_ref_id_fkey FOREIGN KEY (state_ref_id) REFERENCES state_refs(id) ON DELETE CASCADE;


--
-- Name: topo_bprocess_fk; Type: FK CONSTRAINT; Schema: public; Owner: postgres
--

ALTER TABLE ONLY session_elem_topologs
    ADD CONSTRAINT topo_bprocess_fk FOREIGN KEY (process_id) REFERENCES bprocesses(id) ON DELETE CASCADE;


--
-- Name: topo_bpspace_fk; Type: FK CONSTRAINT; Schema: public; Owner: postgres
--

ALTER TABLE ONLY session_elem_topologs
    ADD CONSTRAINT topo_bpspace_fk FOREIGN KEY (space_id) REFERENCES session_spaces(id) ON DELETE CASCADE;


--
-- Name: topo_procelem_fk; Type: FK CONSTRAINT; Schema: public; Owner: postgres
--

ALTER TABLE ONLY session_elem_topologs
    ADD CONSTRAINT topo_procelem_fk FOREIGN KEY (front_elem_id) REFERENCES session_proc_elements(id) ON DELETE CASCADE;


--
-- Name: topo_s_sp_session_fk; Type: FK CONSTRAINT; Schema: public; Owner: postgres
--

ALTER TABLE ONLY session_elem_topologs
    ADD CONSTRAINT topo_s_sp_session_fk FOREIGN KEY (session_id) REFERENCES bpsessions(id) ON DELETE CASCADE;


--
-- Name: topo_spaceelem_fk; Type: FK CONSTRAINT; Schema: public; Owner: postgres
--

ALTER TABLE ONLY session_elem_topologs
    ADD CONSTRAINT topo_spaceelem_fk FOREIGN KEY (space_elem_id) REFERENCES session_space_elements(id) ON DELETE CASCADE;


--
-- Name: public; Type: ACL; Schema: -; Owner: postgres
--

REVOKE ALL ON SCHEMA public FROM PUBLIC;
REVOKE ALL ON SCHEMA public FROM postgres;
GRANT ALL ON SCHEMA public TO postgres;
GRANT ALL ON SCHEMA public TO PUBLIC;


--
-- PostgreSQL database dump complete
--

